# Blender 5.1.2
# www.blender.org
mtllib inspection_facility_visual.mtl
o HELIOS_factory_visual
v 33.349998 1.900001 0.000000
v 33.349998 1.900001 1.200000
v 33.349998 2.100001 0.000000
v 33.349998 2.100001 1.200000
v 33.650002 1.900001 0.000000
v 33.650002 1.900001 1.200000
v 33.650002 2.100001 0.000000
v 33.650002 2.100001 1.200000
v 36.349998 1.900002 0.000000
v 36.349998 1.900002 1.200000
v 36.349998 2.100002 0.000000
v 36.349998 2.100002 1.200000
v 36.650002 1.900002 0.000000
v 36.650002 1.900002 1.200000
v 36.650002 2.100002 0.000000
v 36.650002 2.100002 1.200000
v 33.349998 1.900001 0.000000
v 33.349998 1.900001 1.200000
v 33.349998 2.100001 0.000000
v 33.349998 2.100001 1.200000
v 33.650002 1.900002 0.000000
v 33.650002 1.900002 1.200000
v 33.650002 2.100001 0.000000
v 33.650002 2.100001 1.200000
v 33.349998 2.120002 0.160000
v 33.349998 2.120002 0.200000
v 33.349998 2.180001 0.160000
v 33.349998 2.180001 0.200000
v 33.650002 2.120002 0.160000
v 33.650002 2.120002 0.200000
v 33.650002 2.180001 0.160000
v 33.650002 2.180001 0.200000
v 33.349998 2.120002 0.330000
v 33.349998 2.120002 0.370000
v 33.349998 2.180001 0.330000
v 33.349998 2.180001 0.370000
v 33.650002 2.120002 0.330000
v 33.650002 2.120002 0.370000
v 33.650002 2.180001 0.330000
v 33.650002 2.180001 0.370000
v 36.349998 1.900002 0.000000
v 36.349998 1.900002 1.200000
v 36.349998 2.100002 0.000000
v 36.349998 2.100002 1.200000
v 36.650002 1.900002 0.000000
v 36.650002 1.900002 1.200000
v 36.650002 2.100002 0.000000
v 36.650002 2.100002 1.200000
v 36.349998 2.120002 0.160000
v 36.349998 2.120002 0.200000
v 36.349998 2.180002 0.160000
v 36.349998 2.180002 0.200000
v 36.650002 2.120002 0.160000
v 36.650002 2.120002 0.200000
v 36.650002 2.180002 0.160000
v 36.650002 2.180002 0.200000
v 36.349998 2.120002 0.330000
v 36.349998 2.120002 0.370000
v 36.349998 2.180002 0.330000
v 36.349998 2.180002 0.370000
v 36.650002 2.120002 0.330000
v 36.650002 2.120002 0.370000
v 36.650002 2.180002 0.330000
v 36.650002 2.180002 0.370000
v 20.996399 1.600001 0.200000
v 20.996433 1.600001 0.925000
v 20.996399 2.400001 0.200000
v 20.996433 2.400001 0.925000
v 23.396400 1.600001 0.200000
v 23.396435 1.600001 0.925000
v 23.396400 2.400001 0.200000
v 23.396435 2.400001 0.925000
v 21.066433 1.620001 0.000000
v 21.066433 1.620001 0.900000
v 21.066433 1.680001 0.000000
v 21.066433 1.680001 0.900000
v 21.126434 1.620001 0.000000
v 21.126434 1.620001 0.900000
v 21.126434 1.680001 0.000000
v 21.126434 1.680001 0.900000
v 21.066433 2.320001 0.000000
v 21.066433 2.320001 0.900000
v 21.066433 2.380001 0.000000
v 21.066433 2.380001 0.900000
v 21.126434 2.320001 0.000000
v 21.126434 2.320001 0.900000
v 21.126434 2.380001 0.000000
v 21.126434 2.380001 0.900000
v 23.266434 1.620001 0.000000
v 23.266434 1.620001 0.900000
v 23.266434 1.680001 0.000000
v 23.266434 1.680001 0.900000
v 23.326435 1.620001 0.000000
v 23.326435 1.620001 0.900000
v 23.326435 1.680001 0.000000
v 23.326435 1.680001 0.900000
v 23.266434 2.320001 0.000000
v 23.266434 2.320001 0.900000
v 23.266434 2.380001 0.000000
v 23.266434 2.380001 0.900000
v 23.326435 2.320001 0.000000
v 23.326435 2.320001 0.900000
v 23.326435 2.380001 0.000000
v 23.326435 2.380001 0.900000
v 21.296434 2.275001 0.950000
v 21.296434 2.275001 1.190000
v 21.296434 2.425001 0.950000
v 21.296434 2.425001 1.190000
v 21.496435 2.275001 0.950000
v 21.496435 2.275001 1.190000
v 21.496435 2.425001 0.950000
v 21.496435 2.425001 1.190000
v 26.198051 1.600001 0.200000
v 26.198051 1.600001 0.925000
v 26.198051 2.400001 0.200000
v 26.198051 2.400001 0.925000
v 28.598053 1.600001 0.200000
v 28.598053 1.600001 0.925000
v 28.598053 2.400001 0.200000
v 28.598053 2.400001 0.925000
v 26.268051 1.620001 0.000000
v 26.268051 1.620001 0.900000
v 26.268051 1.680001 0.000000
v 26.268051 1.680001 0.900000
v 26.328053 1.620001 0.000000
v 26.328053 1.620001 0.900000
v 26.328053 1.680001 0.000000
v 26.328053 1.680001 0.900000
v 26.268051 2.320001 0.000000
v 26.268051 2.320001 0.900000
v 26.268051 2.380001 0.000000
v 26.268051 2.380001 0.900000
v 26.328053 2.320001 0.000000
v 26.328053 2.320001 0.900000
v 26.328053 2.380001 0.000000
v 26.328053 2.380001 0.900000
v 28.468052 1.620001 0.000000
v 28.468052 1.620001 0.900000
v 28.468052 1.680001 0.000000
v 28.468052 1.680001 0.900000
v 28.528053 1.620001 0.000000
v 28.528053 1.620001 0.900000
v 28.528053 1.680001 0.000000
v 28.528053 1.680001 0.900000
v 28.468052 2.320001 0.000000
v 28.468052 2.320001 0.900000
v 28.468052 2.380001 0.000000
v 28.468052 2.380001 0.900000
v 28.528053 2.320001 0.000000
v 28.528053 2.320001 0.900000
v 28.528053 2.380001 0.000000
v 28.528053 2.380001 0.900000
v 26.498053 2.275001 0.950000
v 26.498053 2.275001 1.190000
v 26.498053 2.425001 0.950000
v 26.498053 2.425001 1.190000
v 26.698053 2.275001 0.950000
v 26.698053 2.275001 1.190000
v 26.698053 2.425001 0.950000
v 26.698053 2.425001 1.190000
v 20.150000 18.049999 0.000000
v 20.150000 18.049999 1.900000
v 20.150000 18.549999 0.000000
v 20.150000 18.549999 1.900000
v 20.850000 18.049999 0.000000
v 20.850000 18.049999 1.900000
v 20.850000 18.549999 0.000000
v 20.850000 18.549999 1.900000
v 20.850000 18.070000 0.020000
v 20.850000 18.070000 1.880000
v 20.850000 18.529999 0.020000
v 20.850000 18.529999 1.880000
v 20.870001 18.070000 0.020000
v 20.870001 18.070000 1.880000
v 20.870001 18.529999 0.020000
v 20.870001 18.529999 1.880000
v 28.150000 18.050001 0.000000
v 28.150000 18.050001 1.900000
v 28.150000 18.550001 0.000000
v 28.150000 18.550001 1.900000
v 28.850000 18.050001 0.000000
v 28.850000 18.050001 1.900000
v 28.850000 18.550001 0.000000
v 28.850000 18.550001 1.900000
v 28.850000 18.070002 0.020000
v 28.850000 18.070002 1.880000
v 28.850000 18.530001 0.020000
v 28.850000 18.530001 1.880000
v 28.870001 18.070002 0.020000
v 28.870001 18.070002 1.880000
v 28.870001 18.530001 0.020000
v 28.870001 18.530001 1.880000
v 27.400000 5.050002 0.200000
v 27.400000 5.050002 1.250000
v 27.400000 5.950001 0.200000
v 27.400000 5.950001 1.250000
v 28.600000 5.050002 0.200000
v 28.600000 5.050002 1.250000
v 28.600000 5.950001 0.200000
v 28.600000 5.950001 1.250000
v 27.420000 5.070001 0.000000
v 27.420000 5.070001 0.800000
v 27.420000 5.130002 0.000000
v 27.420000 5.130002 0.800000
v 27.480001 5.070001 0.000000
v 27.480001 5.070001 0.800000
v 27.480001 5.130002 0.000000
v 27.480001 5.130002 0.800000
v 27.420000 5.870001 0.000000
v 27.420000 5.870001 0.800000
v 27.420000 5.930002 0.000000
v 27.420000 5.930002 0.800000
v 27.480001 5.870001 0.000000
v 27.480001 5.870001 0.800000
v 27.480001 5.930002 0.000000
v 27.480001 5.930002 0.800000
v 28.519999 5.070001 0.000000
v 28.519999 5.070001 0.800000
v 28.519999 5.130002 0.000000
v 28.519999 5.130002 0.800000
v 28.580000 5.070001 0.000000
v 28.580000 5.070001 0.800000
v 28.580000 5.130002 0.000000
v 28.580000 5.130002 0.800000
v 28.519999 5.870001 0.000000
v 28.519999 5.870001 0.800000
v 28.519999 5.930002 0.000000
v 28.519999 5.930002 0.800000
v 28.580000 5.870001 0.000000
v 28.580000 5.870001 0.800000
v 28.580000 5.930002 0.000000
v 28.580000 5.930002 0.800000
v 17.999998 22.475000 2.580000
v 17.999998 22.425001 2.580000
v 18.030613 22.475000 2.573910
v 18.030613 22.425001 2.573910
v 18.056566 22.475000 2.556569
v 18.056566 22.425001 2.556569
v 18.073908 22.475000 2.530615
v 18.073908 22.425001 2.530615
v 18.079998 22.475000 2.500000
v 18.079998 22.425001 2.500000
v 18.073908 22.475000 2.469385
v 18.073908 22.425001 2.469385
v 18.056566 22.475000 2.443431
v 18.056566 22.425001 2.443431
v 18.030613 22.475000 2.426090
v 18.030613 22.425001 2.426090
v 17.999998 22.475000 2.420000
v 17.999998 22.425001 2.420000
v 17.969383 22.475000 2.426090
v 17.969383 22.425001 2.426090
v 17.943430 22.475000 2.443431
v 17.943430 22.425001 2.443431
v 17.926088 22.475000 2.469385
v 17.926088 22.425001 2.469385
v 17.919998 22.475000 2.500000
v 17.919998 22.425001 2.500000
v 17.926088 22.475000 2.530615
v 17.926088 22.425001 2.530615
v 17.943430 22.475000 2.556569
v 17.943430 22.425001 2.556569
v 17.969383 22.475000 2.573910
v 17.969383 22.425001 2.573910
v 18.000002 22.426500 2.569999
v 18.000002 22.421499 2.569999
v 18.026791 22.426500 2.564671
v 18.026791 22.421499 2.564671
v 18.049500 22.426500 2.549496
v 18.049500 22.421499 2.549496
v 18.064674 22.426500 2.526787
v 18.064674 22.421499 2.526787
v 18.070002 22.426500 2.499999
v 18.070002 22.421499 2.499999
v 18.064674 22.426500 2.473211
v 18.064674 22.421499 2.473211
v 18.049500 22.426500 2.450502
v 18.049500 22.421499 2.450502
v 18.026791 22.426500 2.435328
v 18.026791 22.421499 2.435328
v 18.000002 22.426500 2.429999
v 18.000002 22.421499 2.429999
v 17.973213 22.426500 2.435328
v 17.973213 22.421499 2.435328
v 17.950504 22.426500 2.450502
v 17.950504 22.421499 2.450502
v 17.935329 22.426500 2.473211
v 17.935329 22.421499 2.473211
v 17.930002 22.426500 2.499999
v 17.930002 22.421499 2.499999
v 17.935329 22.426500 2.526787
v 17.935329 22.421499 2.526787
v 17.950504 22.426500 2.549496
v 17.950504 22.421499 2.549496
v 17.973213 22.426500 2.564671
v 17.973213 22.421499 2.564671
v 18.124998 22.453751 2.425000
v 18.124998 22.446251 2.425000
v 18.124998 22.453751 2.575000
v 18.124998 22.446251 2.575000
v 18.275000 22.453751 2.425000
v 18.275000 22.446251 2.425000
v 18.275000 22.453751 2.575000
v 18.275000 22.446251 2.575000
v 10.999998 36.205002 2.200000
v 10.999998 36.205002 2.800000
v 11.461132 36.113274 2.200000
v 11.461132 36.113274 2.800000
v 11.852062 35.852062 2.200000
v 11.852062 35.852062 2.800000
v 12.113273 35.461132 2.200000
v 12.113273 35.461132 2.800000
v 12.204998 35.000000 2.200000
v 12.204998 35.000000 2.800000
v 12.113273 34.538868 2.200000
v 12.113273 34.538868 2.800000
v 11.852062 34.147938 2.200000
v 11.852062 34.147938 2.800000
v 11.461132 33.886726 2.200000
v 11.461132 33.886726 2.800000
v 10.999998 33.794998 2.200000
v 10.999998 33.794998 2.800000
v 10.538864 33.886726 2.200000
v 10.538864 33.886726 2.800000
v 10.147934 34.147938 2.200000
v 10.147934 34.147938 2.800000
v 9.886724 34.538868 2.200000
v 9.886724 34.538868 2.800000
v 9.794998 35.000000 2.200000
v 9.794998 35.000000 2.800000
v 9.886724 35.461132 2.200000
v 9.886724 35.461132 2.800000
v 10.147934 35.852062 2.200000
v 10.147934 35.852062 2.800000
v 10.538864 36.113274 2.200000
v 10.538864 36.113274 2.800000
v 0.000000 0.000000 0.139086
v 0.000000 0.000000 6.139086
v 0.000000 0.250000 0.139086
v 0.000000 0.250000 6.139086
v 23.500000 0.000001 0.139086
v 23.500000 0.000001 6.139086
v 23.500000 0.250001 0.139086
v 23.500000 0.250001 6.139086
v 23.500000 0.000001 0.125706
v 23.500000 0.000001 3.325706
v 23.500000 0.250001 0.125706
v 23.500000 0.250001 3.325706
v 26.500000 0.000001 0.125706
v 26.500000 0.000001 3.325706
v 26.500000 0.250001 0.125706
v 26.500000 0.250001 3.325706
v 26.500000 0.000001 0.139086
v 26.500000 0.000001 6.139086
v 26.500000 0.250001 0.139086
v 26.500000 0.250001 6.139086
v 60.000000 0.000003 0.139086
v 60.000000 0.000003 6.139086
v 60.000000 0.250003 0.139086
v 60.000000 0.250003 6.139086
v -0.000002 40.063705 0.139085
v -0.000002 40.063705 6.139085
v -0.000002 40.313705 0.139085
v -0.000002 40.313705 6.139085
v 60.000000 40.063709 0.139085
v 60.000000 40.063709 6.139085
v 60.000000 40.313709 0.139085
v 60.000000 40.313709 6.139085
v 2.499998 40.313705 4.389085
v 2.499998 40.313705 5.889085
v 5.499998 40.313705 5.889085
v 5.499998 40.313705 4.389085
v 5.499998 40.063705 5.889085
v 2.499998 40.063705 4.389085
v 2.499998 40.063705 5.889085
v 5.499998 40.063705 4.389085
v 8.499998 40.313705 4.389085
v 11.499998 40.313705 4.389085
v 11.499998 40.313705 5.889085
v 8.499998 40.313705 5.889085
v 8.499998 40.063705 4.389085
v 11.499998 40.063705 4.389085
v 8.499998 40.063705 5.889085
v 11.499998 40.063705 5.889085
v 14.499998 40.313705 4.389085
v 17.499998 40.313705 4.389085
v 17.499998 40.313705 5.889085
v 14.499998 40.313705 5.889085
v 14.499998 40.063705 4.389085
v 17.499998 40.063705 4.389085
v 14.499998 40.063705 5.889085
v 17.499998 40.063705 5.889085
v 0.000000 0.000000 0.139086
v 0.000000 0.000000 6.139086
v -0.000001 19.250000 0.139086
v -0.000001 19.250000 6.139086
v 0.250000 0.000000 0.139086
v 0.250000 0.000000 6.139086
v 0.249999 19.250000 0.139086
v 0.249999 19.250000 6.139086
v -0.000001 19.250000 2.939085
v -0.000001 19.250000 6.139085
v -0.000001 22.250000 2.939085
v -0.000001 22.250000 6.139085
v 0.249999 19.250000 2.939085
v 0.249999 19.250000 6.139085
v 0.249999 22.250000 2.939085
v 0.249999 22.250000 6.139085
v -0.000001 22.250000 0.139086
v -0.000001 22.250000 6.139086
v -0.000002 40.099998 0.139086
v -0.000002 40.099998 6.139086
v 0.249999 22.250000 0.139086
v 0.249999 22.250000 6.139086
v 0.249998 40.099998 0.139086
v 0.249998 40.099998 6.139086
v 59.750000 0.000003 0.139086
v 59.750000 0.000003 6.139086
v 59.750000 19.250004 0.139086
v 59.750000 19.250004 6.139086
v 60.000000 0.000003 0.139086
v 60.000000 0.000003 6.139086
v 60.000000 19.250004 0.139086
v 60.000000 19.250004 6.139086
v 59.750000 19.250002 2.939085
v 59.750000 19.250002 6.139085
v 59.750000 22.250002 2.939085
v 59.750000 22.250002 6.139085
v 60.000000 19.250002 2.939085
v 60.000000 19.250002 6.139085
v 60.000000 22.250002 2.939085
v 60.000000 22.250002 6.139085
v 59.750000 22.250002 0.139086
v 59.750000 22.250002 6.139086
v 59.750000 40.099998 0.139086
v 59.750000 40.099998 6.139086
v 60.000000 22.250002 0.139086
v 60.000000 22.250002 6.139086
v 60.000000 40.099998 0.139086
v 60.000000 40.099998 6.139086
v 0.249999 19.500000 0.139086
v 0.249999 19.500000 6.139086
v 0.249999 19.700001 0.139086
v 0.249999 19.700001 6.139086
v 6.499999 19.500000 0.139086
v 6.499999 19.500000 6.139086
v 6.499999 19.700001 0.139086
v 6.499999 19.700001 6.139086
v 9.500000 19.500000 0.139086
v 9.500000 19.500000 6.139086
v 9.500000 19.700001 0.139086
v 9.500000 19.700001 6.139086
v 23.500000 19.500000 0.139086
v 23.500000 19.500000 6.139086
v 23.500000 19.700001 0.139086
v 23.500000 19.700001 6.139086
v 36.750000 19.500002 0.139086
v 36.750000 19.500002 6.139086
v 36.750000 19.700003 0.139086
v 36.750000 19.700003 6.139086
v 59.750000 19.500002 0.139086
v 59.750000 19.500002 6.139086
v 59.750000 19.700003 0.139086
v 59.750000 19.700003 6.139086
v 50.170193 19.700003 6.139086
v 46.690189 19.700003 6.139086
v 46.690189 19.700003 0.139086
v 50.170193 19.700003 0.139086
v 46.690189 19.500002 6.139086
v 50.170193 19.500002 6.139086
v 50.170193 19.500002 0.139086
v 46.690189 19.500002 0.139086
v 0.249999 22.900000 0.139086
v 0.249999 22.900000 6.139086
v 0.249999 23.100000 0.139086
v 0.249999 23.100000 6.139086
v 8.749999 22.900000 0.139086
v 8.749999 22.900000 6.139086
v 8.749999 23.100000 0.139086
v 8.749999 23.100000 6.139086
v 11.249998 22.900000 0.139086
v 11.249998 22.900000 6.139086
v 11.249998 23.100000 0.139086
v 11.249998 23.100000 6.139086
v 26.749998 22.900000 0.139086
v 26.749998 22.900000 6.139086
v 26.749998 23.100000 0.139086
v 26.749998 23.100000 6.139086
v 29.250000 22.900002 0.139086
v 29.250000 22.900002 6.139086
v 29.250000 23.100002 0.139086
v 29.250000 23.100002 6.139086
v 39.500000 22.900002 0.139086
v 39.500000 22.900002 6.139086
v 39.500000 23.100002 0.139086
v 39.500000 23.100002 6.139086
v 8.749999 22.900000 2.939085
v 8.749999 22.900000 6.139085
v 8.749999 23.100000 2.939085
v 8.749999 23.100000 6.139085
v 11.249999 22.900000 2.939085
v 11.249999 22.900000 6.139085
v 11.249999 23.100000 2.939085
v 11.249999 23.100000 6.139085
v 26.749998 22.900002 2.939085
v 26.749998 22.900002 6.139085
v 26.749998 23.100002 2.939085
v 26.749998 23.100002 6.139085
v 29.249998 22.900002 2.939085
v 29.249998 22.900002 6.139085
v 29.249998 23.100002 2.939085
v 29.249998 23.100002 6.139085
v 39.500000 23.039066 0.139086
v 39.500000 23.039066 6.139086
v 39.500000 28.839069 0.139086
v 39.500000 28.839069 6.139086
v 39.699997 23.039066 0.139086
v 39.699997 23.039066 6.139086
v 39.699997 28.839069 0.139086
v 39.699997 28.839069 6.139086
v 39.500000 28.750002 2.939085
v 39.500000 28.750002 6.139085
v 39.500000 30.750002 2.939085
v 39.500000 30.750002 6.139085
v 39.699997 28.750002 2.939085
v 39.699997 28.750002 6.139085
v 39.699997 30.750002 2.939085
v 39.699997 30.750002 6.139085
v 39.500000 30.750000 0.139086
v 39.500000 30.750000 6.139086
v 39.500000 40.050003 0.139086
v 39.500000 40.050003 6.139086
v 39.699997 30.750000 0.139086
v 39.699997 30.750000 6.139086
v 39.699997 40.050003 0.139086
v 39.699997 40.050003 6.139086
v 49.500000 22.879141 0.139086
v 49.500000 22.879141 6.139086
v 49.500000 28.679140 0.139086
v 49.500000 28.679140 6.139086
v 49.699997 22.879141 0.139086
v 49.699997 22.879141 6.139086
v 49.699997 28.679140 0.139086
v 49.699997 28.679140 6.139086
v 49.500000 28.750002 2.939085
v 49.500000 28.750002 6.139085
v 49.500000 30.750002 2.939085
v 49.500000 30.750002 6.139085
v 49.699997 28.750002 2.939085
v 49.699997 28.750002 6.139085
v 49.699997 30.750002 2.939085
v 49.699997 30.750002 6.139085
v 49.500000 30.750000 0.139086
v 49.500000 30.750000 6.139086
v 49.500000 40.050011 0.139086
v 49.500000 40.050011 6.139086
v 49.699997 30.750000 0.139086
v 49.699997 30.750000 6.139086
v 49.699997 40.050011 0.139086
v 49.699997 40.050011 6.139086
v 39.500000 22.884859 0.139086
v 39.500000 22.884859 6.139086
v 39.500000 23.084860 0.139086
v 39.500000 23.084860 6.139086
v 43.750000 22.884859 0.139086
v 43.750000 22.884859 6.139086
v 43.750000 23.084860 0.139086
v 43.750000 23.084860 6.139086
v 43.750000 22.900002 2.939085
v 43.750000 22.900002 6.139085
v 43.750000 23.100002 2.939085
v 43.750000 23.100002 6.139085
v 45.750000 22.900002 2.939085
v 45.750000 22.900002 6.139085
v 45.750000 23.100002 2.939085
v 45.750000 23.100002 6.139085
v 45.750000 22.900002 0.139086
v 45.750000 22.900002 6.139086
v 45.750000 23.100002 0.139086
v 45.750000 23.100002 6.139086
v 49.500000 22.900002 0.139086
v 49.500000 22.900002 6.139086
v 49.500000 23.100002 0.139086
v 49.500000 23.100002 6.139086
v 49.500000 22.900002 0.139086
v 49.500000 22.900002 6.139086
v 49.500000 23.100002 0.139086
v 49.500000 23.100002 6.139086
v 53.750000 22.900002 0.139086
v 53.750000 22.900002 6.139086
v 53.750000 23.100002 0.139086
v 53.750000 23.100002 6.139086
v 53.750000 22.900002 2.939085
v 53.750000 22.900002 6.139085
v 53.750000 23.100002 2.939085
v 53.750000 23.100002 6.139085
v 55.750000 22.900002 2.939085
v 55.750000 22.900002 6.139085
v 55.750000 23.100002 2.939085
v 55.750000 23.100002 6.139085
v 55.750000 22.900002 0.139086
v 55.750000 22.900002 6.139086
v 55.750000 23.100002 0.139086
v 55.750000 23.100002 6.139086
v 59.750000 22.900002 0.139086
v 59.750000 22.900002 6.139086
v 59.750000 23.100002 0.139086
v 59.750000 23.100002 6.139086
v 18.500000 0.250001 0.139086
v 18.500000 0.250001 6.139086
v 18.500000 19.500000 0.139086
v 18.500000 19.500000 6.139086
v 18.700001 0.250001 0.139086
v 18.700001 0.250001 6.139086
v 18.700001 19.500000 0.139086
v 18.700001 19.500000 6.139086
v 31.000000 0.250001 0.139086
v 31.000000 0.250001 6.139086
v 31.000000 19.500000 0.139086
v 31.000000 19.500000 6.139086
v 31.200001 0.250001 0.139086
v 31.200001 0.250001 6.139086
v 31.200001 19.500000 0.139086
v 31.200001 19.500000 6.139086
v 39.500000 0.250002 0.139086
v 39.500000 0.250002 6.139086
v 39.500000 19.500002 0.139086
v 39.500000 19.500002 6.139086
v 39.699997 0.250002 0.139086
v 39.699997 0.250002 6.139086
v 39.699997 19.500002 0.139086
v 39.699997 19.500002 6.139086
v 26.500000 19.500002 0.139086
v 26.500000 19.500002 6.139086
v 26.500000 19.700003 0.139086
v 26.500000 19.700003 6.139086
v 33.250000 19.500002 0.139086
v 33.250000 19.500002 6.139086
v 33.250000 19.700003 0.139086
v 33.250000 19.700003 6.139086
v 8.669999 22.940001 2.939085
v 8.669999 22.940001 3.019085
v 8.669999 23.059999 2.939085
v 8.669999 23.059999 3.019085
v 11.329999 22.940001 2.939085
v 11.329999 22.940001 3.019085
v 11.329999 23.059999 2.939085
v 11.329999 23.059999 3.019085
v 8.669999 22.940001 0.139086
v 8.669999 22.940001 2.939085
v 8.669999 23.059999 0.139086
v 8.669999 23.059999 2.939085
v 8.749999 22.940001 0.139086
v 8.749999 22.940001 2.939085
v 8.749999 23.059999 0.139086
v 8.749999 23.059999 2.939085
v 11.249999 22.940001 0.139086
v 11.249999 22.940001 2.939085
v 11.249999 23.059999 0.139086
v 11.249999 23.059999 2.939085
v 11.329999 22.940001 0.139086
v 11.329999 22.940001 2.939085
v 11.329999 23.059999 0.139086
v 11.329999 23.059999 2.939085
v 26.669998 22.940002 2.939085
v 26.669998 22.940002 3.019085
v 26.669998 23.060001 2.939085
v 26.669998 23.060001 3.019085
v 29.329998 22.940002 2.939085
v 29.329998 22.940002 3.019085
v 29.329998 23.060001 2.939085
v 29.329998 23.060001 3.019085
v 26.669996 22.940002 0.139086
v 26.669996 22.940002 2.939085
v 26.669996 23.060001 0.139086
v 26.669996 23.060001 2.939085
v 26.749998 22.940002 0.139086
v 26.749998 22.940002 2.939085
v 26.749998 23.060001 0.139086
v 26.749998 23.060001 2.939085
v 29.249998 22.940002 0.139086
v 29.249998 22.940002 2.939085
v 29.249998 23.060001 0.139086
v 29.249998 23.060001 2.939085
v 29.330000 22.940002 0.139086
v 29.330000 22.940002 2.939085
v 29.330000 23.060001 0.139086
v 29.330000 23.060001 2.939085
v 39.439999 28.670002 2.939085
v 39.439999 28.670002 3.019085
v 39.439999 30.830002 2.939085
v 39.439999 30.830002 3.019085
v 39.560001 28.670002 2.939085
v 39.560001 28.670002 3.019085
v 39.560001 30.830002 2.939085
v 39.560001 30.830002 3.019085
v 39.439999 28.670000 0.139086
v 39.439999 28.670000 2.939085
v 39.439999 28.750002 0.139086
v 39.439999 28.750002 2.939085
v 39.560001 28.670000 0.139086
v 39.560001 28.670000 2.939085
v 39.560001 28.750002 0.139086
v 39.560001 28.750002 2.939085
v 39.439999 30.750002 0.139086
v 39.439999 30.750002 2.939085
v 39.439999 30.830004 0.139086
v 39.439999 30.830004 2.939085
v 39.560001 30.750002 0.139086
v 39.560001 30.750002 2.939085
v 39.560001 30.830004 0.139086
v 39.560001 30.830004 2.939085
v 43.669998 22.940002 2.939085
v 43.669998 22.940002 3.019085
v 43.669998 23.060001 2.939085
v 43.669998 23.060001 3.019085
v 45.830002 22.940002 2.939085
v 45.830002 22.940002 3.019085
v 45.830002 23.060001 2.939085
v 45.830002 23.060001 3.019085
v 43.669998 22.940002 0.139086
v 43.669998 22.940002 2.939085
v 43.669998 23.060001 0.139086
v 43.669998 23.060001 2.939085
v 43.750000 22.940002 0.139086
v 43.750000 22.940002 2.939085
v 43.750000 23.060001 0.139086
v 43.750000 23.060001 2.939085
v 45.750000 22.940002 0.139086
v 45.750000 22.940002 2.939085
v 45.750000 23.060001 0.139086
v 45.750000 23.060001 2.939085
v 45.830002 22.940002 0.139086
v 45.830002 22.940002 2.939085
v 45.830002 23.060001 0.139086
v 45.830002 23.060001 2.939085
v 49.439999 28.670002 2.939085
v 49.439999 28.670002 3.019085
v 49.439999 30.630001 2.939085
v 49.439999 30.630001 3.019085
v 49.560001 28.670002 2.939085
v 49.560001 28.670002 3.019085
v 49.560001 30.630001 2.939085
v 49.560001 30.630001 3.019085
v 49.439999 28.670000 0.139086
v 49.439999 28.670000 2.939085
v 49.439999 28.750002 0.139086
v 49.439999 28.750002 2.939085
v 49.560001 28.670000 0.139086
v 49.560001 28.670000 2.939085
v 49.560001 28.750002 0.139086
v 49.560001 28.750002 2.939085
v 53.669998 22.940002 2.939085
v 53.669998 22.940002 3.019085
v 53.669998 23.060001 2.939085
v 53.669998 23.060001 3.019085
v 55.830002 22.940002 2.939085
v 55.830002 22.940002 3.019085
v 55.830002 23.060001 2.939085
v 55.830002 23.060001 3.019085
v 53.669998 22.940002 0.139086
v 53.669998 22.940002 2.939085
v 53.669998 23.060001 0.139086
v 53.669998 23.060001 2.939085
v 53.750000 22.940002 0.139086
v 53.750000 22.940002 2.939085
v 53.750000 23.060001 0.139086
v 53.750000 23.060001 2.939085
v 55.750000 22.940002 0.139086
v 55.750000 22.940002 2.939085
v 55.750000 23.060001 0.139086
v 55.750000 23.060001 2.939085
v 55.830002 22.940002 0.139086
v 55.830002 22.940002 2.939085
v 55.830002 23.060001 0.139086
v 55.830002 23.060001 2.939085
v 6.419999 19.440001 0.139086
v 6.419999 19.440001 2.939085
v 6.419999 19.559999 0.139086
v 6.419999 19.559999 2.939085
v 6.499999 19.440001 0.139086
v 6.499999 19.440001 2.939085
v 6.499999 19.559999 0.139086
v 6.499999 19.559999 2.939085
v 9.499999 19.440001 0.139086
v 9.499999 19.440001 2.939085
v 9.499999 19.559999 0.139086
v 9.499999 19.559999 2.939085
v 9.579999 19.440001 0.139086
v 9.579999 19.440001 2.939085
v 9.579999 19.559999 0.139086
v 9.579999 19.559999 2.939085
v 23.419998 19.440002 0.139086
v 23.419998 19.440002 2.939085
v 23.419998 19.560001 0.139086
v 23.419998 19.560001 2.939085
v 23.500000 19.440002 0.139086
v 23.500000 19.440002 2.939085
v 23.500000 19.560001 0.139086
v 23.500000 19.560001 2.939085
v 26.500000 19.440002 0.139086
v 26.500000 19.440002 2.939085
v 26.500000 19.560001 0.139086
v 26.500000 19.560001 2.939085
v 26.580002 19.440002 0.139086
v 26.580002 19.440002 2.939085
v 26.580002 19.560001 0.139086
v 26.580002 19.560001 2.939085
v 23.420000 -0.059999 6.139085
v 23.420000 -0.059999 6.219085
v 23.420000 0.060001 6.139085
v 23.420000 0.060001 6.219085
v 26.580000 -0.059999 6.139085
v 26.580000 -0.059999 6.219085
v 26.580000 0.060001 6.139085
v 26.580000 0.060001 6.219085
v 23.419998 -0.059999 0.139086
v 23.419998 -0.059999 6.139086
v 23.419998 0.060001 0.139086
v 23.419998 0.060001 6.139086
v 23.500000 -0.059999 0.139086
v 23.500000 -0.059999 6.139086
v 23.500000 0.060001 0.139086
v 23.500000 0.060001 6.139086
v 26.500000 -0.059999 0.139086
v 26.500000 -0.059999 6.139086
v 26.500000 0.060001 0.139086
v 26.500000 0.060001 6.139086
v 26.580002 -0.059999 0.139086
v 26.580002 -0.059999 6.139086
v 26.580002 0.060001 0.139086
v 26.580002 0.060001 6.139086
v 33.169998 19.440002 0.139086
v 33.169998 19.440002 2.939085
v 33.169998 19.560001 0.139086
v 33.169998 19.560001 2.939085
v 33.250000 19.440002 0.139086
v 33.250000 19.440002 2.939085
v 33.250000 19.560001 0.139086
v 33.250000 19.560001 2.939085
v 36.750000 19.440002 0.139086
v 36.750000 19.440002 2.939085
v 36.750000 19.560001 0.139086
v 36.750000 19.560001 2.939085
v 36.830002 19.440002 0.139086
v 36.830002 19.440002 2.939085
v 36.830002 19.560001 0.139086
v 36.830002 19.560001 2.939085
v 59.689999 19.170002 2.939085
v 59.689999 19.170002 3.019085
v 59.689999 22.330002 2.939085
v 59.689999 22.330002 3.019085
v 59.810001 19.170002 2.939085
v 59.810001 19.170002 3.019085
v 59.810001 22.330002 2.939085
v 59.810001 22.330002 3.019085
v 59.689999 19.170000 0.139086
v 59.689999 19.170000 2.939085
v 59.689999 19.250002 0.139086
v 59.689999 19.250002 2.939085
v 59.810001 19.170000 0.139086
v 59.810001 19.170000 2.939085
v 59.810001 19.250002 0.139086
v 59.810001 19.250002 2.939085
v 59.689999 22.250002 0.139086
v 59.689999 22.250002 2.939085
v 59.689999 22.330004 0.139086
v 59.689999 22.330004 2.939085
v 59.810001 22.250002 0.139086
v 59.810001 22.250002 2.939085
v 59.810001 22.330004 0.139086
v 59.810001 22.330004 2.939085
v -0.060001 19.170000 2.939085
v -0.060001 19.170000 3.019085
v -0.060001 22.330000 2.939085
v -0.060001 22.330000 3.019085
v 0.059999 19.170000 2.939085
v 0.059999 19.170000 3.019085
v 0.059999 22.330000 2.939085
v 0.059999 22.330000 3.019085
v -0.060001 19.169998 0.139086
v -0.060001 19.169998 2.939085
v -0.060001 19.250000 0.139086
v -0.060001 19.250000 2.939085
v 0.059999 19.169998 0.139086
v 0.059999 19.169998 2.939085
v 0.059999 19.250000 0.139086
v 0.059999 19.250000 2.939085
v -0.060001 22.250000 0.139086
v -0.060001 22.250000 2.939085
v -0.060001 22.330002 0.139086
v -0.060001 22.330002 2.939085
v 0.059999 22.250000 0.139086
v 0.059999 22.250000 2.939085
v 0.059999 22.330002 0.139086
v 0.059999 22.330002 2.939085
v -0.025001 19.260000 0.149086
v -0.025001 19.260000 2.929085
v -0.025001 22.240000 0.149086
v -0.025001 22.240000 2.929085
v 0.024999 19.260000 0.149086
v 0.024999 19.260000 2.929085
v 0.024999 22.240000 0.149086
v 0.024999 22.240000 2.929085
v 0.250000 0.250000 0.139086
v 0.250000 0.250000 6.139086
v 0.250000 0.650000 0.139086
v 0.250000 0.650000 6.139086
v 0.650000 0.250000 0.139086
v 0.650000 0.250000 6.139086
v 0.650000 0.650000 0.139086
v 0.650000 0.650000 6.139086
v 0.250000 9.800000 0.139086
v 0.250000 9.800000 6.139086
v 0.250000 10.200000 0.139086
v 0.250000 10.200000 6.139086
v 0.650000 9.800000 0.139086
v 0.650000 9.800000 6.139086
v 0.649999 10.200000 0.139086
v 0.649999 10.200000 6.139086
v 0.249999 19.799999 0.139086
v 0.249999 19.799999 6.139086
v 0.249999 20.200001 0.139086
v 0.249999 20.200001 6.139086
v 0.649999 19.799999 0.139086
v 0.649999 19.799999 6.139086
v 0.649999 20.200001 0.139086
v 0.649999 20.200001 6.139086
v 0.249999 29.799999 0.139086
v 0.249999 29.799999 6.139086
v 0.249999 30.200001 0.139086
v 0.249999 30.200001 6.139086
v 0.649999 29.799999 0.139086
v 0.649999 29.799999 6.139086
v 0.649999 30.200001 0.139086
v 0.649999 30.200001 6.139086
v 0.249998 39.349998 0.139086
v 0.249998 39.349998 6.139086
v 0.249998 39.750000 0.139086
v 0.249998 39.750000 6.139086
v 0.649998 39.349998 0.139086
v 0.649998 39.349998 6.139086
v 0.649998 39.750000 0.139086
v 0.649998 39.750000 6.139086
v 9.800000 0.250000 0.139086
v 9.800000 0.250000 6.139086
v 9.800000 0.650000 0.139086
v 9.800000 0.650000 6.139086
v 10.200000 0.250000 0.139086
v 10.200000 0.250000 6.139086
v 10.200000 0.650000 0.139086
v 10.200000 0.650000 6.139086
v 9.799999 19.799999 0.139086
v 9.799999 19.799999 6.139086
v 9.799999 20.200001 0.139086
v 9.799999 20.200001 6.139086
v 10.199999 19.799999 0.139086
v 10.199999 19.799999 6.139086
v 10.199999 20.200001 0.139086
v 10.199999 20.200001 6.139086
v 9.799999 29.799999 0.139086
v 9.799999 29.799999 6.139086
v 9.799999 30.200001 0.139086
v 9.799999 30.200001 6.139086
v 10.199999 29.799999 0.139086
v 10.199999 29.799999 6.139086
v 10.199999 30.200001 0.139086
v 10.199999 30.200001 6.139086
v 9.799998 39.349998 0.139086
v 9.799998 39.349998 6.139086
v 9.799998 39.750000 0.139086
v 9.799998 39.750000 6.139086
v 10.199998 39.349998 0.139086
v 10.199998 39.349998 6.139086
v 10.199998 39.750000 0.139086
v 10.199998 39.750000 6.139086
v 19.799999 0.250001 0.139086
v 19.799999 0.250001 6.139086
v 19.799999 0.650001 0.139086
v 19.799999 0.650001 6.139086
v 20.200001 0.250001 0.139086
v 20.200001 0.250001 6.139086
v 20.200001 0.650001 0.139086
v 20.200001 0.650001 6.139086
v 19.799999 9.800001 0.139086
v 19.799999 9.800001 6.139086
v 19.799999 10.200001 0.139086
v 19.799999 10.200001 6.139086
v 20.200001 9.800001 0.139086
v 20.200001 9.800001 6.139086
v 20.200001 10.200001 0.139086
v 20.200001 10.200001 6.139086
v 19.799999 19.799999 0.139086
v 19.799999 19.799999 6.139086
v 19.799999 20.200001 0.139086
v 19.799999 20.200001 6.139086
v 20.200001 19.799999 0.139086
v 20.200001 19.799999 6.139086
v 20.200001 20.200001 0.139086
v 20.200001 20.200001 6.139086
v 19.799997 33.311893 0.139086
v 19.799997 33.311893 6.139086
v 19.799997 33.711895 0.139086
v 19.799997 33.711895 6.139086
v 20.199999 33.311893 0.139086
v 20.199999 33.311893 6.139086
v 20.199999 33.711895 0.139086
v 20.199999 33.711895 6.139086
v 19.799997 39.349998 0.139086
v 19.799997 39.349998 6.139086
v 19.799997 39.750000 0.139086
v 19.799997 39.750000 6.139086
v 20.199999 39.349998 0.139086
v 20.199999 39.349998 6.139086
v 20.199999 39.750000 0.139086
v 20.199999 39.750000 6.139086
v 29.799999 0.250001 0.139086
v 29.799999 0.250001 6.139086
v 29.799999 0.650001 0.139086
v 29.799999 0.650001 6.139086
v 30.200001 0.250001 0.139086
v 30.200001 0.250001 6.139086
v 30.200001 0.650001 0.139086
v 30.200001 0.650001 6.139086
v 29.799999 9.800001 0.139086
v 29.799999 9.800001 6.139086
v 29.799999 10.200001 0.139086
v 29.799999 10.200001 6.139086
v 30.200001 9.800001 0.139086
v 30.200001 9.800001 6.139086
v 30.200001 10.200001 0.139086
v 30.200001 10.200001 6.139086
v 29.799999 19.800001 0.139086
v 29.799999 19.800001 6.139086
v 29.799999 20.200003 0.139086
v 29.799999 20.200003 6.139086
v 30.200001 19.800001 0.139086
v 30.200001 19.800001 6.139086
v 30.200001 20.200003 0.139086
v 30.200001 20.200003 6.139086
v 29.799997 29.800001 0.139086
v 29.799997 29.800001 6.139086
v 29.799997 30.200003 0.139086
v 29.799997 30.200003 6.139086
v 30.199999 29.800001 0.139086
v 30.199999 29.800001 6.139086
v 30.199999 30.200003 0.139086
v 30.199999 30.200003 6.139086
v 29.799997 39.349998 0.139086
v 29.799997 39.349998 6.139086
v 29.799997 39.750000 0.139086
v 29.799997 39.750000 6.139086
v 30.199999 39.349998 0.139086
v 30.199999 39.349998 6.139086
v 30.199999 39.750000 0.139086
v 30.199999 39.750000 6.139086
v 39.799999 0.250002 0.139086
v 39.799999 0.250002 6.139086
v 39.799999 0.650002 0.139086
v 39.799999 0.650002 6.139086
v 40.200001 0.250002 0.139086
v 40.200001 0.250002 6.139086
v 40.200001 0.650002 0.139086
v 40.200001 0.650002 6.139086
v 39.799999 9.800002 0.139086
v 39.799999 9.800002 6.139086
v 39.799999 10.200002 0.139086
v 39.799999 10.200002 6.139086
v 40.200001 9.800002 0.139086
v 40.200001 9.800002 6.139086
v 40.200001 10.200002 0.139086
v 40.200001 10.200002 6.139086
v 39.799999 19.800001 0.139086
v 39.799999 19.800001 6.139086
v 39.799999 20.200003 0.139086
v 39.799999 20.200003 6.139086
v 40.200001 19.800001 0.139086
v 40.200001 19.800001 6.139086
v 40.200001 20.200003 0.139086
v 40.200001 20.200003 6.139086
v 39.799999 39.630424 0.139086
v 39.799999 39.630424 6.139086
v 39.799999 40.030426 0.139086
v 39.799999 40.030426 6.139086
v 40.200001 39.630424 0.139086
v 40.200001 39.630424 6.139086
v 40.200001 40.030426 0.139086
v 40.200001 40.030426 6.139086
v 49.799999 0.250002 0.139086
v 49.799999 0.250002 6.139086
v 49.799999 0.650002 0.139086
v 49.799999 0.650002 6.139086
v 50.200001 0.250002 0.139086
v 50.200001 0.250002 6.139086
v 50.200001 0.650002 0.139086
v 50.200001 0.650002 6.139086
v 49.799999 9.800002 0.139086
v 49.799999 9.800002 6.139086
v 49.799999 10.200002 0.139086
v 49.799999 10.200002 6.139086
v 50.200001 9.800002 0.139086
v 50.200001 9.800002 6.139086
v 50.200001 10.200002 0.139086
v 50.200001 10.200002 6.139086
v 49.799999 39.569103 0.139086
v 49.799999 39.569103 6.139086
v 49.799999 39.969105 0.139086
v 49.799999 39.969105 6.139086
v 50.200001 39.569103 0.139086
v 50.200001 39.569103 6.139086
v 50.200001 39.969105 0.139086
v 50.200001 39.969105 6.139086
v 59.349998 0.250003 0.139086
v 59.349998 0.250003 6.139086
v 59.349998 0.650003 0.139086
v 59.349998 0.650003 6.139086
v 59.750000 0.250003 0.139086
v 59.750000 0.250003 6.139086
v 59.750000 0.650003 0.139086
v 59.750000 0.650003 6.139086
v 59.349998 9.800003 0.139086
v 59.349998 9.800003 6.139086
v 59.349998 10.200003 0.139086
v 59.349998 10.200003 6.139086
v 59.750000 9.800003 0.139086
v 59.750000 9.800003 6.139086
v 59.750000 10.200003 0.139086
v 59.750000 10.200003 6.139086
v 59.621902 19.307394 0.139086
v 59.621902 19.307394 6.139086
v 59.621902 19.707396 0.139086
v 59.621902 19.707396 6.139086
v 60.021904 19.307394 0.139086
v 60.021904 19.307394 6.139086
v 60.021904 19.707396 0.139086
v 60.021904 19.707396 6.139086
v 59.349998 29.800001 0.139086
v 59.349998 29.800001 6.139086
v 59.349998 30.200003 0.139086
v 59.349998 30.200003 6.139086
v 59.750000 29.800001 0.139086
v 59.750000 29.800001 6.139086
v 59.750000 30.200003 0.139086
v 59.750000 30.200003 6.139086
v 59.349998 39.350002 0.139086
v 59.349998 39.350002 6.139086
v 59.349998 39.750004 0.139086
v 59.349998 39.750004 6.139086
v 59.750000 39.350002 0.139086
v 59.750000 39.350002 6.139086
v 59.750000 39.750004 0.139086
v 59.750000 39.750004 6.139086
v 31.825001 0.500001 0.139086
v 31.825001 0.500001 0.144085
v 31.825001 19.500000 0.139086
v 31.825001 19.500000 0.144085
v 31.924999 0.500001 0.139086
v 31.924999 0.500001 0.144085
v 31.924999 19.500000 0.139086
v 31.924999 19.500000 0.144085
v 4.899999 19.500000 0.141585
v 4.899999 19.500000 0.146585
v 4.899999 19.700001 0.141585
v 4.899999 19.700001 0.146585
v 5.099999 19.500000 0.141585
v 5.099999 19.500000 0.146585
v 5.099999 19.700001 0.141585
v 5.099999 19.700001 0.146585
v 9.899999 19.500000 0.141585
v 9.899999 19.500000 0.146585
v 9.899999 19.700001 0.141585
v 9.899999 19.700001 0.146585
v 10.099999 19.500000 0.141585
v 10.099999 19.500000 0.146585
v 10.099999 19.700001 0.141585
v 10.099999 19.700001 0.146585
v 14.899999 19.500000 0.141585
v 14.899999 19.500000 0.146585
v 14.899999 19.700001 0.141585
v 14.899999 19.700001 0.146585
v 15.099999 19.500000 0.141585
v 15.099999 19.500000 0.146585
v 15.099999 19.700001 0.141585
v 15.099999 19.700001 0.146585
v 19.900000 19.500000 0.141585
v 19.900000 19.500000 0.146585
v 19.900000 19.700001 0.141585
v 19.900000 19.700001 0.146585
v 20.100000 19.500000 0.141585
v 20.100000 19.500000 0.146585
v 20.100000 19.700001 0.141585
v 20.100000 19.700001 0.146585
v 29.900000 19.500002 0.141585
v 29.900000 19.500002 0.146585
v 29.900000 19.700003 0.141585
v 29.900000 19.700003 0.146585
v 30.100000 19.500002 0.141585
v 30.100000 19.500002 0.146585
v 30.100000 19.700003 0.141585
v 30.100000 19.700003 0.146585
v 39.900002 19.500002 0.141585
v 39.900002 19.500002 0.146585
v 39.900002 19.700003 0.141585
v 39.900002 19.700003 0.146585
v 40.099998 19.500002 0.141585
v 40.099998 19.500002 0.146585
v 40.099998 19.700003 0.141585
v 40.099998 19.700003 0.146585
v 44.900002 19.500002 0.141585
v 44.900002 19.500002 0.146585
v 44.900002 19.700003 0.141585
v 44.900002 19.700003 0.146585
v 45.099998 19.500002 0.141585
v 45.099998 19.500002 0.146585
v 45.099998 19.700003 0.141585
v 45.099998 19.700003 0.146585
v 54.900002 19.500002 0.141585
v 54.900002 19.500002 0.146585
v 54.900002 19.700003 0.141585
v 54.900002 19.700003 0.146585
v 55.099998 19.500002 0.141585
v 55.099998 19.500002 0.146585
v 55.099998 19.700003 0.141585
v 55.099998 19.700003 0.146585
v 0.000000 0.000000 0.141585
v 0.000000 0.000000 0.146585
v -0.000000 0.500000 0.141585
v -0.000000 0.500000 0.146585
v 0.500000 0.000000 0.141585
v 0.500000 0.000000 0.146585
v 0.500000 0.500000 0.141585
v 0.500000 0.500000 0.146585
v 15.249999 26.957731 -0.100000
v 15.249999 26.957731 0.000000
v 15.249999 27.857733 -0.100000
v 15.249999 27.857733 0.000000
v 16.750000 26.957731 -0.100000
v 16.750000 26.957731 0.000000
v 16.750000 27.857733 -0.100000
v 16.750000 27.857733 0.000000
v 15.299998 27.007732 0.100000
v 15.299998 27.007732 0.140000
v 15.299998 27.807732 0.100000
v 15.299998 27.807732 0.140000
v 16.700001 27.007732 0.100000
v 16.700001 27.007732 0.140000
v 16.700001 27.807732 0.100000
v 16.700001 27.807732 0.140000
v 16.199999 27.557732 0.350000
v 16.199999 27.557732 0.490000
v 16.199999 27.637733 0.350000
v 16.199999 27.637733 0.490000
v 16.359999 27.557732 0.350000
v 16.359999 27.557732 0.490000
v 16.359999 27.637733 0.350000
v 16.359999 27.637733 0.490000
v 19.249998 26.957731 -0.100000
v 19.249998 26.957731 0.000000
v 19.249998 27.857733 -0.100000
v 19.249998 27.857733 0.000000
v 20.749998 26.957731 -0.100000
v 20.749998 26.957731 0.000000
v 20.749998 27.857733 -0.100000
v 20.749998 27.857733 0.000000
v 19.299997 27.007732 0.100000
v 19.299997 27.007732 0.140000
v 19.299997 27.807732 0.100000
v 19.299997 27.807732 0.140000
v 20.699999 27.007732 0.100000
v 20.699999 27.007732 0.140000
v 20.699999 27.807732 0.100000
v 20.699999 27.807732 0.140000
v 19.889997 27.217731 0.120000
v 19.889997 27.217731 0.440000
v 19.889997 27.597733 0.120000
v 19.889997 27.597733 0.440000
v 20.109999 27.217731 0.120000
v 20.109999 27.217731 0.440000
v 20.109999 27.597733 0.120000
v 20.109999 27.597733 0.440000
v 23.249998 26.957733 -0.100000
v 23.249998 26.957733 0.000000
v 23.249998 27.857735 -0.100000
v 23.249998 27.857735 0.000000
v 24.749998 26.957733 -0.100000
v 24.749998 26.957733 0.000000
v 24.749998 27.857735 -0.100000
v 24.749998 27.857735 0.000000
v 23.299997 27.007734 0.100000
v 23.299997 27.007734 0.140000
v 23.299997 27.807734 0.100000
v 23.299997 27.807734 0.140000
v 24.699999 27.007734 0.100000
v 24.699999 27.007734 0.140000
v 24.699999 27.807734 0.100000
v 24.699999 27.807734 0.140000
v 15.249999 23.549999 -0.100000
v 15.249999 23.549999 0.000000
v 15.249999 24.450001 -0.100000
v 15.249999 24.450001 0.000000
v 16.750000 23.549999 -0.100000
v 16.750000 23.549999 0.000000
v 16.750000 24.450001 -0.100000
v 16.750000 24.450001 0.000000
v 15.299998 23.600000 0.100000
v 15.299998 23.600000 0.140000
v 15.299998 24.400000 0.100000
v 15.299998 24.400000 0.140000
v 16.700001 23.600000 0.100000
v 16.700001 23.600000 0.140000
v 16.700001 24.400000 0.100000
v 16.700001 24.400000 0.140000
v 16.199999 24.150000 0.350000
v 16.199999 24.150000 0.490000
v 16.199999 24.230001 0.350000
v 16.199999 24.230001 0.490000
v 16.359999 24.150000 0.350000
v 16.359999 24.150000 0.490000
v 16.359999 24.230001 0.350000
v 16.359999 24.230001 0.490000
v 19.249998 23.549999 -0.100000
v 19.249998 23.549999 0.000000
v 19.249998 24.450001 -0.100000
v 19.249998 24.450001 0.000000
v 20.749998 23.549999 -0.100000
v 20.749998 23.549999 0.000000
v 20.749998 24.450001 -0.100000
v 20.749998 24.450001 0.000000
v 19.299997 23.600000 0.100000
v 19.299997 23.600000 0.140000
v 19.299997 24.400000 0.100000
v 19.299997 24.400000 0.140000
v 20.699999 23.600000 0.100000
v 20.699999 23.600000 0.140000
v 20.699999 24.400000 0.100000
v 20.699999 24.400000 0.140000
v 19.889997 23.809999 0.120000
v 19.889997 23.809999 0.440000
v 19.889997 24.190001 0.120000
v 19.889997 24.190001 0.440000
v 20.109999 23.809999 0.120000
v 20.109999 23.809999 0.440000
v 20.109999 24.190001 0.120000
v 20.109999 24.190001 0.440000
v 20.199999 24.150000 0.350000
v 20.199999 24.150000 0.490000
v 20.199999 24.230001 0.350000
v 20.199999 24.230001 0.490000
v 20.359999 24.150000 0.350000
v 20.359999 24.150000 0.490000
v 20.359999 24.230001 0.350000
v 20.359999 24.230001 0.490000
v 23.249998 23.550001 -0.100000
v 23.249998 23.550001 0.000000
v 23.249998 24.450003 -0.100000
v 23.249998 24.450003 0.000000
v 24.749998 23.550001 -0.100000
v 24.749998 23.550001 0.000000
v 24.749998 24.450003 -0.100000
v 24.749998 24.450003 0.000000
v 23.299997 23.600002 0.100000
v 23.299997 23.600002 0.140000
v 23.299997 24.400002 0.100000
v 23.299997 24.400002 0.140000
v 24.699999 23.600002 0.100000
v 24.699999 23.600002 0.140000
v 24.699999 24.400002 0.100000
v 24.699999 24.400002 0.140000
v 23.889997 23.810001 0.120000
v 23.889997 23.810001 0.440000
v 23.889997 24.190002 0.120000
v 23.889997 24.190002 0.440000
v 24.109999 23.810001 0.120000
v 24.109999 23.810001 0.440000
v 24.109999 24.190002 0.120000
v 24.109999 24.190002 0.440000
v 15.499999 27.547731 0.260000
v 15.499999 27.547731 0.300000
v 15.569999 27.528976 0.260000
v 15.569999 27.528976 0.300000
v 15.621243 27.477732 0.260000
v 15.621243 27.477732 0.300000
v 15.639999 27.407732 0.260000
v 15.639999 27.407732 0.300000
v 15.621243 27.337732 0.260000
v 15.621243 27.337732 0.300000
v 15.569999 27.286488 0.260000
v 15.569999 27.286488 0.300000
v 15.499999 27.267733 0.260000
v 15.499999 27.267733 0.300000
v 15.429999 27.286488 0.260000
v 15.429999 27.286488 0.300000
v 15.378756 27.337732 0.260000
v 15.378756 27.337732 0.300000
v 15.359999 27.407732 0.260000
v 15.359999 27.407732 0.300000
v 15.378756 27.477732 0.260000
v 15.378756 27.477732 0.300000
v 15.429999 27.528976 0.260000
v 15.429999 27.528976 0.300000
v 15.779999 27.667732 0.500000
v 15.779999 27.667732 0.540000
v 15.839999 27.651655 0.500000
v 15.839999 27.651655 0.540000
v 15.883922 27.607731 0.500000
v 15.883922 27.607731 0.540000
v 15.899999 27.547731 0.500000
v 15.899999 27.547731 0.540000
v 15.883922 27.487732 0.500000
v 15.883922 27.487732 0.540000
v 15.839999 27.443808 0.500000
v 15.839999 27.443808 0.540000
v 15.779999 27.427731 0.500000
v 15.779999 27.427731 0.540000
v 15.719998 27.443808 0.500000
v 15.719998 27.443808 0.540000
v 15.676076 27.487732 0.500000
v 15.676076 27.487732 0.540000
v 15.659999 27.547731 0.500000
v 15.659999 27.547731 0.540000
v 15.676076 27.607731 0.500000
v 15.676076 27.607731 0.540000
v 15.719998 27.651655 0.500000
v 15.719998 27.651655 0.540000
v 15.779999 27.627731 0.440000
v 15.779999 27.627731 1.800000
v 15.819999 27.617014 0.440000
v 15.819999 27.617014 1.800000
v 15.849280 27.587732 0.440000
v 15.849280 27.587732 1.800000
v 15.859999 27.547731 0.440000
v 15.859999 27.547731 1.800000
v 15.849280 27.507730 0.440000
v 15.849280 27.507730 1.800000
v 15.819999 27.478449 0.440000
v 15.819999 27.478449 1.800000
v 15.779999 27.467731 0.440000
v 15.779999 27.467731 1.800000
v 15.739999 27.478449 0.440000
v 15.739999 27.478449 1.800000
v 15.710717 27.507730 0.440000
v 15.710717 27.507730 1.800000
v 15.699999 27.547731 0.440000
v 15.699999 27.547731 1.800000
v 15.710717 27.587732 0.440000
v 15.710717 27.587732 1.800000
v 15.739999 27.617014 0.440000
v 15.739999 27.617014 1.800000
v 16.279999 27.597733 0.140000
v 16.279999 27.597733 0.200000
v 16.352709 27.583269 0.140000
v 16.352709 27.583269 0.200000
v 16.414349 27.542082 0.140000
v 16.414349 27.542082 0.200000
v 16.455536 27.480442 0.140000
v 16.455536 27.480442 0.200000
v 16.469999 27.407732 0.140000
v 16.469999 27.407732 0.200000
v 16.455536 27.335022 0.140000
v 16.455536 27.335022 0.200000
v 16.414349 27.273382 0.140000
v 16.414349 27.273382 0.200000
v 16.352709 27.232195 0.140000
v 16.352709 27.232195 0.200000
v 16.279999 27.217731 0.140000
v 16.279999 27.217731 0.200000
v 16.207289 27.232195 0.140000
v 16.207289 27.232195 0.200000
v 16.145649 27.273382 0.140000
v 16.145649 27.273382 0.200000
v 16.104462 27.335022 0.140000
v 16.104462 27.335022 0.200000
v 16.089998 27.407732 0.140000
v 16.089998 27.407732 0.200000
v 16.104462 27.480442 0.140000
v 16.104462 27.480442 0.200000
v 16.145649 27.542082 0.140000
v 16.145649 27.542082 0.200000
v 16.207289 27.583269 0.140000
v 16.207289 27.583269 0.200000
v 19.499998 27.547731 0.260000
v 19.499998 27.547731 0.300000
v 19.569998 27.528976 0.260000
v 19.569998 27.528976 0.300000
v 19.621243 27.477732 0.260000
v 19.621243 27.477732 0.300000
v 19.639997 27.407732 0.260000
v 19.639997 27.407732 0.300000
v 19.621243 27.337732 0.260000
v 19.621243 27.337732 0.300000
v 19.569998 27.286488 0.260000
v 19.569998 27.286488 0.300000
v 19.499998 27.267733 0.260000
v 19.499998 27.267733 0.300000
v 19.429998 27.286488 0.260000
v 19.429998 27.286488 0.300000
v 19.378754 27.337732 0.260000
v 19.378754 27.337732 0.300000
v 19.359999 27.407732 0.260000
v 19.359999 27.407732 0.300000
v 19.378754 27.477732 0.260000
v 19.378754 27.477732 0.300000
v 19.429998 27.528976 0.260000
v 19.429998 27.528976 0.300000
v 19.779999 27.667732 0.500000
v 19.779999 27.667732 0.540000
v 19.839998 27.651655 0.500000
v 19.839998 27.651655 0.540000
v 19.883923 27.607731 0.500000
v 19.883923 27.607731 0.540000
v 19.900000 27.547731 0.500000
v 19.900000 27.547731 0.540000
v 19.883923 27.487732 0.500000
v 19.883923 27.487732 0.540000
v 19.839998 27.443808 0.500000
v 19.839998 27.443808 0.540000
v 19.779999 27.427731 0.500000
v 19.779999 27.427731 0.540000
v 19.719999 27.443808 0.500000
v 19.719999 27.443808 0.540000
v 19.676075 27.487732 0.500000
v 19.676075 27.487732 0.540000
v 19.659998 27.547731 0.500000
v 19.659998 27.547731 0.540000
v 19.676075 27.607731 0.500000
v 19.676075 27.607731 0.540000
v 19.719999 27.651655 0.500000
v 19.719999 27.651655 0.540000
v 19.779999 27.627731 0.440000
v 19.779999 27.627731 1.800000
v 19.820000 27.617014 0.440000
v 19.820000 27.617014 1.800000
v 19.849281 27.587732 0.440000
v 19.849281 27.587732 1.800000
v 19.859999 27.547731 0.440000
v 19.859999 27.547731 1.800000
v 19.849281 27.507730 0.440000
v 19.849281 27.507730 1.800000
v 19.820000 27.478449 0.440000
v 19.820000 27.478449 1.800000
v 19.779999 27.467731 0.440000
v 19.779999 27.467731 1.800000
v 19.739998 27.478449 0.440000
v 19.739998 27.478449 1.800000
v 19.710716 27.507730 0.440000
v 19.710716 27.507730 1.800000
v 19.699999 27.547731 0.440000
v 19.699999 27.547731 1.800000
v 19.710716 27.587732 0.440000
v 19.710716 27.587732 1.800000
v 19.739998 27.617014 0.440000
v 19.739998 27.617014 1.800000
v 20.279999 27.597733 0.140000
v 20.279999 27.597733 0.200000
v 20.352709 27.583269 0.140000
v 20.352709 27.583269 0.200000
v 20.414349 27.542082 0.140000
v 20.414349 27.542082 0.200000
v 20.455536 27.480442 0.140000
v 20.455536 27.480442 0.200000
v 20.469999 27.407732 0.140000
v 20.469999 27.407732 0.200000
v 20.455536 27.335022 0.140000
v 20.455536 27.335022 0.200000
v 20.414349 27.273382 0.140000
v 20.414349 27.273382 0.200000
v 20.352709 27.232195 0.140000
v 20.352709 27.232195 0.200000
v 20.279999 27.217731 0.140000
v 20.279999 27.217731 0.200000
v 20.207289 27.232195 0.140000
v 20.207289 27.232195 0.200000
v 20.145649 27.273382 0.140000
v 20.145649 27.273382 0.200000
v 20.104462 27.335022 0.140000
v 20.104462 27.335022 0.200000
v 20.089998 27.407732 0.140000
v 20.089998 27.407732 0.200000
v 20.104462 27.480442 0.140000
v 20.104462 27.480442 0.200000
v 20.145649 27.542082 0.140000
v 20.145649 27.542082 0.200000
v 20.207289 27.583269 0.140000
v 20.207289 27.583269 0.200000
v 23.499998 27.547733 0.260000
v 23.499998 27.547733 0.300000
v 23.569998 27.528978 0.260000
v 23.569998 27.528978 0.300000
v 23.621243 27.477734 0.260000
v 23.621243 27.477734 0.300000
v 23.639997 27.407734 0.260000
v 23.639997 27.407734 0.300000
v 23.621243 27.337734 0.260000
v 23.621243 27.337734 0.300000
v 23.569998 27.286489 0.260000
v 23.569998 27.286489 0.300000
v 23.499998 27.267735 0.260000
v 23.499998 27.267735 0.300000
v 23.429998 27.286489 0.260000
v 23.429998 27.286489 0.300000
v 23.378754 27.337734 0.260000
v 23.378754 27.337734 0.300000
v 23.359999 27.407734 0.260000
v 23.359999 27.407734 0.300000
v 23.378754 27.477734 0.260000
v 23.378754 27.477734 0.300000
v 23.429998 27.528978 0.260000
v 23.429998 27.528978 0.300000
v 23.779999 27.667734 0.500000
v 23.779999 27.667734 0.540000
v 23.839998 27.651657 0.500000
v 23.839998 27.651657 0.540000
v 23.883923 27.607733 0.500000
v 23.883923 27.607733 0.540000
v 23.900000 27.547733 0.500000
v 23.900000 27.547733 0.540000
v 23.883923 27.487734 0.500000
v 23.883923 27.487734 0.540000
v 23.839998 27.443810 0.500000
v 23.839998 27.443810 0.540000
v 23.779999 27.427732 0.500000
v 23.779999 27.427732 0.540000
v 23.719999 27.443810 0.500000
v 23.719999 27.443810 0.540000
v 23.676075 27.487734 0.500000
v 23.676075 27.487734 0.540000
v 23.659998 27.547733 0.500000
v 23.659998 27.547733 0.540000
v 23.676075 27.607733 0.500000
v 23.676075 27.607733 0.540000
v 23.719999 27.651657 0.500000
v 23.719999 27.651657 0.540000
v 24.279999 27.597734 0.140000
v 24.279999 27.597734 0.200000
v 24.352709 27.583271 0.140000
v 24.352709 27.583271 0.200000
v 24.414349 27.542084 0.140000
v 24.414349 27.542084 0.200000
v 24.455536 27.480444 0.140000
v 24.455536 27.480444 0.200000
v 24.469999 27.407734 0.140000
v 24.469999 27.407734 0.200000
v 24.455536 27.335024 0.140000
v 24.455536 27.335024 0.200000
v 24.414349 27.273384 0.140000
v 24.414349 27.273384 0.200000
v 24.352709 27.232197 0.140000
v 24.352709 27.232197 0.200000
v 24.279999 27.217733 0.140000
v 24.279999 27.217733 0.200000
v 24.207289 27.232197 0.140000
v 24.207289 27.232197 0.200000
v 24.145649 27.273384 0.140000
v 24.145649 27.273384 0.200000
v 24.104462 27.335024 0.140000
v 24.104462 27.335024 0.200000
v 24.089998 27.407734 0.140000
v 24.089998 27.407734 0.200000
v 24.104462 27.480444 0.140000
v 24.104462 27.480444 0.200000
v 24.145649 27.542084 0.140000
v 24.145649 27.542084 0.200000
v 24.207289 27.583271 0.140000
v 24.207289 27.583271 0.200000
v 24.279999 27.597734 0.640000
v 24.279999 27.597734 0.700000
v 24.352709 27.583271 0.640000
v 24.352709 27.583271 0.700000
v 24.414349 27.542084 0.640000
v 24.414349 27.542084 0.700000
v 24.455536 27.480444 0.640000
v 24.455536 27.480444 0.700000
v 24.469999 27.407734 0.640000
v 24.469999 27.407734 0.700000
v 24.455536 27.335024 0.640000
v 24.455536 27.335024 0.700000
v 24.414349 27.273384 0.640000
v 24.414349 27.273384 0.700000
v 24.352709 27.232197 0.640000
v 24.352709 27.232197 0.700000
v 24.279999 27.217733 0.640000
v 24.279999 27.217733 0.700000
v 24.207289 27.232197 0.640000
v 24.207289 27.232197 0.700000
v 24.145649 27.273384 0.640000
v 24.145649 27.273384 0.700000
v 24.104462 27.335024 0.640000
v 24.104462 27.335024 0.700000
v 24.089998 27.407734 0.640000
v 24.089998 27.407734 0.700000
v 24.104462 27.480444 0.640000
v 24.104462 27.480444 0.700000
v 24.145649 27.542084 0.640000
v 24.145649 27.542084 0.700000
v 24.207289 27.583271 0.640000
v 24.207289 27.583271 0.700000
v 15.509996 23.900002 0.279997
v 15.229996 23.900002 0.279997
v 15.509996 23.913399 0.229998
v 15.229996 23.913399 0.229998
v 15.509996 23.950003 0.193395
v 15.229996 23.950003 0.193395
v 15.509996 24.000002 0.179998
v 15.229996 24.000002 0.179998
v 15.509996 24.050001 0.193395
v 15.229996 24.050001 0.193395
v 15.509996 24.086605 0.229997
v 15.229996 24.086605 0.229997
v 15.509996 24.100002 0.279997
v 15.229996 24.100002 0.279997
v 15.509996 24.086605 0.329998
v 15.229996 24.086605 0.329998
v 15.509996 24.050001 0.366600
v 15.229996 24.050001 0.366600
v 15.509996 24.000002 0.379997
v 15.229996 24.000002 0.379997
v 15.509996 23.950003 0.366600
v 15.229996 23.950003 0.366600
v 15.509996 23.913399 0.329998
v 15.229996 23.913399 0.329998
v 15.779999 24.260000 0.500000
v 15.779999 24.260000 0.540000
v 15.839999 24.243923 0.500000
v 15.839999 24.243923 0.540000
v 15.883922 24.199999 0.500000
v 15.883922 24.199999 0.540000
v 15.899999 24.139999 0.500000
v 15.899999 24.139999 0.540000
v 15.883922 24.080000 0.500000
v 15.883922 24.080000 0.540000
v 15.839999 24.036076 0.500000
v 15.839999 24.036076 0.540000
v 15.779999 24.019999 0.500000
v 15.779999 24.019999 0.540000
v 15.719998 24.036076 0.500000
v 15.719998 24.036076 0.540000
v 15.676076 24.080000 0.500000
v 15.676076 24.080000 0.540000
v 15.659999 24.139999 0.500000
v 15.659999 24.139999 0.540000
v 15.676076 24.199999 0.500000
v 15.676076 24.199999 0.540000
v 15.719998 24.243923 0.500000
v 15.719998 24.243923 0.540000
v 16.279999 24.190001 0.140000
v 16.279999 24.190001 0.200000
v 16.352709 24.175537 0.140000
v 16.352709 24.175537 0.200000
v 16.414349 24.134350 0.140000
v 16.414349 24.134350 0.200000
v 16.455536 24.072710 0.140000
v 16.455536 24.072710 0.200000
v 16.469999 24.000000 0.140000
v 16.469999 24.000000 0.200000
v 16.455536 23.927290 0.140000
v 16.455536 23.927290 0.200000
v 16.414349 23.865650 0.140000
v 16.414349 23.865650 0.200000
v 16.352709 23.824463 0.140000
v 16.352709 23.824463 0.200000
v 16.279999 23.809999 0.140000
v 16.279999 23.809999 0.200000
v 16.207289 23.824463 0.140000
v 16.207289 23.824463 0.200000
v 16.145649 23.865650 0.140000
v 16.145649 23.865650 0.200000
v 16.104462 23.927290 0.140000
v 16.104462 23.927290 0.200000
v 16.089998 24.000000 0.140000
v 16.089998 24.000000 0.200000
v 16.104462 24.072710 0.140000
v 16.104462 24.072710 0.200000
v 16.145649 24.134350 0.140000
v 16.145649 24.134350 0.200000
v 16.207289 24.175537 0.140000
v 16.207289 24.175537 0.200000
v 19.499998 24.139999 0.260000
v 19.499998 24.139999 0.300000
v 19.569998 24.121244 0.260000
v 19.569998 24.121244 0.300000
v 19.621243 24.070000 0.260000
v 19.621243 24.070000 0.300000
v 19.639997 24.000000 0.260000
v 19.639997 24.000000 0.300000
v 19.621243 23.930000 0.260000
v 19.621243 23.930000 0.300000
v 19.569998 23.878756 0.260000
v 19.569998 23.878756 0.300000
v 19.499998 23.860001 0.260000
v 19.499998 23.860001 0.300000
v 19.429998 23.878756 0.260000
v 19.429998 23.878756 0.300000
v 19.378754 23.930000 0.260000
v 19.378754 23.930000 0.300000
v 19.359999 24.000000 0.260000
v 19.359999 24.000000 0.300000
v 19.378754 24.070000 0.260000
v 19.378754 24.070000 0.300000
v 19.429998 24.121244 0.260000
v 19.429998 24.121244 0.300000
v 19.509996 23.900003 0.279997
v 19.229998 23.900003 0.279997
v 19.509996 23.913401 0.229997
v 19.229998 23.913401 0.229997
v 19.509996 23.950005 0.193395
v 19.229998 23.950005 0.193395
v 19.509996 24.000004 0.179997
v 19.229998 24.000004 0.179997
v 19.509996 24.050003 0.193395
v 19.229998 24.050003 0.193395
v 19.509996 24.086607 0.229997
v 19.229998 24.086607 0.229997
v 19.509996 24.100004 0.279997
v 19.229998 24.100004 0.279997
v 19.509996 24.086607 0.329997
v 19.229998 24.086607 0.329997
v 19.509996 24.050003 0.366600
v 19.229998 24.050003 0.366600
v 19.509996 24.000004 0.379997
v 19.229998 24.000004 0.379997
v 19.509996 23.950005 0.366600
v 19.229998 23.950005 0.366600
v 19.509996 23.913401 0.329997
v 19.229998 23.913401 0.329997
v 19.779999 24.260000 0.500000
v 19.779999 24.260000 0.540000
v 19.839998 24.243923 0.500000
v 19.839998 24.243923 0.540000
v 19.883923 24.199999 0.500000
v 19.883923 24.199999 0.540000
v 19.900000 24.139999 0.500000
v 19.900000 24.139999 0.540000
v 19.883923 24.080000 0.500000
v 19.883923 24.080000 0.540000
v 19.839998 24.036076 0.500000
v 19.839998 24.036076 0.540000
v 19.779999 24.019999 0.500000
v 19.779999 24.019999 0.540000
v 19.719999 24.036076 0.500000
v 19.719999 24.036076 0.540000
v 19.676075 24.080000 0.500000
v 19.676075 24.080000 0.540000
v 19.659998 24.139999 0.500000
v 19.659998 24.139999 0.540000
v 19.676075 24.199999 0.500000
v 19.676075 24.199999 0.540000
v 19.719999 24.243923 0.500000
v 19.719999 24.243923 0.540000
v 20.279999 24.190001 0.140000
v 20.279999 24.190001 0.200000
v 20.352709 24.175537 0.140000
v 20.352709 24.175537 0.200000
v 20.414349 24.134350 0.140000
v 20.414349 24.134350 0.200000
v 20.455536 24.072710 0.140000
v 20.455536 24.072710 0.200000
v 20.469999 24.000000 0.140000
v 20.469999 24.000000 0.200000
v 20.455536 23.927290 0.140000
v 20.455536 23.927290 0.200000
v 20.414349 23.865650 0.140000
v 20.414349 23.865650 0.200000
v 20.352709 23.824463 0.140000
v 20.352709 23.824463 0.200000
v 20.279999 23.809999 0.140000
v 20.279999 23.809999 0.200000
v 20.207289 23.824463 0.140000
v 20.207289 23.824463 0.200000
v 20.145649 23.865650 0.140000
v 20.145649 23.865650 0.200000
v 20.104462 23.927290 0.140000
v 20.104462 23.927290 0.200000
v 20.089998 24.000000 0.140000
v 20.089998 24.000000 0.200000
v 20.104462 24.072710 0.140000
v 20.104462 24.072710 0.200000
v 20.145649 24.134350 0.140000
v 20.145649 24.134350 0.200000
v 20.207289 24.175537 0.140000
v 20.207289 24.175537 0.200000
v 24.279999 24.190002 0.140000
v 24.279999 24.190002 0.200000
v 24.352709 24.175539 0.140000
v 24.352709 24.175539 0.200000
v 24.414349 24.134352 0.140000
v 24.414349 24.134352 0.200000
v 24.455536 24.072712 0.140000
v 24.455536 24.072712 0.200000
v 24.469999 24.000002 0.140000
v 24.469999 24.000002 0.200000
v 24.455536 23.927292 0.140000
v 24.455536 23.927292 0.200000
v 24.414349 23.865652 0.140000
v 24.414349 23.865652 0.200000
v 24.352709 23.824465 0.140000
v 24.352709 23.824465 0.200000
v 24.279999 23.810001 0.140000
v 24.279999 23.810001 0.200000
v 24.207289 23.824465 0.140000
v 24.207289 23.824465 0.200000
v 24.145649 23.865652 0.140000
v 24.145649 23.865652 0.200000
v 24.104462 23.927292 0.140000
v 24.104462 23.927292 0.200000
v 24.089998 24.000002 0.140000
v 24.089998 24.000002 0.200000
v 24.104462 24.072712 0.140000
v 24.104462 24.072712 0.200000
v 24.145649 24.134352 0.140000
v 24.145649 24.134352 0.200000
v 24.207289 24.175539 0.140000
v 24.207289 24.175539 0.200000
v 24.279999 24.190002 0.640000
v 24.279999 24.190002 0.700000
v 24.352709 24.175539 0.640000
v 24.352709 24.175539 0.700000
v 24.414349 24.134352 0.640000
v 24.414349 24.134352 0.700000
v 24.455536 24.072712 0.640000
v 24.455536 24.072712 0.700000
v 24.469999 24.000002 0.640000
v 24.469999 24.000002 0.700000
v 24.455536 23.927292 0.640000
v 24.455536 23.927292 0.700000
v 24.414349 23.865652 0.640000
v 24.414349 23.865652 0.700000
v 24.352709 23.824465 0.640000
v 24.352709 23.824465 0.700000
v 24.279999 23.810001 0.640000
v 24.279999 23.810001 0.700000
v 24.207289 23.824465 0.640000
v 24.207289 23.824465 0.700000
v 24.145649 23.865652 0.640000
v 24.145649 23.865652 0.700000
v 24.104462 23.927292 0.640000
v 24.104462 23.927292 0.700000
v 24.089998 24.000002 0.640000
v 24.089998 24.000002 0.700000
v 24.104462 24.072712 0.640000
v 24.104462 24.072712 0.700000
v 24.145649 24.134352 0.640000
v 24.145649 24.134352 0.700000
v 24.207289 24.175539 0.640000
v 24.207289 24.175539 0.700000
v 15.889998 27.217731 0.120000
v 15.889998 27.217731 0.440000
v 15.889998 27.597733 0.120000
v 15.889998 27.597733 0.440000
v 16.110001 27.217731 0.120000
v 16.110001 27.217731 0.440000
v 16.109999 27.597733 0.120000
v 16.109999 27.597733 0.440000
v 20.199999 27.557732 0.350000
v 20.199999 27.557732 0.490000
v 20.199999 27.637733 0.350000
v 20.199999 27.637733 0.490000
v 20.359999 27.557732 0.350000
v 20.359999 27.557732 0.490000
v 20.359999 27.637733 0.350000
v 20.359999 27.637733 0.490000
v 23.889997 27.217733 0.120000
v 23.889997 27.217733 0.440000
v 23.889997 27.597734 0.120000
v 23.889997 27.597734 0.440000
v 24.109999 27.217733 0.120000
v 24.109999 27.217733 0.440000
v 24.109999 27.597734 0.120000
v 24.109999 27.597734 0.440000
v 24.199999 27.557734 0.350000
v 24.199999 27.557734 0.490000
v 24.199999 27.637735 0.350000
v 24.199999 27.637735 0.490000
v 24.359999 27.557734 0.350000
v 24.359999 27.557734 0.490000
v 24.359999 27.637735 0.350000
v 24.359999 27.637735 0.490000
v 15.889998 23.809999 0.120000
v 15.889998 23.809999 0.440000
v 15.889998 24.190001 0.120000
v 15.889998 24.190001 0.440000
v 16.110001 23.809999 0.120000
v 16.110001 23.809999 0.440000
v 16.109999 24.190001 0.120000
v 16.109999 24.190001 0.440000
v 24.199999 24.150002 0.350000
v 24.199999 24.150002 0.490000
v 24.199999 24.230003 0.350000
v 24.199999 24.230003 0.490000
v 24.359999 24.150002 0.350000
v 24.359999 24.150002 0.490000
v 24.359999 24.230003 0.350000
v 24.359999 24.230003 0.490000
v 15.779999 27.587732 0.420000
v 15.779999 27.587732 0.540000
v 15.848882 27.574030 0.420000
v 15.848882 27.574030 0.540000
v 15.907278 27.535011 0.420000
v 15.907278 27.535011 0.540000
v 15.946297 27.476616 0.420000
v 15.946297 27.476616 0.540000
v 15.959999 27.407732 0.420000
v 15.959999 27.407732 0.540000
v 15.946297 27.338848 0.420000
v 15.946297 27.338848 0.540000
v 15.907278 27.280453 0.420000
v 15.907278 27.280453 0.540000
v 15.848882 27.241434 0.420000
v 15.848882 27.241434 0.540000
v 15.779999 27.227732 0.420000
v 15.779999 27.227732 0.540000
v 15.711116 27.241434 0.420000
v 15.711116 27.241434 0.540000
v 15.652719 27.280453 0.420000
v 15.652719 27.280453 0.540000
v 15.613701 27.338848 0.420000
v 15.613701 27.338848 0.540000
v 15.599998 27.407732 0.420000
v 15.599998 27.407732 0.540000
v 15.613701 27.476616 0.420000
v 15.613701 27.476616 0.540000
v 15.652719 27.535011 0.420000
v 15.652719 27.535011 0.540000
v 15.711116 27.574030 0.420000
v 15.711116 27.574030 0.540000
v 16.279999 27.587732 0.140000
v 16.279999 27.587732 0.640000
v 16.335623 27.578922 0.140000
v 16.335623 27.578922 0.640000
v 16.385799 27.553354 0.140000
v 16.385799 27.553354 0.640000
v 16.425621 27.513533 0.140000
v 16.425621 27.513533 0.640000
v 16.451189 27.463356 0.140000
v 16.451189 27.463356 0.640000
v 16.459999 27.407732 0.140000
v 16.459999 27.407732 0.640000
v 16.451189 27.352108 0.140000
v 16.451189 27.352108 0.640000
v 16.425621 27.301931 0.140000
v 16.425621 27.301931 0.640000
v 16.385799 27.262110 0.140000
v 16.385799 27.262110 0.640000
v 16.335623 27.236542 0.140000
v 16.335623 27.236542 0.640000
v 16.279999 27.227732 0.140000
v 16.279999 27.227732 0.640000
v 16.224375 27.236542 0.140000
v 16.224375 27.236542 0.640000
v 16.174198 27.262110 0.140000
v 16.174198 27.262110 0.640000
v 16.134377 27.301931 0.140000
v 16.134377 27.301931 0.640000
v 16.108809 27.352108 0.140000
v 16.108809 27.352108 0.640000
v 16.099998 27.407732 0.140000
v 16.099998 27.407732 0.640000
v 16.108809 27.463356 0.140000
v 16.108809 27.463356 0.640000
v 16.134377 27.513533 0.140000
v 16.134377 27.513533 0.640000
v 16.174198 27.553354 0.140000
v 16.174198 27.553354 0.640000
v 16.224375 27.578922 0.140000
v 16.224375 27.578922 0.640000
v 16.279999 27.597733 0.640000
v 16.279999 27.597733 0.700000
v 16.352709 27.583269 0.640000
v 16.352709 27.583269 0.700000
v 16.414349 27.542082 0.640000
v 16.414349 27.542082 0.700000
v 16.455536 27.480442 0.640000
v 16.455536 27.480442 0.700000
v 16.469999 27.407732 0.640000
v 16.469999 27.407732 0.700000
v 16.455536 27.335022 0.640000
v 16.455536 27.335022 0.700000
v 16.414349 27.273382 0.640000
v 16.414349 27.273382 0.700000
v 16.352709 27.232195 0.640000
v 16.352709 27.232195 0.700000
v 16.279999 27.217731 0.640000
v 16.279999 27.217731 0.700000
v 16.207289 27.232195 0.640000
v 16.207289 27.232195 0.700000
v 16.145649 27.273382 0.640000
v 16.145649 27.273382 0.700000
v 16.104462 27.335022 0.640000
v 16.104462 27.335022 0.700000
v 16.089998 27.407732 0.640000
v 16.089998 27.407732 0.700000
v 16.104462 27.480442 0.640000
v 16.104462 27.480442 0.700000
v 16.145649 27.542082 0.640000
v 16.145649 27.542082 0.700000
v 16.207289 27.583269 0.640000
v 16.207289 27.583269 0.700000
v 19.779999 27.587732 0.420000
v 19.779999 27.587732 0.540000
v 19.848883 27.574030 0.420000
v 19.848883 27.574030 0.540000
v 19.907278 27.535011 0.420000
v 19.907278 27.535011 0.540000
v 19.946297 27.476616 0.420000
v 19.946297 27.476616 0.540000
v 19.959999 27.407732 0.420000
v 19.959999 27.407732 0.540000
v 19.946297 27.338848 0.420000
v 19.946297 27.338848 0.540000
v 19.907278 27.280453 0.420000
v 19.907278 27.280453 0.540000
v 19.848883 27.241434 0.420000
v 19.848883 27.241434 0.540000
v 19.779999 27.227732 0.420000
v 19.779999 27.227732 0.540000
v 19.711115 27.241434 0.420000
v 19.711115 27.241434 0.540000
v 19.652719 27.280453 0.420000
v 19.652719 27.280453 0.540000
v 19.613701 27.338848 0.420000
v 19.613701 27.338848 0.540000
v 19.599998 27.407732 0.420000
v 19.599998 27.407732 0.540000
v 19.613701 27.476616 0.420000
v 19.613701 27.476616 0.540000
v 19.652719 27.535011 0.420000
v 19.652719 27.535011 0.540000
v 19.711115 27.574030 0.420000
v 19.711115 27.574030 0.540000
v 20.279999 27.587732 0.140000
v 20.279999 27.587732 0.640000
v 20.335623 27.578922 0.140000
v 20.335623 27.578922 0.640000
v 20.385799 27.553354 0.140000
v 20.385799 27.553354 0.640000
v 20.425621 27.513533 0.140000
v 20.425621 27.513533 0.640000
v 20.451189 27.463356 0.140000
v 20.451189 27.463356 0.640000
v 20.459999 27.407732 0.140000
v 20.459999 27.407732 0.640000
v 20.451189 27.352108 0.140000
v 20.451189 27.352108 0.640000
v 20.425621 27.301931 0.140000
v 20.425621 27.301931 0.640000
v 20.385799 27.262110 0.140000
v 20.385799 27.262110 0.640000
v 20.335623 27.236542 0.140000
v 20.335623 27.236542 0.640000
v 20.279999 27.227732 0.140000
v 20.279999 27.227732 0.640000
v 20.224375 27.236542 0.140000
v 20.224375 27.236542 0.640000
v 20.174198 27.262110 0.140000
v 20.174198 27.262110 0.640000
v 20.134377 27.301931 0.140000
v 20.134377 27.301931 0.640000
v 20.108809 27.352108 0.140000
v 20.108809 27.352108 0.640000
v 20.099998 27.407732 0.140000
v 20.099998 27.407732 0.640000
v 20.108809 27.463356 0.140000
v 20.108809 27.463356 0.640000
v 20.134377 27.513533 0.140000
v 20.134377 27.513533 0.640000
v 20.174198 27.553354 0.140000
v 20.174198 27.553354 0.640000
v 20.224375 27.578922 0.140000
v 20.224375 27.578922 0.640000
v 20.279999 27.597733 0.640000
v 20.279999 27.597733 0.700000
v 20.352709 27.583269 0.640000
v 20.352709 27.583269 0.700000
v 20.414349 27.542082 0.640000
v 20.414349 27.542082 0.700000
v 20.455536 27.480442 0.640000
v 20.455536 27.480442 0.700000
v 20.469999 27.407732 0.640000
v 20.469999 27.407732 0.700000
v 20.455536 27.335022 0.640000
v 20.455536 27.335022 0.700000
v 20.414349 27.273382 0.640000
v 20.414349 27.273382 0.700000
v 20.352709 27.232195 0.640000
v 20.352709 27.232195 0.700000
v 20.279999 27.217731 0.640000
v 20.279999 27.217731 0.700000
v 20.207289 27.232195 0.640000
v 20.207289 27.232195 0.700000
v 20.145649 27.273382 0.640000
v 20.145649 27.273382 0.700000
v 20.104462 27.335022 0.640000
v 20.104462 27.335022 0.700000
v 20.089998 27.407732 0.640000
v 20.089998 27.407732 0.700000
v 20.104462 27.480442 0.640000
v 20.104462 27.480442 0.700000
v 20.145649 27.542082 0.640000
v 20.145649 27.542082 0.700000
v 20.207289 27.583269 0.640000
v 20.207289 27.583269 0.700000
v 23.779999 27.587734 0.420000
v 23.779999 27.587734 0.540000
v 23.848883 27.574032 0.420000
v 23.848883 27.574032 0.540000
v 23.907278 27.535013 0.420000
v 23.907278 27.535013 0.540000
v 23.946297 27.476618 0.420000
v 23.946297 27.476618 0.540000
v 23.959999 27.407734 0.420000
v 23.959999 27.407734 0.540000
v 23.946297 27.338850 0.420000
v 23.946297 27.338850 0.540000
v 23.907278 27.280455 0.420000
v 23.907278 27.280455 0.540000
v 23.848883 27.241436 0.420000
v 23.848883 27.241436 0.540000
v 23.779999 27.227734 0.420000
v 23.779999 27.227734 0.540000
v 23.711115 27.241436 0.420000
v 23.711115 27.241436 0.540000
v 23.652719 27.280455 0.420000
v 23.652719 27.280455 0.540000
v 23.613701 27.338850 0.420000
v 23.613701 27.338850 0.540000
v 23.599998 27.407734 0.420000
v 23.599998 27.407734 0.540000
v 23.613701 27.476618 0.420000
v 23.613701 27.476618 0.540000
v 23.652719 27.535013 0.420000
v 23.652719 27.535013 0.540000
v 23.711115 27.574032 0.420000
v 23.711115 27.574032 0.540000
v 23.779999 27.627733 0.440000
v 23.779999 27.627733 1.800000
v 23.820000 27.617016 0.440000
v 23.820000 27.617016 1.800000
v 23.849281 27.587734 0.440000
v 23.849281 27.587734 1.800000
v 23.859999 27.547733 0.440000
v 23.859999 27.547733 1.800000
v 23.849281 27.507732 0.440000
v 23.849281 27.507732 1.800000
v 23.820000 27.478451 0.440000
v 23.820000 27.478451 1.800000
v 23.779999 27.467733 0.440000
v 23.779999 27.467733 1.800000
v 23.739998 27.478451 0.440000
v 23.739998 27.478451 1.800000
v 23.710716 27.507732 0.440000
v 23.710716 27.507732 1.800000
v 23.699999 27.547733 0.440000
v 23.699999 27.547733 1.800000
v 23.710716 27.587734 0.440000
v 23.710716 27.587734 1.800000
v 23.739998 27.617016 0.440000
v 23.739998 27.617016 1.800000
v 24.279999 27.587734 0.140000
v 24.279999 27.587734 0.640000
v 24.335623 27.578924 0.140000
v 24.335623 27.578924 0.640000
v 24.385799 27.553356 0.140000
v 24.385799 27.553356 0.640000
v 24.425621 27.513535 0.140000
v 24.425621 27.513535 0.640000
v 24.451189 27.463358 0.140000
v 24.451189 27.463358 0.640000
v 24.459999 27.407734 0.140000
v 24.459999 27.407734 0.640000
v 24.451189 27.352110 0.140000
v 24.451189 27.352110 0.640000
v 24.425621 27.301933 0.140000
v 24.425621 27.301933 0.640000
v 24.385799 27.262112 0.140000
v 24.385799 27.262112 0.640000
v 24.335623 27.236544 0.140000
v 24.335623 27.236544 0.640000
v 24.279999 27.227734 0.140000
v 24.279999 27.227734 0.640000
v 24.224375 27.236544 0.140000
v 24.224375 27.236544 0.640000
v 24.174198 27.262112 0.140000
v 24.174198 27.262112 0.640000
v 24.134377 27.301933 0.140000
v 24.134377 27.301933 0.640000
v 24.108809 27.352110 0.140000
v 24.108809 27.352110 0.640000
v 24.099998 27.407734 0.140000
v 24.099998 27.407734 0.640000
v 24.108809 27.463358 0.140000
v 24.108809 27.463358 0.640000
v 24.134377 27.513535 0.140000
v 24.134377 27.513535 0.640000
v 24.174198 27.553356 0.140000
v 24.174198 27.553356 0.640000
v 24.224375 27.578924 0.140000
v 24.224375 27.578924 0.640000
v 15.779999 24.180000 0.420000
v 15.779999 24.180000 0.540000
v 15.848882 24.166298 0.420000
v 15.848882 24.166298 0.540000
v 15.907278 24.127279 0.420000
v 15.907278 24.127279 0.540000
v 15.946297 24.068884 0.420000
v 15.946297 24.068884 0.540000
v 15.959999 24.000000 0.420000
v 15.959999 24.000000 0.540000
v 15.946297 23.931116 0.420000
v 15.946297 23.931116 0.540000
v 15.907278 23.872721 0.420000
v 15.907278 23.872721 0.540000
v 15.848882 23.833702 0.420000
v 15.848882 23.833702 0.540000
v 15.779999 23.820000 0.420000
v 15.779999 23.820000 0.540000
v 15.711116 23.833702 0.420000
v 15.711116 23.833702 0.540000
v 15.652719 23.872721 0.420000
v 15.652719 23.872721 0.540000
v 15.613701 23.931116 0.420000
v 15.613701 23.931116 0.540000
v 15.599998 24.000000 0.420000
v 15.599998 24.000000 0.540000
v 15.613701 24.068884 0.420000
v 15.613701 24.068884 0.540000
v 15.652719 24.127279 0.420000
v 15.652719 24.127279 0.540000
v 15.711116 24.166298 0.420000
v 15.711116 24.166298 0.540000
v 15.499999 24.139999 0.260000
v 15.499999 24.139999 0.300000
v 15.569999 24.121244 0.260000
v 15.569999 24.121244 0.300000
v 15.621243 24.070000 0.260000
v 15.621243 24.070000 0.300000
v 15.639999 24.000000 0.260000
v 15.639999 24.000000 0.300000
v 15.621243 23.930000 0.260000
v 15.621243 23.930000 0.300000
v 15.569999 23.878756 0.260000
v 15.569999 23.878756 0.300000
v 15.499999 23.860001 0.260000
v 15.499999 23.860001 0.300000
v 15.429999 23.878756 0.260000
v 15.429999 23.878756 0.300000
v 15.378756 23.930000 0.260000
v 15.378756 23.930000 0.300000
v 15.359999 24.000000 0.260000
v 15.359999 24.000000 0.300000
v 15.378756 24.070000 0.260000
v 15.378756 24.070000 0.300000
v 15.429999 24.121244 0.260000
v 15.429999 24.121244 0.300000
v 15.779999 24.219999 0.440000
v 15.779999 24.219999 1.800000
v 15.819999 24.209282 0.440000
v 15.819999 24.209282 1.800000
v 15.849280 24.180000 0.440000
v 15.849280 24.180000 1.800000
v 15.859999 24.139999 0.440000
v 15.859999 24.139999 1.800000
v 15.849280 24.099998 0.440000
v 15.849280 24.099998 1.800000
v 15.819999 24.070717 0.440000
v 15.819999 24.070717 1.800000
v 15.779999 24.059999 0.440000
v 15.779999 24.059999 1.800000
v 15.739999 24.070717 0.440000
v 15.739999 24.070717 1.800000
v 15.710717 24.099998 0.440000
v 15.710717 24.099998 1.800000
v 15.699999 24.139999 0.440000
v 15.699999 24.139999 1.800000
v 15.710717 24.180000 0.440000
v 15.710717 24.180000 1.800000
v 15.739999 24.209282 0.440000
v 15.739999 24.209282 1.800000
v 16.279999 24.180000 0.140000
v 16.279999 24.180000 0.640000
v 16.335623 24.171190 0.140000
v 16.335623 24.171190 0.640000
v 16.385799 24.145622 0.140000
v 16.385799 24.145622 0.640000
v 16.425621 24.105801 0.140000
v 16.425621 24.105801 0.640000
v 16.451189 24.055624 0.140000
v 16.451189 24.055624 0.640000
v 16.459999 24.000000 0.140000
v 16.459999 24.000000 0.640000
v 16.451189 23.944376 0.140000
v 16.451189 23.944376 0.640000
v 16.425621 23.894199 0.140000
v 16.425621 23.894199 0.640000
v 16.385799 23.854378 0.140000
v 16.385799 23.854378 0.640000
v 16.335623 23.828810 0.140000
v 16.335623 23.828810 0.640000
v 16.279999 23.820000 0.140000
v 16.279999 23.820000 0.640000
v 16.224375 23.828810 0.140000
v 16.224375 23.828810 0.640000
v 16.174198 23.854378 0.140000
v 16.174198 23.854378 0.640000
v 16.134377 23.894199 0.140000
v 16.134377 23.894199 0.640000
v 16.108809 23.944376 0.140000
v 16.108809 23.944376 0.640000
v 16.099998 24.000000 0.140000
v 16.099998 24.000000 0.640000
v 16.108809 24.055624 0.140000
v 16.108809 24.055624 0.640000
v 16.134377 24.105801 0.140000
v 16.134377 24.105801 0.640000
v 16.174198 24.145622 0.140000
v 16.174198 24.145622 0.640000
v 16.224375 24.171190 0.140000
v 16.224375 24.171190 0.640000
v 16.279999 24.190001 0.640000
v 16.279999 24.190001 0.700000
v 16.352709 24.175537 0.640000
v 16.352709 24.175537 0.700000
v 16.414349 24.134350 0.640000
v 16.414349 24.134350 0.700000
v 16.455536 24.072710 0.640000
v 16.455536 24.072710 0.700000
v 16.469999 24.000000 0.640000
v 16.469999 24.000000 0.700000
v 16.455536 23.927290 0.640000
v 16.455536 23.927290 0.700000
v 16.414349 23.865650 0.640000
v 16.414349 23.865650 0.700000
v 16.352709 23.824463 0.640000
v 16.352709 23.824463 0.700000
v 16.279999 23.809999 0.640000
v 16.279999 23.809999 0.700000
v 16.207289 23.824463 0.640000
v 16.207289 23.824463 0.700000
v 16.145649 23.865650 0.640000
v 16.145649 23.865650 0.700000
v 16.104462 23.927290 0.640000
v 16.104462 23.927290 0.700000
v 16.089998 24.000000 0.640000
v 16.089998 24.000000 0.700000
v 16.104462 24.072710 0.640000
v 16.104462 24.072710 0.700000
v 16.145649 24.134350 0.640000
v 16.145649 24.134350 0.700000
v 16.207289 24.175537 0.640000
v 16.207289 24.175537 0.700000
v 19.779999 24.180000 0.420000
v 19.779999 24.180000 0.540000
v 19.848883 24.166298 0.420000
v 19.848883 24.166298 0.540000
v 19.907278 24.127279 0.420000
v 19.907278 24.127279 0.540000
v 19.946297 24.068884 0.420000
v 19.946297 24.068884 0.540000
v 19.959999 24.000000 0.420000
v 19.959999 24.000000 0.540000
v 19.946297 23.931116 0.420000
v 19.946297 23.931116 0.540000
v 19.907278 23.872721 0.420000
v 19.907278 23.872721 0.540000
v 19.848883 23.833702 0.420000
v 19.848883 23.833702 0.540000
v 19.779999 23.820000 0.420000
v 19.779999 23.820000 0.540000
v 19.711115 23.833702 0.420000
v 19.711115 23.833702 0.540000
v 19.652719 23.872721 0.420000
v 19.652719 23.872721 0.540000
v 19.613701 23.931116 0.420000
v 19.613701 23.931116 0.540000
v 19.599998 24.000000 0.420000
v 19.599998 24.000000 0.540000
v 19.613701 24.068884 0.420000
v 19.613701 24.068884 0.540000
v 19.652719 24.127279 0.420000
v 19.652719 24.127279 0.540000
v 19.711115 24.166298 0.420000
v 19.711115 24.166298 0.540000
v 19.779999 24.219999 0.440000
v 19.779999 24.219999 1.800000
v 19.820000 24.209282 0.440000
v 19.820000 24.209282 1.800000
v 19.849281 24.180000 0.440000
v 19.849281 24.180000 1.800000
v 19.859999 24.139999 0.440000
v 19.859999 24.139999 1.800000
v 19.849281 24.099998 0.440000
v 19.849281 24.099998 1.800000
v 19.820000 24.070717 0.440000
v 19.820000 24.070717 1.800000
v 19.779999 24.059999 0.440000
v 19.779999 24.059999 1.800000
v 19.739998 24.070717 0.440000
v 19.739998 24.070717 1.800000
v 19.710716 24.099998 0.440000
v 19.710716 24.099998 1.800000
v 19.699999 24.139999 0.440000
v 19.699999 24.139999 1.800000
v 19.710716 24.180000 0.440000
v 19.710716 24.180000 1.800000
v 19.739998 24.209282 0.440000
v 19.739998 24.209282 1.800000
v 20.279999 24.180000 0.140000
v 20.279999 24.180000 0.640000
v 20.335623 24.171190 0.140000
v 20.335623 24.171190 0.640000
v 20.385799 24.145622 0.140000
v 20.385799 24.145622 0.640000
v 20.425621 24.105801 0.140000
v 20.425621 24.105801 0.640000
v 20.451189 24.055624 0.140000
v 20.451189 24.055624 0.640000
v 20.459999 24.000000 0.140000
v 20.459999 24.000000 0.640000
v 20.451189 23.944376 0.140000
v 20.451189 23.944376 0.640000
v 20.425621 23.894199 0.140000
v 20.425621 23.894199 0.640000
v 20.385799 23.854378 0.140000
v 20.385799 23.854378 0.640000
v 20.335623 23.828810 0.140000
v 20.335623 23.828810 0.640000
v 20.279999 23.820000 0.140000
v 20.279999 23.820000 0.640000
v 20.224375 23.828810 0.140000
v 20.224375 23.828810 0.640000
v 20.174198 23.854378 0.140000
v 20.174198 23.854378 0.640000
v 20.134377 23.894199 0.140000
v 20.134377 23.894199 0.640000
v 20.108809 23.944376 0.140000
v 20.108809 23.944376 0.640000
v 20.099998 24.000000 0.140000
v 20.099998 24.000000 0.640000
v 20.108809 24.055624 0.140000
v 20.108809 24.055624 0.640000
v 20.134377 24.105801 0.140000
v 20.134377 24.105801 0.640000
v 20.174198 24.145622 0.140000
v 20.174198 24.145622 0.640000
v 20.224375 24.171190 0.140000
v 20.224375 24.171190 0.640000
v 20.279999 24.190001 0.640000
v 20.279999 24.190001 0.700000
v 20.352709 24.175537 0.640000
v 20.352709 24.175537 0.700000
v 20.414349 24.134350 0.640000
v 20.414349 24.134350 0.700000
v 20.455536 24.072710 0.640000
v 20.455536 24.072710 0.700000
v 20.469999 24.000000 0.640000
v 20.469999 24.000000 0.700000
v 20.455536 23.927290 0.640000
v 20.455536 23.927290 0.700000
v 20.414349 23.865650 0.640000
v 20.414349 23.865650 0.700000
v 20.352709 23.824463 0.640000
v 20.352709 23.824463 0.700000
v 20.279999 23.809999 0.640000
v 20.279999 23.809999 0.700000
v 20.207289 23.824463 0.640000
v 20.207289 23.824463 0.700000
v 20.145649 23.865650 0.640000
v 20.145649 23.865650 0.700000
v 20.104462 23.927290 0.640000
v 20.104462 23.927290 0.700000
v 20.089998 24.000000 0.640000
v 20.089998 24.000000 0.700000
v 20.104462 24.072710 0.640000
v 20.104462 24.072710 0.700000
v 20.145649 24.134350 0.640000
v 20.145649 24.134350 0.700000
v 20.207289 24.175537 0.640000
v 20.207289 24.175537 0.700000
v 23.779999 24.180002 0.420000
v 23.779999 24.180002 0.540000
v 23.848883 24.166300 0.420000
v 23.848883 24.166300 0.540000
v 23.907278 24.127281 0.420000
v 23.907278 24.127281 0.540000
v 23.946297 24.068886 0.420000
v 23.946297 24.068886 0.540000
v 23.959999 24.000002 0.420000
v 23.959999 24.000002 0.540000
v 23.946297 23.931118 0.420000
v 23.946297 23.931118 0.540000
v 23.907278 23.872723 0.420000
v 23.907278 23.872723 0.540000
v 23.848883 23.833704 0.420000
v 23.848883 23.833704 0.540000
v 23.779999 23.820002 0.420000
v 23.779999 23.820002 0.540000
v 23.711115 23.833704 0.420000
v 23.711115 23.833704 0.540000
v 23.652719 23.872723 0.420000
v 23.652719 23.872723 0.540000
v 23.613701 23.931118 0.420000
v 23.613701 23.931118 0.540000
v 23.599998 24.000002 0.420000
v 23.599998 24.000002 0.540000
v 23.613701 24.068886 0.420000
v 23.613701 24.068886 0.540000
v 23.652719 24.127281 0.420000
v 23.652719 24.127281 0.540000
v 23.711115 24.166300 0.420000
v 23.711115 24.166300 0.540000
v 23.499998 24.140001 0.260000
v 23.499998 24.140001 0.300000
v 23.569998 24.121246 0.260000
v 23.569998 24.121246 0.300000
v 23.621243 24.070002 0.260000
v 23.621243 24.070002 0.300000
v 23.639997 24.000002 0.260000
v 23.639997 24.000002 0.300000
v 23.621243 23.930002 0.260000
v 23.621243 23.930002 0.300000
v 23.569998 23.878757 0.260000
v 23.569998 23.878757 0.300000
v 23.499998 23.860003 0.260000
v 23.499998 23.860003 0.300000
v 23.429998 23.878757 0.260000
v 23.429998 23.878757 0.300000
v 23.378754 23.930002 0.260000
v 23.378754 23.930002 0.300000
v 23.359999 24.000002 0.260000
v 23.359999 24.000002 0.300000
v 23.378754 24.070002 0.260000
v 23.378754 24.070002 0.300000
v 23.429998 24.121246 0.260000
v 23.429998 24.121246 0.300000
v 23.509996 23.900003 0.279997
v 23.229998 23.900003 0.279997
v 23.509996 23.913401 0.229997
v 23.229998 23.913401 0.229997
v 23.509996 23.950005 0.193395
v 23.229998 23.950005 0.193395
v 23.509996 24.000004 0.179997
v 23.229998 24.000004 0.179997
v 23.509996 24.050003 0.193395
v 23.229998 24.050003 0.193395
v 23.509996 24.086607 0.229997
v 23.229998 24.086607 0.229997
v 23.509996 24.100004 0.279997
v 23.229998 24.100004 0.279997
v 23.509996 24.086607 0.329997
v 23.229998 24.086607 0.329997
v 23.509996 24.050003 0.366600
v 23.229998 24.050003 0.366600
v 23.509996 24.000004 0.379997
v 23.229998 24.000004 0.379997
v 23.509996 23.950005 0.366600
v 23.229998 23.950005 0.366600
v 23.509996 23.913401 0.329997
v 23.229998 23.913401 0.329997
v 23.779999 24.260002 0.500000
v 23.779999 24.260002 0.540000
v 23.839998 24.243925 0.500000
v 23.839998 24.243925 0.540000
v 23.883923 24.200001 0.500000
v 23.883923 24.200001 0.540000
v 23.900000 24.140001 0.500000
v 23.900000 24.140001 0.540000
v 23.883923 24.080002 0.500000
v 23.883923 24.080002 0.540000
v 23.839998 24.036077 0.500000
v 23.839998 24.036077 0.540000
v 23.779999 24.020000 0.500000
v 23.779999 24.020000 0.540000
v 23.719999 24.036077 0.500000
v 23.719999 24.036077 0.540000
v 23.676075 24.080002 0.500000
v 23.676075 24.080002 0.540000
v 23.659998 24.140001 0.500000
v 23.659998 24.140001 0.540000
v 23.676075 24.200001 0.500000
v 23.676075 24.200001 0.540000
v 23.719999 24.243925 0.500000
v 23.719999 24.243925 0.540000
v 23.779999 24.220001 0.440000
v 23.779999 24.220001 1.800000
v 23.820000 24.209284 0.440000
v 23.820000 24.209284 1.800000
v 23.849281 24.180002 0.440000
v 23.849281 24.180002 1.800000
v 23.859999 24.140001 0.440000
v 23.859999 24.140001 1.800000
v 23.849281 24.100000 0.440000
v 23.849281 24.100000 1.800000
v 23.820000 24.070719 0.440000
v 23.820000 24.070719 1.800000
v 23.779999 24.060001 0.440000
v 23.779999 24.060001 1.800000
v 23.739998 24.070719 0.440000
v 23.739998 24.070719 1.800000
v 23.710716 24.100000 0.440000
v 23.710716 24.100000 1.800000
v 23.699999 24.140001 0.440000
v 23.699999 24.140001 1.800000
v 23.710716 24.180002 0.440000
v 23.710716 24.180002 1.800000
v 23.739998 24.209284 0.440000
v 23.739998 24.209284 1.800000
v 24.279999 24.180002 0.140000
v 24.279999 24.180002 0.640000
v 24.335623 24.171192 0.140000
v 24.335623 24.171192 0.640000
v 24.385799 24.145624 0.140000
v 24.385799 24.145624 0.640000
v 24.425621 24.105803 0.140000
v 24.425621 24.105803 0.640000
v 24.451189 24.055626 0.140000
v 24.451189 24.055626 0.640000
v 24.459999 24.000002 0.140000
v 24.459999 24.000002 0.640000
v 24.451189 23.944378 0.140000
v 24.451189 23.944378 0.640000
v 24.425621 23.894201 0.140000
v 24.425621 23.894201 0.640000
v 24.385799 23.854380 0.140000
v 24.385799 23.854380 0.640000
v 24.335623 23.828812 0.140000
v 24.335623 23.828812 0.640000
v 24.279999 23.820002 0.140000
v 24.279999 23.820002 0.640000
v 24.224375 23.828812 0.140000
v 24.224375 23.828812 0.640000
v 24.174198 23.854380 0.140000
v 24.174198 23.854380 0.640000
v 24.134377 23.894201 0.140000
v 24.134377 23.894201 0.640000
v 24.108809 23.944378 0.140000
v 24.108809 23.944378 0.640000
v 24.099998 24.000002 0.140000
v 24.099998 24.000002 0.640000
v 24.108809 24.055626 0.140000
v 24.108809 24.055626 0.640000
v 24.134377 24.105803 0.140000
v 24.134377 24.105803 0.640000
v 24.174198 24.145624 0.140000
v 24.174198 24.145624 0.640000
v 24.224375 24.171192 0.140000
v 24.224375 24.171192 0.640000
v 1.924999 22.724998 0.000000
v 1.924999 22.724998 3.600000
v 1.924999 22.875000 0.000000
v 1.924999 22.875000 3.600000
v 2.074999 22.724998 0.000000
v 2.074999 22.724998 3.600000
v 2.074999 22.875000 0.000000
v 2.074999 22.875000 3.600000
v 1.939999 21.900000 2.220000
v 1.939999 21.900000 2.340000
v 1.939999 23.699999 2.220000
v 1.939999 23.699999 2.340000
v 2.059999 21.900000 2.220000
v 2.059999 21.900000 2.340000
v 2.059999 23.699999 2.220000
v 2.059999 23.699999 2.340000
v 1.939999 22.049999 3.520000
v 1.939999 22.049999 3.640000
v 1.939999 23.549999 3.520000
v 1.939999 23.549999 3.640000
v 2.059999 22.049999 3.520000
v 2.059999 22.049999 3.640000
v 2.059999 23.549999 3.520000
v 2.059999 23.549999 3.640000
v 5.924999 22.724998 0.000000
v 5.924999 22.724998 3.600000
v 5.924999 22.875000 0.000000
v 5.924999 22.875000 3.600000
v 6.074999 22.724998 0.000000
v 6.074999 22.724998 3.600000
v 6.074999 22.875000 0.000000
v 6.074999 22.875000 3.600000
v 5.939999 21.900000 2.220000
v 5.939999 21.900000 2.340000
v 5.939999 23.699999 2.220000
v 5.939999 23.699999 2.340000
v 6.059999 21.900000 2.220000
v 6.059999 21.900000 2.340000
v 6.059999 23.699999 2.220000
v 6.059999 23.699999 2.340000
v 5.939999 22.049999 3.520000
v 5.939999 22.049999 3.640000
v 5.939999 23.549999 3.520000
v 5.939999 23.549999 3.640000
v 6.059999 22.049999 3.520000
v 6.059999 22.049999 3.640000
v 6.059999 23.549999 3.520000
v 6.059999 23.549999 3.640000
v 9.939999 22.049999 3.520000
v 9.939999 22.049999 3.640000
v 9.939999 23.549999 3.520000
v 9.939999 23.549999 3.640000
v 10.059999 22.049999 3.520000
v 10.059999 22.049999 3.640000
v 10.059999 23.549999 3.520000
v 10.059999 23.549999 3.640000
v 13.924999 22.724998 0.000000
v 13.924999 22.724998 3.600000
v 13.924999 22.875000 0.000000
v 13.924999 22.875000 3.600000
v 14.074999 22.724998 0.000000
v 14.074999 22.724998 3.600000
v 14.074999 22.875000 0.000000
v 14.074999 22.875000 3.600000
v 13.939999 21.900000 2.220000
v 13.939999 21.900000 2.340000
v 13.939999 23.699999 2.220000
v 13.939999 23.699999 2.340000
v 14.059999 21.900000 2.220000
v 14.059999 21.900000 2.340000
v 14.059999 23.699999 2.220000
v 14.059999 23.699999 2.340000
v 13.939999 22.049999 3.520000
v 13.939999 22.049999 3.640000
v 13.939999 23.549999 3.520000
v 13.939999 23.549999 3.640000
v 14.059999 22.049999 3.520000
v 14.059999 22.049999 3.640000
v 14.059999 23.549999 3.520000
v 14.059999 23.549999 3.640000
v 17.924997 22.724998 0.000000
v 17.924997 22.724998 3.600000
v 17.924997 22.875000 0.000000
v 17.924997 22.875000 3.600000
v 18.074999 22.724998 0.000000
v 18.074999 22.724998 3.600000
v 18.074999 22.875000 0.000000
v 18.074999 22.875000 3.600000
v 17.939999 21.900000 2.220000
v 17.939999 21.900000 2.340000
v 17.939999 23.699999 2.220000
v 17.939999 23.699999 2.340000
v 18.059998 21.900000 2.220000
v 18.059998 21.900000 2.340000
v 18.059998 23.699999 2.220000
v 18.059998 23.699999 2.340000
v 17.939999 22.049999 3.520000
v 17.939999 22.049999 3.640000
v 17.939999 23.549999 3.520000
v 17.939999 23.549999 3.640000
v 18.059998 22.049999 3.520000
v 18.059998 22.049999 3.640000
v 18.059998 23.549999 3.520000
v 18.059998 23.549999 3.640000
v 21.924997 22.725000 0.000000
v 21.924997 22.725000 3.600000
v 21.924997 22.875002 0.000000
v 21.924997 22.875002 3.600000
v 22.074999 22.725000 0.000000
v 22.074999 22.725000 3.600000
v 22.074999 22.875002 0.000000
v 22.074999 22.875002 3.600000
v 21.939999 21.900002 2.220000
v 21.939999 21.900002 2.340000
v 21.939999 23.700001 2.220000
v 21.939999 23.700001 2.340000
v 22.059998 21.900002 2.220000
v 22.059998 21.900002 2.340000
v 22.059998 23.700001 2.220000
v 22.059998 23.700001 2.340000
v 21.939999 22.050001 3.520000
v 21.939999 22.050001 3.640000
v 21.939999 23.550001 3.520000
v 21.939999 23.550001 3.640000
v 22.059998 22.050001 3.520000
v 22.059998 22.050001 3.640000
v 22.059998 23.550001 3.520000
v 22.059998 23.550001 3.640000
v 25.924997 22.725000 0.000000
v 25.924997 22.725000 3.600000
v 25.924997 22.875002 0.000000
v 25.924997 22.875002 3.600000
v 26.074999 22.725000 0.000000
v 26.074999 22.725000 3.600000
v 26.074999 22.875002 0.000000
v 26.074999 22.875002 3.600000
v 25.939999 21.900002 2.220000
v 25.939999 21.900002 2.340000
v 25.939999 23.700001 2.220000
v 25.939999 23.700001 2.340000
v 26.059998 21.900002 2.220000
v 26.059998 21.900002 2.340000
v 26.059998 23.700001 2.220000
v 26.059998 23.700001 2.340000
v 25.939999 22.050001 3.520000
v 25.939999 22.050001 3.640000
v 25.939999 23.550001 3.520000
v 25.939999 23.550001 3.640000
v 26.059998 22.050001 3.520000
v 26.059998 22.050001 3.640000
v 26.059998 23.550001 3.520000
v 26.059998 23.550001 3.640000
v 29.924997 22.725000 0.000000
v 29.924997 22.725000 3.600000
v 29.924997 22.875002 0.000000
v 29.924997 22.875002 3.600000
v 30.074999 22.725000 0.000000
v 30.074999 22.725000 3.600000
v 30.074999 22.875002 0.000000
v 30.074999 22.875002 3.600000
v 29.939999 21.900002 2.220000
v 29.939999 21.900002 2.340000
v 29.939999 23.700001 2.220000
v 29.939999 23.700001 2.340000
v 30.059998 21.900002 2.220000
v 30.059998 21.900002 2.340000
v 30.059998 23.700001 2.220000
v 30.059998 23.700001 2.340000
v 29.939999 22.050001 3.520000
v 29.939999 22.050001 3.640000
v 29.939999 23.550001 3.520000
v 29.939999 23.550001 3.640000
v 30.059998 22.050001 3.520000
v 30.059998 22.050001 3.640000
v 30.059998 23.550001 3.520000
v 30.059998 23.550001 3.640000
v 33.924999 22.725000 0.000000
v 33.924999 22.725000 3.600000
v 33.924999 22.875002 0.000000
v 33.924999 22.875002 3.600000
v 34.075001 22.725000 0.000000
v 34.075001 22.725000 3.600000
v 34.075001 22.875002 0.000000
v 34.075001 22.875002 3.600000
v 33.939999 21.900002 2.220000
v 33.939999 21.900002 2.340000
v 33.939999 23.700001 2.220000
v 33.939999 23.700001 2.340000
v 34.060001 21.900002 2.220000
v 34.060001 21.900002 2.340000
v 34.060001 23.700001 2.220000
v 34.060001 23.700001 2.340000
v 33.939999 22.050001 3.520000
v 33.939999 22.050001 3.640000
v 33.939999 23.550001 3.520000
v 33.939999 23.550001 3.640000
v 34.060001 22.050001 3.520000
v 34.060001 22.050001 3.640000
v 34.060001 23.550001 3.520000
v 34.060001 23.550001 3.640000
v 15.309999 24.000000 0.279997
v 15.309999 23.299999 0.279997
v 15.299280 24.000000 0.239997
v 15.299280 23.299999 0.239997
v 15.269999 24.000000 0.210715
v 15.269999 23.299999 0.210715
v 15.229999 24.000000 0.199997
v 15.229999 23.299999 0.199997
v 15.189999 24.000000 0.210715
v 15.189999 23.299999 0.210715
v 15.160717 24.000000 0.239997
v 15.160717 23.299999 0.239997
v 15.149999 24.000000 0.279997
v 15.149999 23.299999 0.279997
v 15.160717 24.000000 0.319997
v 15.160717 23.299999 0.319997
v 15.189999 24.000000 0.349279
v 15.189999 23.299999 0.349279
v 15.229999 24.000000 0.359997
v 15.229999 23.299999 0.359997
v 15.269999 24.000000 0.349279
v 15.269999 23.299999 0.349279
v 15.299280 24.000000 0.319997
v 15.299280 23.299999 0.319997
v 15.229999 23.379999 0.799996
v 15.229999 23.379999 0.279996
v 15.189999 23.369282 0.799996
v 15.189999 23.369282 0.279996
v 15.160717 23.340000 0.799996
v 15.160717 23.340000 0.279996
v 15.149999 23.299999 0.799996
v 15.149999 23.299999 0.279996
v 15.160717 23.259998 0.799996
v 15.160717 23.259998 0.279996
v 15.189999 23.230717 0.799996
v 15.189999 23.230717 0.279996
v 15.229999 23.219999 0.799996
v 15.229999 23.219999 0.279996
v 15.269999 23.230717 0.799996
v 15.269999 23.230717 0.279996
v 15.299280 23.259998 0.799996
v 15.299280 23.259998 0.279996
v 15.309999 23.299999 0.799996
v 15.309999 23.299999 0.279996
v 15.299280 23.340000 0.799996
v 15.299280 23.340000 0.279996
v 15.269999 23.369282 0.799996
v 15.269999 23.369282 0.279996
v 15.859999 24.140001 1.799997
v 15.859999 23.600000 1.799997
v 15.849280 24.140001 1.759997
v 15.849280 23.600000 1.759997
v 15.819999 24.140001 1.730715
v 15.819999 23.600000 1.730715
v 15.779999 24.140001 1.719997
v 15.779999 23.600000 1.719997
v 15.739999 24.140001 1.730715
v 15.739999 23.600000 1.730715
v 15.710717 24.140001 1.759997
v 15.710717 23.600000 1.759997
v 15.699999 24.140001 1.799997
v 15.699999 23.600000 1.799997
v 15.710717 24.140001 1.839997
v 15.710717 23.600000 1.839997
v 15.739999 24.140001 1.869279
v 15.739999 23.600000 1.869279
v 15.779999 24.140001 1.879997
v 15.779999 23.600000 1.879997
v 15.819999 24.140001 1.869279
v 15.819999 23.600000 1.869279
v 15.849280 24.140001 1.839997
v 15.849280 23.600000 1.839997
v 19.309998 24.000000 0.279997
v 19.309998 23.299999 0.279997
v 19.299280 24.000000 0.239997
v 19.299280 23.299999 0.239997
v 19.269999 24.000000 0.210715
v 19.269999 23.299999 0.210715
v 19.229998 24.000000 0.199997
v 19.229998 23.299999 0.199997
v 19.189997 24.000000 0.210715
v 19.189997 23.299999 0.210715
v 19.160715 24.000000 0.239997
v 19.160715 23.299999 0.239997
v 19.149998 24.000000 0.279997
v 19.149998 23.299999 0.279997
v 19.160715 24.000000 0.319997
v 19.160715 23.299999 0.319997
v 19.189997 24.000000 0.349279
v 19.189997 23.299999 0.349279
v 19.229998 24.000000 0.359997
v 19.229998 23.299999 0.359997
v 19.269999 24.000000 0.349279
v 19.269999 23.299999 0.349279
v 19.299280 24.000000 0.319997
v 19.299280 23.299999 0.319997
v 19.229998 23.379999 0.799995
v 19.229998 23.379999 0.279995
v 19.189997 23.369282 0.799995
v 19.189997 23.369282 0.279995
v 19.160715 23.340000 0.799995
v 19.160715 23.340000 0.279995
v 19.149998 23.299999 0.799995
v 19.149998 23.299999 0.279995
v 19.160715 23.259998 0.799995
v 19.160715 23.259998 0.279995
v 19.189997 23.230717 0.799995
v 19.189997 23.230717 0.279995
v 19.229998 23.219999 0.799995
v 19.229998 23.219999 0.279995
v 19.269999 23.230717 0.799995
v 19.269999 23.230717 0.279995
v 19.299280 23.259998 0.799995
v 19.299280 23.259998 0.279995
v 19.309998 23.299999 0.799995
v 19.309998 23.299999 0.279995
v 19.299280 23.340000 0.799995
v 19.299280 23.340000 0.279995
v 19.269999 23.369282 0.799995
v 19.269999 23.369282 0.279995
v 19.859999 24.140001 1.799997
v 19.859999 23.600000 1.799997
v 19.849281 24.140001 1.759997
v 19.849281 23.600000 1.759997
v 19.820000 24.140001 1.730715
v 19.820000 23.600000 1.730715
v 19.779999 24.140001 1.719997
v 19.779999 23.600000 1.719997
v 19.739998 24.140001 1.730715
v 19.739998 23.600000 1.730715
v 19.710716 24.140001 1.759997
v 19.710716 23.600000 1.759997
v 19.699999 24.140001 1.799997
v 19.699999 23.600000 1.799997
v 19.710716 24.140001 1.839997
v 19.710716 23.600000 1.839997
v 19.739998 24.140001 1.869279
v 19.739998 23.600000 1.869279
v 19.779999 24.140001 1.879997
v 19.779999 23.600000 1.879997
v 19.820000 24.140001 1.869279
v 19.820000 23.600000 1.869279
v 19.849281 24.140001 1.839997
v 19.849281 23.600000 1.839997
v 23.309998 24.000002 0.279997
v 23.309998 23.300001 0.279997
v 23.299280 24.000002 0.239997
v 23.299280 23.300001 0.239997
v 23.269999 24.000002 0.210715
v 23.269999 23.300001 0.210715
v 23.229998 24.000002 0.199997
v 23.229998 23.300001 0.199997
v 23.189997 24.000002 0.210715
v 23.189997 23.300001 0.210715
v 23.160715 24.000002 0.239997
v 23.160715 23.300001 0.239997
v 23.149998 24.000002 0.279997
v 23.149998 23.300001 0.279997
v 23.160715 24.000002 0.319997
v 23.160715 23.300001 0.319997
v 23.189997 24.000002 0.349279
v 23.189997 23.300001 0.349279
v 23.229998 24.000002 0.359997
v 23.229998 23.300001 0.359997
v 23.269999 24.000002 0.349279
v 23.269999 23.300001 0.349279
v 23.299280 24.000002 0.319997
v 23.299280 23.300001 0.319997
v 23.229998 23.380001 0.799994
v 23.229998 23.380001 0.279994
v 23.189997 23.369284 0.799994
v 23.189997 23.369284 0.279994
v 23.160715 23.340002 0.799994
v 23.160715 23.340002 0.279995
v 23.149998 23.300001 0.799994
v 23.149998 23.300001 0.279995
v 23.160715 23.260000 0.799994
v 23.160715 23.260000 0.279995
v 23.189997 23.230719 0.799994
v 23.189997 23.230719 0.279994
v 23.229998 23.220001 0.799994
v 23.229998 23.220001 0.279994
v 23.269999 23.230719 0.799994
v 23.269999 23.230719 0.279994
v 23.299280 23.260000 0.799994
v 23.299280 23.260000 0.279994
v 23.309998 23.300001 0.799994
v 23.309998 23.300001 0.279994
v 23.299280 23.340002 0.799994
v 23.299280 23.340002 0.279994
v 23.269999 23.369284 0.799994
v 23.269999 23.369284 0.279994
v 23.859999 24.140003 1.799997
v 23.859999 23.600002 1.799997
v 23.849281 24.140003 1.759997
v 23.849281 23.600002 1.759997
v 23.820000 24.140003 1.730715
v 23.820000 23.600002 1.730715
v 23.779999 24.140003 1.719997
v 23.779999 23.600002 1.719997
v 23.739998 24.140003 1.730715
v 23.739998 23.600002 1.730715
v 23.710716 24.140003 1.759997
v 23.710716 23.600002 1.759997
v 23.699999 24.140003 1.799997
v 23.699999 23.600002 1.799997
v 23.710716 24.140003 1.839997
v 23.710716 23.600002 1.839997
v 23.739998 24.140003 1.869279
v 23.739998 23.600002 1.869279
v 23.779999 24.140003 1.879997
v 23.779999 23.600002 1.879997
v 23.820000 24.140003 1.869279
v 23.820000 23.600002 1.869279
v 23.849281 24.140003 1.839997
v 23.849281 23.600002 1.839997
v 1.999998 22.711000 2.457899
v 37.000000 22.711000 2.457899
v 1.999998 22.694923 2.397899
v 37.000000 22.694923 2.397899
v 1.999998 22.650999 2.353976
v 37.000000 22.650999 2.353976
v 1.999998 22.591000 2.337899
v 37.000000 22.591000 2.337899
v 1.999998 22.531000 2.353976
v 37.000000 22.531000 2.353976
v 1.999998 22.487076 2.397899
v 37.000000 22.487076 2.397899
v 1.999998 22.470999 2.457899
v 37.000000 22.470999 2.457899
v 1.999998 22.487076 2.517899
v 37.000000 22.487076 2.517899
v 1.999998 22.531000 2.561822
v 37.000000 22.531000 2.561822
v 1.999998 22.591000 2.577899
v 37.000000 22.591000 2.577899
v 1.999998 22.650999 2.561822
v 37.000000 22.650999 2.561822
v 1.999998 22.694923 2.517899
v 37.000000 22.694923 2.517899
v 1.999998 22.580000 3.719999
v 37.000000 22.580000 3.719999
v 1.999998 22.569283 3.679999
v 37.000000 22.569283 3.679999
v 1.999998 22.540001 3.650717
v 37.000000 22.540001 3.650717
v 1.999998 22.500000 3.639999
v 37.000000 22.500000 3.639999
v 1.999998 22.459999 3.650717
v 37.000000 22.459999 3.650717
v 1.999998 22.430717 3.679999
v 37.000000 22.430717 3.679999
v 1.999998 22.420000 3.719999
v 37.000000 22.420000 3.719999
v 1.999998 22.430717 3.759999
v 37.000000 22.430717 3.759999
v 1.999998 22.459999 3.789281
v 37.000000 22.459999 3.789281
v 1.999998 22.500000 3.799999
v 37.000000 22.500000 3.799999
v 1.999998 22.540001 3.789281
v 37.000000 22.540001 3.789281
v 1.999998 22.569283 3.759999
v 37.000000 22.569283 3.759999
v 14.499998 23.400000 0.799999
v 25.499998 23.400000 0.799999
v 14.499998 23.386602 0.749999
v 25.499998 23.386602 0.749999
v 14.499998 23.349998 0.713397
v 25.499998 23.349998 0.713397
v 14.499998 23.299999 0.699999
v 25.499998 23.299999 0.699999
v 14.499998 23.250000 0.713397
v 25.499998 23.250000 0.713397
v 14.499998 23.213396 0.749999
v 25.499998 23.213396 0.749999
v 14.499998 23.199999 0.799999
v 25.499998 23.199999 0.799999
v 14.499998 23.213396 0.849999
v 25.499998 23.213396 0.849999
v 14.499998 23.250000 0.886602
v 25.499998 23.250000 0.886602
v 14.499998 23.299999 0.899999
v 25.499998 23.299999 0.899999
v 14.499998 23.349998 0.886602
v 25.499998 23.349998 0.886602
v 14.499998 23.386602 0.849999
v 25.499998 23.386602 0.849999
v 14.499998 27.665405 1.799999
v 25.499998 27.665405 1.799999
v 14.499998 27.654688 1.759999
v 25.499998 27.654688 1.759999
v 14.499998 27.625406 1.730717
v 25.499998 27.625406 1.730717
v 14.499998 27.585405 1.719999
v 25.499998 27.585405 1.719999
v 14.499998 27.545404 1.730717
v 25.499998 27.545404 1.730717
v 14.499998 27.516123 1.759999
v 25.499998 27.516123 1.759999
v 14.499998 27.505405 1.799999
v 25.499998 27.505405 1.799999
v 14.499998 27.516123 1.839999
v 25.499998 27.516123 1.839999
v 14.499998 27.545404 1.869281
v 25.499998 27.545404 1.869281
v 14.499998 27.585405 1.879999
v 25.499998 27.585405 1.879999
v 14.499998 27.625406 1.869281
v 25.499998 27.625406 1.869281
v 14.499998 27.654688 1.839999
v 25.499998 27.654688 1.839999
v 14.499998 23.680000 1.799999
v 25.499998 23.680000 1.799999
v 14.499998 23.669283 1.759999
v 25.499998 23.669283 1.759999
v 14.499998 23.640001 1.730717
v 25.499998 23.640001 1.730717
v 14.499998 23.600000 1.719999
v 25.499998 23.600000 1.719999
v 14.499998 23.559999 1.730717
v 25.499998 23.559999 1.730717
v 14.499998 23.530718 1.759999
v 25.499998 23.530718 1.759999
v 14.499998 23.520000 1.799999
v 25.499998 23.520000 1.799999
v 14.499998 23.530718 1.839999
v 25.499998 23.530718 1.839999
v 14.499998 23.559999 1.869281
v 25.499998 23.559999 1.869281
v 14.499998 23.600000 1.879999
v 25.499998 23.600000 1.879999
v 14.499998 23.640001 1.869281
v 25.499998 23.640001 1.869281
v 14.499998 23.669283 1.839999
v 25.499998 23.669283 1.839999
v 5.099998 33.400002 3.409488
v 5.099998 23.091000 3.409489
v 5.086601 33.400002 3.359488
v 5.086601 23.091000 3.359489
v 5.049999 33.400002 3.322886
v 5.049999 23.091000 3.322887
v 4.999999 33.400002 3.309488
v 4.999999 23.091000 3.309489
v 4.949998 33.400002 3.322886
v 4.949998 23.091000 3.322887
v 4.913396 33.400002 3.359488
v 4.913396 23.091000 3.359489
v 4.899999 33.400002 3.409488
v 4.899999 23.091000 3.409489
v 4.913396 33.400002 3.459488
v 4.913396 23.091000 3.459489
v 4.949998 33.400002 3.496091
v 4.949998 23.091000 3.496092
v 4.999999 33.400002 3.509488
v 4.999999 23.091000 3.509489
v 5.049999 33.400002 3.496091
v 5.049999 23.091000 3.496092
v 5.086601 33.400002 3.459488
v 5.086601 23.091000 3.459489
v 5.099999 23.091000 2.457897
v 5.099999 22.591000 2.457897
v 5.086602 23.091000 2.407897
v 5.086602 22.591000 2.407897
v 5.049999 23.091000 2.371295
v 5.049999 22.591000 2.371295
v 4.999999 23.091000 2.357898
v 4.999999 22.591000 2.357898
v 4.949999 23.091000 2.371295
v 4.949999 22.591000 2.371295
v 4.913396 23.091000 2.407897
v 4.913396 22.591000 2.407897
v 4.899999 23.091000 2.457897
v 4.899999 22.591000 2.457897
v 4.913396 23.091000 2.507897
v 4.913396 22.591000 2.507897
v 4.949999 23.091000 2.544500
v 4.949999 22.591000 2.544500
v 4.999999 23.091000 2.557897
v 4.999999 22.591000 2.557897
v 5.049999 23.091000 2.544500
v 5.049999 22.591000 2.544500
v 5.086602 23.091000 2.507897
v 5.086602 22.591000 2.507897
v 11.099999 33.400002 2.488273
v 11.099999 23.091000 2.488274
v 11.086601 33.400002 2.438273
v 11.086601 23.091000 2.438274
v 11.049999 33.400002 2.401670
v 11.049999 23.091000 2.401671
v 10.999999 33.400002 2.388273
v 10.999999 23.091000 2.388274
v 10.949999 33.400002 2.401670
v 10.949999 23.091000 2.401671
v 10.913397 33.400002 2.438273
v 10.913397 23.091000 2.438274
v 10.899999 33.400002 2.488273
v 10.899999 23.091000 2.488274
v 10.913397 33.400002 2.538273
v 10.913397 23.091000 2.538274
v 10.949999 33.400002 2.574875
v 10.949999 23.091000 2.574876
v 10.999999 33.400002 2.588273
v 10.999999 23.091000 2.588274
v 11.049999 33.400002 2.574875
v 11.049999 23.091000 2.574876
v 11.086601 33.400002 2.538273
v 11.086601 23.091000 2.538274
v 11.099999 23.091000 2.457897
v 11.099999 22.591000 2.457897
v 11.086601 23.091000 2.407897
v 11.086601 22.591000 2.407897
v 11.049999 23.091000 2.371295
v 11.049999 22.591000 2.371295
v 10.999999 23.091000 2.357898
v 10.999999 22.591000 2.357898
v 10.949999 23.091000 2.371295
v 10.949999 22.591000 2.371295
v 10.913397 23.091000 2.407897
v 10.913397 22.591000 2.407897
v 10.899999 23.091000 2.457897
v 10.899999 22.591000 2.457897
v 10.913397 23.091000 2.507897
v 10.913397 22.591000 2.507897
v 10.949999 23.091000 2.544500
v 10.949999 22.591000 2.544500
v 10.999999 23.091000 2.557897
v 10.999999 22.591000 2.557897
v 11.049999 23.091000 2.544500
v 11.049999 22.591000 2.544500
v 11.086601 23.091000 2.507897
v 11.086601 22.591000 2.507897
v 5.099999 23.091000 2.457897
v 5.099999 22.591000 2.457897
v 5.086602 23.091000 2.407897
v 5.086602 22.591000 2.407897
v 5.049999 23.091000 2.371295
v 5.049999 22.591000 2.371295
v 4.999999 23.091000 2.357898
v 4.999999 22.591000 2.357898
v 4.949999 23.091000 2.371295
v 4.949999 22.591000 2.371295
v 4.913396 23.091000 2.407897
v 4.913396 22.591000 2.407897
v 4.899999 23.091000 2.457897
v 4.899999 22.591000 2.457897
v 4.913396 23.091000 2.507897
v 4.913396 22.591000 2.507897
v 4.949999 23.091000 2.544500
v 4.949999 22.591000 2.544500
v 4.999999 23.091000 2.557897
v 4.999999 22.591000 2.557897
v 5.049999 23.091000 2.544500
v 5.049999 22.591000 2.544500
v 5.086602 23.091000 2.507897
v 5.086602 22.591000 2.507897
v 11.099999 23.091000 2.457897
v 11.099999 22.591000 2.457897
v 11.086601 23.091000 2.407897
v 11.086601 22.591000 2.407897
v 11.049999 23.091000 2.371295
v 11.049999 22.591000 2.371295
v 10.999999 23.091000 2.357898
v 10.999999 22.591000 2.357898
v 10.949999 23.091000 2.371295
v 10.949999 22.591000 2.371295
v 10.913397 23.091000 2.407897
v 10.913397 22.591000 2.407897
v 10.899999 23.091000 2.457897
v 10.899999 22.591000 2.457897
v 10.913397 23.091000 2.507897
v 10.913397 22.591000 2.507897
v 10.949999 23.091000 2.544500
v 10.949999 22.591000 2.544500
v 10.999999 23.091000 2.557897
v 10.999999 22.591000 2.557897
v 11.049999 23.091000 2.544500
v 11.049999 22.591000 2.544500
v 11.086601 23.091000 2.507897
v 11.086601 22.591000 2.507897
v 5.859999 22.470999 2.317900
v 5.859999 22.470999 2.597900
v 5.859999 22.711000 2.317900
v 5.859999 22.711000 2.597900
v 6.139999 22.470999 2.317900
v 6.139999 22.470999 2.597900
v 6.139999 22.711000 2.317900
v 6.139999 22.711000 2.597900
v 5.999999 22.791000 2.642900
v 5.999999 22.791000 2.672900
v 6.099999 22.764204 2.642900
v 6.099999 22.764204 2.672900
v 6.173204 22.691000 2.642900
v 6.173204 22.691000 2.672900
v 6.199999 22.591000 2.642900
v 6.199999 22.591000 2.672900
v 6.173204 22.490999 2.642900
v 6.173204 22.490999 2.672900
v 6.099999 22.417795 2.642900
v 6.099999 22.417795 2.672900
v 5.999999 22.390999 2.642900
v 5.999999 22.390999 2.672900
v 5.899999 22.417795 2.642900
v 5.899999 22.417795 2.672900
v 5.826794 22.490999 2.642900
v 5.826794 22.490999 2.672900
v 5.799999 22.591000 2.642900
v 5.799999 22.591000 2.672900
v 5.826794 22.691000 2.642900
v 5.826794 22.691000 2.672900
v 5.899999 22.764204 2.642900
v 5.899999 22.764204 2.672900
v 5.999999 22.615999 2.597900
v 5.999999 22.615999 2.837900
v 6.012499 22.612650 2.597900
v 6.012499 22.612650 2.837900
v 6.021650 22.603500 2.597900
v 6.021650 22.603500 2.837900
v 6.024999 22.591000 2.597900
v 6.024999 22.591000 2.837900
v 6.021650 22.578499 2.597900
v 6.021650 22.578499 2.837900
v 6.012499 22.569349 2.597900
v 6.012499 22.569349 2.837900
v 5.999999 22.566000 2.597900
v 5.999999 22.566000 2.837900
v 5.987499 22.569349 2.597900
v 5.987499 22.569349 2.837900
v 5.978348 22.578499 2.597900
v 5.978348 22.578499 2.837900
v 5.974999 22.591000 2.597900
v 5.974999 22.591000 2.837900
v 5.978348 22.603500 2.597900
v 5.978348 22.603500 2.837900
v 5.987499 22.612650 2.597900
v 5.987499 22.612650 2.837900
v 11.859999 22.470999 2.317900
v 11.859999 22.470999 2.597900
v 11.859999 22.711000 2.317900
v 11.859999 22.711000 2.597900
v 12.139999 22.470999 2.317900
v 12.139999 22.470999 2.597900
v 12.139999 22.711000 2.317900
v 12.139999 22.711000 2.597900
v 11.999999 22.791000 2.642900
v 11.999999 22.791000 2.672900
v 12.099999 22.764204 2.642900
v 12.099999 22.764204 2.672900
v 12.173204 22.691000 2.642900
v 12.173204 22.691000 2.672900
v 12.199999 22.591000 2.642900
v 12.199999 22.591000 2.672900
v 12.173204 22.490999 2.642900
v 12.173204 22.490999 2.672900
v 12.099999 22.417795 2.642900
v 12.099999 22.417795 2.672900
v 11.999999 22.390999 2.642900
v 11.999999 22.390999 2.672900
v 11.899999 22.417795 2.642900
v 11.899999 22.417795 2.672900
v 11.826794 22.490999 2.642900
v 11.826794 22.490999 2.672900
v 11.799999 22.591000 2.642900
v 11.799999 22.591000 2.672900
v 11.826794 22.691000 2.642900
v 11.826794 22.691000 2.672900
v 11.899999 22.764204 2.642900
v 11.899999 22.764204 2.672900
v 11.999999 22.615999 2.597900
v 11.999999 22.615999 2.837900
v 12.012499 22.612650 2.597900
v 12.012499 22.612650 2.837900
v 12.021649 22.603500 2.597900
v 12.021649 22.603500 2.837900
v 12.024999 22.591000 2.597900
v 12.024999 22.591000 2.837900
v 12.021649 22.578499 2.597900
v 12.021649 22.578499 2.837900
v 12.012499 22.569349 2.597900
v 12.012499 22.569349 2.837900
v 11.999999 22.566000 2.597900
v 11.999999 22.566000 2.837900
v 11.987499 22.569349 2.597900
v 11.987499 22.569349 2.837900
v 11.978349 22.578499 2.597900
v 11.978349 22.578499 2.837900
v 11.974999 22.591000 2.597900
v 11.974999 22.591000 2.837900
v 11.978349 22.603500 2.597900
v 11.978349 22.603500 2.837900
v 11.987499 22.612650 2.597900
v 11.987499 22.612650 2.837900
v 17.859999 22.470999 2.317900
v 17.859999 22.470999 2.597900
v 17.859999 22.711000 2.317900
v 17.859999 22.711000 2.597900
v 18.139997 22.470999 2.317900
v 18.139997 22.470999 2.597900
v 18.139997 22.711000 2.317900
v 18.139997 22.711000 2.597900
v 17.999998 22.791000 2.642900
v 17.999998 22.791000 2.672900
v 18.099998 22.764204 2.642900
v 18.099998 22.764204 2.672900
v 18.173203 22.691000 2.642900
v 18.173203 22.691000 2.672900
v 18.199999 22.591000 2.642900
v 18.199999 22.591000 2.672900
v 18.173203 22.490999 2.642900
v 18.173203 22.490999 2.672900
v 18.099998 22.417795 2.642900
v 18.099998 22.417795 2.672900
v 17.999998 22.390999 2.642900
v 17.999998 22.390999 2.672900
v 17.899998 22.417795 2.642900
v 17.899998 22.417795 2.672900
v 17.826794 22.490999 2.642900
v 17.826794 22.490999 2.672900
v 17.799997 22.591000 2.642900
v 17.799997 22.591000 2.672900
v 17.826794 22.691000 2.642900
v 17.826794 22.691000 2.672900
v 17.899998 22.764204 2.642900
v 17.899998 22.764204 2.672900
v 17.999998 22.615999 2.597900
v 17.999998 22.615999 2.837900
v 18.012499 22.612650 2.597900
v 18.012499 22.612650 2.837900
v 18.021648 22.603500 2.597900
v 18.021648 22.603500 2.837900
v 18.024998 22.591000 2.597900
v 18.024998 22.591000 2.837900
v 18.021648 22.578499 2.597900
v 18.021648 22.578499 2.837900
v 18.012499 22.569349 2.597900
v 18.012499 22.569349 2.837900
v 17.999998 22.566000 2.597900
v 17.999998 22.566000 2.837900
v 17.987497 22.569349 2.597900
v 17.987497 22.569349 2.837900
v 17.978348 22.578499 2.597900
v 17.978348 22.578499 2.837900
v 17.974998 22.591000 2.597900
v 17.974998 22.591000 2.837900
v 17.978348 22.603500 2.597900
v 17.978348 22.603500 2.837900
v 17.987497 22.612650 2.597900
v 17.987497 22.612650 2.837900
v 23.859999 22.471001 2.317900
v 23.859999 22.471001 2.597900
v 23.859999 22.711002 2.317900
v 23.859999 22.711002 2.597900
v 24.139997 22.471001 2.317900
v 24.139997 22.471001 2.597900
v 24.139997 22.711002 2.317900
v 24.139997 22.711002 2.597900
v 23.999998 22.791002 2.642900
v 23.999998 22.791002 2.672900
v 24.099998 22.764206 2.642900
v 24.099998 22.764206 2.672900
v 24.173203 22.691002 2.642900
v 24.173203 22.691002 2.672900
v 24.199999 22.591002 2.642900
v 24.199999 22.591002 2.672900
v 24.173203 22.491001 2.642900
v 24.173203 22.491001 2.672900
v 24.099998 22.417797 2.642900
v 24.099998 22.417797 2.672900
v 23.999998 22.391001 2.642900
v 23.999998 22.391001 2.672900
v 23.899998 22.417797 2.642900
v 23.899998 22.417797 2.672900
v 23.826794 22.491001 2.642900
v 23.826794 22.491001 2.672900
v 23.799997 22.591002 2.642900
v 23.799997 22.591002 2.672900
v 23.826794 22.691002 2.642900
v 23.826794 22.691002 2.672900
v 23.899998 22.764206 2.642900
v 23.899998 22.764206 2.672900
v 23.999998 22.616001 2.597900
v 23.999998 22.616001 2.837900
v 24.012499 22.612652 2.597900
v 24.012499 22.612652 2.837900
v 24.021648 22.603502 2.597900
v 24.021648 22.603502 2.837900
v 24.024998 22.591002 2.597900
v 24.024998 22.591002 2.837900
v 24.021648 22.578501 2.597900
v 24.021648 22.578501 2.837900
v 24.012499 22.569351 2.597900
v 24.012499 22.569351 2.837900
v 23.999998 22.566002 2.597900
v 23.999998 22.566002 2.837900
v 23.987497 22.569351 2.597900
v 23.987497 22.569351 2.837900
v 23.978348 22.578501 2.597900
v 23.978348 22.578501 2.837900
v 23.974998 22.591002 2.597900
v 23.974998 22.591002 2.837900
v 23.978348 22.603502 2.597900
v 23.978348 22.603502 2.837900
v 23.987497 22.612652 2.597900
v 23.987497 22.612652 2.837900
v 29.859999 22.471001 2.317900
v 29.859999 22.471001 2.597900
v 29.859999 22.711002 2.317900
v 29.859999 22.711002 2.597900
v 30.139997 22.471001 2.317900
v 30.139997 22.471001 2.597900
v 30.139997 22.711002 2.317900
v 30.139997 22.711002 2.597900
v 29.999998 22.791002 2.642900
v 29.999998 22.791002 2.672900
v 30.099998 22.764206 2.642900
v 30.099998 22.764206 2.672900
v 30.173203 22.691002 2.642900
v 30.173203 22.691002 2.672900
v 30.199999 22.591002 2.642900
v 30.199999 22.591002 2.672900
v 30.173203 22.491001 2.642900
v 30.173203 22.491001 2.672900
v 30.099998 22.417797 2.642900
v 30.099998 22.417797 2.672900
v 29.999998 22.391001 2.642900
v 29.999998 22.391001 2.672900
v 29.899998 22.417797 2.642900
v 29.899998 22.417797 2.672900
v 29.826794 22.491001 2.642900
v 29.826794 22.491001 2.672900
v 29.799997 22.591002 2.642900
v 29.799997 22.591002 2.672900
v 29.826794 22.691002 2.642900
v 29.826794 22.691002 2.672900
v 29.899998 22.764206 2.642900
v 29.899998 22.764206 2.672900
v 29.999998 22.616001 2.597900
v 29.999998 22.616001 2.837900
v 30.012499 22.612652 2.597900
v 30.012499 22.612652 2.837900
v 30.021648 22.603502 2.597900
v 30.021648 22.603502 2.837900
v 30.024998 22.591002 2.597900
v 30.024998 22.591002 2.837900
v 30.021648 22.578501 2.597900
v 30.021648 22.578501 2.837900
v 30.012499 22.569351 2.597900
v 30.012499 22.569351 2.837900
v 29.999998 22.566002 2.597900
v 29.999998 22.566002 2.837900
v 29.987497 22.569351 2.597900
v 29.987497 22.569351 2.837900
v 29.978348 22.578501 2.597900
v 29.978348 22.578501 2.837900
v 29.974998 22.591002 2.597900
v 29.974998 22.591002 2.837900
v 29.978348 22.603502 2.597900
v 29.978348 22.603502 2.837900
v 29.987497 22.612652 2.597900
v 29.987497 22.612652 2.837900
v 15.899999 27.307732 0.690000
v 15.899999 27.307732 0.910000
v 15.899999 27.507732 0.690000
v 15.899999 27.507732 0.910000
v 16.100000 27.307732 0.690000
v 16.100000 27.307732 0.910000
v 16.099998 27.507732 0.690000
v 16.099998 27.507732 0.910000
v 15.999999 27.507732 1.020000
v 15.999999 27.507732 1.220000
v 16.049997 27.494335 1.020000
v 16.049997 27.494335 1.220000
v 16.086601 27.457731 1.020000
v 16.086601 27.457731 1.220000
v 16.099998 27.407732 1.020000
v 16.099998 27.407732 1.220000
v 16.086601 27.357733 1.020000
v 16.086601 27.357733 1.220000
v 16.049999 27.321129 1.020000
v 16.049999 27.321129 1.220000
v 15.999999 27.307732 1.020000
v 15.999999 27.307732 1.220000
v 15.949999 27.321129 1.020000
v 15.949999 27.321129 1.220000
v 15.913397 27.357733 1.020000
v 15.913397 27.357733 1.220000
v 15.899999 27.407732 1.020000
v 15.899999 27.407732 1.220000
v 15.913397 27.457731 1.020000
v 15.913397 27.457731 1.220000
v 15.949999 27.494335 1.020000
v 15.949999 27.494335 1.220000
v 19.999998 27.507732 1.020000
v 19.999998 27.507732 1.220000
v 20.049997 27.494335 1.020000
v 20.049997 27.494335 1.220000
v 20.086601 27.457731 1.020000
v 20.086601 27.457731 1.220000
v 20.099998 27.407732 1.020000
v 20.099998 27.407732 1.220000
v 20.086601 27.357733 1.020000
v 20.086601 27.357733 1.220000
v 20.049997 27.321129 1.020000
v 20.049997 27.321129 1.220000
v 19.999998 27.307732 1.020000
v 19.999998 27.307732 1.220000
v 19.949999 27.321129 1.020000
v 19.949999 27.321129 1.220000
v 19.913395 27.357733 1.020000
v 19.913395 27.357733 1.220000
v 19.899998 27.407732 1.020000
v 19.899998 27.407732 1.220000
v 19.913395 27.457731 1.020000
v 19.913395 27.457731 1.220000
v 19.949999 27.494335 1.020000
v 19.949999 27.494335 1.220000
v 15.999999 24.100000 1.020000
v 15.999999 24.100000 1.220000
v 16.049997 24.086603 1.020000
v 16.049997 24.086603 1.220000
v 16.086601 24.049999 1.020000
v 16.086601 24.049999 1.220000
v 16.099998 24.000000 1.020000
v 16.099998 24.000000 1.220000
v 16.086601 23.950001 1.020000
v 16.086601 23.950001 1.220000
v 16.049999 23.913397 1.020000
v 16.049999 23.913397 1.220000
v 15.999999 23.900000 1.020000
v 15.999999 23.900000 1.220000
v 15.949999 23.913397 1.020000
v 15.949999 23.913397 1.220000
v 15.913397 23.950001 1.020000
v 15.913397 23.950001 1.220000
v 15.899999 24.000000 1.020000
v 15.899999 24.000000 1.220000
v 15.913397 24.049999 1.020000
v 15.913397 24.049999 1.220000
v 15.949999 24.086603 1.020000
v 15.949999 24.086603 1.220000
v 19.899998 23.900000 0.690000
v 19.899998 23.900000 0.910000
v 19.899998 24.100000 0.690000
v 19.899998 24.100000 0.910000
v 20.099998 23.900000 0.690000
v 20.099998 23.900000 0.910000
v 20.099998 24.100000 0.690000
v 20.099998 24.100000 0.910000
v 19.999998 24.100000 1.020000
v 19.999998 24.100000 1.220000
v 20.049997 24.086603 1.020000
v 20.049997 24.086603 1.220000
v 20.086601 24.049999 1.020000
v 20.086601 24.049999 1.220000
v 20.099998 24.000000 1.020000
v 20.099998 24.000000 1.220000
v 20.086601 23.950001 1.020000
v 20.086601 23.950001 1.220000
v 20.049997 23.913397 1.020000
v 20.049997 23.913397 1.220000
v 19.999998 23.900000 1.020000
v 19.999998 23.900000 1.220000
v 19.949999 23.913397 1.020000
v 19.949999 23.913397 1.220000
v 19.913395 23.950001 1.020000
v 19.913395 23.950001 1.220000
v 19.899998 24.000000 1.020000
v 19.899998 24.000000 1.220000
v 19.913395 24.049999 1.020000
v 19.913395 24.049999 1.220000
v 19.949999 24.086603 1.020000
v 19.949999 24.086603 1.220000
v 17.999998 22.791000 2.457900
v 17.999998 22.791000 2.517900
v 18.099998 22.764204 2.457900
v 18.099998 22.764204 2.517900
v 18.173203 22.691000 2.457900
v 18.173203 22.691000 2.517900
v 18.199999 22.591000 2.457900
v 18.199999 22.591000 2.517900
v 18.173203 22.490999 2.457900
v 18.173203 22.490999 2.517900
v 18.099998 22.417795 2.457900
v 18.099998 22.417795 2.517900
v 17.999998 22.390999 2.457900
v 17.999998 22.390999 2.517900
v 17.899998 22.417795 2.457900
v 17.899998 22.417795 2.517900
v 17.826794 22.490999 2.457900
v 17.826794 22.490999 2.517900
v 17.799997 22.591000 2.457900
v 17.799997 22.591000 2.517900
v 17.826794 22.691000 2.457900
v 17.826794 22.691000 2.517900
v 17.899998 22.764204 2.457900
v 17.899998 22.764204 2.517900
v 19.899998 27.307732 0.690000
v 19.899998 27.307732 0.910000
v 19.899998 27.507732 0.690000
v 19.899998 27.507732 0.910000
v 20.099998 27.307732 0.690000
v 20.099998 27.307732 0.910000
v 20.099998 27.507732 0.690000
v 20.099998 27.507732 0.910000
v 15.899999 23.900000 0.690000
v 15.899999 23.900000 0.910000
v 15.899999 24.100000 0.690000
v 15.899999 24.100000 0.910000
v 16.100000 23.900000 0.690000
v 16.100000 23.900000 0.910000
v 16.099998 24.100000 0.690000
v 16.099998 24.100000 0.910000
v 30.186174 25.450003 -0.120000
v 30.186174 25.450003 0.000000
v 30.186174 26.550001 -0.120000
v 30.186174 26.550001 0.000000
v 32.386177 25.450003 -0.120000
v 32.386177 25.450003 0.000000
v 32.386177 26.550001 -0.120000
v 32.386177 26.550001 0.000000
v 30.236176 25.500002 0.120000
v 30.236176 25.500002 0.170000
v 30.236176 26.500002 0.120000
v 30.236176 26.500002 0.170000
v 32.336174 25.500002 0.120000
v 32.336174 25.500002 0.170000
v 32.336174 26.500002 0.120000
v 32.336174 26.500002 0.170000
v 30.836174 26.220001 0.170000
v 30.836174 26.220001 0.770000
v 30.904158 26.209234 0.170000
v 30.904158 26.209234 0.770000
v 30.965487 26.177986 0.170000
v 30.965487 26.177986 0.770000
v 31.014158 26.129314 0.170000
v 31.014158 26.129314 0.770000
v 31.045406 26.067986 0.170000
v 31.045406 26.067986 0.770000
v 31.056173 26.000002 0.170000
v 31.056173 26.000002 0.770000
v 31.045406 25.932018 0.170000
v 31.045406 25.932018 0.770000
v 31.014158 25.870689 0.170000
v 31.014158 25.870689 0.770000
v 30.965487 25.822018 0.170000
v 30.965487 25.822018 0.770000
v 30.904158 25.790770 0.170000
v 30.904158 25.790770 0.770000
v 30.836174 25.780003 0.170000
v 30.836174 25.780003 0.770000
v 30.768190 25.790770 0.170000
v 30.768190 25.790770 0.770000
v 30.706861 25.822018 0.170000
v 30.706861 25.822018 0.770000
v 30.658190 25.870689 0.170000
v 30.658190 25.870689 0.770000
v 30.626942 25.932018 0.170000
v 30.626942 25.932018 0.770000
v 30.616175 26.000002 0.170000
v 30.616175 26.000002 0.770000
v 30.626942 26.067986 0.170000
v 30.626942 26.067986 0.770000
v 30.658190 26.129314 0.170000
v 30.658190 26.129314 0.770000
v 30.706861 26.177986 0.170000
v 30.706861 26.177986 0.770000
v 30.768190 26.209234 0.170000
v 30.768190 26.209234 0.770000
v 30.836174 26.230001 0.170000
v 30.836174 26.230001 0.250000
v 30.924191 26.212494 0.170000
v 30.924191 26.212494 0.250000
v 30.998808 26.162636 0.170000
v 30.998808 26.162636 0.250000
v 31.048666 26.088018 0.170000
v 31.048666 26.088018 0.250000
v 31.066174 26.000002 0.170000
v 31.066174 26.000002 0.250000
v 31.048666 25.911985 0.170000
v 31.048666 25.911985 0.250000
v 30.998808 25.837368 0.170000
v 30.998808 25.837368 0.250000
v 30.924191 25.787510 0.170000
v 30.924191 25.787510 0.250000
v 30.836174 25.770002 0.170000
v 30.836174 25.770002 0.250000
v 30.748158 25.787510 0.170000
v 30.748158 25.787510 0.250000
v 30.673540 25.837368 0.170000
v 30.673540 25.837368 0.250000
v 30.623682 25.911985 0.170000
v 30.623682 25.911985 0.250000
v 30.606174 26.000002 0.170000
v 30.606174 26.000002 0.250000
v 30.623682 26.088018 0.170000
v 30.623682 26.088018 0.250000
v 30.673540 26.162636 0.170000
v 30.673540 26.162636 0.250000
v 30.748158 26.212494 0.170000
v 30.748158 26.212494 0.250000
v 30.836174 26.230001 0.770000
v 30.836174 26.230001 0.850000
v 30.924191 26.212494 0.770000
v 30.924191 26.212494 0.850000
v 30.998808 26.162636 0.770000
v 30.998808 26.162636 0.850000
v 31.048666 26.088018 0.770000
v 31.048666 26.088018 0.850000
v 31.066174 26.000002 0.770000
v 31.066174 26.000002 0.850000
v 31.048666 25.911985 0.770000
v 31.048666 25.911985 0.850000
v 30.998808 25.837368 0.770000
v 30.998808 25.837368 0.850000
v 30.924191 25.787510 0.770000
v 30.924191 25.787510 0.850000
v 30.836174 25.770002 0.770000
v 30.836174 25.770002 0.850000
v 30.748158 25.787510 0.770000
v 30.748158 25.787510 0.850000
v 30.673540 25.837368 0.770000
v 30.673540 25.837368 0.850000
v 30.623682 25.911985 0.770000
v 30.623682 25.911985 0.850000
v 30.606174 26.000002 0.770000
v 30.606174 26.000002 0.850000
v 30.623682 26.088018 0.770000
v 30.623682 26.088018 0.850000
v 30.673540 26.162636 0.770000
v 30.673540 26.162636 0.850000
v 30.748158 26.212494 0.770000
v 30.748158 26.212494 0.850000
v 30.726173 26.170002 0.430000
v 30.726173 26.170002 0.610000
v 30.726173 26.290001 0.430000
v 30.726173 26.290001 0.610000
v 30.946175 26.170002 0.430000
v 30.946175 26.170002 0.610000
v 30.946175 26.290001 0.430000
v 30.946175 26.290001 0.610000
v 31.286175 26.120003 0.370000
v 31.286175 26.120003 0.570000
v 31.346174 26.103926 0.370000
v 31.346174 26.103926 0.570000
v 31.390099 26.060001 0.370000
v 31.390099 26.060001 0.570000
v 31.406176 26.000002 0.370000
v 31.406176 26.000002 0.570000
v 31.390099 25.940002 0.370000
v 31.390099 25.940002 0.570000
v 31.346174 25.896078 0.370000
v 31.346174 25.896078 0.570000
v 31.286175 25.880001 0.370000
v 31.286175 25.880001 0.570000
v 31.226175 25.896078 0.370000
v 31.226175 25.896078 0.570000
v 31.182251 25.940002 0.370000
v 31.182251 25.940002 0.570000
v 31.166174 26.000002 0.370000
v 31.166174 26.000002 0.570000
v 31.182251 26.060001 0.370000
v 31.182251 26.060001 0.570000
v 31.226175 26.103926 0.370000
v 31.226175 26.103926 0.570000
v 31.361174 25.675001 0.170000
v 31.361174 25.675001 0.770000
v 31.361174 26.325003 0.170000
v 31.361174 26.325003 0.770000
v 32.011177 25.675001 0.170000
v 32.011177 25.675001 0.770000
v 32.011177 26.325003 0.170000
v 32.011177 26.325003 0.770000
v 31.686174 26.250002 1.070000
v 31.686174 26.250002 1.220000
v 31.781845 26.230972 1.070000
v 31.781845 26.230972 1.220000
v 31.862951 26.176779 1.070000
v 31.862951 26.176779 1.220000
v 31.917145 26.095673 1.070000
v 31.917145 26.095673 1.220000
v 31.936174 26.000002 1.070000
v 31.936174 26.000002 1.220000
v 31.917145 25.904331 1.070000
v 31.917145 25.904331 1.220000
v 31.862951 25.823225 1.070000
v 31.862951 25.823225 1.220000
v 31.781845 25.769032 1.070000
v 31.781845 25.769032 1.220000
v 31.686174 25.750002 1.070000
v 31.686174 25.750002 1.220000
v 31.590504 25.769032 1.070000
v 31.590504 25.769032 1.220000
v 31.509398 25.823225 1.070000
v 31.509398 25.823225 1.220000
v 31.455204 25.904331 1.070000
v 31.455204 25.904331 1.220000
v 31.436174 26.000002 1.070000
v 31.436174 26.000002 1.220000
v 31.455204 26.095673 1.070000
v 31.455204 26.095673 1.220000
v 31.509398 26.176779 1.070000
v 31.509398 26.176779 1.220000
v 31.590504 26.230972 1.070000
v 31.590504 26.230972 1.220000
v 31.841175 25.825003 0.545000
v 31.841175 25.825003 0.895000
v 31.841175 26.175001 0.545000
v 31.841175 26.175001 0.895000
v 32.191174 25.825003 0.545000
v 32.191174 25.825003 0.895000
v 32.191174 26.175001 0.545000
v 32.191174 26.175001 0.895000
v 35.170097 25.450003 -0.120000
v 35.170097 25.450003 0.000000
v 35.170097 26.550001 -0.120000
v 35.170097 26.550001 0.000000
v 37.370094 25.450003 -0.120000
v 37.370094 25.450003 0.000000
v 37.370094 26.550001 -0.120000
v 37.370094 26.550001 0.000000
v 35.220097 25.500002 0.120000
v 35.220097 25.500002 0.170000
v 35.220097 26.500002 0.120000
v 35.220097 26.500002 0.170000
v 37.320095 25.500002 0.120000
v 37.320095 25.500002 0.170000
v 37.320095 26.500002 0.120000
v 37.320095 26.500002 0.170000
v 35.820095 26.220001 0.170000
v 35.820095 26.220001 0.770000
v 35.888081 26.209234 0.170000
v 35.888081 26.209234 0.770000
v 35.949409 26.177986 0.170000
v 35.949409 26.177986 0.770000
v 35.998077 26.129314 0.170000
v 35.998077 26.129314 0.770000
v 36.029327 26.067986 0.170000
v 36.029327 26.067986 0.770000
v 36.040096 26.000002 0.170000
v 36.040096 26.000002 0.770000
v 36.029327 25.932018 0.170000
v 36.029327 25.932018 0.770000
v 35.998077 25.870689 0.170000
v 35.998077 25.870689 0.770000
v 35.949409 25.822018 0.170000
v 35.949409 25.822018 0.770000
v 35.888081 25.790770 0.170000
v 35.888081 25.790770 0.770000
v 35.820095 25.780003 0.170000
v 35.820095 25.780003 0.770000
v 35.752110 25.790770 0.170000
v 35.752110 25.790770 0.770000
v 35.690781 25.822018 0.170000
v 35.690781 25.822018 0.770000
v 35.642113 25.870689 0.170000
v 35.642113 25.870689 0.770000
v 35.610863 25.932018 0.170000
v 35.610863 25.932018 0.770000
v 35.600094 26.000002 0.170000
v 35.600094 26.000002 0.770000
v 35.610863 26.067986 0.170000
v 35.610863 26.067986 0.770000
v 35.642113 26.129314 0.170000
v 35.642113 26.129314 0.770000
v 35.690781 26.177986 0.170000
v 35.690781 26.177986 0.770000
v 35.752110 26.209234 0.170000
v 35.752110 26.209234 0.770000
v 35.820095 26.230001 0.170000
v 35.820095 26.230001 0.250000
v 35.908112 26.212494 0.170000
v 35.908112 26.212494 0.250000
v 35.982731 26.162636 0.170000
v 35.982731 26.162636 0.250000
v 36.032589 26.088018 0.170000
v 36.032589 26.088018 0.250000
v 36.050095 26.000002 0.170000
v 36.050095 26.000002 0.250000
v 36.032589 25.911985 0.170000
v 36.032589 25.911985 0.250000
v 35.982731 25.837368 0.170000
v 35.982731 25.837368 0.250000
v 35.908112 25.787510 0.170000
v 35.908112 25.787510 0.250000
v 35.820095 25.770002 0.170000
v 35.820095 25.770002 0.250000
v 35.732079 25.787510 0.170000
v 35.732079 25.787510 0.250000
v 35.657459 25.837368 0.170000
v 35.657459 25.837368 0.250000
v 35.607601 25.911985 0.170000
v 35.607601 25.911985 0.250000
v 35.590096 26.000002 0.170000
v 35.590096 26.000002 0.250000
v 35.607601 26.088018 0.170000
v 35.607601 26.088018 0.250000
v 35.657459 26.162636 0.170000
v 35.657459 26.162636 0.250000
v 35.732079 26.212494 0.170000
v 35.732079 26.212494 0.250000
v 35.820095 26.230001 0.770000
v 35.820095 26.230001 0.850000
v 35.908112 26.212494 0.770000
v 35.908112 26.212494 0.850000
v 35.982731 26.162636 0.770000
v 35.982731 26.162636 0.850000
v 36.032589 26.088018 0.770000
v 36.032589 26.088018 0.850000
v 36.050095 26.000002 0.770000
v 36.050095 26.000002 0.850000
v 36.032589 25.911985 0.770000
v 36.032589 25.911985 0.850000
v 35.982731 25.837368 0.770000
v 35.982731 25.837368 0.850000
v 35.908112 25.787510 0.770000
v 35.908112 25.787510 0.850000
v 35.820095 25.770002 0.770000
v 35.820095 25.770002 0.850000
v 35.732079 25.787510 0.770000
v 35.732079 25.787510 0.850000
v 35.657459 25.837368 0.770000
v 35.657459 25.837368 0.850000
v 35.607601 25.911985 0.770000
v 35.607601 25.911985 0.850000
v 35.590096 26.000002 0.770000
v 35.590096 26.000002 0.850000
v 35.607601 26.088018 0.770000
v 35.607601 26.088018 0.850000
v 35.657459 26.162636 0.770000
v 35.657459 26.162636 0.850000
v 35.732079 26.212494 0.770000
v 35.732079 26.212494 0.850000
v 35.710098 26.170002 0.430000
v 35.710098 26.170002 0.610000
v 35.710098 26.290001 0.430000
v 35.710098 26.290001 0.610000
v 35.930099 26.170002 0.430000
v 35.930099 26.170002 0.610000
v 35.930099 26.290001 0.430000
v 35.930099 26.290001 0.610000
v 36.270096 26.120003 0.370000
v 36.270096 26.120003 0.570000
v 36.330097 26.103926 0.370000
v 36.330097 26.103926 0.570000
v 36.374020 26.060001 0.370000
v 36.374020 26.060001 0.570000
v 36.390095 26.000002 0.370000
v 36.390095 26.000002 0.570000
v 36.374020 25.940002 0.370000
v 36.374020 25.940002 0.570000
v 36.330097 25.896078 0.370000
v 36.330097 25.896078 0.570000
v 36.270096 25.880001 0.370000
v 36.270096 25.880001 0.570000
v 36.210094 25.896078 0.370000
v 36.210094 25.896078 0.570000
v 36.166172 25.940002 0.370000
v 36.166172 25.940002 0.570000
v 36.150097 26.000002 0.370000
v 36.150097 26.000002 0.570000
v 36.166172 26.060001 0.370000
v 36.166172 26.060001 0.570000
v 36.210094 26.103926 0.370000
v 36.210094 26.103926 0.570000
v 36.345097 25.675001 0.170000
v 36.345097 25.675001 0.770000
v 36.345097 26.325003 0.170000
v 36.345097 26.325003 0.770000
v 36.995098 25.675001 0.170000
v 36.995098 25.675001 0.770000
v 36.995098 26.325003 0.170000
v 36.995098 26.325003 0.770000
v 36.670097 26.250002 1.070000
v 36.670097 26.250002 1.220000
v 36.765770 26.230972 1.070000
v 36.765770 26.230972 1.220000
v 36.846874 26.176779 1.070000
v 36.846874 26.176779 1.220000
v 36.901066 26.095673 1.070000
v 36.901066 26.095673 1.220000
v 36.920097 26.000002 1.070000
v 36.920097 26.000002 1.220000
v 36.901066 25.904331 1.070000
v 36.901066 25.904331 1.220000
v 36.846874 25.823225 1.070000
v 36.846874 25.823225 1.220000
v 36.765770 25.769032 1.070000
v 36.765770 25.769032 1.220000
v 36.670097 25.750002 1.070000
v 36.670097 25.750002 1.220000
v 36.574425 25.769032 1.070000
v 36.574425 25.769032 1.220000
v 36.493320 25.823225 1.070000
v 36.493320 25.823225 1.220000
v 36.439129 25.904331 1.070000
v 36.439129 25.904331 1.220000
v 36.420097 26.000002 1.070000
v 36.420097 26.000002 1.220000
v 36.439129 26.095673 1.070000
v 36.439129 26.095673 1.220000
v 36.493320 26.176779 1.070000
v 36.493320 26.176779 1.220000
v 36.574425 26.230972 1.070000
v 36.574425 26.230972 1.220000
v 36.825096 25.825003 0.545000
v 36.825096 25.825003 0.895000
v 36.825096 26.175001 0.545000
v 36.825096 26.175001 0.895000
v 37.175095 25.825003 0.545000
v 37.175095 25.825003 0.895000
v 37.175095 26.175001 0.545000
v 37.175095 26.175001 0.895000
v 25.329302 33.450001 -0.120000
v 25.329302 33.450001 0.000000
v 25.329302 34.549999 -0.120000
v 25.329302 34.549999 0.000000
v 27.529303 33.450001 -0.120000
v 27.529303 33.450001 0.000000
v 27.529303 34.549999 -0.120000
v 27.529303 34.549999 0.000000
v 25.379303 33.500000 0.120000
v 25.379303 33.500000 0.170000
v 25.379303 34.500000 0.120000
v 25.379303 34.500000 0.170000
v 27.479301 33.500000 0.120000
v 27.479301 33.500000 0.170000
v 27.479301 34.500000 0.120000
v 27.479301 34.500000 0.170000
v 25.979301 34.220001 0.170000
v 25.979301 34.220001 0.770000
v 26.047285 34.209232 0.170000
v 26.047285 34.209232 0.770000
v 26.108614 34.177982 0.170000
v 26.108614 34.177982 0.770000
v 26.157286 34.129314 0.170000
v 26.157286 34.129314 0.770000
v 26.188534 34.067986 0.170000
v 26.188534 34.067986 0.770000
v 26.199301 34.000000 0.170000
v 26.199301 34.000000 0.770000
v 26.188534 33.932014 0.170000
v 26.188534 33.932014 0.770000
v 26.157286 33.870686 0.170000
v 26.157286 33.870686 0.770000
v 26.108614 33.822018 0.170000
v 26.108614 33.822018 0.770000
v 26.047285 33.790768 0.170000
v 26.047285 33.790768 0.770000
v 25.979301 33.779999 0.170000
v 25.979301 33.779999 0.770000
v 25.911318 33.790768 0.170000
v 25.911318 33.790768 0.770000
v 25.849989 33.822018 0.170000
v 25.849989 33.822018 0.770000
v 25.801317 33.870686 0.170000
v 25.801317 33.870686 0.770000
v 25.770069 33.932014 0.170000
v 25.770069 33.932014 0.770000
v 25.759302 34.000000 0.170000
v 25.759302 34.000000 0.770000
v 25.770069 34.067986 0.170000
v 25.770069 34.067986 0.770000
v 25.801317 34.129314 0.170000
v 25.801317 34.129314 0.770000
v 25.849989 34.177982 0.170000
v 25.849989 34.177982 0.770000
v 25.911318 34.209232 0.170000
v 25.911318 34.209232 0.770000
v 25.979301 34.230000 0.170000
v 25.979301 34.230000 0.250000
v 26.067318 34.212494 0.170000
v 26.067318 34.212494 0.250000
v 26.141935 34.162636 0.170000
v 26.141935 34.162636 0.250000
v 26.191793 34.088017 0.170000
v 26.191793 34.088017 0.250000
v 26.209301 34.000000 0.170000
v 26.209301 34.000000 0.250000
v 26.191793 33.911983 0.170000
v 26.191793 33.911983 0.250000
v 26.141935 33.837364 0.170000
v 26.141935 33.837364 0.250000
v 26.067318 33.787506 0.170000
v 26.067318 33.787506 0.250000
v 25.979301 33.770000 0.170000
v 25.979301 33.770000 0.250000
v 25.891285 33.787506 0.170000
v 25.891285 33.787506 0.250000
v 25.816668 33.837364 0.170000
v 25.816668 33.837364 0.250000
v 25.766809 33.911983 0.170000
v 25.766809 33.911983 0.250000
v 25.749302 34.000000 0.170000
v 25.749302 34.000000 0.250000
v 25.766809 34.088017 0.170000
v 25.766809 34.088017 0.250000
v 25.816668 34.162636 0.170000
v 25.816668 34.162636 0.250000
v 25.891285 34.212494 0.170000
v 25.891285 34.212494 0.250000
v 25.979301 34.230000 0.770000
v 25.979301 34.230000 0.850000
v 26.067318 34.212494 0.770000
v 26.067318 34.212494 0.850000
v 26.141935 34.162636 0.770000
v 26.141935 34.162636 0.850000
v 26.191793 34.088017 0.770000
v 26.191793 34.088017 0.850000
v 26.209301 34.000000 0.770000
v 26.209301 34.000000 0.850000
v 26.191793 33.911983 0.770000
v 26.191793 33.911983 0.850000
v 26.141935 33.837364 0.770000
v 26.141935 33.837364 0.850000
v 26.067318 33.787506 0.770000
v 26.067318 33.787506 0.850000
v 25.979301 33.770000 0.770000
v 25.979301 33.770000 0.850000
v 25.891285 33.787506 0.770000
v 25.891285 33.787506 0.850000
v 25.816668 33.837364 0.770000
v 25.816668 33.837364 0.850000
v 25.766809 33.911983 0.770000
v 25.766809 33.911983 0.850000
v 25.749302 34.000000 0.770000
v 25.749302 34.000000 0.850000
v 25.766809 34.088017 0.770000
v 25.766809 34.088017 0.850000
v 25.816668 34.162636 0.770000
v 25.816668 34.162636 0.850000
v 25.891285 34.212494 0.770000
v 25.891285 34.212494 0.850000
v 25.869301 34.169998 0.430000
v 25.869301 34.169998 0.610000
v 25.869301 34.290001 0.430000
v 25.869301 34.290001 0.610000
v 26.089302 34.169998 0.430000
v 26.089302 34.169998 0.610000
v 26.089302 34.290001 0.430000
v 26.089302 34.290001 0.610000
v 26.429302 34.119999 0.370000
v 26.429302 34.119999 0.570000
v 26.489302 34.103924 0.370000
v 26.489302 34.103924 0.570000
v 26.533226 34.060001 0.370000
v 26.533226 34.060001 0.570000
v 26.549303 34.000000 0.370000
v 26.549303 34.000000 0.570000
v 26.533226 33.939999 0.370000
v 26.533226 33.939999 0.570000
v 26.489302 33.896076 0.370000
v 26.489302 33.896076 0.570000
v 26.429302 33.880001 0.370000
v 26.429302 33.880001 0.570000
v 26.369303 33.896076 0.370000
v 26.369303 33.896076 0.570000
v 26.325378 33.939999 0.370000
v 26.325378 33.939999 0.570000
v 26.309301 34.000000 0.370000
v 26.309301 34.000000 0.570000
v 26.325378 34.060001 0.370000
v 26.325378 34.060001 0.570000
v 26.369303 34.103924 0.370000
v 26.369303 34.103924 0.570000
v 26.504301 33.674999 0.170000
v 26.504301 33.674999 0.770000
v 26.504301 34.325001 0.170000
v 26.504301 34.325001 0.770000
v 27.154303 33.674999 0.170000
v 27.154303 33.674999 0.770000
v 27.154303 34.325001 0.170000
v 27.154303 34.325001 0.770000
v 26.829302 34.250000 1.070000
v 26.829302 34.250000 1.220000
v 26.924973 34.230968 1.070000
v 26.924973 34.230968 1.220000
v 27.006079 34.176777 1.070000
v 27.006079 34.176777 1.220000
v 27.060272 34.095673 1.070000
v 27.060272 34.095673 1.220000
v 27.079302 34.000000 1.070000
v 27.079302 34.000000 1.220000
v 27.060272 33.904327 1.070000
v 27.060272 33.904327 1.220000
v 27.006079 33.823223 1.070000
v 27.006079 33.823223 1.220000
v 26.924973 33.769032 1.070000
v 26.924973 33.769032 1.220000
v 26.829302 33.750000 1.070000
v 26.829302 33.750000 1.220000
v 26.733631 33.769032 1.070000
v 26.733631 33.769032 1.220000
v 26.652525 33.823223 1.070000
v 26.652525 33.823223 1.220000
v 26.598331 33.904327 1.070000
v 26.598331 33.904327 1.220000
v 26.579302 34.000000 1.070000
v 26.579302 34.000000 1.220000
v 26.598331 34.095673 1.070000
v 26.598331 34.095673 1.220000
v 26.652525 34.176777 1.070000
v 26.652525 34.176777 1.220000
v 26.733631 34.230968 1.070000
v 26.733631 34.230968 1.220000
v 26.984303 33.825001 0.545000
v 26.984303 33.825001 0.895000
v 26.984303 34.174999 0.545000
v 26.984303 34.174999 0.895000
v 27.334301 33.825001 0.545000
v 27.334301 33.825001 0.895000
v 27.334301 34.174999 0.545000
v 27.334301 34.174999 0.895000
v 30.900002 33.450001 -0.120000
v 30.900002 33.450001 0.000000
v 30.900002 34.549999 -0.120000
v 30.900002 34.549999 0.000000
v 33.099998 33.450001 -0.120000
v 33.099998 33.450001 0.000000
v 33.099998 34.549999 -0.120000
v 33.099998 34.549999 0.000000
v 30.949999 33.500000 0.120000
v 30.949999 33.500000 0.170000
v 30.949999 34.500000 0.120000
v 30.949999 34.500000 0.170000
v 33.049995 33.500000 0.120000
v 33.049995 33.500000 0.170000
v 33.049995 34.500000 0.120000
v 33.049995 34.500000 0.170000
v 31.549997 34.220001 0.170000
v 31.549997 34.220001 0.770000
v 31.617981 34.209232 0.170000
v 31.617981 34.209232 0.770000
v 31.679310 34.177982 0.170000
v 31.679310 34.177982 0.770000
v 31.727982 34.129314 0.170000
v 31.727982 34.129314 0.770000
v 31.759230 34.067986 0.170000
v 31.759230 34.067986 0.770000
v 31.769997 34.000000 0.170000
v 31.769997 34.000000 0.770000
v 31.759230 33.932014 0.170000
v 31.759230 33.932014 0.770000
v 31.727982 33.870686 0.170000
v 31.727982 33.870686 0.770000
v 31.679310 33.822018 0.170000
v 31.679310 33.822018 0.770000
v 31.617981 33.790768 0.170000
v 31.617981 33.790768 0.770000
v 31.549997 33.779999 0.170000
v 31.549997 33.779999 0.770000
v 31.482014 33.790768 0.170000
v 31.482014 33.790768 0.770000
v 31.420685 33.822018 0.170000
v 31.420685 33.822018 0.770000
v 31.372013 33.870686 0.170000
v 31.372013 33.870686 0.770000
v 31.340765 33.932014 0.170000
v 31.340765 33.932014 0.770000
v 31.329998 34.000000 0.170000
v 31.329998 34.000000 0.770000
v 31.340765 34.067986 0.170000
v 31.340765 34.067986 0.770000
v 31.372013 34.129314 0.170000
v 31.372013 34.129314 0.770000
v 31.420685 34.177982 0.170000
v 31.420685 34.177982 0.770000
v 31.482014 34.209232 0.170000
v 31.482014 34.209232 0.770000
v 31.549997 34.230000 0.170000
v 31.549997 34.230000 0.250000
v 31.638014 34.212494 0.170000
v 31.638014 34.212494 0.250000
v 31.712631 34.162636 0.170000
v 31.712631 34.162636 0.250000
v 31.762489 34.088017 0.170000
v 31.762489 34.088017 0.250000
v 31.779997 34.000000 0.170000
v 31.779997 34.000000 0.250000
v 31.762489 33.911983 0.170000
v 31.762489 33.911983 0.250000
v 31.712631 33.837364 0.170000
v 31.712631 33.837364 0.250000
v 31.638014 33.787506 0.170000
v 31.638014 33.787506 0.250000
v 31.549997 33.770000 0.170000
v 31.549997 33.770000 0.250000
v 31.461981 33.787506 0.170000
v 31.461981 33.787506 0.250000
v 31.387363 33.837364 0.170000
v 31.387363 33.837364 0.250000
v 31.337505 33.911983 0.170000
v 31.337505 33.911983 0.250000
v 31.319998 34.000000 0.170000
v 31.319998 34.000000 0.250000
v 31.337505 34.088017 0.170000
v 31.337505 34.088017 0.250000
v 31.387363 34.162636 0.170000
v 31.387363 34.162636 0.250000
v 31.461981 34.212494 0.170000
v 31.461981 34.212494 0.250000
v 31.549997 34.230000 0.770000
v 31.549997 34.230000 0.850000
v 31.638014 34.212494 0.770000
v 31.638014 34.212494 0.850000
v 31.712631 34.162636 0.770000
v 31.712631 34.162636 0.850000
v 31.762489 34.088017 0.770000
v 31.762489 34.088017 0.850000
v 31.779997 34.000000 0.770000
v 31.779997 34.000000 0.850000
v 31.762489 33.911983 0.770000
v 31.762489 33.911983 0.850000
v 31.712631 33.837364 0.770000
v 31.712631 33.837364 0.850000
v 31.638014 33.787506 0.770000
v 31.638014 33.787506 0.850000
v 31.549997 33.770000 0.770000
v 31.549997 33.770000 0.850000
v 31.461981 33.787506 0.770000
v 31.461981 33.787506 0.850000
v 31.387363 33.837364 0.770000
v 31.387363 33.837364 0.850000
v 31.337505 33.911983 0.770000
v 31.337505 33.911983 0.850000
v 31.319998 34.000000 0.770000
v 31.319998 34.000000 0.850000
v 31.337505 34.088017 0.770000
v 31.337505 34.088017 0.850000
v 31.387363 34.162636 0.770000
v 31.387363 34.162636 0.850000
v 31.461981 34.212494 0.770000
v 31.461981 34.212494 0.850000
v 31.439997 34.169998 0.430000
v 31.439997 34.169998 0.610000
v 31.439997 34.290001 0.430000
v 31.439997 34.290001 0.610000
v 31.659998 34.169998 0.430000
v 31.659998 34.169998 0.610000
v 31.659998 34.290001 0.430000
v 31.659998 34.290001 0.610000
v 31.999998 34.119999 0.370000
v 31.999998 34.119999 0.570000
v 32.059998 34.103924 0.370000
v 32.059998 34.103924 0.570000
v 32.103920 34.060001 0.370000
v 32.103920 34.060001 0.570000
v 32.119995 34.000000 0.370000
v 32.119995 34.000000 0.570000
v 32.103920 33.939999 0.370000
v 32.103920 33.939999 0.570000
v 32.059998 33.896076 0.370000
v 32.059998 33.896076 0.570000
v 31.999998 33.880001 0.370000
v 31.999998 33.880001 0.570000
v 31.939999 33.896076 0.370000
v 31.939999 33.896076 0.570000
v 31.896074 33.939999 0.370000
v 31.896074 33.939999 0.570000
v 31.879997 34.000000 0.370000
v 31.879997 34.000000 0.570000
v 31.896074 34.060001 0.370000
v 31.896074 34.060001 0.570000
v 31.939999 34.103924 0.370000
v 31.939999 34.103924 0.570000
v 32.075001 33.674999 0.170000
v 32.075001 33.674999 0.770000
v 32.075001 34.325001 0.170000
v 32.075001 34.325001 0.770000
v 32.725002 33.674999 0.170000
v 32.725002 33.674999 0.770000
v 32.725002 34.325001 0.170000
v 32.725002 34.325001 0.770000
v 32.400002 34.250000 1.070000
v 32.400002 34.250000 1.220000
v 32.495674 34.230968 1.070000
v 32.495674 34.230968 1.220000
v 32.576778 34.176777 1.070000
v 32.576778 34.176777 1.220000
v 32.630970 34.095673 1.070000
v 32.630970 34.095673 1.220000
v 32.650002 34.000000 1.070000
v 32.650002 34.000000 1.220000
v 32.630970 33.904327 1.070000
v 32.630970 33.904327 1.220000
v 32.576778 33.823223 1.070000
v 32.576778 33.823223 1.220000
v 32.495674 33.769032 1.070000
v 32.495674 33.769032 1.220000
v 32.400002 33.750000 1.070000
v 32.400002 33.750000 1.220000
v 32.304329 33.769032 1.070000
v 32.304329 33.769032 1.220000
v 32.223225 33.823223 1.070000
v 32.223225 33.823223 1.220000
v 32.169033 33.904327 1.070000
v 32.169033 33.904327 1.220000
v 32.150002 34.000000 1.070000
v 32.150002 34.000000 1.220000
v 32.169033 34.095673 1.070000
v 32.169033 34.095673 1.220000
v 32.223225 34.176777 1.070000
v 32.223225 34.176777 1.220000
v 32.304329 34.230968 1.070000
v 32.304329 34.230968 1.220000
v 32.555000 33.825001 0.545000
v 32.555000 33.825001 0.895000
v 32.555000 34.174999 0.545000
v 32.555000 34.174999 0.895000
v 32.904999 33.825001 0.545000
v 32.904999 33.825001 0.895000
v 32.904999 34.174999 0.545000
v 32.904999 34.174999 0.895000
v 30.186174 25.450003 -0.120000
v 30.186174 25.450003 0.000000
v 30.186174 26.550001 -0.120000
v 30.186174 26.550001 0.000000
v 32.386177 25.450003 -0.120000
v 32.386177 25.450003 0.000000
v 32.386177 26.550001 -0.120000
v 32.386177 26.550001 0.000000
v 30.236176 25.500002 0.120000
v 30.236176 25.500002 0.170000
v 30.236176 26.500002 0.120000
v 30.236176 26.500002 0.170000
v 32.336174 25.500002 0.120000
v 32.336174 25.500002 0.170000
v 32.336174 26.500002 0.120000
v 32.336174 26.500002 0.170000
v 30.836174 26.220001 0.170000
v 30.836174 26.220001 0.770000
v 30.904158 26.209234 0.170000
v 30.904158 26.209234 0.770000
v 30.965487 26.177986 0.170000
v 30.965487 26.177986 0.770000
v 31.014158 26.129314 0.170000
v 31.014158 26.129314 0.770000
v 31.045406 26.067986 0.170000
v 31.045406 26.067986 0.770000
v 31.056173 26.000002 0.170000
v 31.056173 26.000002 0.770000
v 31.045406 25.932018 0.170000
v 31.045406 25.932018 0.770000
v 31.014158 25.870689 0.170000
v 31.014158 25.870689 0.770000
v 30.965487 25.822018 0.170000
v 30.965487 25.822018 0.770000
v 30.904158 25.790770 0.170000
v 30.904158 25.790770 0.770000
v 30.836174 25.780003 0.170000
v 30.836174 25.780003 0.770000
v 30.768190 25.790770 0.170000
v 30.768190 25.790770 0.770000
v 30.706861 25.822018 0.170000
v 30.706861 25.822018 0.770000
v 30.658190 25.870689 0.170000
v 30.658190 25.870689 0.770000
v 30.626942 25.932018 0.170000
v 30.626942 25.932018 0.770000
v 30.616175 26.000002 0.170000
v 30.616175 26.000002 0.770000
v 30.626942 26.067986 0.170000
v 30.626942 26.067986 0.770000
v 30.658190 26.129314 0.170000
v 30.658190 26.129314 0.770000
v 30.706861 26.177986 0.170000
v 30.706861 26.177986 0.770000
v 30.768190 26.209234 0.170000
v 30.768190 26.209234 0.770000
v 30.836174 26.230001 0.170000
v 30.836174 26.230001 0.250000
v 30.924191 26.212494 0.170000
v 30.924191 26.212494 0.250000
v 30.998808 26.162636 0.170000
v 30.998808 26.162636 0.250000
v 31.048666 26.088018 0.170000
v 31.048666 26.088018 0.250000
v 31.066174 26.000002 0.170000
v 31.066174 26.000002 0.250000
v 31.048666 25.911985 0.170000
v 31.048666 25.911985 0.250000
v 30.998808 25.837368 0.170000
v 30.998808 25.837368 0.250000
v 30.924191 25.787510 0.170000
v 30.924191 25.787510 0.250000
v 30.836174 25.770002 0.170000
v 30.836174 25.770002 0.250000
v 30.748158 25.787510 0.170000
v 30.748158 25.787510 0.250000
v 30.673540 25.837368 0.170000
v 30.673540 25.837368 0.250000
v 30.623682 25.911985 0.170000
v 30.623682 25.911985 0.250000
v 30.606174 26.000002 0.170000
v 30.606174 26.000002 0.250000
v 30.623682 26.088018 0.170000
v 30.623682 26.088018 0.250000
v 30.673540 26.162636 0.170000
v 30.673540 26.162636 0.250000
v 30.748158 26.212494 0.170000
v 30.748158 26.212494 0.250000
v 30.836174 26.230001 0.770000
v 30.836174 26.230001 0.850000
v 30.924191 26.212494 0.770000
v 30.924191 26.212494 0.850000
v 30.998808 26.162636 0.770000
v 30.998808 26.162636 0.850000
v 31.048666 26.088018 0.770000
v 31.048666 26.088018 0.850000
v 31.066174 26.000002 0.770000
v 31.066174 26.000002 0.850000
v 31.048666 25.911985 0.770000
v 31.048666 25.911985 0.850000
v 30.998808 25.837368 0.770000
v 30.998808 25.837368 0.850000
v 30.924191 25.787510 0.770000
v 30.924191 25.787510 0.850000
v 30.836174 25.770002 0.770000
v 30.836174 25.770002 0.850000
v 30.748158 25.787510 0.770000
v 30.748158 25.787510 0.850000
v 30.673540 25.837368 0.770000
v 30.673540 25.837368 0.850000
v 30.623682 25.911985 0.770000
v 30.623682 25.911985 0.850000
v 30.606174 26.000002 0.770000
v 30.606174 26.000002 0.850000
v 30.623682 26.088018 0.770000
v 30.623682 26.088018 0.850000
v 30.673540 26.162636 0.770000
v 30.673540 26.162636 0.850000
v 30.748158 26.212494 0.770000
v 30.748158 26.212494 0.850000
v 30.726173 26.170002 0.430000
v 30.726173 26.170002 0.610000
v 30.726173 26.290001 0.430000
v 30.726173 26.290001 0.610000
v 30.946175 26.170002 0.430000
v 30.946175 26.170002 0.610000
v 30.946175 26.290001 0.430000
v 30.946175 26.290001 0.610000
v 31.286175 26.120003 0.370000
v 31.286175 26.120003 0.570000
v 31.346174 26.103926 0.370000
v 31.346174 26.103926 0.570000
v 31.390099 26.060001 0.370000
v 31.390099 26.060001 0.570000
v 31.406176 26.000002 0.370000
v 31.406176 26.000002 0.570000
v 31.390099 25.940002 0.370000
v 31.390099 25.940002 0.570000
v 31.346174 25.896078 0.370000
v 31.346174 25.896078 0.570000
v 31.286175 25.880001 0.370000
v 31.286175 25.880001 0.570000
v 31.226175 25.896078 0.370000
v 31.226175 25.896078 0.570000
v 31.182251 25.940002 0.370000
v 31.182251 25.940002 0.570000
v 31.166174 26.000002 0.370000
v 31.166174 26.000002 0.570000
v 31.182251 26.060001 0.370000
v 31.182251 26.060001 0.570000
v 31.226175 26.103926 0.370000
v 31.226175 26.103926 0.570000
v 31.361174 25.675001 0.170000
v 31.361174 25.675001 0.770000
v 31.361174 26.325003 0.170000
v 31.361174 26.325003 0.770000
v 32.011177 25.675001 0.170000
v 32.011177 25.675001 0.770000
v 32.011177 26.325003 0.170000
v 32.011177 26.325003 0.770000
v 31.686174 26.250002 1.070000
v 31.686174 26.250002 1.220000
v 31.781845 26.230972 1.070000
v 31.781845 26.230972 1.220000
v 31.862951 26.176779 1.070000
v 31.862951 26.176779 1.220000
v 31.917145 26.095673 1.070000
v 31.917145 26.095673 1.220000
v 31.936174 26.000002 1.070000
v 31.936174 26.000002 1.220000
v 31.917145 25.904331 1.070000
v 31.917145 25.904331 1.220000
v 31.862951 25.823225 1.070000
v 31.862951 25.823225 1.220000
v 31.781845 25.769032 1.070000
v 31.781845 25.769032 1.220000
v 31.686174 25.750002 1.070000
v 31.686174 25.750002 1.220000
v 31.590504 25.769032 1.070000
v 31.590504 25.769032 1.220000
v 31.509398 25.823225 1.070000
v 31.509398 25.823225 1.220000
v 31.455204 25.904331 1.070000
v 31.455204 25.904331 1.220000
v 31.436174 26.000002 1.070000
v 31.436174 26.000002 1.220000
v 31.455204 26.095673 1.070000
v 31.455204 26.095673 1.220000
v 31.509398 26.176779 1.070000
v 31.509398 26.176779 1.220000
v 31.590504 26.230972 1.070000
v 31.590504 26.230972 1.220000
v 31.841175 25.825003 0.545000
v 31.841175 25.825003 0.895000
v 31.841175 26.175001 0.545000
v 31.841175 26.175001 0.895000
v 32.191174 25.825003 0.545000
v 32.191174 25.825003 0.895000
v 32.191174 26.175001 0.545000
v 32.191174 26.175001 0.895000
v 35.170097 25.450003 -0.120000
v 35.170097 25.450003 0.000000
v 35.170097 26.550001 -0.120000
v 35.170097 26.550001 0.000000
v 37.370094 25.450003 -0.120000
v 37.370094 25.450003 0.000000
v 37.370094 26.550001 -0.120000
v 37.370094 26.550001 0.000000
v 35.220097 25.500002 0.120000
v 35.220097 25.500002 0.170000
v 35.220097 26.500002 0.120000
v 35.220097 26.500002 0.170000
v 37.320095 25.500002 0.120000
v 37.320095 25.500002 0.170000
v 37.320095 26.500002 0.120000
v 37.320095 26.500002 0.170000
v 35.820095 26.220001 0.170000
v 35.820095 26.220001 0.770000
v 35.888081 26.209234 0.170000
v 35.888081 26.209234 0.770000
v 35.949409 26.177986 0.170000
v 35.949409 26.177986 0.770000
v 35.998077 26.129314 0.170000
v 35.998077 26.129314 0.770000
v 36.029327 26.067986 0.170000
v 36.029327 26.067986 0.770000
v 36.040096 26.000002 0.170000
v 36.040096 26.000002 0.770000
v 36.029327 25.932018 0.170000
v 36.029327 25.932018 0.770000
v 35.998077 25.870689 0.170000
v 35.998077 25.870689 0.770000
v 35.949409 25.822018 0.170000
v 35.949409 25.822018 0.770000
v 35.888081 25.790770 0.170000
v 35.888081 25.790770 0.770000
v 35.820095 25.780003 0.170000
v 35.820095 25.780003 0.770000
v 35.752110 25.790770 0.170000
v 35.752110 25.790770 0.770000
v 35.690781 25.822018 0.170000
v 35.690781 25.822018 0.770000
v 35.642113 25.870689 0.170000
v 35.642113 25.870689 0.770000
v 35.610863 25.932018 0.170000
v 35.610863 25.932018 0.770000
v 35.600094 26.000002 0.170000
v 35.600094 26.000002 0.770000
v 35.610863 26.067986 0.170000
v 35.610863 26.067986 0.770000
v 35.642113 26.129314 0.170000
v 35.642113 26.129314 0.770000
v 35.690781 26.177986 0.170000
v 35.690781 26.177986 0.770000
v 35.752110 26.209234 0.170000
v 35.752110 26.209234 0.770000
v 35.820095 26.230001 0.170000
v 35.820095 26.230001 0.250000
v 35.908112 26.212494 0.170000
v 35.908112 26.212494 0.250000
v 35.982731 26.162636 0.170000
v 35.982731 26.162636 0.250000
v 36.032589 26.088018 0.170000
v 36.032589 26.088018 0.250000
v 36.050095 26.000002 0.170000
v 36.050095 26.000002 0.250000
v 36.032589 25.911985 0.170000
v 36.032589 25.911985 0.250000
v 35.982731 25.837368 0.170000
v 35.982731 25.837368 0.250000
v 35.908112 25.787510 0.170000
v 35.908112 25.787510 0.250000
v 35.820095 25.770002 0.170000
v 35.820095 25.770002 0.250000
v 35.732079 25.787510 0.170000
v 35.732079 25.787510 0.250000
v 35.657459 25.837368 0.170000
v 35.657459 25.837368 0.250000
v 35.607601 25.911985 0.170000
v 35.607601 25.911985 0.250000
v 35.590096 26.000002 0.170000
v 35.590096 26.000002 0.250000
v 35.607601 26.088018 0.170000
v 35.607601 26.088018 0.250000
v 35.657459 26.162636 0.170000
v 35.657459 26.162636 0.250000
v 35.732079 26.212494 0.170000
v 35.732079 26.212494 0.250000
v 35.820095 26.230001 0.770000
v 35.820095 26.230001 0.850000
v 35.908112 26.212494 0.770000
v 35.908112 26.212494 0.850000
v 35.982731 26.162636 0.770000
v 35.982731 26.162636 0.850000
v 36.032589 26.088018 0.770000
v 36.032589 26.088018 0.850000
v 36.050095 26.000002 0.770000
v 36.050095 26.000002 0.850000
v 36.032589 25.911985 0.770000
v 36.032589 25.911985 0.850000
v 35.982731 25.837368 0.770000
v 35.982731 25.837368 0.850000
v 35.908112 25.787510 0.770000
v 35.908112 25.787510 0.850000
v 35.820095 25.770002 0.770000
v 35.820095 25.770002 0.850000
v 35.732079 25.787510 0.770000
v 35.732079 25.787510 0.850000
v 35.657459 25.837368 0.770000
v 35.657459 25.837368 0.850000
v 35.607601 25.911985 0.770000
v 35.607601 25.911985 0.850000
v 35.590096 26.000002 0.770000
v 35.590096 26.000002 0.850000
v 35.607601 26.088018 0.770000
v 35.607601 26.088018 0.850000
v 35.657459 26.162636 0.770000
v 35.657459 26.162636 0.850000
v 35.732079 26.212494 0.770000
v 35.732079 26.212494 0.850000
v 35.710094 26.170002 0.430000
v 35.710094 26.170002 0.610000
v 35.710094 26.290001 0.430000
v 35.710094 26.290001 0.610000
v 35.930096 26.170002 0.430000
v 35.930096 26.170002 0.610000
v 35.930096 26.290001 0.430000
v 35.930096 26.290001 0.610000
v 36.270096 26.120003 0.370000
v 36.270096 26.120003 0.570000
v 36.330097 26.103926 0.370000
v 36.330097 26.103926 0.570000
v 36.374020 26.060001 0.370000
v 36.374020 26.060001 0.570000
v 36.390095 26.000002 0.370000
v 36.390095 26.000002 0.570000
v 36.374020 25.940002 0.370000
v 36.374020 25.940002 0.570000
v 36.330097 25.896078 0.370000
v 36.330097 25.896078 0.570000
v 36.270096 25.880001 0.370000
v 36.270096 25.880001 0.570000
v 36.210094 25.896078 0.370000
v 36.210094 25.896078 0.570000
v 36.166172 25.940002 0.370000
v 36.166172 25.940002 0.570000
v 36.150097 26.000002 0.370000
v 36.150097 26.000002 0.570000
v 36.166172 26.060001 0.370000
v 36.166172 26.060001 0.570000
v 36.210094 26.103926 0.370000
v 36.210094 26.103926 0.570000
v 36.345097 25.675001 0.170000
v 36.345097 25.675001 0.770000
v 36.345097 26.325003 0.170000
v 36.345097 26.325003 0.770000
v 36.995098 25.675001 0.170000
v 36.995098 25.675001 0.770000
v 36.995098 26.325003 0.170000
v 36.995098 26.325003 0.770000
v 36.670097 26.250002 1.070000
v 36.670097 26.250002 1.220000
v 36.765770 26.230972 1.070000
v 36.765770 26.230972 1.220000
v 36.846874 26.176779 1.070000
v 36.846874 26.176779 1.220000
v 36.901066 26.095673 1.070000
v 36.901066 26.095673 1.220000
v 36.920097 26.000002 1.070000
v 36.920097 26.000002 1.220000
v 36.901066 25.904331 1.070000
v 36.901066 25.904331 1.220000
v 36.846874 25.823225 1.070000
v 36.846874 25.823225 1.220000
v 36.765770 25.769032 1.070000
v 36.765770 25.769032 1.220000
v 36.670097 25.750002 1.070000
v 36.670097 25.750002 1.220000
v 36.574425 25.769032 1.070000
v 36.574425 25.769032 1.220000
v 36.493320 25.823225 1.070000
v 36.493320 25.823225 1.220000
v 36.439129 25.904331 1.070000
v 36.439129 25.904331 1.220000
v 36.420097 26.000002 1.070000
v 36.420097 26.000002 1.220000
v 36.439129 26.095673 1.070000
v 36.439129 26.095673 1.220000
v 36.493320 26.176779 1.070000
v 36.493320 26.176779 1.220000
v 36.574425 26.230972 1.070000
v 36.574425 26.230972 1.220000
v 36.825096 25.825003 0.545000
v 36.825096 25.825003 0.895000
v 36.825096 26.175001 0.545000
v 36.825096 26.175001 0.895000
v 37.175095 25.825003 0.545000
v 37.175095 25.825003 0.895000
v 37.175095 26.175001 0.545000
v 37.175095 26.175001 0.895000
v 25.329302 33.450001 -0.120000
v 25.329302 33.450001 0.000000
v 25.329302 34.549999 -0.120000
v 25.329302 34.549999 0.000000
v 27.529303 33.450001 -0.120000
v 27.529303 33.450001 0.000000
v 27.529303 34.549999 -0.120000
v 27.529303 34.549999 0.000000
v 25.379303 33.500000 0.120000
v 25.379303 33.500000 0.170000
v 25.379303 34.500000 0.120000
v 25.379303 34.500000 0.170000
v 27.479301 33.500000 0.120000
v 27.479301 33.500000 0.170000
v 27.479301 34.500000 0.120000
v 27.479301 34.500000 0.170000
v 25.979301 34.220001 0.170000
v 25.979301 34.220001 0.770000
v 26.047285 34.209232 0.170000
v 26.047285 34.209232 0.770000
v 26.108614 34.177982 0.170000
v 26.108614 34.177982 0.770000
v 26.157286 34.129314 0.170000
v 26.157286 34.129314 0.770000
v 26.188534 34.067986 0.170000
v 26.188534 34.067986 0.770000
v 26.199301 34.000000 0.170000
v 26.199301 34.000000 0.770000
v 26.188534 33.932014 0.170000
v 26.188534 33.932014 0.770000
v 26.157286 33.870686 0.170000
v 26.157286 33.870686 0.770000
v 26.108614 33.822018 0.170000
v 26.108614 33.822018 0.770000
v 26.047285 33.790768 0.170000
v 26.047285 33.790768 0.770000
v 25.979301 33.779999 0.170000
v 25.979301 33.779999 0.770000
v 25.911318 33.790768 0.170000
v 25.911318 33.790768 0.770000
v 25.849989 33.822018 0.170000
v 25.849989 33.822018 0.770000
v 25.801317 33.870686 0.170000
v 25.801317 33.870686 0.770000
v 25.770069 33.932014 0.170000
v 25.770069 33.932014 0.770000
v 25.759302 34.000000 0.170000
v 25.759302 34.000000 0.770000
v 25.770069 34.067986 0.170000
v 25.770069 34.067986 0.770000
v 25.801317 34.129314 0.170000
v 25.801317 34.129314 0.770000
v 25.849989 34.177982 0.170000
v 25.849989 34.177982 0.770000
v 25.911318 34.209232 0.170000
v 25.911318 34.209232 0.770000
v 25.979301 34.230000 0.170000
v 25.979301 34.230000 0.250000
v 26.067318 34.212494 0.170000
v 26.067318 34.212494 0.250000
v 26.141935 34.162636 0.170000
v 26.141935 34.162636 0.250000
v 26.191793 34.088017 0.170000
v 26.191793 34.088017 0.250000
v 26.209301 34.000000 0.170000
v 26.209301 34.000000 0.250000
v 26.191793 33.911983 0.170000
v 26.191793 33.911983 0.250000
v 26.141935 33.837364 0.170000
v 26.141935 33.837364 0.250000
v 26.067318 33.787506 0.170000
v 26.067318 33.787506 0.250000
v 25.979301 33.770000 0.170000
v 25.979301 33.770000 0.250000
v 25.891285 33.787506 0.170000
v 25.891285 33.787506 0.250000
v 25.816668 33.837364 0.170000
v 25.816668 33.837364 0.250000
v 25.766809 33.911983 0.170000
v 25.766809 33.911983 0.250000
v 25.749302 34.000000 0.170000
v 25.749302 34.000000 0.250000
v 25.766809 34.088017 0.170000
v 25.766809 34.088017 0.250000
v 25.816668 34.162636 0.170000
v 25.816668 34.162636 0.250000
v 25.891285 34.212494 0.170000
v 25.891285 34.212494 0.250000
v 25.979301 34.230000 0.770000
v 25.979301 34.230000 0.850000
v 26.067318 34.212494 0.770000
v 26.067318 34.212494 0.850000
v 26.141935 34.162636 0.770000
v 26.141935 34.162636 0.850000
v 26.191793 34.088017 0.770000
v 26.191793 34.088017 0.850000
v 26.209301 34.000000 0.770000
v 26.209301 34.000000 0.850000
v 26.191793 33.911983 0.770000
v 26.191793 33.911983 0.850000
v 26.141935 33.837364 0.770000
v 26.141935 33.837364 0.850000
v 26.067318 33.787506 0.770000
v 26.067318 33.787506 0.850000
v 25.979301 33.770000 0.770000
v 25.979301 33.770000 0.850000
v 25.891285 33.787506 0.770000
v 25.891285 33.787506 0.850000
v 25.816668 33.837364 0.770000
v 25.816668 33.837364 0.850000
v 25.766809 33.911983 0.770000
v 25.766809 33.911983 0.850000
v 25.749302 34.000000 0.770000
v 25.749302 34.000000 0.850000
v 25.766809 34.088017 0.770000
v 25.766809 34.088017 0.850000
v 25.816668 34.162636 0.770000
v 25.816668 34.162636 0.850000
v 25.891285 34.212494 0.770000
v 25.891285 34.212494 0.850000
v 25.869301 34.169998 0.430000
v 25.869301 34.169998 0.610000
v 25.869301 34.290001 0.430000
v 25.869301 34.290001 0.610000
v 26.089302 34.169998 0.430000
v 26.089302 34.169998 0.610000
v 26.089302 34.290001 0.430000
v 26.089302 34.290001 0.610000
v 26.429302 34.119999 0.370000
v 26.429302 34.119999 0.570000
v 26.489302 34.103924 0.370000
v 26.489302 34.103924 0.570000
v 26.533226 34.060001 0.370000
v 26.533226 34.060001 0.570000
v 26.549303 34.000000 0.370000
v 26.549303 34.000000 0.570000
v 26.533226 33.939999 0.370000
v 26.533226 33.939999 0.570000
v 26.489302 33.896076 0.370000
v 26.489302 33.896076 0.570000
v 26.429302 33.880001 0.370000
v 26.429302 33.880001 0.570000
v 26.369303 33.896076 0.370000
v 26.369303 33.896076 0.570000
v 26.325378 33.939999 0.370000
v 26.325378 33.939999 0.570000
v 26.309301 34.000000 0.370000
v 26.309301 34.000000 0.570000
v 26.325378 34.060001 0.370000
v 26.325378 34.060001 0.570000
v 26.369303 34.103924 0.370000
v 26.369303 34.103924 0.570000
v 26.504301 33.674999 0.170000
v 26.504301 33.674999 0.770000
v 26.504301 34.325001 0.170000
v 26.504301 34.325001 0.770000
v 27.154303 33.674999 0.170000
v 27.154303 33.674999 0.770000
v 27.154303 34.325001 0.170000
v 27.154303 34.325001 0.770000
v 26.829302 34.250000 1.070000
v 26.829302 34.250000 1.220000
v 26.924973 34.230968 1.070000
v 26.924973 34.230968 1.220000
v 27.006079 34.176777 1.070000
v 27.006079 34.176777 1.220000
v 27.060272 34.095673 1.070000
v 27.060272 34.095673 1.220000
v 27.079302 34.000000 1.070000
v 27.079302 34.000000 1.220000
v 27.060272 33.904327 1.070000
v 27.060272 33.904327 1.220000
v 27.006079 33.823223 1.070000
v 27.006079 33.823223 1.220000
v 26.924973 33.769032 1.070000
v 26.924973 33.769032 1.220000
v 26.829302 33.750000 1.070000
v 26.829302 33.750000 1.220000
v 26.733631 33.769032 1.070000
v 26.733631 33.769032 1.220000
v 26.652525 33.823223 1.070000
v 26.652525 33.823223 1.220000
v 26.598331 33.904327 1.070000
v 26.598331 33.904327 1.220000
v 26.579302 34.000000 1.070000
v 26.579302 34.000000 1.220000
v 26.598331 34.095673 1.070000
v 26.598331 34.095673 1.220000
v 26.652525 34.176777 1.070000
v 26.652525 34.176777 1.220000
v 26.733631 34.230968 1.070000
v 26.733631 34.230968 1.220000
v 26.984303 33.825001 0.545000
v 26.984303 33.825001 0.895000
v 26.984303 34.174999 0.545000
v 26.984303 34.174999 0.895000
v 27.334301 33.825001 0.545000
v 27.334301 33.825001 0.895000
v 27.334301 34.174999 0.545000
v 27.334301 34.174999 0.895000
v 30.899998 33.450001 -0.120000
v 30.899998 33.450001 0.000000
v 30.899998 34.549999 -0.120000
v 30.899998 34.549999 0.000000
v 33.099995 33.450001 -0.120000
v 33.099995 33.450001 0.000000
v 33.099995 34.549999 -0.120000
v 33.099995 34.549999 0.000000
v 30.949999 33.500000 0.120000
v 30.949999 33.500000 0.170000
v 30.949999 34.500000 0.120000
v 30.949999 34.500000 0.170000
v 33.049995 33.500000 0.120000
v 33.049995 33.500000 0.170000
v 33.049995 34.500000 0.120000
v 33.049995 34.500000 0.170000
v 31.549997 34.220001 0.170000
v 31.549997 34.220001 0.770000
v 31.617981 34.209232 0.170000
v 31.617981 34.209232 0.770000
v 31.679310 34.177982 0.170000
v 31.679310 34.177982 0.770000
v 31.727982 34.129314 0.170000
v 31.727982 34.129314 0.770000
v 31.759230 34.067986 0.170000
v 31.759230 34.067986 0.770000
v 31.769997 34.000000 0.170000
v 31.769997 34.000000 0.770000
v 31.759230 33.932014 0.170000
v 31.759230 33.932014 0.770000
v 31.727982 33.870686 0.170000
v 31.727982 33.870686 0.770000
v 31.679310 33.822018 0.170000
v 31.679310 33.822018 0.770000
v 31.617981 33.790768 0.170000
v 31.617981 33.790768 0.770000
v 31.549997 33.779999 0.170000
v 31.549997 33.779999 0.770000
v 31.482014 33.790768 0.170000
v 31.482014 33.790768 0.770000
v 31.420685 33.822018 0.170000
v 31.420685 33.822018 0.770000
v 31.372013 33.870686 0.170000
v 31.372013 33.870686 0.770000
v 31.340765 33.932014 0.170000
v 31.340765 33.932014 0.770000
v 31.329998 34.000000 0.170000
v 31.329998 34.000000 0.770000
v 31.340765 34.067986 0.170000
v 31.340765 34.067986 0.770000
v 31.372013 34.129314 0.170000
v 31.372013 34.129314 0.770000
v 31.420685 34.177982 0.170000
v 31.420685 34.177982 0.770000
v 31.482014 34.209232 0.170000
v 31.482014 34.209232 0.770000
v 31.549997 34.230000 0.170000
v 31.549997 34.230000 0.250000
v 31.638014 34.212494 0.170000
v 31.638014 34.212494 0.250000
v 31.712631 34.162636 0.170000
v 31.712631 34.162636 0.250000
v 31.762489 34.088017 0.170000
v 31.762489 34.088017 0.250000
v 31.779997 34.000000 0.170000
v 31.779997 34.000000 0.250000
v 31.762489 33.911983 0.170000
v 31.762489 33.911983 0.250000
v 31.712631 33.837364 0.170000
v 31.712631 33.837364 0.250000
v 31.638014 33.787506 0.170000
v 31.638014 33.787506 0.250000
v 31.549997 33.770000 0.170000
v 31.549997 33.770000 0.250000
v 31.461981 33.787506 0.170000
v 31.461981 33.787506 0.250000
v 31.387363 33.837364 0.170000
v 31.387363 33.837364 0.250000
v 31.337505 33.911983 0.170000
v 31.337505 33.911983 0.250000
v 31.319998 34.000000 0.170000
v 31.319998 34.000000 0.250000
v 31.337505 34.088017 0.170000
v 31.337505 34.088017 0.250000
v 31.387363 34.162636 0.170000
v 31.387363 34.162636 0.250000
v 31.461981 34.212494 0.170000
v 31.461981 34.212494 0.250000
v 31.549997 34.230000 0.770000
v 31.549997 34.230000 0.850000
v 31.638014 34.212494 0.770000
v 31.638014 34.212494 0.850000
v 31.712631 34.162636 0.770000
v 31.712631 34.162636 0.850000
v 31.762489 34.088017 0.770000
v 31.762489 34.088017 0.850000
v 31.779997 34.000000 0.770000
v 31.779997 34.000000 0.850000
v 31.762489 33.911983 0.770000
v 31.762489 33.911983 0.850000
v 31.712631 33.837364 0.770000
v 31.712631 33.837364 0.850000
v 31.638014 33.787506 0.770000
v 31.638014 33.787506 0.850000
v 31.549997 33.770000 0.770000
v 31.549997 33.770000 0.850000
v 31.461981 33.787506 0.770000
v 31.461981 33.787506 0.850000
v 31.387363 33.837364 0.770000
v 31.387363 33.837364 0.850000
v 31.337505 33.911983 0.770000
v 31.337505 33.911983 0.850000
v 31.319998 34.000000 0.770000
v 31.319998 34.000000 0.850000
v 31.337505 34.088017 0.770000
v 31.337505 34.088017 0.850000
v 31.387363 34.162636 0.770000
v 31.387363 34.162636 0.850000
v 31.461981 34.212494 0.770000
v 31.461981 34.212494 0.850000
v 31.439997 34.169998 0.430000
v 31.439997 34.169998 0.610000
v 31.439997 34.290001 0.430000
v 31.439997 34.290001 0.610000
v 31.659998 34.169998 0.430000
v 31.659998 34.169998 0.610000
v 31.659998 34.290001 0.430000
v 31.659998 34.290001 0.610000
v 31.999998 34.119999 0.370000
v 31.999998 34.119999 0.570000
v 32.059998 34.103924 0.370000
v 32.059998 34.103924 0.570000
v 32.103920 34.060001 0.370000
v 32.103920 34.060001 0.570000
v 32.119995 34.000000 0.370000
v 32.119995 34.000000 0.570000
v 32.103920 33.939999 0.370000
v 32.103920 33.939999 0.570000
v 32.059998 33.896076 0.370000
v 32.059998 33.896076 0.570000
v 31.999998 33.880001 0.370000
v 31.999998 33.880001 0.570000
v 31.939999 33.896076 0.370000
v 31.939999 33.896076 0.570000
v 31.896074 33.939999 0.370000
v 31.896074 33.939999 0.570000
v 31.879997 34.000000 0.370000
v 31.879997 34.000000 0.570000
v 31.896074 34.060001 0.370000
v 31.896074 34.060001 0.570000
v 31.939999 34.103924 0.370000
v 31.939999 34.103924 0.570000
v 32.075001 33.674999 0.170000
v 32.075001 33.674999 0.770000
v 32.075001 34.325001 0.170000
v 32.075001 34.325001 0.770000
v 32.725002 33.674999 0.170000
v 32.725002 33.674999 0.770000
v 32.725002 34.325001 0.170000
v 32.725002 34.325001 0.770000
v 32.400002 34.250000 1.070000
v 32.400002 34.250000 1.220000
v 32.495674 34.230968 1.070000
v 32.495674 34.230968 1.220000
v 32.576778 34.176777 1.070000
v 32.576778 34.176777 1.220000
v 32.630970 34.095673 1.070000
v 32.630970 34.095673 1.220000
v 32.650002 34.000000 1.070000
v 32.650002 34.000000 1.220000
v 32.630970 33.904327 1.070000
v 32.630970 33.904327 1.220000
v 32.576778 33.823223 1.070000
v 32.576778 33.823223 1.220000
v 32.495674 33.769032 1.070000
v 32.495674 33.769032 1.220000
v 32.400002 33.750000 1.070000
v 32.400002 33.750000 1.220000
v 32.304329 33.769032 1.070000
v 32.304329 33.769032 1.220000
v 32.223225 33.823223 1.070000
v 32.223225 33.823223 1.220000
v 32.169033 33.904327 1.070000
v 32.169033 33.904327 1.220000
v 32.150002 34.000000 1.070000
v 32.150002 34.000000 1.220000
v 32.169033 34.095673 1.070000
v 32.169033 34.095673 1.220000
v 32.223225 34.176777 1.070000
v 32.223225 34.176777 1.220000
v 32.304329 34.230968 1.070000
v 32.304329 34.230968 1.220000
v 32.555000 33.825001 0.545000
v 32.555000 33.825001 0.895000
v 32.555000 34.174999 0.545000
v 32.555000 34.174999 0.895000
v 32.904999 33.825001 0.545000
v 32.904999 33.825001 0.895000
v 32.904999 34.174999 0.545000
v 32.904999 34.174999 0.895000
v 40.879482 31.785240 0.000000
v 40.879482 31.785240 2.100000
v 40.879482 32.585243 0.000000
v 40.879482 32.585243 2.100000
v 41.479481 31.785240 0.000000
v 41.479481 31.785240 2.100000
v 41.479481 32.585243 0.000000
v 41.479481 32.585243 2.100000
v 41.489483 32.445244 0.960000
v 41.489483 32.445244 1.140000
v 41.489483 32.485245 0.960000
v 41.489483 32.485245 1.140000
v 41.529484 32.445244 0.960000
v 41.529484 32.445244 1.140000
v 41.529484 32.485245 0.960000
v 41.529484 32.485245 1.140000
v 41.489483 31.965240 1.323000
v 41.489483 31.965240 1.701000
v 41.489483 32.405243 1.323000
v 41.489483 32.405243 1.701000
v 41.499485 31.965240 1.323000
v 41.499485 31.965240 1.701000
v 41.499485 32.405243 1.323000
v 41.499485 32.405243 1.701000
v 41.494484 32.090244 1.155000
v 41.494484 32.090244 1.170000
v 41.512161 32.082920 1.155000
v 41.512161 32.082920 1.170000
v 41.519485 32.065243 1.155000
v 41.519485 32.065243 1.170000
v 41.512161 32.047565 1.155000
v 41.512161 32.047565 1.170000
v 41.494484 32.040241 1.155000
v 41.494484 32.040241 1.170000
v 41.476807 32.047565 1.155000
v 41.476807 32.047565 1.170000
v 41.469482 32.065243 1.155000
v 41.469482 32.065243 1.170000
v 41.476807 32.082920 1.155000
v 41.476807 32.082920 1.170000
v 41.494484 32.150246 1.155000
v 41.494484 32.150246 1.170000
v 41.512161 32.142921 1.155000
v 41.512161 32.142921 1.170000
v 41.519485 32.125244 1.155000
v 41.519485 32.125244 1.170000
v 41.512161 32.107567 1.155000
v 41.512161 32.107567 1.170000
v 41.494484 32.100243 1.155000
v 41.494484 32.100243 1.170000
v 41.476807 32.107567 1.155000
v 41.476807 32.107567 1.170000
v 41.469482 32.125244 1.155000
v 41.469482 32.125244 1.170000
v 41.476807 32.142921 1.155000
v 41.476807 32.142921 1.170000
v 40.879482 31.785240 2.110000
v 40.879482 31.785240 2.290000
v 40.879482 32.585243 2.110000
v 40.879482 32.585243 2.290000
v 41.479481 31.785240 2.110000
v 41.479481 31.785240 2.290000
v 41.479481 32.585243 2.110000
v 41.479481 32.585243 2.290000
v 40.919483 31.825241 0.010000
v 40.919483 31.825241 0.070000
v 40.919483 32.545242 0.010000
v 40.919483 32.545242 0.070000
v 41.439480 31.825241 0.010000
v 41.439480 31.825241 0.070000
v 41.439480 32.545242 0.010000
v 41.439480 32.545242 0.070000
v 40.879482 32.635242 0.000000
v 40.879482 32.635242 2.100000
v 40.879482 33.435246 0.000000
v 40.879482 33.435246 2.100000
v 41.479481 32.635242 0.000000
v 41.479481 32.635242 2.100000
v 41.479481 33.435246 0.000000
v 41.479481 33.435246 2.100000
v 41.489483 33.295242 0.960000
v 41.489483 33.295242 1.140000
v 41.489483 33.335243 0.960000
v 41.489483 33.335243 1.140000
v 41.529484 33.295242 0.960000
v 41.529484 33.295242 1.140000
v 41.529484 33.335243 0.960000
v 41.529484 33.335243 1.140000
v 41.489483 32.815243 1.323000
v 41.489483 32.815243 1.701000
v 41.489483 33.255245 1.323000
v 41.489483 33.255245 1.701000
v 41.499485 32.815243 1.323000
v 41.499485 32.815243 1.701000
v 41.499485 33.255245 1.323000
v 41.499485 33.255245 1.701000
v 41.494484 32.940243 1.155000
v 41.494484 32.940243 1.170000
v 41.512161 32.932919 1.155000
v 41.512161 32.932919 1.170000
v 41.519485 32.915241 1.155000
v 41.519485 32.915241 1.170000
v 41.512161 32.897564 1.155000
v 41.512161 32.897564 1.170000
v 41.494484 32.890240 1.155000
v 41.494484 32.890240 1.170000
v 41.476807 32.897564 1.155000
v 41.476807 32.897564 1.170000
v 41.469482 32.915241 1.155000
v 41.469482 32.915241 1.170000
v 41.476807 32.932919 1.155000
v 41.476807 32.932919 1.170000
v 41.494484 33.000244 1.155000
v 41.494484 33.000244 1.170000
v 41.512161 32.992920 1.155000
v 41.512161 32.992920 1.170000
v 41.519485 32.975243 1.155000
v 41.519485 32.975243 1.170000
v 41.512161 32.957565 1.155000
v 41.512161 32.957565 1.170000
v 41.494484 32.950241 1.155000
v 41.494484 32.950241 1.170000
v 41.476807 32.957565 1.155000
v 41.476807 32.957565 1.170000
v 41.469482 32.975243 1.155000
v 41.469482 32.975243 1.170000
v 41.476807 32.992920 1.155000
v 41.476807 32.992920 1.170000
v 40.879482 32.635242 2.110000
v 40.879482 32.635242 2.290000
v 40.879482 33.435246 2.110000
v 40.879482 33.435246 2.290000
v 41.479481 32.635242 2.110000
v 41.479481 32.635242 2.290000
v 41.479481 33.435246 2.110000
v 41.479481 33.435246 2.290000
v 40.919483 32.675243 0.010000
v 40.919483 32.675243 0.070000
v 40.919483 33.395245 0.010000
v 40.919483 33.395245 0.070000
v 41.439480 32.675243 0.010000
v 41.439480 32.675243 0.070000
v 41.439480 33.395245 0.010000
v 41.439480 33.395245 0.070000
v 40.879482 33.485241 0.000000
v 40.879482 33.485241 2.100000
v 40.879482 34.285244 0.000000
v 40.879482 34.285244 2.100000
v 41.479481 33.485241 0.000000
v 41.479481 33.485241 2.100000
v 41.479481 34.285244 0.000000
v 41.479481 34.285244 2.100000
v 41.489483 34.145241 0.960000
v 41.489483 34.145241 1.140000
v 41.489483 34.185242 0.960000
v 41.489483 34.185242 1.140000
v 41.529484 34.145241 0.960000
v 41.529484 34.145241 1.140000
v 41.529484 34.185242 0.960000
v 41.529484 34.185242 1.140000
v 41.489483 33.665241 1.323000
v 41.489483 33.665241 1.701000
v 41.489483 34.105244 1.323000
v 41.489483 34.105244 1.701000
v 41.499485 33.665241 1.323000
v 41.499485 33.665241 1.701000
v 41.499485 34.105244 1.323000
v 41.499485 34.105244 1.701000
v 41.494484 33.790245 1.155000
v 41.494484 33.790245 1.170000
v 41.512161 33.782921 1.155000
v 41.512161 33.782921 1.170000
v 41.519485 33.765244 1.155000
v 41.519485 33.765244 1.170000
v 41.512161 33.747566 1.155000
v 41.512161 33.747566 1.170000
v 41.494484 33.740242 1.155000
v 41.494484 33.740242 1.170000
v 41.476807 33.747566 1.155000
v 41.476807 33.747566 1.170000
v 41.469482 33.765244 1.155000
v 41.469482 33.765244 1.170000
v 41.476807 33.782921 1.155000
v 41.476807 33.782921 1.170000
v 41.494484 33.850243 1.155000
v 41.494484 33.850243 1.170000
v 41.512161 33.842918 1.155000
v 41.512161 33.842918 1.170000
v 41.519485 33.825241 1.155000
v 41.519485 33.825241 1.170000
v 41.512161 33.807564 1.155000
v 41.512161 33.807564 1.170000
v 41.494484 33.800240 1.155000
v 41.494484 33.800240 1.170000
v 41.476807 33.807564 1.155000
v 41.476807 33.807564 1.170000
v 41.469482 33.825241 1.155000
v 41.469482 33.825241 1.170000
v 41.476807 33.842918 1.155000
v 41.476807 33.842918 1.170000
v 40.879482 33.485241 2.110000
v 40.879482 33.485241 2.290000
v 40.879482 34.285244 2.110000
v 40.879482 34.285244 2.290000
v 41.479481 33.485241 2.110000
v 41.479481 33.485241 2.290000
v 41.479481 34.285244 2.110000
v 41.479481 34.285244 2.290000
v 40.919483 33.525242 0.010000
v 40.919483 33.525242 0.070000
v 40.919483 34.245243 0.010000
v 40.919483 34.245243 0.070000
v 41.439480 33.525242 0.010000
v 41.439480 33.525242 0.070000
v 41.439480 34.245243 0.010000
v 41.439480 34.245243 0.070000
v 40.879482 34.335239 0.000000
v 40.879482 34.335239 2.100000
v 40.879482 35.135242 0.000000
v 40.879482 35.135242 2.100000
v 41.479481 34.335239 0.000000
v 41.479481 34.335239 2.100000
v 41.479481 35.135242 0.000000
v 41.479481 35.135242 2.100000
v 41.489483 34.995243 0.960000
v 41.489483 34.995243 1.140000
v 41.489483 35.035244 0.960000
v 41.489483 35.035244 1.140000
v 41.529484 34.995243 0.960000
v 41.529484 34.995243 1.140000
v 41.529484 35.035244 0.960000
v 41.529484 35.035244 1.140000
v 41.489483 34.515240 1.323000
v 41.489483 34.515240 1.701000
v 41.489483 34.955242 1.323000
v 41.489483 34.955242 1.701000
v 41.499485 34.515240 1.323000
v 41.499485 34.515240 1.701000
v 41.499485 34.955242 1.323000
v 41.499485 34.955242 1.701000
v 41.494484 34.640244 1.155000
v 41.494484 34.640244 1.170000
v 41.512161 34.632919 1.155000
v 41.512161 34.632919 1.170000
v 41.519485 34.615242 1.155000
v 41.519485 34.615242 1.170000
v 41.512161 34.597565 1.155000
v 41.512161 34.597565 1.170000
v 41.494484 34.590240 1.155000
v 41.494484 34.590240 1.170000
v 41.476807 34.597565 1.155000
v 41.476807 34.597565 1.170000
v 41.469482 34.615242 1.155000
v 41.469482 34.615242 1.170000
v 41.476807 34.632919 1.155000
v 41.476807 34.632919 1.170000
v 41.494484 34.700245 1.155000
v 41.494484 34.700245 1.170000
v 41.512161 34.692921 1.155000
v 41.512161 34.692921 1.170000
v 41.519485 34.675243 1.155000
v 41.519485 34.675243 1.170000
v 41.512161 34.657566 1.155000
v 41.512161 34.657566 1.170000
v 41.494484 34.650242 1.155000
v 41.494484 34.650242 1.170000
v 41.476807 34.657566 1.155000
v 41.476807 34.657566 1.170000
v 41.469482 34.675243 1.155000
v 41.469482 34.675243 1.170000
v 41.476807 34.692921 1.155000
v 41.476807 34.692921 1.170000
v 40.879482 34.335239 2.110000
v 40.879482 34.335239 2.290000
v 40.879482 35.135242 2.110000
v 40.879482 35.135242 2.290000
v 41.479481 34.335239 2.110000
v 41.479481 34.335239 2.290000
v 41.479481 35.135242 2.110000
v 41.479481 35.135242 2.290000
v 40.919483 34.375240 0.010000
v 40.919483 34.375240 0.070000
v 40.919483 35.095242 0.010000
v 40.919483 35.095242 0.070000
v 41.439480 34.375240 0.010000
v 41.439480 34.375240 0.070000
v 41.439480 35.095242 0.010000
v 41.439480 35.095242 0.070000
v 40.879482 35.185242 0.000000
v 40.879482 35.185242 2.100000
v 40.879482 35.985245 0.000000
v 40.879482 35.985245 2.100000
v 41.479481 35.185242 0.000000
v 41.479481 35.185242 2.100000
v 41.479481 35.985245 0.000000
v 41.479481 35.985245 2.100000
v 41.489483 35.845242 0.960000
v 41.489483 35.845242 1.140000
v 41.489483 35.885242 0.960000
v 41.489483 35.885242 1.140000
v 41.529484 35.845242 0.960000
v 41.529484 35.845242 1.140000
v 41.529484 35.885242 0.960000
v 41.529484 35.885242 1.140000
v 41.489483 35.365242 1.323000
v 41.489483 35.365242 1.701000
v 41.489483 35.805244 1.323000
v 41.489483 35.805244 1.701000
v 41.499485 35.365242 1.323000
v 41.499485 35.365242 1.701000
v 41.499485 35.805244 1.323000
v 41.499485 35.805244 1.701000
v 41.494484 35.490246 1.155000
v 41.494484 35.490246 1.170000
v 41.512161 35.482922 1.155000
v 41.512161 35.482922 1.170000
v 41.519485 35.465244 1.155000
v 41.519485 35.465244 1.170000
v 41.512161 35.447567 1.155000
v 41.512161 35.447567 1.170000
v 41.494484 35.440243 1.155000
v 41.494484 35.440243 1.170000
v 41.476807 35.447567 1.155000
v 41.476807 35.447567 1.170000
v 41.469482 35.465244 1.155000
v 41.469482 35.465244 1.170000
v 41.476807 35.482922 1.155000
v 41.476807 35.482922 1.170000
v 41.494484 35.550243 1.155000
v 41.494484 35.550243 1.170000
v 41.512161 35.542919 1.155000
v 41.512161 35.542919 1.170000
v 41.519485 35.525242 1.155000
v 41.519485 35.525242 1.170000
v 41.512161 35.507565 1.155000
v 41.512161 35.507565 1.170000
v 41.494484 35.500240 1.155000
v 41.494484 35.500240 1.170000
v 41.476807 35.507565 1.155000
v 41.476807 35.507565 1.170000
v 41.469482 35.525242 1.155000
v 41.469482 35.525242 1.170000
v 41.476807 35.542919 1.155000
v 41.476807 35.542919 1.170000
v 40.879482 35.185242 2.110000
v 40.879482 35.185242 2.290000
v 40.879482 35.985245 2.110000
v 40.879482 35.985245 2.290000
v 41.479481 35.185242 2.110000
v 41.479481 35.185242 2.290000
v 41.479481 35.985245 2.110000
v 41.479481 35.985245 2.290000
v 40.919483 35.225243 0.010000
v 40.919483 35.225243 0.070000
v 40.919483 35.945244 0.010000
v 40.919483 35.945244 0.070000
v 41.439480 35.225243 0.010000
v 41.439480 35.225243 0.070000
v 41.439480 35.945244 0.010000
v 41.439480 35.945244 0.070000
v 40.879482 36.035240 0.000000
v 40.879482 36.035240 2.100000
v 40.879482 36.835243 0.000000
v 40.879482 36.835243 2.100000
v 41.479481 36.035240 0.000000
v 41.479481 36.035240 2.100000
v 41.479481 36.835243 0.000000
v 41.479481 36.835243 2.100000
v 41.489483 36.695244 0.960000
v 41.489483 36.695244 1.140000
v 41.489483 36.735245 0.960000
v 41.489483 36.735245 1.140000
v 41.529484 36.695244 0.960000
v 41.529484 36.695244 1.140000
v 41.529484 36.735245 0.960000
v 41.529484 36.735245 1.140000
v 41.489483 36.215240 1.323000
v 41.489483 36.215240 1.701000
v 41.489483 36.655243 1.323000
v 41.489483 36.655243 1.701000
v 41.499485 36.215240 1.323000
v 41.499485 36.215240 1.701000
v 41.499485 36.655243 1.323000
v 41.499485 36.655243 1.701000
v 41.494484 36.340244 1.155000
v 41.494484 36.340244 1.170000
v 41.512161 36.332920 1.155000
v 41.512161 36.332920 1.170000
v 41.519485 36.315243 1.155000
v 41.519485 36.315243 1.170000
v 41.512161 36.297565 1.155000
v 41.512161 36.297565 1.170000
v 41.494484 36.290241 1.155000
v 41.494484 36.290241 1.170000
v 41.476807 36.297565 1.155000
v 41.476807 36.297565 1.170000
v 41.469482 36.315243 1.155000
v 41.469482 36.315243 1.170000
v 41.476807 36.332920 1.155000
v 41.476807 36.332920 1.170000
v 41.494484 36.400246 1.155000
v 41.494484 36.400246 1.170000
v 41.512161 36.392921 1.155000
v 41.512161 36.392921 1.170000
v 41.519485 36.375244 1.155000
v 41.519485 36.375244 1.170000
v 41.512161 36.357567 1.155000
v 41.512161 36.357567 1.170000
v 41.494484 36.350243 1.155000
v 41.494484 36.350243 1.170000
v 41.476807 36.357567 1.155000
v 41.476807 36.357567 1.170000
v 41.469482 36.375244 1.155000
v 41.469482 36.375244 1.170000
v 41.476807 36.392921 1.155000
v 41.476807 36.392921 1.170000
v 40.879482 36.035240 2.110000
v 40.879482 36.035240 2.290000
v 40.879482 36.835243 2.110000
v 40.879482 36.835243 2.290000
v 41.479481 36.035240 2.110000
v 41.479481 36.035240 2.290000
v 41.479481 36.835243 2.110000
v 41.479481 36.835243 2.290000
v 40.919483 36.075241 0.010000
v 40.919483 36.075241 0.070000
v 40.919483 36.795242 0.010000
v 40.919483 36.795242 0.070000
v 41.439480 36.075241 0.010000
v 41.439480 36.075241 0.070000
v 41.439480 36.795242 0.010000
v 41.439480 36.795242 0.070000
v 40.879482 36.885242 0.000000
v 40.879482 36.885242 2.100000
v 40.879482 37.685246 0.000000
v 40.879482 37.685246 2.100000
v 41.479481 36.885242 0.000000
v 41.479481 36.885242 2.100000
v 41.479481 37.685246 0.000000
v 41.479481 37.685246 2.100000
v 41.489483 37.545242 0.960000
v 41.489483 37.545242 1.140000
v 41.489483 37.585243 0.960000
v 41.489483 37.585243 1.140000
v 41.529484 37.545242 0.960000
v 41.529484 37.545242 1.140000
v 41.529484 37.585243 0.960000
v 41.529484 37.585243 1.140000
v 41.489483 37.065243 1.323000
v 41.489483 37.065243 1.701000
v 41.489483 37.505245 1.323000
v 41.489483 37.505245 1.701000
v 41.499485 37.065243 1.323000
v 41.499485 37.065243 1.701000
v 41.499485 37.505245 1.323000
v 41.499485 37.505245 1.701000
v 41.494484 37.190243 1.155000
v 41.494484 37.190243 1.170000
v 41.512161 37.182919 1.155000
v 41.512161 37.182919 1.170000
v 41.519485 37.165241 1.155000
v 41.519485 37.165241 1.170000
v 41.512161 37.147564 1.155000
v 41.512161 37.147564 1.170000
v 41.494484 37.140240 1.155000
v 41.494484 37.140240 1.170000
v 41.476807 37.147564 1.155000
v 41.476807 37.147564 1.170000
v 41.469482 37.165241 1.155000
v 41.469482 37.165241 1.170000
v 41.476807 37.182919 1.155000
v 41.476807 37.182919 1.170000
v 41.494484 37.250244 1.155000
v 41.494484 37.250244 1.170000
v 41.512161 37.242920 1.155000
v 41.512161 37.242920 1.170000
v 41.519485 37.225243 1.155000
v 41.519485 37.225243 1.170000
v 41.512161 37.207565 1.155000
v 41.512161 37.207565 1.170000
v 41.494484 37.200241 1.155000
v 41.494484 37.200241 1.170000
v 41.476807 37.207565 1.155000
v 41.476807 37.207565 1.170000
v 41.469482 37.225243 1.155000
v 41.469482 37.225243 1.170000
v 41.476807 37.242920 1.155000
v 41.476807 37.242920 1.170000
v 40.879482 36.885242 2.110000
v 40.879482 36.885242 2.290000
v 40.879482 37.685246 2.110000
v 40.879482 37.685246 2.290000
v 41.479481 36.885242 2.110000
v 41.479481 36.885242 2.290000
v 41.479481 37.685246 2.110000
v 41.479481 37.685246 2.290000
v 40.919483 36.925243 0.010000
v 40.919483 36.925243 0.070000
v 40.919483 37.645245 0.010000
v 40.919483 37.645245 0.070000
v 41.439480 36.925243 0.010000
v 41.439480 36.925243 0.070000
v 41.439480 37.645245 0.010000
v 41.439480 37.645245 0.070000
v 40.879482 37.735241 0.000000
v 40.879482 37.735241 2.100000
v 40.879482 38.535244 0.000000
v 40.879482 38.535244 2.100000
v 41.479481 37.735241 0.000000
v 41.479481 37.735241 2.100000
v 41.479481 38.535244 0.000000
v 41.479481 38.535244 2.100000
v 41.610001 38.422497 1.050628
v 41.610001 38.422497 1.230628
v 41.610001 38.462498 1.050628
v 41.610001 38.462498 1.230628
v 41.650002 38.422497 1.050628
v 41.650002 38.422497 1.230628
v 41.650002 38.462498 1.050628
v 41.650002 38.462498 1.230628
v 41.494484 38.040245 1.155000
v 41.494484 38.040245 1.170000
v 41.512161 38.032921 1.155000
v 41.512161 38.032921 1.170000
v 41.519485 38.015244 1.155000
v 41.519485 38.015244 1.170000
v 41.512161 37.997566 1.155000
v 41.512161 37.997566 1.170000
v 41.494484 37.990242 1.155000
v 41.494484 37.990242 1.170000
v 41.476807 37.997566 1.155000
v 41.476807 37.997566 1.170000
v 41.469482 38.015244 1.155000
v 41.469482 38.015244 1.170000
v 41.476807 38.032921 1.155000
v 41.476807 38.032921 1.170000
v 41.494484 38.100243 1.155000
v 41.494484 38.100243 1.170000
v 41.512161 38.092918 1.155000
v 41.512161 38.092918 1.170000
v 41.519485 38.075241 1.155000
v 41.519485 38.075241 1.170000
v 41.512161 38.057564 1.155000
v 41.512161 38.057564 1.170000
v 41.494484 38.050240 1.155000
v 41.494484 38.050240 1.170000
v 41.476807 38.057564 1.155000
v 41.476807 38.057564 1.170000
v 41.469482 38.075241 1.155000
v 41.469482 38.075241 1.170000
v 41.476807 38.092918 1.155000
v 41.476807 38.092918 1.170000
v 40.879482 37.735241 2.110000
v 40.879482 37.735241 2.290000
v 40.879482 38.535244 2.110000
v 40.879482 38.535244 2.290000
v 41.479481 37.735241 2.110000
v 41.479481 37.735241 2.290000
v 41.479481 38.535244 2.110000
v 41.479481 38.535244 2.290000
v 40.919483 37.775242 0.010000
v 40.919483 37.775242 0.070000
v 40.919483 38.495243 0.010000
v 40.919483 38.495243 0.070000
v 41.439480 37.775242 0.010000
v 41.439480 37.775242 0.070000
v 41.439480 38.495243 0.010000
v 41.439480 38.495243 0.070000
v 47.700001 23.650002 0.000000
v 47.700001 23.650002 2.000000
v 47.700001 24.350002 0.000000
v 47.700001 24.350002 2.000000
v 48.200001 23.650002 0.000000
v 48.200001 23.650002 2.000000
v 48.200001 24.350002 0.000000
v 48.200001 24.350002 2.000000
v 47.680000 23.700003 1.000000
v 47.680000 23.700003 1.800000
v 47.680000 24.300001 1.000000
v 47.680000 24.300001 1.800000
v 47.699997 23.700003 1.000000
v 47.699997 23.700003 1.800000
v 47.699997 24.300001 1.000000
v 47.699997 24.300001 1.800000
v 47.680000 23.865002 1.550000
v 47.680000 23.865002 1.560000
v 47.690605 23.860609 1.550000
v 47.690605 23.860609 1.560000
v 47.695000 23.850002 1.550000
v 47.695000 23.850002 1.560000
v 47.690605 23.839396 1.550000
v 47.690605 23.839396 1.560000
v 47.680000 23.835003 1.550000
v 47.680000 23.835003 1.560000
v 47.669395 23.839396 1.550000
v 47.669395 23.839396 1.560000
v 47.665001 23.850002 1.550000
v 47.665001 23.850002 1.560000
v 47.669395 23.860609 1.550000
v 47.669395 23.860609 1.560000
v 47.680000 23.965002 1.550000
v 47.680000 23.965002 1.560000
v 47.690605 23.960609 1.550000
v 47.690605 23.960609 1.560000
v 47.695000 23.950003 1.550000
v 47.695000 23.950003 1.560000
v 47.690605 23.939396 1.550000
v 47.690605 23.939396 1.560000
v 47.680000 23.935003 1.550000
v 47.680000 23.935003 1.560000
v 47.669395 23.939396 1.550000
v 47.669395 23.939396 1.560000
v 47.665001 23.950003 1.550000
v 47.665001 23.950003 1.560000
v 47.669395 23.960609 1.550000
v 47.669395 23.960609 1.560000
v 47.680000 24.065001 1.550000
v 47.680000 24.065001 1.560000
v 47.690605 24.060608 1.550000
v 47.690605 24.060608 1.560000
v 47.695000 24.050001 1.550000
v 47.695000 24.050001 1.560000
v 47.690605 24.039394 1.550000
v 47.690605 24.039394 1.560000
v 47.680000 24.035002 1.550000
v 47.680000 24.035002 1.560000
v 47.669395 24.039394 1.550000
v 47.669395 24.039394 1.560000
v 47.665001 24.050001 1.550000
v 47.665001 24.050001 1.560000
v 47.669395 24.060608 1.550000
v 47.669395 24.060608 1.560000
v 47.680000 24.165001 1.550000
v 47.680000 24.165001 1.560000
v 47.690605 24.160608 1.550000
v 47.690605 24.160608 1.560000
v 47.695000 24.150002 1.550000
v 47.695000 24.150002 1.560000
v 47.690605 24.139395 1.550000
v 47.690605 24.139395 1.560000
v 47.680000 24.135002 1.550000
v 47.680000 24.135002 1.560000
v 47.669395 24.139395 1.550000
v 47.669395 24.139395 1.560000
v 47.665001 24.150002 1.550000
v 47.665001 24.150002 1.560000
v 47.669395 24.160608 1.550000
v 47.669395 24.160608 1.560000
v 47.680000 24.235001 1.550000
v 47.680000 24.235001 1.560000
v 47.690605 24.230608 1.550000
v 47.690605 24.230608 1.560000
v 47.695000 24.220001 1.550000
v 47.695000 24.220001 1.560000
v 47.690605 24.209394 1.550000
v 47.690605 24.209394 1.560000
v 47.680000 24.205002 1.550000
v 47.680000 24.205002 1.560000
v 47.669395 24.209394 1.550000
v 47.669395 24.209394 1.560000
v 47.665001 24.220001 1.550000
v 47.665001 24.220001 1.560000
v 47.669395 24.230608 1.550000
v 47.669395 24.230608 1.560000
v 47.680000 24.040003 1.200000
v 47.680000 24.040003 1.230000
v 47.703510 24.032362 1.200000
v 47.703510 24.032362 1.230000
v 47.718044 24.012363 1.200000
v 47.718044 24.012363 1.230000
v 47.718044 23.987640 1.200000
v 47.718044 23.987640 1.230000
v 47.703510 23.967642 1.200000
v 47.703510 23.967642 1.230000
v 47.680000 23.960001 1.200000
v 47.680000 23.960001 1.230000
v 47.656490 23.967642 1.200000
v 47.656490 23.967642 1.230000
v 47.641956 23.987640 1.200000
v 47.641956 23.987640 1.230000
v 47.641956 24.012363 1.200000
v 47.641956 24.012363 1.230000
v 47.656490 24.032362 1.200000
v 47.656490 24.032362 1.230000
v 47.700001 24.400002 0.000000
v 47.700001 24.400002 2.000000
v 47.700001 25.100002 0.000000
v 47.700001 25.100002 2.000000
v 48.200001 24.400002 0.000000
v 48.200001 24.400002 2.000000
v 48.200001 25.100002 0.000000
v 48.200001 25.100002 2.000000
v 47.680000 24.450003 1.000000
v 47.680000 24.450003 1.800000
v 47.680000 25.050001 1.000000
v 47.680000 25.050001 1.800000
v 47.699997 24.450003 1.000000
v 47.699997 24.450003 1.800000
v 47.699997 25.050001 1.000000
v 47.699997 25.050001 1.800000
v 47.680000 24.615002 1.550000
v 47.680000 24.615002 1.560000
v 47.690605 24.610609 1.550000
v 47.690605 24.610609 1.560000
v 47.695000 24.600002 1.550000
v 47.695000 24.600002 1.560000
v 47.690605 24.589396 1.550000
v 47.690605 24.589396 1.560000
v 47.680000 24.585003 1.550000
v 47.680000 24.585003 1.560000
v 47.669395 24.589396 1.550000
v 47.669395 24.589396 1.560000
v 47.665001 24.600002 1.550000
v 47.665001 24.600002 1.560000
v 47.669395 24.610609 1.550000
v 47.669395 24.610609 1.560000
v 47.680000 24.715002 1.550000
v 47.680000 24.715002 1.560000
v 47.690605 24.710609 1.550000
v 47.690605 24.710609 1.560000
v 47.695000 24.700003 1.550000
v 47.695000 24.700003 1.560000
v 47.690605 24.689396 1.550000
v 47.690605 24.689396 1.560000
v 47.680000 24.685003 1.550000
v 47.680000 24.685003 1.560000
v 47.669395 24.689396 1.550000
v 47.669395 24.689396 1.560000
v 47.665001 24.700003 1.550000
v 47.665001 24.700003 1.560000
v 47.669395 24.710609 1.550000
v 47.669395 24.710609 1.560000
v 47.680000 24.815001 1.550000
v 47.680000 24.815001 1.560000
v 47.690605 24.810608 1.550000
v 47.690605 24.810608 1.560000
v 47.695000 24.800001 1.550000
v 47.695000 24.800001 1.560000
v 47.690605 24.789394 1.550000
v 47.690605 24.789394 1.560000
v 47.680000 24.785002 1.550000
v 47.680000 24.785002 1.560000
v 47.669395 24.789394 1.550000
v 47.669395 24.789394 1.560000
v 47.665001 24.800001 1.550000
v 47.665001 24.800001 1.560000
v 47.669395 24.810608 1.550000
v 47.669395 24.810608 1.560000
v 47.680000 24.915001 1.550000
v 47.680000 24.915001 1.560000
v 47.690605 24.910608 1.550000
v 47.690605 24.910608 1.560000
v 47.695000 24.900002 1.550000
v 47.695000 24.900002 1.560000
v 47.690605 24.889395 1.550000
v 47.690605 24.889395 1.560000
v 47.680000 24.885002 1.550000
v 47.680000 24.885002 1.560000
v 47.669395 24.889395 1.550000
v 47.669395 24.889395 1.560000
v 47.665001 24.900002 1.550000
v 47.665001 24.900002 1.560000
v 47.669395 24.910608 1.550000
v 47.669395 24.910608 1.560000
v 47.680000 24.985001 1.550000
v 47.680000 24.985001 1.560000
v 47.690605 24.980608 1.550000
v 47.690605 24.980608 1.560000
v 47.695000 24.970001 1.550000
v 47.695000 24.970001 1.560000
v 47.690605 24.959394 1.550000
v 47.690605 24.959394 1.560000
v 47.680000 24.955002 1.550000
v 47.680000 24.955002 1.560000
v 47.669395 24.959394 1.550000
v 47.669395 24.959394 1.560000
v 47.665001 24.970001 1.550000
v 47.665001 24.970001 1.560000
v 47.669395 24.980608 1.550000
v 47.669395 24.980608 1.560000
v 47.680000 24.790003 1.200000
v 47.680000 24.790003 1.230000
v 47.703510 24.782362 1.200000
v 47.703510 24.782362 1.230000
v 47.718044 24.762363 1.200000
v 47.718044 24.762363 1.230000
v 47.718044 24.737640 1.200000
v 47.718044 24.737640 1.230000
v 47.703510 24.717642 1.200000
v 47.703510 24.717642 1.230000
v 47.680000 24.710001 1.200000
v 47.680000 24.710001 1.230000
v 47.656490 24.717642 1.200000
v 47.656490 24.717642 1.230000
v 47.641956 24.737640 1.200000
v 47.641956 24.737640 1.230000
v 47.641956 24.762363 1.200000
v 47.641956 24.762363 1.230000
v 47.656490 24.782362 1.200000
v 47.656490 24.782362 1.230000
v 47.700001 25.150002 0.000000
v 47.700001 25.150002 2.000000
v 47.700001 25.850002 0.000000
v 47.700001 25.850002 2.000000
v 48.200001 25.150002 0.000000
v 48.200001 25.150002 2.000000
v 48.200001 25.850002 0.000000
v 48.200001 25.850002 2.000000
v 47.680000 25.200003 1.000000
v 47.680000 25.200003 1.800000
v 47.680000 25.800001 1.000000
v 47.680000 25.800001 1.800000
v 47.699997 25.200003 1.000000
v 47.699997 25.200003 1.800000
v 47.699997 25.800001 1.000000
v 47.699997 25.800001 1.800000
v 47.680000 25.365002 1.550000
v 47.680000 25.365002 1.560000
v 47.690605 25.360609 1.550000
v 47.690605 25.360609 1.560000
v 47.695000 25.350002 1.550000
v 47.695000 25.350002 1.560000
v 47.690605 25.339396 1.550000
v 47.690605 25.339396 1.560000
v 47.680000 25.335003 1.550000
v 47.680000 25.335003 1.560000
v 47.669395 25.339396 1.550000
v 47.669395 25.339396 1.560000
v 47.665001 25.350002 1.550000
v 47.665001 25.350002 1.560000
v 47.669395 25.360609 1.550000
v 47.669395 25.360609 1.560000
v 47.680000 25.465002 1.550000
v 47.680000 25.465002 1.560000
v 47.690605 25.460609 1.550000
v 47.690605 25.460609 1.560000
v 47.695000 25.450003 1.550000
v 47.695000 25.450003 1.560000
v 47.690605 25.439396 1.550000
v 47.690605 25.439396 1.560000
v 47.680000 25.435003 1.550000
v 47.680000 25.435003 1.560000
v 47.669395 25.439396 1.550000
v 47.669395 25.439396 1.560000
v 47.665001 25.450003 1.550000
v 47.665001 25.450003 1.560000
v 47.669395 25.460609 1.550000
v 47.669395 25.460609 1.560000
v 47.680000 25.565001 1.550000
v 47.680000 25.565001 1.560000
v 47.690605 25.560608 1.550000
v 47.690605 25.560608 1.560000
v 47.695000 25.550001 1.550000
v 47.695000 25.550001 1.560000
v 47.690605 25.539394 1.550000
v 47.690605 25.539394 1.560000
v 47.680000 25.535002 1.550000
v 47.680000 25.535002 1.560000
v 47.669395 25.539394 1.550000
v 47.669395 25.539394 1.560000
v 47.665001 25.550001 1.550000
v 47.665001 25.550001 1.560000
v 47.669395 25.560608 1.550000
v 47.669395 25.560608 1.560000
v 47.680000 25.665001 1.550000
v 47.680000 25.665001 1.560000
v 47.690605 25.660608 1.550000
v 47.690605 25.660608 1.560000
v 47.695000 25.650002 1.550000
v 47.695000 25.650002 1.560000
v 47.690605 25.639395 1.550000
v 47.690605 25.639395 1.560000
v 47.680000 25.635002 1.550000
v 47.680000 25.635002 1.560000
v 47.669395 25.639395 1.550000
v 47.669395 25.639395 1.560000
v 47.665001 25.650002 1.550000
v 47.665001 25.650002 1.560000
v 47.669395 25.660608 1.550000
v 47.669395 25.660608 1.560000
v 47.680000 25.735001 1.550000
v 47.680000 25.735001 1.560000
v 47.690605 25.730608 1.550000
v 47.690605 25.730608 1.560000
v 47.695000 25.720001 1.550000
v 47.695000 25.720001 1.560000
v 47.690605 25.709394 1.550000
v 47.690605 25.709394 1.560000
v 47.680000 25.705002 1.550000
v 47.680000 25.705002 1.560000
v 47.669395 25.709394 1.550000
v 47.669395 25.709394 1.560000
v 47.665001 25.720001 1.550000
v 47.665001 25.720001 1.560000
v 47.669395 25.730608 1.550000
v 47.669395 25.730608 1.560000
v 47.680000 25.540003 1.200000
v 47.680000 25.540003 1.230000
v 47.703510 25.532362 1.200000
v 47.703510 25.532362 1.230000
v 47.718044 25.512363 1.200000
v 47.718044 25.512363 1.230000
v 47.718044 25.487640 1.200000
v 47.718044 25.487640 1.230000
v 47.703510 25.467642 1.200000
v 47.703510 25.467642 1.230000
v 47.680000 25.460001 1.200000
v 47.680000 25.460001 1.230000
v 47.656490 25.467642 1.200000
v 47.656490 25.467642 1.230000
v 47.641956 25.487640 1.200000
v 47.641956 25.487640 1.230000
v 47.641956 25.512363 1.200000
v 47.641956 25.512363 1.230000
v 47.656490 25.532362 1.200000
v 47.656490 25.532362 1.230000
v 47.700001 25.900002 0.000000
v 47.700001 25.900002 2.000000
v 47.700001 26.600002 0.000000
v 47.700001 26.600002 2.000000
v 48.200001 25.900002 0.000000
v 48.200001 25.900002 2.000000
v 48.200001 26.600002 0.000000
v 48.200001 26.600002 2.000000
v 47.680000 25.950003 1.000000
v 47.680000 25.950003 1.800000
v 47.680000 26.550001 1.000000
v 47.680000 26.550001 1.800000
v 47.699997 25.950003 1.000000
v 47.699997 25.950003 1.800000
v 47.699997 26.550001 1.000000
v 47.699997 26.550001 1.800000
v 47.680000 26.115002 1.550000
v 47.680000 26.115002 1.560000
v 47.690605 26.110609 1.550000
v 47.690605 26.110609 1.560000
v 47.695000 26.100002 1.550000
v 47.695000 26.100002 1.560000
v 47.690605 26.089396 1.550000
v 47.690605 26.089396 1.560000
v 47.680000 26.085003 1.550000
v 47.680000 26.085003 1.560000
v 47.669395 26.089396 1.550000
v 47.669395 26.089396 1.560000
v 47.665001 26.100002 1.550000
v 47.665001 26.100002 1.560000
v 47.669395 26.110609 1.550000
v 47.669395 26.110609 1.560000
v 47.680000 26.215002 1.550000
v 47.680000 26.215002 1.560000
v 47.690605 26.210609 1.550000
v 47.690605 26.210609 1.560000
v 47.695000 26.200003 1.550000
v 47.695000 26.200003 1.560000
v 47.690605 26.189396 1.550000
v 47.690605 26.189396 1.560000
v 47.680000 26.185003 1.550000
v 47.680000 26.185003 1.560000
v 47.669395 26.189396 1.550000
v 47.669395 26.189396 1.560000
v 47.665001 26.200003 1.550000
v 47.665001 26.200003 1.560000
v 47.669395 26.210609 1.550000
v 47.669395 26.210609 1.560000
v 47.680000 26.315001 1.550000
v 47.680000 26.315001 1.560000
v 47.690605 26.310608 1.550000
v 47.690605 26.310608 1.560000
v 47.695000 26.300001 1.550000
v 47.695000 26.300001 1.560000
v 47.690605 26.289394 1.550000
v 47.690605 26.289394 1.560000
v 47.680000 26.285002 1.550000
v 47.680000 26.285002 1.560000
v 47.669395 26.289394 1.550000
v 47.669395 26.289394 1.560000
v 47.665001 26.300001 1.550000
v 47.665001 26.300001 1.560000
v 47.669395 26.310608 1.550000
v 47.669395 26.310608 1.560000
v 47.680000 26.415001 1.550000
v 47.680000 26.415001 1.560000
v 47.690605 26.410608 1.550000
v 47.690605 26.410608 1.560000
v 47.695000 26.400002 1.550000
v 47.695000 26.400002 1.560000
v 47.690605 26.389395 1.550000
v 47.690605 26.389395 1.560000
v 47.680000 26.385002 1.550000
v 47.680000 26.385002 1.560000
v 47.669395 26.389395 1.550000
v 47.669395 26.389395 1.560000
v 47.665001 26.400002 1.550000
v 47.665001 26.400002 1.560000
v 47.669395 26.410608 1.550000
v 47.669395 26.410608 1.560000
v 47.680000 26.485001 1.550000
v 47.680000 26.485001 1.560000
v 47.690605 26.480608 1.550000
v 47.690605 26.480608 1.560000
v 47.695000 26.470001 1.550000
v 47.695000 26.470001 1.560000
v 47.690605 26.459394 1.550000
v 47.690605 26.459394 1.560000
v 47.680000 26.455002 1.550000
v 47.680000 26.455002 1.560000
v 47.669395 26.459394 1.550000
v 47.669395 26.459394 1.560000
v 47.665001 26.470001 1.550000
v 47.665001 26.470001 1.560000
v 47.669395 26.480608 1.550000
v 47.669395 26.480608 1.560000
v 47.680000 26.290003 1.200000
v 47.680000 26.290003 1.230000
v 47.703510 26.282362 1.200000
v 47.703510 26.282362 1.230000
v 47.718044 26.262363 1.200000
v 47.718044 26.262363 1.230000
v 47.718044 26.237640 1.200000
v 47.718044 26.237640 1.230000
v 47.703510 26.217642 1.200000
v 47.703510 26.217642 1.230000
v 47.680000 26.210001 1.200000
v 47.680000 26.210001 1.230000
v 47.656490 26.217642 1.200000
v 47.656490 26.217642 1.230000
v 47.641956 26.237640 1.200000
v 47.641956 26.237640 1.230000
v 47.641956 26.262363 1.200000
v 47.641956 26.262363 1.230000
v 47.656490 26.282362 1.200000
v 47.656490 26.282362 1.230000
v 47.700001 26.650002 0.000000
v 47.700001 26.650002 2.000000
v 47.700001 27.350002 0.000000
v 47.700001 27.350002 2.000000
v 48.200001 26.650002 0.000000
v 48.200001 26.650002 2.000000
v 48.200001 27.350002 0.000000
v 48.200001 27.350002 2.000000
v 47.680000 26.700003 1.000000
v 47.680000 26.700003 1.800000
v 47.680000 27.300001 1.000000
v 47.680000 27.300001 1.800000
v 47.699997 26.700003 1.000000
v 47.699997 26.700003 1.800000
v 47.699997 27.300001 1.000000
v 47.699997 27.300001 1.800000
v 47.680000 26.865002 1.550000
v 47.680000 26.865002 1.560000
v 47.690605 26.860609 1.550000
v 47.690605 26.860609 1.560000
v 47.695000 26.850002 1.550000
v 47.695000 26.850002 1.560000
v 47.690605 26.839396 1.550000
v 47.690605 26.839396 1.560000
v 47.680000 26.835003 1.550000
v 47.680000 26.835003 1.560000
v 47.669395 26.839396 1.550000
v 47.669395 26.839396 1.560000
v 47.665001 26.850002 1.550000
v 47.665001 26.850002 1.560000
v 47.669395 26.860609 1.550000
v 47.669395 26.860609 1.560000
v 47.680000 26.965002 1.550000
v 47.680000 26.965002 1.560000
v 47.690605 26.960609 1.550000
v 47.690605 26.960609 1.560000
v 47.695000 26.950003 1.550000
v 47.695000 26.950003 1.560000
v 47.690605 26.939396 1.550000
v 47.690605 26.939396 1.560000
v 47.680000 26.935003 1.550000
v 47.680000 26.935003 1.560000
v 47.669395 26.939396 1.550000
v 47.669395 26.939396 1.560000
v 47.665001 26.950003 1.550000
v 47.665001 26.950003 1.560000
v 47.669395 26.960609 1.550000
v 47.669395 26.960609 1.560000
v 47.680000 27.065001 1.550000
v 47.680000 27.065001 1.560000
v 47.690605 27.060608 1.550000
v 47.690605 27.060608 1.560000
v 47.695000 27.050001 1.550000
v 47.695000 27.050001 1.560000
v 47.690605 27.039394 1.550000
v 47.690605 27.039394 1.560000
v 47.680000 27.035002 1.550000
v 47.680000 27.035002 1.560000
v 47.669395 27.039394 1.550000
v 47.669395 27.039394 1.560000
v 47.665001 27.050001 1.550000
v 47.665001 27.050001 1.560000
v 47.669395 27.060608 1.550000
v 47.669395 27.060608 1.560000
v 47.680000 27.165001 1.550000
v 47.680000 27.165001 1.560000
v 47.690605 27.160608 1.550000
v 47.690605 27.160608 1.560000
v 47.695000 27.150002 1.550000
v 47.695000 27.150002 1.560000
v 47.690605 27.139395 1.550000
v 47.690605 27.139395 1.560000
v 47.680000 27.135002 1.550000
v 47.680000 27.135002 1.560000
v 47.669395 27.139395 1.550000
v 47.669395 27.139395 1.560000
v 47.665001 27.150002 1.550000
v 47.665001 27.150002 1.560000
v 47.669395 27.160608 1.550000
v 47.669395 27.160608 1.560000
v 47.680000 27.235001 1.550000
v 47.680000 27.235001 1.560000
v 47.690605 27.230608 1.550000
v 47.690605 27.230608 1.560000
v 47.695000 27.220001 1.550000
v 47.695000 27.220001 1.560000
v 47.690605 27.209394 1.550000
v 47.690605 27.209394 1.560000
v 47.680000 27.205002 1.550000
v 47.680000 27.205002 1.560000
v 47.669395 27.209394 1.550000
v 47.669395 27.209394 1.560000
v 47.665001 27.220001 1.550000
v 47.665001 27.220001 1.560000
v 47.669395 27.230608 1.550000
v 47.669395 27.230608 1.560000
v 47.680000 27.040003 1.200000
v 47.680000 27.040003 1.230000
v 47.703510 27.032362 1.200000
v 47.703510 27.032362 1.230000
v 47.718044 27.012363 1.200000
v 47.718044 27.012363 1.230000
v 47.718044 26.987640 1.200000
v 47.718044 26.987640 1.230000
v 47.703510 26.967642 1.200000
v 47.703510 26.967642 1.230000
v 47.680000 26.960001 1.200000
v 47.680000 26.960001 1.230000
v 47.656490 26.967642 1.200000
v 47.656490 26.967642 1.230000
v 47.641956 26.987640 1.200000
v 47.641956 26.987640 1.230000
v 47.641956 27.012363 1.200000
v 47.641956 27.012363 1.230000
v 47.656490 27.032362 1.200000
v 47.656490 27.032362 1.230000
v 47.700001 27.400002 0.000000
v 47.700001 27.400002 2.000000
v 47.700001 28.100002 0.000000
v 47.700001 28.100002 2.000000
v 48.200001 27.400002 0.000000
v 48.200001 27.400002 2.000000
v 48.200001 28.100002 0.000000
v 48.200001 28.100002 2.000000
v 47.680000 27.450003 1.000000
v 47.680000 27.450003 1.800000
v 47.680000 28.050001 1.000000
v 47.680000 28.050001 1.800000
v 47.699997 27.450003 1.000000
v 47.699997 27.450003 1.800000
v 47.699997 28.050001 1.000000
v 47.699997 28.050001 1.800000
v 47.680000 27.615002 1.550000
v 47.680000 27.615002 1.560000
v 47.690605 27.610609 1.550000
v 47.690605 27.610609 1.560000
v 47.695000 27.600002 1.550000
v 47.695000 27.600002 1.560000
v 47.690605 27.589396 1.550000
v 47.690605 27.589396 1.560000
v 47.680000 27.585003 1.550000
v 47.680000 27.585003 1.560000
v 47.669395 27.589396 1.550000
v 47.669395 27.589396 1.560000
v 47.665001 27.600002 1.550000
v 47.665001 27.600002 1.560000
v 47.669395 27.610609 1.550000
v 47.669395 27.610609 1.560000
v 47.680000 27.715002 1.550000
v 47.680000 27.715002 1.560000
v 47.690605 27.710609 1.550000
v 47.690605 27.710609 1.560000
v 47.695000 27.700003 1.550000
v 47.695000 27.700003 1.560000
v 47.690605 27.689396 1.550000
v 47.690605 27.689396 1.560000
v 47.680000 27.685003 1.550000
v 47.680000 27.685003 1.560000
v 47.669395 27.689396 1.550000
v 47.669395 27.689396 1.560000
v 47.665001 27.700003 1.550000
v 47.665001 27.700003 1.560000
v 47.669395 27.710609 1.550000
v 47.669395 27.710609 1.560000
v 47.680000 27.815001 1.550000
v 47.680000 27.815001 1.560000
v 47.690605 27.810608 1.550000
v 47.690605 27.810608 1.560000
v 47.695000 27.800001 1.550000
v 47.695000 27.800001 1.560000
v 47.690605 27.789394 1.550000
v 47.690605 27.789394 1.560000
v 47.680000 27.785002 1.550000
v 47.680000 27.785002 1.560000
v 47.669395 27.789394 1.550000
v 47.669395 27.789394 1.560000
v 47.665001 27.800001 1.550000
v 47.665001 27.800001 1.560000
v 47.669395 27.810608 1.550000
v 47.669395 27.810608 1.560000
v 47.680000 27.915001 1.550000
v 47.680000 27.915001 1.560000
v 47.690605 27.910608 1.550000
v 47.690605 27.910608 1.560000
v 47.695000 27.900002 1.550000
v 47.695000 27.900002 1.560000
v 47.690605 27.889395 1.550000
v 47.690605 27.889395 1.560000
v 47.680000 27.885002 1.550000
v 47.680000 27.885002 1.560000
v 47.669395 27.889395 1.550000
v 47.669395 27.889395 1.560000
v 47.665001 27.900002 1.550000
v 47.665001 27.900002 1.560000
v 47.669395 27.910608 1.550000
v 47.669395 27.910608 1.560000
v 47.680000 27.985001 1.550000
v 47.680000 27.985001 1.560000
v 47.690605 27.980608 1.550000
v 47.690605 27.980608 1.560000
v 47.695000 27.970001 1.550000
v 47.695000 27.970001 1.560000
v 47.690605 27.959394 1.550000
v 47.690605 27.959394 1.560000
v 47.680000 27.955002 1.550000
v 47.680000 27.955002 1.560000
v 47.669395 27.959394 1.550000
v 47.669395 27.959394 1.560000
v 47.665001 27.970001 1.550000
v 47.665001 27.970001 1.560000
v 47.669395 27.980608 1.550000
v 47.669395 27.980608 1.560000
v 47.680000 27.790003 1.200000
v 47.680000 27.790003 1.230000
v 47.703510 27.782362 1.200000
v 47.703510 27.782362 1.230000
v 47.718044 27.762363 1.200000
v 47.718044 27.762363 1.230000
v 47.718044 27.737640 1.200000
v 47.718044 27.737640 1.230000
v 47.703510 27.717642 1.200000
v 47.703510 27.717642 1.230000
v 47.680000 27.710001 1.200000
v 47.680000 27.710001 1.230000
v 47.656490 27.717642 1.200000
v 47.656490 27.717642 1.230000
v 47.641956 27.737640 1.200000
v 47.641956 27.737640 1.230000
v 47.641956 27.762363 1.200000
v 47.641956 27.762363 1.230000
v 47.656490 27.782362 1.200000
v 47.656490 27.782362 1.230000
v 11.464526 11.540001 0.100000
v 11.464526 11.540001 1.300000
v 11.464526 12.460001 0.100000
v 11.464526 12.460001 1.300000
v 12.584527 11.540001 0.100000
v 12.584527 11.540001 1.300000
v 12.584527 12.460001 0.100000
v 12.584527 12.460001 1.300000
v 13.349999 11.450001 0.000000
v 13.349999 11.450001 0.100000
v 13.349999 12.550001 0.000000
v 13.349999 12.550001 0.100000
v 14.649999 11.450001 0.000000
v 14.649999 11.450001 0.100000
v 14.649999 12.550001 0.000000
v 14.649999 12.550001 0.100000
v 13.466405 11.540001 0.100000
v 13.466405 11.540001 1.300000
v 13.466405 12.460001 0.100000
v 13.466405 12.460001 1.300000
v 14.586406 11.540001 0.100000
v 14.586406 11.540001 1.300000
v 14.586406 12.460001 0.100000
v 14.586406 12.460001 1.300000
v 11.349999 14.950002 0.000000
v 11.349999 14.950002 0.100000
v 11.349999 16.049999 0.000000
v 11.349999 16.049999 0.100000
v 12.649999 14.950002 0.000000
v 12.649999 14.950002 0.100000
v 12.649999 16.049999 0.000000
v 12.649999 16.049999 0.100000
v 11.439999 15.040001 0.100000
v 11.439999 15.040001 1.300000
v 11.439999 15.960001 0.100000
v 11.439999 15.960001 1.300000
v 12.559999 15.040001 0.100000
v 12.559999 15.040001 1.300000
v 12.559999 15.960001 0.100000
v 12.559999 15.960001 1.300000
v 11.399999 15.000001 0.100000
v 11.399999 15.000001 1.300000
v 11.399999 15.040002 0.100000
v 11.399999 15.040002 1.300000
v 11.440000 15.000001 0.100000
v 11.440000 15.000001 1.300000
v 11.440000 15.040002 0.100000
v 11.440000 15.040002 1.300000
v 12.559999 15.000001 0.100000
v 12.559999 15.000001 1.300000
v 12.559999 15.040002 0.100000
v 12.559999 15.040002 1.300000
v 12.599999 15.000001 0.100000
v 12.599999 15.000001 1.300000
v 12.599999 15.040002 0.100000
v 12.599999 15.040002 1.300000
v 11.399999 15.960000 0.100000
v 11.399999 15.960000 1.300000
v 11.399999 16.000000 0.100000
v 11.399999 16.000000 1.300000
v 11.440000 15.960000 0.100000
v 11.440000 15.960000 1.300000
v 11.440000 16.000000 0.100000
v 11.440000 16.000000 1.300000
v 12.559999 15.960000 0.100000
v 12.559999 15.960000 1.300000
v 12.559999 16.000000 0.100000
v 12.559999 16.000000 1.300000
v 12.599999 15.960000 0.100000
v 12.599999 15.960000 1.300000
v 12.599999 16.000000 0.100000
v 12.599999 16.000000 1.300000
v 11.399999 15.000001 0.476000
v 11.399999 15.000001 0.516000
v 11.399999 15.040002 0.476000
v 11.399999 15.040002 0.516000
v 12.599999 15.000001 0.476000
v 12.599999 15.000001 0.516000
v 12.599999 15.040002 0.476000
v 12.599999 15.040002 0.516000
v 11.399999 15.000001 0.476000
v 11.399999 15.000001 0.516000
v 11.399999 16.000000 0.476000
v 11.399999 16.000000 0.516000
v 11.440000 15.000001 0.476000
v 11.440000 15.000001 0.516000
v 11.440000 16.000000 0.476000
v 11.440000 16.000000 0.516000
v 11.399999 15.000001 0.884000
v 11.399999 15.000001 0.924000
v 11.399999 15.040002 0.884000
v 11.399999 15.040002 0.924000
v 12.599999 15.000001 0.884000
v 12.599999 15.000001 0.924000
v 12.599999 15.040002 0.884000
v 12.599999 15.040002 0.924000
v 11.399999 15.000001 0.884000
v 11.399999 15.000001 0.924000
v 11.399999 16.000000 0.884000
v 11.399999 16.000000 0.924000
v 11.440000 15.000001 0.884000
v 11.440000 15.000001 0.924000
v 11.440000 16.000000 0.884000
v 11.440000 16.000000 0.924000
v 11.939999 14.850001 0.140000
v 11.939999 14.850001 0.260000
v 11.939999 14.990001 0.140000
v 11.939999 14.990001 0.260000
v 12.059999 14.850001 0.140000
v 12.059999 14.850001 0.260000
v 12.059999 14.990001 0.140000
v 12.059999 14.990001 0.260000
v 11.999999 14.770000 0.070000
v 11.999999 14.770000 0.330000
v 12.020000 14.764642 0.070000
v 12.020000 14.764642 0.330000
v 12.034640 14.750001 0.070000
v 12.034640 14.750001 0.330000
v 12.039999 14.730000 0.070000
v 12.039999 14.730000 0.330000
v 12.034640 14.710000 0.070000
v 12.034640 14.710000 0.330000
v 12.020000 14.695359 0.070000
v 12.020000 14.695359 0.330000
v 11.999999 14.690001 0.070000
v 11.999999 14.690001 0.330000
v 11.979999 14.695359 0.070000
v 11.979999 14.695359 0.330000
v 11.965358 14.710000 0.070000
v 11.965358 14.710000 0.330000
v 11.959999 14.730000 0.070000
v 11.959999 14.730000 0.330000
v 11.965358 14.750001 0.070000
v 11.965358 14.750001 0.330000
v 11.979999 14.764642 0.070000
v 11.979999 14.764642 0.330000
v 11.999999 15.600001 1.340000
v 11.999999 15.600001 1.420000
v 12.058778 15.580903 1.340000
v 12.058778 15.580903 1.420000
v 12.095105 15.530903 1.340000
v 12.095105 15.530903 1.420000
v 12.095105 15.469099 1.340000
v 12.095105 15.469099 1.420000
v 12.058778 15.419099 1.340000
v 12.058778 15.419099 1.420000
v 11.999999 15.400001 1.340000
v 11.999999 15.400001 1.420000
v 11.941220 15.419099 1.340000
v 11.941220 15.419099 1.420000
v 11.904893 15.469099 1.340000
v 11.904893 15.469099 1.420000
v 11.904893 15.530903 1.340000
v 11.904893 15.530903 1.420000
v 11.941220 15.580903 1.340000
v 11.941220 15.580903 1.420000
v 13.349999 14.950002 0.000000
v 13.349999 14.950002 0.100000
v 13.349999 16.049999 0.000000
v 13.349999 16.049999 0.100000
v 14.649999 14.950002 0.000000
v 14.649999 14.950002 0.100000
v 14.649999 16.049999 0.000000
v 14.649999 16.049999 0.100000
v 13.439999 15.040001 0.100000
v 13.439999 15.040001 1.300000
v 13.439999 15.960001 0.100000
v 13.439999 15.960001 1.300000
v 14.559999 15.040001 0.100000
v 14.559999 15.040001 1.300000
v 14.559999 15.960001 0.100000
v 14.559999 15.960001 1.300000
v 13.399999 15.000001 0.100000
v 13.399999 15.000001 1.300000
v 13.399999 15.040002 0.100000
v 13.399999 15.040002 1.300000
v 13.440000 15.000001 0.100000
v 13.440000 15.000001 1.300000
v 13.440000 15.040002 0.100000
v 13.440000 15.040002 1.300000
v 14.559999 15.000001 0.100000
v 14.559999 15.000001 1.300000
v 14.559999 15.040002 0.100000
v 14.559999 15.040002 1.300000
v 14.599999 15.000001 0.100000
v 14.599999 15.000001 1.300000
v 14.599999 15.040002 0.100000
v 14.599999 15.040002 1.300000
v 13.399999 15.960000 0.100000
v 13.399999 15.960000 1.300000
v 13.399999 16.000000 0.100000
v 13.399999 16.000000 1.300000
v 13.440000 15.960000 0.100000
v 13.440000 15.960000 1.300000
v 13.440000 16.000000 0.100000
v 13.440000 16.000000 1.300000
v 14.559999 15.960000 0.100000
v 14.559999 15.960000 1.300000
v 14.559999 16.000000 0.100000
v 14.559999 16.000000 1.300000
v 14.599999 15.960000 0.100000
v 14.599999 15.960000 1.300000
v 14.599999 16.000000 0.100000
v 14.599999 16.000000 1.300000
v 13.399999 15.000001 0.476000
v 13.399999 15.000001 0.516000
v 13.399999 15.040002 0.476000
v 13.399999 15.040002 0.516000
v 14.599999 15.000001 0.476000
v 14.599999 15.000001 0.516000
v 14.599999 15.040002 0.476000
v 14.599999 15.040002 0.516000
v 13.399999 15.000001 0.476000
v 13.399999 15.000001 0.516000
v 13.399999 16.000000 0.476000
v 13.399999 16.000000 0.516000
v 13.440000 15.000001 0.476000
v 13.440000 15.000001 0.516000
v 13.440000 16.000000 0.476000
v 13.440000 16.000000 0.516000
v 13.399999 15.000001 0.884000
v 13.399999 15.000001 0.924000
v 13.399999 15.040002 0.884000
v 13.399999 15.040002 0.924000
v 14.599999 15.000001 0.884000
v 14.599999 15.000001 0.924000
v 14.599999 15.040002 0.884000
v 14.599999 15.040002 0.924000
v 13.399999 15.000001 0.884000
v 13.399999 15.000001 0.924000
v 13.399999 16.000000 0.884000
v 13.399999 16.000000 0.924000
v 13.440000 15.000001 0.884000
v 13.440000 15.000001 0.924000
v 13.440000 16.000000 0.884000
v 13.440000 16.000000 0.924000
v 13.939999 14.850001 0.140000
v 13.939999 14.850001 0.260000
v 13.939999 14.990001 0.140000
v 13.939999 14.990001 0.260000
v 14.059999 14.850001 0.140000
v 14.059999 14.850001 0.260000
v 14.059999 14.990001 0.140000
v 14.059999 14.990001 0.260000
v 13.999999 14.770000 0.070000
v 13.999999 14.770000 0.330000
v 14.020000 14.764642 0.070000
v 14.020000 14.764642 0.330000
v 14.034640 14.750001 0.070000
v 14.034640 14.750001 0.330000
v 14.039999 14.730000 0.070000
v 14.039999 14.730000 0.330000
v 14.034640 14.710000 0.070000
v 14.034640 14.710000 0.330000
v 14.020000 14.695359 0.070000
v 14.020000 14.695359 0.330000
v 13.999999 14.690001 0.070000
v 13.999999 14.690001 0.330000
v 13.979999 14.695359 0.070000
v 13.979999 14.695359 0.330000
v 13.965358 14.710000 0.070000
v 13.965358 14.710000 0.330000
v 13.959999 14.730000 0.070000
v 13.959999 14.730000 0.330000
v 13.965358 14.750001 0.070000
v 13.965358 14.750001 0.330000
v 13.979999 14.764642 0.070000
v 13.979999 14.764642 0.330000
v 13.999999 15.600001 1.340000
v 13.999999 15.600001 1.420000
v 14.058778 15.580903 1.340000
v 14.058778 15.580903 1.420000
v 14.095105 15.530903 1.340000
v 14.095105 15.530903 1.420000
v 14.095105 15.469099 1.340000
v 14.095105 15.469099 1.420000
v 14.058778 15.419099 1.340000
v 14.058778 15.419099 1.420000
v 13.999999 15.400001 1.340000
v 13.999999 15.400001 1.420000
v 13.941220 15.419099 1.340000
v 13.941220 15.419099 1.420000
v 13.904893 15.469099 1.340000
v 13.904893 15.469099 1.420000
v 13.904893 15.530903 1.340000
v 13.904893 15.530903 1.420000
v 13.941220 15.580903 1.340000
v 13.941220 15.580903 1.420000
v 11.349999 11.450001 0.000000
v 11.349999 11.450001 0.100000
v 11.349999 12.550001 0.000000
v 11.349999 12.550001 0.100000
v 12.649999 11.450001 0.000000
v 12.649999 11.450001 0.100000
v 12.649999 12.550001 0.000000
v 12.649999 12.550001 0.100000
v 13.349999 11.450001 0.000000
v 13.349999 11.450001 0.100000
v 13.349999 12.550001 0.000000
v 13.349999 12.550001 0.100000
v 14.649999 11.450001 0.000000
v 14.649999 11.450001 0.100000
v 14.649999 12.550001 0.000000
v 14.649999 12.550001 0.100000
v 11.349999 14.950001 0.000000
v 11.349999 14.950001 0.100000
v 11.349999 16.049999 0.000000
v 11.349999 16.049999 0.100000
v 12.649999 14.950001 0.000000
v 12.649999 14.950001 0.100000
v 12.649999 16.049999 0.000000
v 12.649999 16.049999 0.100000
v 11.439999 15.040001 0.100000
v 11.439999 15.040001 1.300000
v 11.439999 15.960001 0.100000
v 11.439999 15.960001 1.300000
v 12.559999 15.040001 0.100000
v 12.559999 15.040001 1.300000
v 12.559999 15.960001 0.100000
v 12.559999 15.960001 1.300000
v 11.399999 15.000001 0.100000
v 11.399999 15.000001 1.300000
v 11.399999 15.040002 0.100000
v 11.399999 15.040002 1.300000
v 11.440000 15.000001 0.100000
v 11.440000 15.000001 1.300000
v 11.440000 15.040002 0.100000
v 11.440000 15.040002 1.300000
v 12.559999 15.000001 0.100000
v 12.559999 15.000001 1.300000
v 12.559999 15.040002 0.100000
v 12.559999 15.040002 1.300000
v 12.599999 15.000001 0.100000
v 12.599999 15.000001 1.300000
v 12.599999 15.040002 0.100000
v 12.599999 15.040002 1.300000
v 11.399999 15.960000 0.100000
v 11.399999 15.960000 1.300000
v 11.399999 16.000000 0.100000
v 11.399999 16.000000 1.300000
v 11.440000 15.960000 0.100000
v 11.440000 15.960000 1.300000
v 11.440000 16.000000 0.100000
v 11.440000 16.000000 1.300000
v 12.559999 15.960000 0.100000
v 12.559999 15.960000 1.300000
v 12.559999 16.000000 0.100000
v 12.559999 16.000000 1.300000
v 12.599999 15.960000 0.100000
v 12.599999 15.960000 1.300000
v 12.599999 16.000000 0.100000
v 12.599999 16.000000 1.300000
v 11.399999 15.000001 0.476000
v 11.399999 15.000001 0.516000
v 11.399999 15.040002 0.476000
v 11.399999 15.040002 0.516000
v 12.599999 15.000001 0.476000
v 12.599999 15.000001 0.516000
v 12.599999 15.040002 0.476000
v 12.599999 15.040002 0.516000
v 11.399999 15.000001 0.476000
v 11.399999 15.000001 0.516000
v 11.399999 16.000000 0.476000
v 11.399999 16.000000 0.516000
v 11.440000 15.000001 0.476000
v 11.440000 15.000001 0.516000
v 11.440000 16.000000 0.476000
v 11.440000 16.000000 0.516000
v 11.399999 15.000001 0.884000
v 11.399999 15.000001 0.924000
v 11.399999 15.040002 0.884000
v 11.399999 15.040002 0.924000
v 12.599999 15.000001 0.884000
v 12.599999 15.000001 0.924000
v 12.599999 15.040002 0.884000
v 12.599999 15.040002 0.924000
v 11.399999 15.000001 0.884000
v 11.399999 15.000001 0.924000
v 11.399999 16.000000 0.884000
v 11.399999 16.000000 0.924000
v 11.440000 15.000001 0.884000
v 11.440000 15.000001 0.924000
v 11.440000 16.000000 0.884000
v 11.440000 16.000000 0.924000
v 11.939999 14.850001 0.140000
v 11.939999 14.850001 0.260000
v 11.939999 14.990001 0.140000
v 11.939999 14.990001 0.260000
v 12.059999 14.850001 0.140000
v 12.059999 14.850001 0.260000
v 12.059999 14.990001 0.140000
v 12.059999 14.990001 0.260000
v 12.039999 14.860001 0.199998
v 12.039999 14.600000 0.199998
v 12.034640 14.860001 0.179998
v 12.034640 14.600000 0.179998
v 12.020000 14.860001 0.165357
v 12.020000 14.600000 0.165357
v 11.999999 14.860001 0.159998
v 11.999999 14.600000 0.159998
v 11.979999 14.860001 0.165357
v 11.979999 14.600000 0.165357
v 11.965358 14.860001 0.179998
v 11.965358 14.600000 0.179998
v 11.959999 14.860001 0.199998
v 11.959999 14.600000 0.199998
v 11.965358 14.860001 0.219998
v 11.965358 14.600000 0.219998
v 11.979999 14.860001 0.234639
v 11.979999 14.600000 0.234639
v 11.999999 14.860001 0.239998
v 11.999999 14.600000 0.239998
v 12.020000 14.860001 0.234639
v 12.020000 14.600000 0.234639
v 12.034640 14.860001 0.219998
v 12.034640 14.600000 0.219998
v 11.999999 15.600001 1.340000
v 11.999999 15.600001 1.420000
v 12.058778 15.580903 1.340000
v 12.058778 15.580903 1.420000
v 12.095105 15.530903 1.340000
v 12.095105 15.530903 1.420000
v 12.095105 15.469099 1.340000
v 12.095105 15.469099 1.420000
v 12.058778 15.419099 1.340000
v 12.058778 15.419099 1.420000
v 11.999999 15.400001 1.340000
v 11.999999 15.400001 1.420000
v 11.941220 15.419099 1.340000
v 11.941220 15.419099 1.420000
v 11.904893 15.469099 1.340000
v 11.904893 15.469099 1.420000
v 11.904893 15.530903 1.340000
v 11.904893 15.530903 1.420000
v 11.941220 15.580903 1.340000
v 11.941220 15.580903 1.420000
v 13.349999 14.950001 0.000000
v 13.349999 14.950001 0.100000
v 13.349999 16.049999 0.000000
v 13.349999 16.049999 0.100000
v 14.649999 14.950001 0.000000
v 14.649999 14.950001 0.100000
v 14.649999 16.049999 0.000000
v 14.649999 16.049999 0.100000
v 13.439999 15.040001 0.100000
v 13.439999 15.040001 1.300000
v 13.439999 15.960001 0.100000
v 13.439999 15.960001 1.300000
v 14.559999 15.040001 0.100000
v 14.559999 15.040001 1.300000
v 14.559999 15.960001 0.100000
v 14.559999 15.960001 1.300000
v 13.399999 15.000001 0.100000
v 13.399999 15.000001 1.300000
v 13.399999 15.040002 0.100000
v 13.399999 15.040002 1.300000
v 13.440000 15.000001 0.100000
v 13.440000 15.000001 1.300000
v 13.440000 15.040002 0.100000
v 13.440000 15.040002 1.300000
v 14.559999 15.000001 0.100000
v 14.559999 15.000001 1.300000
v 14.559999 15.040002 0.100000
v 14.559999 15.040002 1.300000
v 14.599999 15.000001 0.100000
v 14.599999 15.000001 1.300000
v 14.599999 15.040002 0.100000
v 14.599999 15.040002 1.300000
v 13.399999 15.960000 0.100000
v 13.399999 15.960000 1.300000
v 13.399999 16.000000 0.100000
v 13.399999 16.000000 1.300000
v 13.440000 15.960000 0.100000
v 13.440000 15.960000 1.300000
v 13.440000 16.000000 0.100000
v 13.440000 16.000000 1.300000
v 14.559999 15.960000 0.100000
v 14.559999 15.960000 1.300000
v 14.559999 16.000000 0.100000
v 14.559999 16.000000 1.300000
v 14.599999 15.960000 0.100000
v 14.599999 15.960000 1.300000
v 14.599999 16.000000 0.100000
v 14.599999 16.000000 1.300000
v 13.399999 15.000001 0.476000
v 13.399999 15.000001 0.516000
v 13.399999 15.040002 0.476000
v 13.399999 15.040002 0.516000
v 14.599999 15.000001 0.476000
v 14.599999 15.000001 0.516000
v 14.599999 15.040002 0.476000
v 14.599999 15.040002 0.516000
v 13.399999 15.000001 0.476000
v 13.399999 15.000001 0.516000
v 13.399999 16.000000 0.476000
v 13.399999 16.000000 0.516000
v 13.440000 15.000001 0.476000
v 13.440000 15.000001 0.516000
v 13.440000 16.000000 0.476000
v 13.440000 16.000000 0.516000
v 13.399999 15.000001 0.884000
v 13.399999 15.000001 0.924000
v 13.399999 15.040002 0.884000
v 13.399999 15.040002 0.924000
v 14.599999 15.000001 0.884000
v 14.599999 15.000001 0.924000
v 14.599999 15.040002 0.884000
v 14.599999 15.040002 0.924000
v 13.399999 15.000001 0.884000
v 13.399999 15.000001 0.924000
v 13.399999 16.000000 0.884000
v 13.399999 16.000000 0.924000
v 13.440000 15.000001 0.884000
v 13.440000 15.000001 0.924000
v 13.440000 16.000000 0.884000
v 13.440000 16.000000 0.924000
v 13.939999 14.850001 0.140000
v 13.939999 14.850001 0.260000
v 13.939999 14.990001 0.140000
v 13.939999 14.990001 0.260000
v 14.059999 14.850001 0.140000
v 14.059999 14.850001 0.260000
v 14.059999 14.990001 0.140000
v 14.059999 14.990001 0.260000
v 14.039999 14.860001 0.199998
v 14.039999 14.600000 0.199998
v 14.034640 14.860001 0.179998
v 14.034640 14.600000 0.179998
v 14.020000 14.860001 0.165357
v 14.020000 14.600000 0.165357
v 13.999999 14.860001 0.159998
v 13.999999 14.600000 0.159998
v 13.979999 14.860001 0.165357
v 13.979999 14.600000 0.165357
v 13.965358 14.860001 0.179998
v 13.965358 14.600000 0.179998
v 13.959999 14.860001 0.199998
v 13.959999 14.600000 0.199998
v 13.965358 14.860001 0.219998
v 13.965358 14.600000 0.219998
v 13.979999 14.860001 0.234639
v 13.979999 14.600000 0.234639
v 13.999999 14.860001 0.239998
v 13.999999 14.600000 0.239998
v 14.020000 14.860001 0.234639
v 14.020000 14.600000 0.234639
v 14.034640 14.860001 0.219998
v 14.034640 14.600000 0.219998
v 13.999999 15.600001 1.340000
v 13.999999 15.600001 1.420000
v 14.058778 15.580903 1.340000
v 14.058778 15.580903 1.420000
v 14.095105 15.530903 1.340000
v 14.095105 15.530903 1.420000
v 14.095105 15.469099 1.340000
v 14.095105 15.469099 1.420000
v 14.058778 15.419099 1.340000
v 14.058778 15.419099 1.420000
v 13.999999 15.400001 1.340000
v 13.999999 15.400001 1.420000
v 13.941220 15.419099 1.340000
v 13.941220 15.419099 1.420000
v 13.904893 15.469099 1.340000
v 13.904893 15.469099 1.420000
v 13.904893 15.530903 1.340000
v 13.904893 15.530903 1.420000
v 13.941220 15.580903 1.340000
v 13.941220 15.580903 1.420000
v 2.932743 2.695305 0.000000
v 2.932743 2.695305 2.500000
v 2.932743 2.795305 0.000000
v 2.932743 2.795305 2.500000
v 3.032743 2.695305 0.000000
v 3.032743 2.695305 2.500000
v 3.032743 2.795305 0.000000
v 3.032743 2.795305 2.500000
v 4.032743 2.695305 0.000000
v 4.032743 2.695305 2.500000
v 4.032743 2.795305 0.000000
v 4.032743 2.795305 2.500000
v 4.132743 2.695305 0.000000
v 4.132743 2.695305 2.500000
v 4.132743 2.795305 0.000000
v 4.132743 2.795305 2.500000
v 3.532743 2.775305 0.181966
v 3.532743 2.775305 2.418034
v 3.547743 2.771286 0.181966
v 3.547743 2.771286 2.418034
v 3.558723 2.760305 0.181966
v 3.558723 2.760305 2.418034
v 3.562743 2.745305 0.181966
v 3.562743 2.745305 2.418034
v 3.558723 2.730305 0.181966
v 3.558723 2.730305 2.418034
v 3.547743 2.719324 0.181966
v 3.547743 2.719324 2.418034
v 3.532743 2.715305 0.181966
v 3.532743 2.715305 2.418034
v 3.517743 2.719324 0.181966
v 3.517743 2.719324 2.418034
v 3.506762 2.730305 0.181966
v 3.506762 2.730305 2.418034
v 3.502743 2.745305 0.181966
v 3.502743 2.745305 2.418034
v 3.506762 2.760305 0.181966
v 3.506762 2.760305 2.418034
v 3.517743 2.771286 0.181966
v 3.517743 2.771286 2.418034
v 2.932743 5.295304 0.000000
v 2.932743 5.295304 2.500000
v 2.932743 5.395305 0.000000
v 2.932743 5.395305 2.500000
v 3.032743 5.295304 0.000000
v 3.032743 5.295304 2.500000
v 3.032743 5.395305 0.000000
v 3.032743 5.395305 2.500000
v 4.032743 5.295304 0.000000
v 4.032743 5.295304 2.500000
v 4.032743 5.395305 0.000000
v 4.032743 5.395305 2.500000
v 4.132743 5.295304 0.000000
v 4.132743 5.295304 2.500000
v 4.132743 5.395305 0.000000
v 4.132743 5.395305 2.500000
v 3.032743 2.745305 1.950000
v 3.032743 2.745305 2.030000
v 3.032743 5.345304 1.950000
v 3.032743 5.345304 2.030000
v 4.032743 2.745305 1.950000
v 4.032743 2.745305 2.030000
v 4.032743 5.345304 1.950000
v 4.032743 5.345304 2.030000
v 2.932743 5.295304 0.000000
v 2.932743 5.295304 2.500000
v 2.932743 5.395305 0.000000
v 2.932743 5.395305 2.500000
v 3.032743 5.295304 0.000000
v 3.032743 5.295304 2.500000
v 3.032743 5.395305 0.000000
v 3.032743 5.395305 2.500000
v 4.032743 5.295304 0.000000
v 4.032743 5.295304 2.500000
v 4.032743 5.395305 0.000000
v 4.032743 5.395305 2.500000
v 4.132743 5.295304 0.000000
v 4.132743 5.295304 2.500000
v 4.132743 5.395305 0.000000
v 4.132743 5.395305 2.500000
v 3.532743 5.375305 0.181966
v 3.532743 5.375305 2.418034
v 3.547743 5.371286 0.181966
v 3.547743 5.371286 2.418034
v 3.558723 5.360305 0.181966
v 3.558723 5.360305 2.418034
v 3.562743 5.345305 0.181966
v 3.562743 5.345305 2.418034
v 3.558723 5.330305 0.181966
v 3.558723 5.330305 2.418034
v 3.547743 5.319324 0.181966
v 3.547743 5.319324 2.418034
v 3.532743 5.315305 0.181966
v 3.532743 5.315305 2.418034
v 3.517743 5.319324 0.181966
v 3.517743 5.319324 2.418034
v 3.506762 5.330305 0.181966
v 3.506762 5.330305 2.418034
v 3.502743 5.345305 0.181966
v 3.502743 5.345305 2.418034
v 3.506762 5.360305 0.181966
v 3.506762 5.360305 2.418034
v 3.517743 5.371286 0.181966
v 3.517743 5.371286 2.418034
v 2.932743 7.895305 0.000000
v 2.932743 7.895305 2.500000
v 2.932743 7.995305 0.000000
v 2.932743 7.995305 2.500000
v 3.032743 7.895305 0.000000
v 3.032743 7.895305 2.500000
v 3.032743 7.995305 0.000000
v 3.032743 7.995305 2.500000
v 4.032742 7.895305 0.000000
v 4.032742 7.895305 2.500000
v 4.032742 7.995305 0.000000
v 4.032742 7.995305 2.500000
v 4.132742 7.895305 0.000000
v 4.132742 7.895305 2.500000
v 4.132742 7.995305 0.000000
v 4.132742 7.995305 2.500000
v 2.932743 7.895305 0.000000
v 2.932743 7.895305 2.500000
v 2.932743 7.995305 0.000000
v 2.932743 7.995305 2.500000
v 3.032743 7.895305 0.000000
v 3.032743 7.895305 2.500000
v 3.032743 7.995305 0.000000
v 3.032743 7.995305 2.500000
v 4.032742 7.895305 0.000000
v 4.032742 7.895305 2.500000
v 4.032742 7.995305 0.000000
v 4.032742 7.995305 2.500000
v 4.132742 7.895305 0.000000
v 4.132742 7.895305 2.500000
v 4.132742 7.995305 0.000000
v 4.132742 7.995305 2.500000
v 2.932743 10.495305 0.000000
v 2.932743 10.495305 2.500000
v 2.932743 10.595305 0.000000
v 2.932743 10.595305 2.500000
v 3.032743 10.495305 0.000000
v 3.032743 10.495305 2.500000
v 3.032743 10.595305 0.000000
v 3.032743 10.595305 2.500000
v 4.032742 10.495305 0.000000
v 4.032742 10.495305 2.500000
v 4.032742 10.595305 0.000000
v 4.032742 10.595305 2.500000
v 4.132742 10.495305 0.000000
v 4.132742 10.495305 2.500000
v 4.132742 10.595305 0.000000
v 4.132742 10.595305 2.500000
v 2.932743 10.495305 0.000000
v 2.932743 10.495305 2.500000
v 2.932743 10.595305 0.000000
v 2.932743 10.595305 2.500000
v 3.032743 10.495305 0.000000
v 3.032743 10.495305 2.500000
v 3.032743 10.595305 0.000000
v 3.032743 10.595305 2.500000
v 4.032742 10.495305 0.000000
v 4.032742 10.495305 2.500000
v 4.032742 10.595305 0.000000
v 4.032742 10.595305 2.500000
v 4.132742 10.495305 0.000000
v 4.132742 10.495305 2.500000
v 4.132742 10.595305 0.000000
v 4.132742 10.595305 2.500000
v 2.932743 13.095304 0.000000
v 2.932743 13.095304 2.500000
v 2.932743 13.195305 0.000000
v 2.932743 13.195305 2.500000
v 3.032743 13.095304 0.000000
v 3.032743 13.095304 2.500000
v 3.032743 13.195305 0.000000
v 3.032743 13.195305 2.500000
v 4.032742 13.095304 0.000000
v 4.032742 13.095304 2.500000
v 4.032742 13.195305 0.000000
v 4.032742 13.195305 2.500000
v 4.132742 13.095304 0.000000
v 4.132742 13.095304 2.500000
v 4.132742 13.195305 0.000000
v 4.132742 13.195305 2.500000
v 2.932743 13.095304 0.000000
v 2.932743 13.095304 2.500000
v 2.932743 13.195305 0.000000
v 2.932743 13.195305 2.500000
v 3.032743 13.095304 0.000000
v 3.032743 13.095304 2.500000
v 3.032743 13.195305 0.000000
v 3.032743 13.195305 2.500000
v 4.032742 13.095304 0.000000
v 4.032742 13.095304 2.500000
v 4.032742 13.195305 0.000000
v 4.032742 13.195305 2.500000
v 4.132742 13.095304 0.000000
v 4.132742 13.095304 2.500000
v 4.132742 13.195305 0.000000
v 4.132742 13.195305 2.500000
v 2.932742 15.695305 0.000000
v 2.932742 15.695305 2.500000
v 2.932742 15.795305 0.000000
v 2.932742 15.795305 2.500000
v 3.032742 15.695305 0.000000
v 3.032742 15.695305 2.500000
v 3.032742 15.795305 0.000000
v 3.032742 15.795305 2.500000
v 4.032742 15.695305 0.000000
v 4.032742 15.695305 2.500000
v 4.032742 15.795305 0.000000
v 4.032742 15.795305 2.500000
v 4.132742 15.695305 0.000000
v 4.132742 15.695305 2.500000
v 4.132742 15.795305 0.000000
v 4.132742 15.795305 2.500000
v 2.892743 2.655305 0.000000
v 2.892743 2.655305 0.040000
v 2.892743 2.835305 0.000000
v 2.892743 2.835305 0.040000
v 3.072743 2.655305 0.000000
v 3.072743 2.655305 0.040000
v 3.072743 2.835305 0.000000
v 3.072743 2.835305 0.040000
v 3.992743 2.655305 0.000000
v 3.992743 2.655305 0.040000
v 3.992743 2.835305 0.000000
v 3.992743 2.835305 0.040000
v 4.172743 2.655305 0.000000
v 4.172743 2.655305 0.040000
v 4.172743 2.835305 0.000000
v 4.172743 2.835305 0.040000
v 2.892742 15.655305 0.000000
v 2.892742 15.655305 0.040000
v 2.892742 15.835305 0.000000
v 2.892742 15.835305 0.040000
v 3.072742 15.655305 0.000000
v 3.072742 15.655305 0.040000
v 3.072742 15.835305 0.000000
v 3.072742 15.835305 0.040000
v 3.992743 15.655305 0.000000
v 3.992743 15.655305 0.040000
v 3.992743 15.835305 0.000000
v 3.992743 15.835305 0.040000
v 4.172742 15.655305 0.000000
v 4.172742 15.655305 0.040000
v 4.172742 15.835305 0.000000
v 4.172742 15.835305 0.040000
v 7.174469 2.743773 0.000000
v 7.174469 2.743773 2.500000
v 7.174469 2.843773 0.000000
v 7.174469 2.843773 2.500000
v 7.274469 2.743773 0.000000
v 7.274469 2.743773 2.500000
v 7.274469 2.843773 0.000000
v 7.274469 2.843773 2.500000
v 8.274468 2.743773 0.000000
v 8.274468 2.743773 2.500000
v 8.274468 2.843773 0.000000
v 8.274468 2.843773 2.500000
v 8.374469 2.743773 0.000000
v 8.374469 2.743773 2.500000
v 8.374469 2.843773 0.000000
v 8.374469 2.843773 2.500000
v 7.774469 2.823773 0.181966
v 7.774469 2.823773 2.418034
v 7.789469 2.819753 0.181966
v 7.789469 2.819753 2.418034
v 7.800450 2.808773 0.181966
v 7.800450 2.808773 2.418034
v 7.804470 2.793773 0.181966
v 7.804470 2.793773 2.418034
v 7.800450 2.778773 0.181966
v 7.800450 2.778773 2.418034
v 7.789469 2.767792 0.181966
v 7.789469 2.767792 2.418034
v 7.774469 2.763773 0.181966
v 7.774469 2.763773 2.418034
v 7.759470 2.767792 0.181966
v 7.759470 2.767792 2.418034
v 7.748488 2.778773 0.181966
v 7.748488 2.778773 2.418034
v 7.744469 2.793773 0.181966
v 7.744469 2.793773 2.418034
v 7.748488 2.808773 0.181966
v 7.748488 2.808773 2.418034
v 7.759470 2.819753 0.181966
v 7.759470 2.819753 2.418034
v 7.174469 5.343773 0.000000
v 7.174469 5.343773 2.500000
v 7.174469 5.443773 0.000000
v 7.174469 5.443773 2.500000
v 7.274469 5.343773 0.000000
v 7.274469 5.343773 2.500000
v 7.274469 5.443773 0.000000
v 7.274469 5.443773 2.500000
v 7.174469 5.343773 0.000000
v 7.174469 5.343773 2.500000
v 7.174469 5.443773 0.000000
v 7.174469 5.443773 2.500000
v 7.274469 5.343773 0.000000
v 7.274469 5.343773 2.500000
v 7.274469 5.443773 0.000000
v 7.274469 5.443773 2.500000
v 8.274468 5.343773 0.000000
v 8.274468 5.343773 2.500000
v 8.274468 5.443773 0.000000
v 8.274468 5.443773 2.500000
v 8.374469 5.343773 0.000000
v 8.374469 5.343773 2.500000
v 8.374469 5.443773 0.000000
v 8.374469 5.443773 2.500000
v 7.174469 7.943773 0.000000
v 7.174469 7.943773 2.500000
v 7.174469 8.043773 0.000000
v 7.174469 8.043773 2.500000
v 7.274469 7.943773 0.000000
v 7.274469 7.943773 2.500000
v 7.274469 8.043774 0.000000
v 7.274469 8.043774 2.500000
v 8.274468 7.943773 0.000000
v 8.274468 7.943773 2.500000
v 8.274468 8.043773 0.000000
v 8.274468 8.043773 2.500000
v 8.374469 7.943773 0.000000
v 8.374469 7.943773 2.500000
v 8.374469 8.043774 0.000000
v 8.374469 8.043774 2.500000
v 7.174469 7.943773 0.000000
v 7.174469 7.943773 2.500000
v 7.174469 8.043773 0.000000
v 7.174469 8.043773 2.500000
v 7.274469 7.943773 0.000000
v 7.274469 7.943773 2.500000
v 7.274469 8.043774 0.000000
v 7.274469 8.043774 2.500000
v 8.274468 7.943773 0.000000
v 8.274468 7.943773 2.500000
v 8.274468 8.043773 0.000000
v 8.274468 8.043773 2.500000
v 8.374469 7.943773 0.000000
v 8.374469 7.943773 2.500000
v 8.374469 8.043774 0.000000
v 8.374469 8.043774 2.500000
v 7.174469 10.543773 0.000000
v 7.174469 10.543773 2.500000
v 7.174469 10.643773 0.000000
v 7.174469 10.643773 2.500000
v 7.274469 10.543773 0.000000
v 7.274469 10.543773 2.500000
v 7.274469 10.643773 0.000000
v 7.274469 10.643773 2.500000
v 8.274468 10.543773 0.000000
v 8.274468 10.543773 2.500000
v 8.274468 10.643773 0.000000
v 8.274468 10.643773 2.500000
v 8.374469 10.543773 0.000000
v 8.374469 10.543773 2.500000
v 8.374469 10.643773 0.000000
v 8.374469 10.643773 2.500000
v 7.274469 7.993773 1.950000
v 7.274469 7.993773 2.030000
v 7.274469 10.593773 1.950000
v 7.274469 10.593773 2.030000
v 8.274469 7.993773 1.950000
v 8.274469 7.993773 2.030000
v 8.274468 10.593773 1.950000
v 8.274468 10.593773 2.030000
v 7.174469 10.543773 0.000000
v 7.174469 10.543773 2.500000
v 7.174469 10.643773 0.000000
v 7.174469 10.643773 2.500000
v 7.274469 10.543773 0.000000
v 7.274469 10.543773 2.500000
v 7.274469 10.643773 0.000000
v 7.274469 10.643773 2.500000
v 8.274468 10.543773 0.000000
v 8.274468 10.543773 2.500000
v 8.274468 10.643773 0.000000
v 8.274468 10.643773 2.500000
v 8.374469 10.543773 0.000000
v 8.374469 10.543773 2.500000
v 8.374469 10.643773 0.000000
v 8.374469 10.643773 2.500000
v 7.174469 13.143772 0.000000
v 7.174469 13.143772 2.500000
v 7.174469 13.243773 0.000000
v 7.174469 13.243773 2.500000
v 7.274469 13.143772 0.000000
v 7.274469 13.143772 2.500000
v 7.274469 13.243773 0.000000
v 7.274469 13.243773 2.500000
v 8.274467 13.143772 0.000000
v 8.274467 13.143772 2.500000
v 8.274467 13.243773 0.000000
v 8.274467 13.243773 2.500000
v 8.374468 13.143772 0.000000
v 8.374468 13.143772 2.500000
v 8.374468 13.243773 0.000000
v 8.374468 13.243773 2.500000
v 7.174469 13.143772 0.000000
v 7.174469 13.143772 2.500000
v 7.174469 13.243773 0.000000
v 7.174469 13.243773 2.500000
v 7.274469 13.143772 0.000000
v 7.274469 13.143772 2.500000
v 7.274469 13.243773 0.000000
v 7.274469 13.243773 2.500000
v 8.274467 13.143772 0.000000
v 8.274467 13.143772 2.500000
v 8.274467 13.243773 0.000000
v 8.274467 13.243773 2.500000
v 8.374468 13.143772 0.000000
v 8.374468 13.143772 2.500000
v 8.374468 13.243773 0.000000
v 8.374468 13.243773 2.500000
v 7.774469 13.223772 0.181966
v 7.774469 13.223772 2.418034
v 7.789469 13.219753 0.181966
v 7.789469 13.219753 2.418034
v 7.800450 13.208773 0.181966
v 7.800450 13.208773 2.418034
v 7.804469 13.193772 0.181966
v 7.804469 13.193772 2.418034
v 7.800450 13.178772 0.181966
v 7.800450 13.178772 2.418034
v 7.789469 13.167791 0.181966
v 7.789469 13.167791 2.418034
v 7.774469 13.163773 0.181966
v 7.774469 13.163773 2.418034
v 7.759469 13.167791 0.181966
v 7.759469 13.167791 2.418034
v 7.748488 13.178772 0.181966
v 7.748488 13.178772 2.418034
v 7.744469 13.193772 0.181966
v 7.744469 13.193772 2.418034
v 7.748488 13.208773 0.181966
v 7.748488 13.208773 2.418034
v 7.759469 13.219753 0.181966
v 7.759469 13.219753 2.418034
v 7.174469 15.743773 0.000000
v 7.174469 15.743773 2.500000
v 7.174469 15.843773 0.000000
v 7.174469 15.843773 2.500000
v 7.274469 15.743773 0.000000
v 7.274469 15.743773 2.500000
v 7.274469 15.843773 0.000000
v 7.274469 15.843773 2.500000
v 8.274467 15.743773 0.000000
v 8.274467 15.743773 2.500000
v 8.274467 15.843773 0.000000
v 8.274467 15.843773 2.500000
v 8.374468 15.743773 0.000000
v 8.374468 15.743773 2.500000
v 8.374468 15.843773 0.000000
v 8.374468 15.843773 2.500000
v 7.134469 2.703773 0.000000
v 7.134469 2.703773 0.040000
v 7.134469 2.883773 0.000000
v 7.134469 2.883773 0.040000
v 7.314469 2.703773 0.000000
v 7.314469 2.703773 0.040000
v 7.314469 2.883773 0.000000
v 7.314469 2.883773 0.040000
v 8.234468 2.703773 0.000000
v 8.234468 2.703773 0.040000
v 8.234468 2.883773 0.000000
v 8.234468 2.883773 0.040000
v 8.414469 2.703773 0.000000
v 8.414469 2.703773 0.040000
v 8.414469 2.883773 0.000000
v 8.414469 2.883773 0.040000
v 7.134469 15.703773 0.000000
v 7.134469 15.703773 0.040000
v 7.134469 15.883773 0.000000
v 7.134469 15.883773 0.040000
v 7.314469 15.703773 0.000000
v 7.314469 15.703773 0.040000
v 7.314469 15.883773 0.000000
v 7.314469 15.883773 0.040000
v 8.234468 15.703773 0.000000
v 8.234468 15.703773 0.040000
v 8.234468 15.883773 0.000000
v 8.234468 15.883773 0.040000
v 8.414468 15.703773 0.000000
v 8.414468 15.703773 0.040000
v 8.414468 15.883773 0.000000
v 8.414468 15.883773 0.040000
v 2.932743 2.695305 0.000000
v 2.932743 2.695305 2.500000
v 2.932743 2.795305 0.000000
v 2.932743 2.795305 2.500000
v 3.032743 2.695305 0.000000
v 3.032743 2.695305 2.500000
v 3.032743 2.795305 0.000000
v 3.032743 2.795305 2.500000
v 4.032743 2.695305 0.000000
v 4.032743 2.695305 2.500000
v 4.032743 2.795305 0.000000
v 4.032743 2.795305 2.500000
v 4.132743 2.695305 0.000000
v 4.132743 2.695305 2.500000
v 4.132743 2.795305 0.000000
v 4.132743 2.795305 2.500000
v 2.932743 5.295305 0.000000
v 2.932743 5.295305 2.500000
v 2.932743 5.395305 0.000000
v 2.932743 5.395305 2.500000
v 3.032743 5.295305 0.000000
v 3.032743 5.295305 2.500000
v 3.032743 5.395305 0.000000
v 3.032743 5.395305 2.500000
v 4.032743 5.295305 0.000000
v 4.032743 5.295305 2.500000
v 4.032743 5.395305 0.000000
v 4.032743 5.395305 2.500000
v 4.132743 5.295305 0.000000
v 4.132743 5.295305 2.500000
v 4.132743 5.395305 0.000000
v 4.132743 5.395305 2.500000
v 3.032743 2.745304 0.000000
v 3.032743 2.745304 0.630000
v 3.032743 15.793800 0.000000
v 3.032743 15.793800 0.630000
v 4.032743 2.745304 0.000000
v 4.032743 2.745304 0.630000
v 4.032743 15.793800 0.000000
v 4.032743 15.793800 0.630000
v 3.032743 2.745305 1.250000
v 3.032743 2.745305 1.330000
v 3.032743 5.345304 1.250000
v 3.032743 5.345304 1.330000
v 4.032743 2.745305 1.250000
v 4.032743 2.745305 1.330000
v 4.032743 5.345304 1.250000
v 4.032743 5.345304 1.330000
v 3.032743 2.745305 1.950000
v 3.032743 2.745305 2.030000
v 3.032743 5.345304 1.950000
v 3.032743 5.345304 2.030000
v 4.032743 2.745305 1.950000
v 4.032743 2.745305 2.030000
v 4.032743 5.345304 1.950000
v 4.032743 5.345304 2.030000
v 2.932743 5.295305 0.000000
v 2.932743 5.295305 2.500000
v 2.932743 5.395305 0.000000
v 2.932743 5.395305 2.500000
v 3.032743 5.295305 0.000000
v 3.032743 5.295305 2.500000
v 3.032743 5.395305 0.000000
v 3.032743 5.395305 2.500000
v 4.032743 5.295305 0.000000
v 4.032743 5.295305 2.500000
v 4.032743 5.395305 0.000000
v 4.032743 5.395305 2.500000
v 4.132743 5.295305 0.000000
v 4.132743 5.295305 2.500000
v 4.132743 5.395305 0.000000
v 4.132743 5.395305 2.500000
v 2.932743 7.895304 0.000000
v 2.932743 7.895304 2.500000
v 2.932743 7.995305 0.000000
v 2.932743 7.995305 2.500000
v 3.032743 7.895304 0.000000
v 3.032743 7.895304 2.500000
v 3.032743 7.995305 0.000000
v 3.032743 7.995305 2.500000
v 4.032743 7.895304 0.000000
v 4.032743 7.895304 2.500000
v 4.032743 7.995305 0.000000
v 4.032743 7.995305 2.500000
v 4.132743 7.895304 0.000000
v 4.132743 7.895304 2.500000
v 4.132743 7.995305 0.000000
v 4.132743 7.995305 2.500000
v 3.032743 5.345305 1.250000
v 3.032743 5.345305 1.330000
v 3.032743 7.945305 1.250000
v 3.032743 7.945305 1.330000
v 4.032743 5.345305 1.250000
v 4.032743 5.345305 1.330000
v 4.032743 7.945305 1.250000
v 4.032743 7.945305 1.330000
v 3.032743 5.345305 1.950000
v 3.032743 5.345305 2.030000
v 3.032743 7.945305 1.950000
v 3.032743 7.945305 2.030000
v 4.032743 5.345305 1.950000
v 4.032743 5.345305 2.030000
v 4.032743 7.945305 1.950000
v 4.032743 7.945305 2.030000
v 2.932743 7.895304 0.000000
v 2.932743 7.895304 2.500000
v 2.932743 7.995305 0.000000
v 2.932743 7.995305 2.500000
v 3.032743 7.895304 0.000000
v 3.032743 7.895304 2.500000
v 3.032743 7.995305 0.000000
v 3.032743 7.995305 2.500000
v 4.032743 7.895304 0.000000
v 4.032743 7.895304 2.500000
v 4.032743 7.995305 0.000000
v 4.032743 7.995305 2.500000
v 4.132743 7.895304 0.000000
v 4.132743 7.895304 2.500000
v 4.132743 7.995305 0.000000
v 4.132743 7.995305 2.500000
v 2.932743 10.495304 0.000000
v 2.932743 10.495304 2.500000
v 2.932743 10.595304 0.000000
v 2.932743 10.595304 2.500000
v 3.032743 10.495304 0.000000
v 3.032743 10.495304 2.500000
v 3.032743 10.595304 0.000000
v 3.032743 10.595304 2.500000
v 4.032743 10.495304 0.000000
v 4.032743 10.495304 2.500000
v 4.032743 10.595304 0.000000
v 4.032743 10.595304 2.500000
v 4.132743 10.495304 0.000000
v 4.132743 10.495304 2.500000
v 4.132743 10.595304 0.000000
v 4.132743 10.595304 2.500000
v 3.032743 7.945304 1.250000
v 3.032743 7.945304 1.330000
v 3.032743 10.545304 1.250000
v 3.032743 10.545304 1.330000
v 4.032743 7.945304 1.250000
v 4.032743 7.945304 1.330000
v 4.032743 10.545304 1.250000
v 4.032743 10.545304 1.330000
v 3.032743 7.945304 1.950000
v 3.032743 7.945304 2.030000
v 3.032743 10.545304 1.950000
v 3.032743 10.545304 2.030000
v 4.032743 7.945304 1.950000
v 4.032743 7.945304 2.030000
v 4.032743 10.545304 1.950000
v 4.032743 10.545304 2.030000
v 2.932743 10.495304 0.000000
v 2.932743 10.495304 2.500000
v 2.932743 10.595304 0.000000
v 2.932743 10.595304 2.500000
v 3.032743 10.495304 0.000000
v 3.032743 10.495304 2.500000
v 3.032743 10.595304 0.000000
v 3.032743 10.595304 2.500000
v 4.032743 10.495304 0.000000
v 4.032743 10.495304 2.500000
v 4.032743 10.595304 0.000000
v 4.032743 10.595304 2.500000
v 4.132743 10.495304 0.000000
v 4.132743 10.495304 2.500000
v 4.132743 10.595304 0.000000
v 4.132743 10.595304 2.500000
v 2.932743 13.095304 0.000000
v 2.932743 13.095304 2.500000
v 2.932743 13.195304 0.000000
v 2.932743 13.195304 2.500000
v 3.032743 13.095304 0.000000
v 3.032743 13.095304 2.500000
v 3.032743 13.195304 0.000000
v 3.032743 13.195304 2.500000
v 4.032743 13.095304 0.000000
v 4.032743 13.095304 2.500000
v 4.032743 13.195304 0.000000
v 4.032743 13.195304 2.500000
v 4.132743 13.095304 0.000000
v 4.132743 13.095304 2.500000
v 4.132743 13.195304 0.000000
v 4.132743 13.195304 2.500000
v 3.032743 10.545304 1.250000
v 3.032743 10.545304 1.330000
v 3.032743 13.145305 1.250000
v 3.032743 13.145305 1.330000
v 4.032743 10.545304 1.250000
v 4.032743 10.545304 1.330000
v 4.032743 13.145305 1.250000
v 4.032743 13.145305 1.330000
v 3.032743 10.545304 1.950000
v 3.032743 10.545304 2.030000
v 3.032743 13.145305 1.950000
v 3.032743 13.145305 2.030000
v 4.032743 10.545304 1.950000
v 4.032743 10.545304 2.030000
v 4.032743 13.145305 1.950000
v 4.032743 13.145305 2.030000
v 2.932743 13.095304 0.000000
v 2.932743 13.095304 2.500000
v 2.932743 13.195304 0.000000
v 2.932743 13.195304 2.500000
v 3.032743 13.095304 0.000000
v 3.032743 13.095304 2.500000
v 3.032743 13.195304 0.000000
v 3.032743 13.195304 2.500000
v 4.032743 13.095304 0.000000
v 4.032743 13.095304 2.500000
v 4.032743 13.195304 0.000000
v 4.032743 13.195304 2.500000
v 4.132743 13.095304 0.000000
v 4.132743 13.095304 2.500000
v 4.132743 13.195304 0.000000
v 4.132743 13.195304 2.500000
v 2.934270 13.175303 -0.117135
v 3.934270 13.175303 1.882865
v 2.947687 13.171285 -0.123844
v 3.947687 13.171285 1.876157
v 2.957508 13.160304 -0.128754
v 3.957508 13.160304 1.871246
v 2.961103 13.145304 -0.130552
v 3.961103 13.145304 1.869448
v 2.957508 13.130303 -0.128754
v 3.957508 13.130303 1.871246
v 2.947687 13.119323 -0.123844
v 3.947687 13.119323 1.876157
v 2.934270 13.115304 -0.117135
v 3.934270 13.115304 1.882865
v 2.920854 13.119323 -0.110427
v 3.920854 13.119323 1.889573
v 2.911033 13.130303 -0.105517
v 3.911032 13.130303 1.894484
v 2.907438 13.145304 -0.103719
v 3.907438 13.145304 1.896281
v 2.911033 13.160304 -0.105517
v 3.911032 13.160304 1.894484
v 2.920854 13.171285 -0.110427
v 3.920854 13.171285 1.889573
v 2.932742 15.695304 0.000000
v 2.932742 15.695304 2.500000
v 2.932742 15.795304 0.000000
v 2.932742 15.795304 2.500000
v 3.032742 15.695304 0.000000
v 3.032742 15.695304 2.500000
v 3.032742 15.795304 0.000000
v 3.032742 15.795304 2.500000
v 4.032743 15.695304 0.000000
v 4.032743 15.695304 2.500000
v 4.032743 15.795304 0.000000
v 4.032743 15.795304 2.500000
v 4.132743 15.695304 0.000000
v 4.132743 15.695304 2.500000
v 4.132743 15.795304 0.000000
v 4.132743 15.795304 2.500000
v 3.032742 13.145304 1.250000
v 3.032742 13.145304 1.330000
v 3.032742 15.745304 1.250000
v 3.032742 15.745304 1.330000
v 4.032743 13.145304 1.250000
v 4.032743 13.145304 1.330000
v 4.032742 15.745304 1.250000
v 4.032742 15.745304 1.330000
v 3.032742 13.145304 1.950000
v 3.032742 13.145304 2.030000
v 3.032742 15.745304 1.950000
v 3.032742 15.745304 2.030000
v 4.032743 13.145304 1.950000
v 4.032743 13.145304 2.030000
v 4.032742 15.745304 1.950000
v 4.032742 15.745304 2.030000
v 2.932743 2.745304 2.500000
v 2.932743 2.745304 2.600000
v 2.932742 15.745304 2.500000
v 2.932742 15.745304 2.600000
v 3.032743 2.745304 2.500000
v 3.032743 2.745304 2.600000
v 3.032742 15.745304 2.500000
v 3.032742 15.745304 2.600000
v 4.032743 2.745304 2.500000
v 4.032743 2.745304 2.600000
v 4.032742 15.745304 2.500000
v 4.032742 15.745304 2.600000
v 4.132743 2.745304 2.500000
v 4.132743 2.745304 2.600000
v 4.132742 15.745304 2.500000
v 4.132742 15.745304 2.600000
v 7.174469 2.743773 0.000000
v 7.174469 2.743773 2.500000
v 7.174469 2.843773 0.000000
v 7.174469 2.843773 2.500000
v 7.274469 2.743773 0.000000
v 7.274469 2.743773 2.500000
v 7.274469 2.843773 0.000000
v 7.274469 2.843773 2.500000
v 8.274468 2.743773 0.000000
v 8.274468 2.743773 2.500000
v 8.274468 2.843773 0.000000
v 8.274468 2.843773 2.500000
v 8.374469 2.743773 0.000000
v 8.374469 2.743773 2.500000
v 8.374469 2.843773 0.000000
v 8.374469 2.843773 2.500000
v 7.174469 5.343773 0.000000
v 7.174469 5.343773 2.500000
v 7.174469 5.443774 0.000000
v 7.174469 5.443774 2.500000
v 7.274469 5.343773 0.000000
v 7.274469 5.343773 2.500000
v 7.274469 5.443774 0.000000
v 7.274469 5.443774 2.500000
v 8.274468 5.343773 0.000000
v 8.274468 5.343773 2.500000
v 8.274468 5.443774 0.000000
v 8.274468 5.443774 2.500000
v 8.374469 5.343773 0.000000
v 8.374469 5.343773 2.500000
v 8.374469 5.443774 0.000000
v 8.374469 5.443774 2.500000
v 7.274469 2.793773 0.000000
v 7.274469 2.793773 0.630000
v 7.274469 15.793800 0.000000
v 7.274469 15.793800 0.630000
v 8.274469 2.793773 0.000000
v 8.274469 2.793773 0.630000
v 8.274469 15.793800 0.000000
v 8.274469 15.793800 0.630000
v 7.274469 2.793773 1.250000
v 7.274469 2.793773 1.330000
v 7.274469 5.393774 1.250000
v 7.274469 5.393774 1.330000
v 8.274469 2.793773 1.250000
v 8.274469 2.793773 1.330000
v 8.274469 5.393774 1.250000
v 8.274469 5.393774 1.330000
v 7.274469 2.793773 1.950000
v 7.274469 2.793773 2.030000
v 7.274469 5.393774 1.950000
v 7.274469 5.393774 2.030000
v 8.274469 2.793773 1.950000
v 8.274469 2.793773 2.030000
v 8.274469 5.393774 1.950000
v 8.274469 5.393774 2.030000
v 7.174469 5.343773 0.000000
v 7.174469 5.343773 2.500000
v 7.174469 5.443774 0.000000
v 7.174469 5.443774 2.500000
v 7.274469 5.343773 0.000000
v 7.274469 5.343773 2.500000
v 7.274469 5.443774 0.000000
v 7.274469 5.443774 2.500000
v 8.274468 5.343773 0.000000
v 8.274468 5.343773 2.500000
v 8.274468 5.443774 0.000000
v 8.274468 5.443774 2.500000
v 8.374469 5.343773 0.000000
v 8.374469 5.343773 2.500000
v 8.374469 5.443774 0.000000
v 8.374469 5.443774 2.500000
v 7.174469 7.943773 0.000000
v 7.174469 7.943773 2.500000
v 7.174469 8.043773 0.000000
v 7.174469 8.043773 2.500000
v 7.274469 7.943773 0.000000
v 7.274469 7.943773 2.500000
v 7.274469 8.043774 0.000000
v 7.274469 8.043774 2.500000
v 8.274468 7.943773 0.000000
v 8.274468 7.943773 2.500000
v 8.274468 8.043773 0.000000
v 8.274468 8.043773 2.500000
v 8.374469 7.943773 0.000000
v 8.374469 7.943773 2.500000
v 8.374469 8.043774 0.000000
v 8.374469 8.043774 2.500000
v 7.274469 5.393774 1.250000
v 7.274469 5.393774 1.330000
v 7.274469 7.993774 1.250000
v 7.274469 7.993774 1.330000
v 8.274469 5.393774 1.250000
v 8.274469 5.393774 1.330000
v 8.274468 7.993774 1.250000
v 8.274468 7.993774 1.330000
v 7.274469 5.393774 1.950000
v 7.274469 5.393774 2.030000
v 7.274469 7.993774 1.950000
v 7.274469 7.993774 2.030000
v 8.274469 5.393774 1.950000
v 8.274469 5.393774 2.030000
v 8.274468 7.993774 1.950000
v 8.274468 7.993774 2.030000
v 7.174469 7.943773 0.000000
v 7.174469 7.943773 2.500000
v 7.174469 8.043773 0.000000
v 7.174469 8.043773 2.500000
v 7.274469 7.943773 0.000000
v 7.274469 7.943773 2.500000
v 7.274469 8.043774 0.000000
v 7.274469 8.043774 2.500000
v 8.274468 7.943773 0.000000
v 8.274468 7.943773 2.500000
v 8.274468 8.043773 0.000000
v 8.274468 8.043773 2.500000
v 8.374469 7.943773 0.000000
v 8.374469 7.943773 2.500000
v 8.374469 8.043774 0.000000
v 8.374469 8.043774 2.500000
v 7.174469 10.543773 0.000000
v 7.174469 10.543773 2.500000
v 7.174469 10.643773 0.000000
v 7.174469 10.643773 2.500000
v 7.274469 10.543773 0.000000
v 7.274469 10.543773 2.500000
v 7.274469 10.643773 0.000000
v 7.274469 10.643773 2.500000
v 8.274468 10.543773 0.000000
v 8.274468 10.543773 2.500000
v 8.274468 10.643773 0.000000
v 8.274468 10.643773 2.500000
v 8.374469 10.543773 0.000000
v 8.374469 10.543773 2.500000
v 8.374469 10.643773 0.000000
v 8.374469 10.643773 2.500000
v 7.274469 7.993773 1.250000
v 7.274469 7.993773 1.330000
v 7.274469 10.593773 1.250000
v 7.274469 10.593773 1.330000
v 8.274469 7.993773 1.250000
v 8.274469 7.993773 1.330000
v 8.274468 10.593773 1.250000
v 8.274468 10.593773 1.330000
v 7.274469 7.993773 1.950000
v 7.274469 7.993773 2.030000
v 7.274469 10.593773 1.950000
v 7.274469 10.593773 2.030000
v 8.274469 7.993773 1.950000
v 8.274469 7.993773 2.030000
v 8.274468 10.593773 1.950000
v 8.274468 10.593773 2.030000
v 7.174469 10.543773 0.000000
v 7.174469 10.543773 2.500000
v 7.174469 10.643773 0.000000
v 7.174469 10.643773 2.500000
v 7.274469 10.543773 0.000000
v 7.274469 10.543773 2.500000
v 7.274469 10.643773 0.000000
v 7.274469 10.643773 2.500000
v 8.274468 10.543773 0.000000
v 8.274468 10.543773 2.500000
v 8.274468 10.643773 0.000000
v 8.274468 10.643773 2.500000
v 8.374469 10.543773 0.000000
v 8.374469 10.543773 2.500000
v 8.374469 10.643773 0.000000
v 8.374469 10.643773 2.500000
v 7.174469 13.143772 0.000000
v 7.174469 13.143772 2.500000
v 7.174469 13.243773 0.000000
v 7.174469 13.243773 2.500000
v 7.274469 13.143772 0.000000
v 7.274469 13.143772 2.500000
v 7.274469 13.243773 0.000000
v 7.274469 13.243773 2.500000
v 8.274467 13.143772 0.000000
v 8.274467 13.143772 2.500000
v 8.274467 13.243773 0.000000
v 8.274467 13.243773 2.500000
v 8.374468 13.143772 0.000000
v 8.374468 13.143772 2.500000
v 8.374468 13.243773 0.000000
v 8.374468 13.243773 2.500000
v 7.274469 10.593773 1.250000
v 7.274469 10.593773 1.330000
v 7.274469 13.193773 1.250000
v 7.274469 13.193773 1.330000
v 8.274469 10.593773 1.250000
v 8.274469 10.593773 1.330000
v 8.274468 13.193773 1.250000
v 8.274468 13.193773 1.330000
v 7.274469 10.593773 1.950000
v 7.274469 10.593773 2.030000
v 7.274469 13.193773 1.950000
v 7.274469 13.193773 2.030000
v 8.274469 10.593773 1.950000
v 8.274469 10.593773 2.030000
v 8.274468 13.193773 1.950000
v 8.274468 13.193773 2.030000
v 7.174469 13.143772 0.000000
v 7.174469 13.143772 2.500000
v 7.174469 13.243773 0.000000
v 7.174469 13.243773 2.500000
v 7.274469 13.143772 0.000000
v 7.274469 13.143772 2.500000
v 7.274469 13.243773 0.000000
v 7.274469 13.243773 2.500000
v 8.274467 13.143772 0.000000
v 8.274467 13.143772 2.500000
v 8.274467 13.243773 0.000000
v 8.274467 13.243773 2.500000
v 8.374468 13.143772 0.000000
v 8.374468 13.143772 2.500000
v 8.374468 13.243773 0.000000
v 8.374468 13.243773 2.500000
v 7.174469 15.743773 0.000000
v 7.174469 15.743773 2.500000
v 7.174469 15.843774 0.000000
v 7.174469 15.843774 2.500000
v 7.274469 15.743773 0.000000
v 7.274469 15.743773 2.500000
v 7.274469 15.843774 0.000000
v 7.274469 15.843774 2.500000
v 8.274467 15.743773 0.000000
v 8.274467 15.743773 2.500000
v 8.274467 15.843774 0.000000
v 8.274467 15.843774 2.500000
v 8.374468 15.743773 0.000000
v 8.374468 15.743773 2.500000
v 8.374468 15.843774 0.000000
v 8.374468 15.843774 2.500000
v 7.274469 13.193772 1.250000
v 7.274469 13.193772 1.330000
v 7.274469 15.793773 1.250000
v 7.274469 15.793773 1.330000
v 8.274469 13.193772 1.250000
v 8.274469 13.193772 1.330000
v 8.274468 15.793773 1.250000
v 8.274468 15.793773 1.330000
v 7.274469 13.193772 1.950000
v 7.274469 13.193772 2.030000
v 7.274469 15.793773 1.950000
v 7.274469 15.793773 2.030000
v 8.274469 13.193772 1.950000
v 8.274469 13.193772 2.030000
v 8.274468 15.793773 1.950000
v 8.274468 15.793773 2.030000
v 7.174469 2.793773 2.500000
v 7.174469 2.793773 2.600000
v 7.174468 15.793773 2.500000
v 7.174468 15.793773 2.600000
v 7.274469 2.793773 2.500000
v 7.274469 2.793773 2.600000
v 7.274468 15.793773 2.500000
v 7.274468 15.793773 2.600000
v 8.274468 2.793773 2.500000
v 8.274468 2.793773 2.600000
v 8.274468 15.793773 2.500000
v 8.274468 15.793773 2.600000
v 8.374469 2.793773 2.500000
v 8.374469 2.793773 2.600000
v 8.374469 15.793773 2.500000
v 8.374469 15.793773 2.600000
v 10.846178 3.800000 0.000000
v 10.846178 3.800000 0.025000
v 10.846178 4.600000 0.000000
v 10.846178 4.600000 0.025000
v 12.046179 3.800000 0.000000
v 12.046179 3.800000 0.025000
v 12.046179 4.600000 0.000000
v 12.046179 4.600000 0.025000
v 10.946178 3.870001 0.025000
v 10.946178 3.870001 0.120000
v 10.946178 3.970001 0.025000
v 10.946178 3.970001 0.120000
v 11.046179 3.870001 0.025000
v 11.046179 3.870001 0.120000
v 11.046179 3.970001 0.025000
v 11.046179 3.970001 0.120000
v 10.946178 4.150000 0.025000
v 10.946178 4.150000 0.120000
v 10.946178 4.250000 0.025000
v 10.946178 4.250000 0.120000
v 11.046179 4.150000 0.025000
v 11.046179 4.150000 0.120000
v 11.046179 4.250000 0.025000
v 11.046179 4.250000 0.120000
v 10.946178 4.430000 0.025000
v 10.946178 4.430000 0.120000
v 10.946178 4.530001 0.025000
v 10.946178 4.530001 0.120000
v 11.046179 4.430000 0.025000
v 11.046179 4.430000 0.120000
v 11.046179 4.530001 0.025000
v 11.046179 4.530001 0.120000
v 11.396178 3.870001 0.025000
v 11.396178 3.870001 0.120000
v 11.396178 3.970001 0.025000
v 11.396178 3.970001 0.120000
v 11.496179 3.870001 0.025000
v 11.496179 3.870001 0.120000
v 11.496179 3.970001 0.025000
v 11.496179 3.970001 0.120000
v 11.396178 4.150000 0.025000
v 11.396178 4.150000 0.120000
v 11.396178 4.250000 0.025000
v 11.396178 4.250000 0.120000
v 11.496179 4.150000 0.025000
v 11.496179 4.150000 0.120000
v 11.496179 4.250000 0.025000
v 11.496179 4.250000 0.120000
v 11.396178 4.430000 0.025000
v 11.396178 4.430000 0.120000
v 11.396178 4.530001 0.025000
v 11.396178 4.530001 0.120000
v 11.496179 4.430000 0.025000
v 11.496179 4.430000 0.120000
v 11.496179 4.530001 0.025000
v 11.496179 4.530001 0.120000
v 11.846178 3.870001 0.025000
v 11.846178 3.870001 0.120000
v 11.846178 3.970001 0.025000
v 11.846178 3.970001 0.120000
v 11.946178 3.870001 0.025000
v 11.946178 3.870001 0.120000
v 11.946178 3.970001 0.025000
v 11.946178 3.970001 0.120000
v 11.846178 4.150000 0.025000
v 11.846178 4.150000 0.120000
v 11.846178 4.250000 0.025000
v 11.846178 4.250000 0.120000
v 11.946178 4.150000 0.025000
v 11.946178 4.150000 0.120000
v 11.946178 4.250000 0.025000
v 11.946178 4.250000 0.120000
v 11.846178 4.430000 0.025000
v 11.846178 4.430000 0.120000
v 11.846178 4.530001 0.025000
v 11.846178 4.530001 0.120000
v 11.946178 4.430000 0.025000
v 11.946178 4.430000 0.120000
v 11.946178 4.530001 0.025000
v 11.946178 4.530001 0.120000
v 12.846178 3.800000 0.000000
v 12.846178 3.800000 0.025000
v 12.846178 4.600000 0.000000
v 12.846178 4.600000 0.025000
v 14.046179 3.800000 0.000000
v 14.046179 3.800000 0.025000
v 14.046179 4.600000 0.000000
v 14.046179 4.600000 0.025000
v 12.946178 3.870001 0.025000
v 12.946178 3.870001 0.120000
v 12.946178 3.970001 0.025000
v 12.946178 3.970001 0.120000
v 13.046179 3.870001 0.025000
v 13.046179 3.870001 0.120000
v 13.046179 3.970001 0.025000
v 13.046179 3.970001 0.120000
v 12.946178 4.150000 0.025000
v 12.946178 4.150000 0.120000
v 12.946178 4.250000 0.025000
v 12.946178 4.250000 0.120000
v 13.046179 4.150000 0.025000
v 13.046179 4.150000 0.120000
v 13.046179 4.250000 0.025000
v 13.046179 4.250000 0.120000
v 12.946178 4.430000 0.025000
v 12.946178 4.430000 0.120000
v 12.946178 4.530001 0.025000
v 12.946178 4.530001 0.120000
v 13.046179 4.430000 0.025000
v 13.046179 4.430000 0.120000
v 13.046179 4.530001 0.025000
v 13.046179 4.530001 0.120000
v 13.396178 3.870001 0.025000
v 13.396178 3.870001 0.120000
v 13.396178 3.970001 0.025000
v 13.396178 3.970001 0.120000
v 13.496179 3.870001 0.025000
v 13.496179 3.870001 0.120000
v 13.496179 3.970001 0.025000
v 13.496179 3.970001 0.120000
v 13.396178 4.150000 0.025000
v 13.396178 4.150000 0.120000
v 13.396178 4.250000 0.025000
v 13.396178 4.250000 0.120000
v 13.496179 4.150000 0.025000
v 13.496179 4.150000 0.120000
v 13.496179 4.250000 0.025000
v 13.496179 4.250000 0.120000
v 13.396178 4.430000 0.025000
v 13.396178 4.430000 0.120000
v 13.396178 4.530001 0.025000
v 13.396178 4.530001 0.120000
v 13.496179 4.430000 0.025000
v 13.496179 4.430000 0.120000
v 13.496179 4.530001 0.025000
v 13.496179 4.530001 0.120000
v 13.846178 3.870001 0.025000
v 13.846178 3.870001 0.120000
v 13.846178 3.970001 0.025000
v 13.846178 3.970001 0.120000
v 13.946178 3.870001 0.025000
v 13.946178 3.870001 0.120000
v 13.946178 3.970001 0.025000
v 13.946178 3.970001 0.120000
v 13.846178 4.150000 0.025000
v 13.846178 4.150000 0.120000
v 13.846178 4.250000 0.025000
v 13.846178 4.250000 0.120000
v 13.946178 4.150000 0.025000
v 13.946178 4.150000 0.120000
v 13.946178 4.250000 0.025000
v 13.946178 4.250000 0.120000
v 13.846178 4.430000 0.025000
v 13.846178 4.430000 0.120000
v 13.846178 4.530001 0.025000
v 13.846178 4.530001 0.120000
v 13.946178 4.430000 0.025000
v 13.946178 4.430000 0.120000
v 13.946178 4.530001 0.025000
v 13.946178 4.530001 0.120000
v 14.046179 4.075000 0.245000
v 14.046179 4.075000 0.545000
v 14.046179 4.325000 0.245000
v 14.046179 4.325000 0.545000
v 14.050179 4.075000 0.245000
v 14.050179 4.075000 0.545000
v 14.050179 4.325000 0.245000
v 14.050179 4.325000 0.545000
v 14.846178 3.800000 0.000000
v 14.846178 3.800000 0.025000
v 14.846178 4.600000 0.000000
v 14.846178 4.600000 0.025000
v 16.046179 3.800000 0.000000
v 16.046179 3.800000 0.025000
v 16.046179 4.600000 0.000000
v 16.046179 4.600000 0.025000
v 14.946178 3.870001 0.025000
v 14.946178 3.870001 0.120000
v 14.946178 3.970001 0.025000
v 14.946178 3.970001 0.120000
v 15.046179 3.870001 0.025000
v 15.046179 3.870001 0.120000
v 15.046179 3.970001 0.025000
v 15.046179 3.970001 0.120000
v 14.946178 4.150000 0.025000
v 14.946178 4.150000 0.120000
v 14.946178 4.250000 0.025000
v 14.946178 4.250000 0.120000
v 15.046179 4.150000 0.025000
v 15.046179 4.150000 0.120000
v 15.046179 4.250000 0.025000
v 15.046179 4.250000 0.120000
v 14.946178 4.430000 0.025000
v 14.946178 4.430000 0.120000
v 14.946178 4.530001 0.025000
v 14.946178 4.530001 0.120000
v 15.046179 4.430000 0.025000
v 15.046179 4.430000 0.120000
v 15.046179 4.530001 0.025000
v 15.046179 4.530001 0.120000
v 15.396178 3.870001 0.025000
v 15.396178 3.870001 0.120000
v 15.396178 3.970001 0.025000
v 15.396178 3.970001 0.120000
v 15.496179 3.870001 0.025000
v 15.496179 3.870001 0.120000
v 15.496179 3.970001 0.025000
v 15.496179 3.970001 0.120000
v 15.396178 4.150000 0.025000
v 15.396178 4.150000 0.120000
v 15.396178 4.250000 0.025000
v 15.396178 4.250000 0.120000
v 15.496179 4.150000 0.025000
v 15.496179 4.150000 0.120000
v 15.496179 4.250000 0.025000
v 15.496179 4.250000 0.120000
v 15.396178 4.430000 0.025000
v 15.396178 4.430000 0.120000
v 15.396178 4.530001 0.025000
v 15.396178 4.530001 0.120000
v 15.496179 4.430000 0.025000
v 15.496179 4.430000 0.120000
v 15.496179 4.530001 0.025000
v 15.496179 4.530001 0.120000
v 15.846179 3.870001 0.025000
v 15.846179 3.870001 0.120000
v 15.846179 3.970001 0.025000
v 15.846179 3.970001 0.120000
v 15.946177 3.870001 0.025000
v 15.946177 3.870001 0.120000
v 15.946177 3.970001 0.025000
v 15.946177 3.970001 0.120000
v 15.846179 4.150000 0.025000
v 15.846179 4.150000 0.120000
v 15.846179 4.250000 0.025000
v 15.846179 4.250000 0.120000
v 15.946177 4.150000 0.025000
v 15.946177 4.150000 0.120000
v 15.946177 4.250000 0.025000
v 15.946177 4.250000 0.120000
v 15.846179 4.430000 0.025000
v 15.846179 4.430000 0.120000
v 15.846179 4.530001 0.025000
v 15.846179 4.530001 0.120000
v 15.946177 4.430000 0.025000
v 15.946177 4.430000 0.120000
v 15.946177 4.530001 0.025000
v 15.946177 4.530001 0.120000
v 10.946178 8.109729 0.025000
v 10.946178 8.109729 0.120000
v 10.946178 8.209729 0.025000
v 10.946178 8.209729 0.120000
v 11.046179 8.109729 0.025000
v 11.046179 8.109729 0.120000
v 11.046179 8.209729 0.025000
v 11.046179 8.209729 0.120000
v 11.396178 7.829729 0.025000
v 11.396178 7.829729 0.120000
v 11.396178 7.929729 0.025000
v 11.396178 7.929729 0.120000
v 11.496179 7.829729 0.025000
v 11.496179 7.829729 0.120000
v 11.496179 7.929729 0.025000
v 11.496179 7.929729 0.120000
v 11.396178 8.109729 0.025000
v 11.396178 8.109729 0.120000
v 11.396178 8.209729 0.025000
v 11.396178 8.209729 0.120000
v 11.496179 8.109729 0.025000
v 11.496179 8.109729 0.120000
v 11.496179 8.209729 0.025000
v 11.496179 8.209729 0.120000
v 11.846178 7.829729 0.025000
v 11.846178 7.829729 0.120000
v 11.846178 7.929729 0.025000
v 11.846178 7.929729 0.120000
v 11.946178 7.829729 0.025000
v 11.946178 7.829729 0.120000
v 11.946178 7.929729 0.025000
v 11.946178 7.929729 0.120000
v 11.846178 8.109729 0.025000
v 11.846178 8.109729 0.120000
v 11.846178 8.209729 0.025000
v 11.846178 8.209729 0.120000
v 11.946178 8.109729 0.025000
v 11.946178 8.109729 0.120000
v 11.946178 8.209729 0.025000
v 11.946178 8.209729 0.120000
v 10.904589 7.519729 0.145000
v 10.904589 7.519729 1.345000
v 10.904589 8.239728 0.145000
v 10.904589 8.239728 1.345000
v 12.024590 7.519729 0.145000
v 12.024590 7.519729 1.345000
v 12.024590 8.239729 0.145000
v 12.024590 8.239729 1.345000
v 12.846178 7.421717 0.000000
v 12.846178 7.421717 0.025000
v 12.846178 8.221716 0.000000
v 12.846178 8.221716 0.025000
v 14.046179 7.421717 0.000000
v 14.046179 7.421717 0.025000
v 14.046179 8.221717 0.000000
v 14.046179 8.221717 0.025000
v 12.946178 7.491716 0.025000
v 12.946178 7.491716 0.120000
v 12.946178 7.591716 0.025000
v 12.946178 7.591716 0.120000
v 13.046179 7.491716 0.025000
v 13.046179 7.491716 0.120000
v 13.046179 7.591716 0.025000
v 13.046179 7.591716 0.120000
v 12.946178 7.771717 0.025000
v 12.946178 7.771717 0.120000
v 12.946178 7.871717 0.025000
v 12.946178 7.871717 0.120000
v 13.046179 7.771717 0.025000
v 13.046179 7.771717 0.120000
v 13.046179 7.871717 0.025000
v 13.046179 7.871717 0.120000
v 12.946178 8.051717 0.025000
v 12.946178 8.051717 0.120000
v 12.946178 8.151717 0.025000
v 12.946178 8.151717 0.120000
v 13.046179 8.051717 0.025000
v 13.046179 8.051717 0.120000
v 13.046179 8.151717 0.025000
v 13.046179 8.151717 0.120000
v 13.396178 7.491716 0.025000
v 13.396178 7.491716 0.120000
v 13.396178 7.591716 0.025000
v 13.396178 7.591716 0.120000
v 13.496179 7.491716 0.025000
v 13.496179 7.491716 0.120000
v 13.496179 7.591716 0.025000
v 13.496179 7.591716 0.120000
v 13.396178 7.771717 0.025000
v 13.396178 7.771717 0.120000
v 13.396178 7.871717 0.025000
v 13.396178 7.871717 0.120000
v 13.496179 7.771717 0.025000
v 13.496179 7.771717 0.120000
v 13.496179 7.871717 0.025000
v 13.496179 7.871717 0.120000
v 13.396178 8.051717 0.025000
v 13.396178 8.051717 0.120000
v 13.396178 8.151717 0.025000
v 13.396178 8.151717 0.120000
v 13.496179 8.051717 0.025000
v 13.496179 8.051717 0.120000
v 13.496179 8.151717 0.025000
v 13.496179 8.151717 0.120000
v 13.846178 7.491716 0.025000
v 13.846178 7.491716 0.120000
v 13.846178 7.591716 0.025000
v 13.846178 7.591716 0.120000
v 13.946178 7.491716 0.025000
v 13.946178 7.491716 0.120000
v 13.946178 7.591716 0.025000
v 13.946178 7.591716 0.120000
v 13.846178 7.771717 0.025000
v 13.846178 7.771717 0.120000
v 13.846178 7.871717 0.025000
v 13.846178 7.871717 0.120000
v 13.946178 7.771717 0.025000
v 13.946178 7.771717 0.120000
v 13.946178 7.871717 0.025000
v 13.946178 7.871717 0.120000
v 13.846178 8.051717 0.025000
v 13.846178 8.051717 0.120000
v 13.846178 8.151717 0.025000
v 13.846178 8.151717 0.120000
v 13.946178 8.051717 0.025000
v 13.946178 8.051717 0.120000
v 13.946178 8.151717 0.025000
v 13.946178 8.151717 0.120000
v 12.918110 7.461717 0.145000
v 12.918110 7.461717 0.745000
v 12.918110 8.181716 0.145000
v 12.918110 8.181716 0.745000
v 14.038111 7.461717 0.145000
v 14.038111 7.461717 0.745000
v 14.038111 8.181717 0.145000
v 14.038111 8.181717 0.745000
v 14.846178 7.378772 0.000000
v 14.846178 7.378772 0.025000
v 14.846178 8.178771 0.000000
v 14.846178 8.178771 0.025000
v 16.046179 7.378772 0.000000
v 16.046179 7.378772 0.025000
v 16.046179 8.178772 0.000000
v 16.046179 8.178772 0.025000
v 14.946178 7.448771 0.025000
v 14.946178 7.448771 0.120000
v 14.946178 7.548771 0.025000
v 14.946178 7.548771 0.120000
v 15.046179 7.448771 0.025000
v 15.046179 7.448771 0.120000
v 15.046179 7.548771 0.025000
v 15.046179 7.548771 0.120000
v 14.946178 7.728772 0.025000
v 14.946178 7.728772 0.120000
v 14.946178 7.828772 0.025000
v 14.946178 7.828772 0.120000
v 15.046179 7.728772 0.025000
v 15.046179 7.728772 0.120000
v 15.046179 7.828772 0.025000
v 15.046179 7.828772 0.120000
v 14.946178 8.008772 0.025000
v 14.946178 8.008772 0.120000
v 14.946178 8.108772 0.025000
v 14.946178 8.108772 0.120000
v 15.046179 8.008772 0.025000
v 15.046179 8.008772 0.120000
v 15.046179 8.108772 0.025000
v 15.046179 8.108772 0.120000
v 15.396178 7.448771 0.025000
v 15.396178 7.448771 0.120000
v 15.396178 7.548771 0.025000
v 15.396178 7.548771 0.120000
v 15.496179 7.448771 0.025000
v 15.496179 7.448771 0.120000
v 15.496179 7.548771 0.025000
v 15.496179 7.548771 0.120000
v 15.396178 7.728772 0.025000
v 15.396178 7.728772 0.120000
v 15.396178 7.828772 0.025000
v 15.396178 7.828772 0.120000
v 15.496179 7.728772 0.025000
v 15.496179 7.728772 0.120000
v 15.496179 7.828772 0.025000
v 15.496179 7.828772 0.120000
v 15.396178 8.008772 0.025000
v 15.396178 8.008772 0.120000
v 15.396178 8.108772 0.025000
v 15.396178 8.108772 0.120000
v 15.496179 8.008772 0.025000
v 15.496179 8.008772 0.120000
v 15.496179 8.108772 0.025000
v 15.496179 8.108772 0.120000
v 15.846179 7.448771 0.025000
v 15.846179 7.448771 0.120000
v 15.846179 7.548771 0.025000
v 15.846179 7.548771 0.120000
v 15.946177 7.448771 0.025000
v 15.946177 7.448771 0.120000
v 15.946177 7.548771 0.025000
v 15.946177 7.548771 0.120000
v 15.846179 7.728772 0.025000
v 15.846179 7.728772 0.120000
v 15.846179 7.828772 0.025000
v 15.846179 7.828772 0.120000
v 15.946177 7.728772 0.025000
v 15.946177 7.728772 0.120000
v 15.946177 7.828772 0.025000
v 15.946177 7.828772 0.120000
v 15.846179 8.008772 0.025000
v 15.846179 8.008772 0.120000
v 15.846179 8.108772 0.025000
v 15.846179 8.108772 0.120000
v 15.946177 8.008772 0.025000
v 15.946177 8.008772 0.120000
v 15.946177 8.108772 0.025000
v 15.946177 8.108772 0.120000
v 10.846178 3.800000 0.000000
v 10.846178 3.800000 0.025000
v 10.846178 4.600000 0.000000
v 10.846178 4.600000 0.025000
v 12.046179 3.800000 0.000000
v 12.046179 3.800000 0.025000
v 12.046179 4.600000 0.000000
v 12.046179 4.600000 0.025000
v 10.946178 3.870001 0.025000
v 10.946178 3.870001 0.120000
v 10.946178 3.970001 0.025000
v 10.946178 3.970001 0.120000
v 11.046179 3.870001 0.025000
v 11.046179 3.870001 0.120000
v 11.046179 3.970001 0.025000
v 11.046179 3.970001 0.120000
v 10.946178 4.150000 0.025000
v 10.946178 4.150000 0.120000
v 10.946178 4.250000 0.025000
v 10.946178 4.250000 0.120000
v 11.046179 4.150000 0.025000
v 11.046179 4.150000 0.120000
v 11.046179 4.250000 0.025000
v 11.046179 4.250000 0.120000
v 10.946178 4.430000 0.025000
v 10.946178 4.430000 0.120000
v 10.946178 4.530001 0.025000
v 10.946178 4.530001 0.120000
v 11.046179 4.430000 0.025000
v 11.046179 4.430000 0.120000
v 11.046179 4.530001 0.025000
v 11.046179 4.530001 0.120000
v 11.396178 3.870001 0.025000
v 11.396178 3.870001 0.120000
v 11.396178 3.970001 0.025000
v 11.396178 3.970001 0.120000
v 11.496179 3.870001 0.025000
v 11.496179 3.870001 0.120000
v 11.496179 3.970001 0.025000
v 11.496179 3.970001 0.120000
v 11.396178 4.150000 0.025000
v 11.396178 4.150000 0.120000
v 11.396178 4.250000 0.025000
v 11.396178 4.250000 0.120000
v 11.496179 4.150000 0.025000
v 11.496179 4.150000 0.120000
v 11.496179 4.250000 0.025000
v 11.496179 4.250000 0.120000
v 11.396178 4.430000 0.025000
v 11.396178 4.430000 0.120000
v 11.396178 4.530001 0.025000
v 11.396178 4.530001 0.120000
v 11.496179 4.430000 0.025000
v 11.496179 4.430000 0.120000
v 11.496179 4.530001 0.025000
v 11.496179 4.530001 0.120000
v 11.846178 3.870001 0.025000
v 11.846178 3.870001 0.120000
v 11.846178 3.970001 0.025000
v 11.846178 3.970001 0.120000
v 11.946178 3.870001 0.025000
v 11.946178 3.870001 0.120000
v 11.946178 3.970001 0.025000
v 11.946178 3.970001 0.120000
v 11.846178 4.150000 0.025000
v 11.846178 4.150000 0.120000
v 11.846178 4.250000 0.025000
v 11.846178 4.250000 0.120000
v 11.946178 4.150000 0.025000
v 11.946178 4.150000 0.120000
v 11.946178 4.250000 0.025000
v 11.946178 4.250000 0.120000
v 11.846178 4.430000 0.025000
v 11.846178 4.430000 0.120000
v 11.846178 4.530001 0.025000
v 11.846178 4.530001 0.120000
v 11.946178 4.430000 0.025000
v 11.946178 4.430000 0.120000
v 11.946178 4.530001 0.025000
v 11.946178 4.530001 0.120000
v 10.872749 3.840000 0.145000
v 10.872749 3.840000 0.745000
v 10.872749 4.560000 0.145000
v 10.872749 4.560000 0.745000
v 11.992750 3.840000 0.145000
v 11.992750 3.840000 0.745000
v 11.992750 4.560000 0.145000
v 11.992750 4.560000 0.745000
v 12.846178 3.800000 0.000000
v 12.846178 3.800000 0.025000
v 12.846178 4.600000 0.000000
v 12.846178 4.600000 0.025000
v 14.046179 3.800000 0.000000
v 14.046179 3.800000 0.025000
v 14.046179 4.600000 0.000000
v 14.046179 4.600000 0.025000
v 12.946178 3.870001 0.025000
v 12.946178 3.870001 0.120000
v 12.946178 3.970001 0.025000
v 12.946178 3.970001 0.120000
v 13.046179 3.870001 0.025000
v 13.046179 3.870001 0.120000
v 13.046179 3.970001 0.025000
v 13.046179 3.970001 0.120000
v 12.946178 4.150000 0.025000
v 12.946178 4.150000 0.120000
v 12.946178 4.250000 0.025000
v 12.946178 4.250000 0.120000
v 13.046179 4.150000 0.025000
v 13.046179 4.150000 0.120000
v 13.046179 4.250000 0.025000
v 13.046179 4.250000 0.120000
v 12.946178 4.430000 0.025000
v 12.946178 4.430000 0.120000
v 12.946178 4.530001 0.025000
v 12.946178 4.530001 0.120000
v 13.046179 4.430000 0.025000
v 13.046179 4.430000 0.120000
v 13.046179 4.530001 0.025000
v 13.046179 4.530001 0.120000
v 13.396178 3.870001 0.025000
v 13.396178 3.870001 0.120000
v 13.396178 3.970001 0.025000
v 13.396178 3.970001 0.120000
v 13.496179 3.870001 0.025000
v 13.496179 3.870001 0.120000
v 13.496179 3.970001 0.025000
v 13.496179 3.970001 0.120000
v 13.396178 4.150000 0.025000
v 13.396178 4.150000 0.120000
v 13.396178 4.250000 0.025000
v 13.396178 4.250000 0.120000
v 13.496179 4.150000 0.025000
v 13.496179 4.150000 0.120000
v 13.496179 4.250000 0.025000
v 13.496179 4.250000 0.120000
v 13.396178 4.430000 0.025000
v 13.396178 4.430000 0.120000
v 13.396178 4.530001 0.025000
v 13.396178 4.530001 0.120000
v 13.496179 4.430000 0.025000
v 13.496179 4.430000 0.120000
v 13.496179 4.530001 0.025000
v 13.496179 4.530001 0.120000
v 13.846178 3.870001 0.025000
v 13.846178 3.870001 0.120000
v 13.846178 3.970001 0.025000
v 13.846178 3.970001 0.120000
v 13.946178 3.870001 0.025000
v 13.946178 3.870001 0.120000
v 13.946178 3.970001 0.025000
v 13.946178 3.970001 0.120000
v 13.846178 4.150000 0.025000
v 13.846178 4.150000 0.120000
v 13.846178 4.250000 0.025000
v 13.846178 4.250000 0.120000
v 13.946178 4.150000 0.025000
v 13.946178 4.150000 0.120000
v 13.946178 4.250000 0.025000
v 13.946178 4.250000 0.120000
v 13.846178 4.430000 0.025000
v 13.846178 4.430000 0.120000
v 13.846178 4.530001 0.025000
v 13.846178 4.530001 0.120000
v 13.946178 4.430000 0.025000
v 13.946178 4.430000 0.120000
v 13.946178 4.530001 0.025000
v 13.946178 4.530001 0.120000
v 12.937476 3.840000 0.145000
v 12.937476 3.840000 1.345000
v 12.937476 4.560000 0.145000
v 12.937476 4.560000 1.345000
v 14.057477 3.840000 0.145000
v 14.057477 3.840000 1.345000
v 14.057477 4.560000 0.145000
v 14.057477 4.560000 1.345000
v 14.046179 4.075000 0.245000
v 14.046179 4.075000 0.545000
v 14.046179 4.325000 0.245000
v 14.046179 4.325000 0.545000
v 14.050179 4.075000 0.245000
v 14.050179 4.075000 0.545000
v 14.050179 4.325000 0.245000
v 14.050179 4.325000 0.545000
v 14.846178 3.800000 0.000000
v 14.846178 3.800000 0.025000
v 14.846178 4.600000 0.000000
v 14.846178 4.600000 0.025000
v 16.046179 3.800000 0.000000
v 16.046179 3.800000 0.025000
v 16.046179 4.600000 0.000000
v 16.046179 4.600000 0.025000
v 14.946178 3.870001 0.025000
v 14.946178 3.870001 0.120000
v 14.946178 3.970001 0.025000
v 14.946178 3.970001 0.120000
v 15.046179 3.870001 0.025000
v 15.046179 3.870001 0.120000
v 15.046179 3.970001 0.025000
v 15.046179 3.970001 0.120000
v 14.946178 4.150000 0.025000
v 14.946178 4.150000 0.120000
v 14.946178 4.250000 0.025000
v 14.946178 4.250000 0.120000
v 15.046179 4.150000 0.025000
v 15.046179 4.150000 0.120000
v 15.046179 4.250000 0.025000
v 15.046179 4.250000 0.120000
v 14.946178 4.430000 0.025000
v 14.946178 4.430000 0.120000
v 14.946178 4.530001 0.025000
v 14.946178 4.530001 0.120000
v 15.046179 4.430000 0.025000
v 15.046179 4.430000 0.120000
v 15.046179 4.530001 0.025000
v 15.046179 4.530001 0.120000
v 15.396178 3.870001 0.025000
v 15.396178 3.870001 0.120000
v 15.396178 3.970001 0.025000
v 15.396178 3.970001 0.120000
v 15.496179 3.870001 0.025000
v 15.496179 3.870001 0.120000
v 15.496179 3.970001 0.025000
v 15.496179 3.970001 0.120000
v 15.396178 4.150000 0.025000
v 15.396178 4.150000 0.120000
v 15.396178 4.250000 0.025000
v 15.396178 4.250000 0.120000
v 15.496179 4.150000 0.025000
v 15.496179 4.150000 0.120000
v 15.496179 4.250000 0.025000
v 15.496179 4.250000 0.120000
v 15.396178 4.430000 0.025000
v 15.396178 4.430000 0.120000
v 15.396178 4.530001 0.025000
v 15.396178 4.530001 0.120000
v 15.496179 4.430000 0.025000
v 15.496179 4.430000 0.120000
v 15.496179 4.530001 0.025000
v 15.496179 4.530001 0.120000
v 15.846178 3.870001 0.025000
v 15.846178 3.870001 0.120000
v 15.846178 3.970001 0.025000
v 15.846178 3.970001 0.120000
v 15.946178 3.870001 0.025000
v 15.946178 3.870001 0.120000
v 15.946178 3.970001 0.025000
v 15.946178 3.970001 0.120000
v 15.846178 4.150000 0.025000
v 15.846178 4.150000 0.120000
v 15.846178 4.250000 0.025000
v 15.846178 4.250000 0.120000
v 15.946178 4.150000 0.025000
v 15.946178 4.150000 0.120000
v 15.946178 4.250000 0.025000
v 15.946178 4.250000 0.120000
v 15.846178 4.430000 0.025000
v 15.846178 4.430000 0.120000
v 15.846178 4.530001 0.025000
v 15.846178 4.530001 0.120000
v 15.946178 4.430000 0.025000
v 15.946178 4.430000 0.120000
v 15.946178 4.530001 0.025000
v 15.946178 4.530001 0.120000
v 14.886356 3.840000 0.145000
v 14.886356 3.840000 1.145000
v 14.886356 4.560000 0.145000
v 14.886356 4.560000 1.145000
v 16.006357 3.840000 0.145000
v 16.006357 3.840000 1.145000
v 16.006357 4.560000 0.145000
v 16.006357 4.560000 1.145000
v 10.846178 7.479728 0.000000
v 10.846178 7.479728 0.025000
v 10.846178 8.279728 0.000000
v 10.846178 8.279728 0.025000
v 12.046179 7.479729 0.000000
v 12.046179 7.479729 0.025000
v 12.046179 8.279728 0.000000
v 12.046179 8.279728 0.025000
v 10.946178 7.549728 0.025000
v 10.946178 7.549728 0.120000
v 10.946178 7.649728 0.025000
v 10.946178 7.649728 0.120000
v 11.046179 7.549728 0.025000
v 11.046179 7.549728 0.120000
v 11.046179 7.649728 0.025000
v 11.046179 7.649728 0.120000
v 10.946178 8.109729 0.025000
v 10.946178 8.109729 0.120000
v 10.946178 8.209729 0.025000
v 10.946178 8.209729 0.120000
v 11.046179 8.109729 0.025000
v 11.046179 8.109729 0.120000
v 11.046179 8.209729 0.025000
v 11.046179 8.209729 0.120000
v 11.396178 7.829729 0.025000
v 11.396178 7.829729 0.120000
v 11.396178 7.929729 0.025000
v 11.396178 7.929729 0.120000
v 11.496179 7.829729 0.025000
v 11.496179 7.829729 0.120000
v 11.496179 7.929729 0.025000
v 11.496179 7.929729 0.120000
v 11.396178 8.109729 0.025000
v 11.396178 8.109729 0.120000
v 11.396178 8.209729 0.025000
v 11.396178 8.209729 0.120000
v 11.496179 8.109729 0.025000
v 11.496179 8.109729 0.120000
v 11.496179 8.209729 0.025000
v 11.496179 8.209729 0.120000
v 11.846178 7.549728 0.025000
v 11.846178 7.549728 0.120000
v 11.846178 7.649728 0.025000
v 11.846178 7.649728 0.120000
v 11.946178 7.549728 0.025000
v 11.946178 7.549728 0.120000
v 11.946178 7.649728 0.025000
v 11.946178 7.649728 0.120000
v 11.846178 7.829729 0.025000
v 11.846178 7.829729 0.120000
v 11.846178 7.929729 0.025000
v 11.846178 7.929729 0.120000
v 11.946178 7.829729 0.025000
v 11.946178 7.829729 0.120000
v 11.946178 7.929729 0.025000
v 11.946178 7.929729 0.120000
v 11.846178 8.109729 0.025000
v 11.846178 8.109729 0.120000
v 11.846178 8.209729 0.025000
v 11.846178 8.209729 0.120000
v 11.946178 8.109729 0.025000
v 11.946178 8.109729 0.120000
v 11.946178 8.209729 0.025000
v 11.946178 8.209729 0.120000
v 12.846178 7.421716 0.000000
v 12.846178 7.421716 0.025000
v 12.846178 8.221716 0.000000
v 12.846178 8.221716 0.025000
v 14.046179 7.421717 0.000000
v 14.046179 7.421717 0.025000
v 14.046179 8.221716 0.000000
v 14.046179 8.221716 0.025000
v 12.946178 7.491716 0.025000
v 12.946178 7.491716 0.120000
v 12.946178 7.591716 0.025000
v 12.946178 7.591716 0.120000
v 13.046179 7.491716 0.025000
v 13.046179 7.491716 0.120000
v 13.046179 7.591716 0.025000
v 13.046179 7.591716 0.120000
v 12.946178 7.771717 0.025000
v 12.946178 7.771717 0.120000
v 12.946178 7.871717 0.025000
v 12.946178 7.871717 0.120000
v 13.046179 7.771717 0.025000
v 13.046179 7.771717 0.120000
v 13.046179 7.871717 0.025000
v 13.046179 7.871717 0.120000
v 12.946178 8.051717 0.025000
v 12.946178 8.051717 0.120000
v 12.946178 8.151717 0.025000
v 12.946178 8.151717 0.120000
v 13.046179 8.051717 0.025000
v 13.046179 8.051717 0.120000
v 13.046179 8.151717 0.025000
v 13.046179 8.151717 0.120000
v 13.396178 7.491716 0.025000
v 13.396178 7.491716 0.120000
v 13.396178 7.591716 0.025000
v 13.396178 7.591716 0.120000
v 13.496179 7.491716 0.025000
v 13.496179 7.491716 0.120000
v 13.496179 7.591716 0.025000
v 13.496179 7.591716 0.120000
v 13.396178 7.771717 0.025000
v 13.396178 7.771717 0.120000
v 13.396178 7.871717 0.025000
v 13.396178 7.871717 0.120000
v 13.496179 7.771717 0.025000
v 13.496179 7.771717 0.120000
v 13.496179 7.871717 0.025000
v 13.496179 7.871717 0.120000
v 13.396178 8.051717 0.025000
v 13.396178 8.051717 0.120000
v 13.396178 8.151717 0.025000
v 13.396178 8.151717 0.120000
v 13.496179 8.051717 0.025000
v 13.496179 8.051717 0.120000
v 13.496179 8.151717 0.025000
v 13.496179 8.151717 0.120000
v 13.846178 7.491716 0.025000
v 13.846178 7.491716 0.120000
v 13.846178 7.591716 0.025000
v 13.846178 7.591716 0.120000
v 13.946178 7.491716 0.025000
v 13.946178 7.491716 0.120000
v 13.946178 7.591716 0.025000
v 13.946178 7.591716 0.120000
v 13.846178 7.771717 0.025000
v 13.846178 7.771717 0.120000
v 13.846178 7.871717 0.025000
v 13.846178 7.871717 0.120000
v 13.946178 7.771717 0.025000
v 13.946178 7.771717 0.120000
v 13.946178 7.871717 0.025000
v 13.946178 7.871717 0.120000
v 13.846178 8.051717 0.025000
v 13.846178 8.051717 0.120000
v 13.846178 8.151717 0.025000
v 13.846178 8.151717 0.120000
v 13.946178 8.051717 0.025000
v 13.946178 8.051717 0.120000
v 13.946178 8.151717 0.025000
v 13.946178 8.151717 0.120000
v 14.846178 7.378771 0.000000
v 14.846178 7.378771 0.025000
v 14.846178 8.178771 0.000000
v 14.846178 8.178771 0.025000
v 16.046179 7.378772 0.000000
v 16.046179 7.378772 0.025000
v 16.046179 8.178771 0.000000
v 16.046179 8.178771 0.025000
v 14.946178 7.448771 0.025000
v 14.946178 7.448771 0.120000
v 14.946178 7.548771 0.025000
v 14.946178 7.548771 0.120000
v 15.046179 7.448771 0.025000
v 15.046179 7.448771 0.120000
v 15.046179 7.548771 0.025000
v 15.046179 7.548771 0.120000
v 14.946178 7.728772 0.025000
v 14.946178 7.728772 0.120000
v 14.946178 7.828772 0.025000
v 14.946178 7.828772 0.120000
v 15.046179 7.728772 0.025000
v 15.046179 7.728772 0.120000
v 15.046179 7.828772 0.025000
v 15.046179 7.828772 0.120000
v 14.946178 8.008772 0.025000
v 14.946178 8.008772 0.120000
v 14.946178 8.108772 0.025000
v 14.946178 8.108772 0.120000
v 15.046179 8.008772 0.025000
v 15.046179 8.008772 0.120000
v 15.046179 8.108772 0.025000
v 15.046179 8.108772 0.120000
v 15.396178 7.448771 0.025000
v 15.396178 7.448771 0.120000
v 15.396178 7.548771 0.025000
v 15.396178 7.548771 0.120000
v 15.496179 7.448771 0.025000
v 15.496179 7.448771 0.120000
v 15.496179 7.548771 0.025000
v 15.496179 7.548771 0.120000
v 15.396178 7.728772 0.025000
v 15.396178 7.728772 0.120000
v 15.396178 7.828772 0.025000
v 15.396178 7.828772 0.120000
v 15.496179 7.728772 0.025000
v 15.496179 7.728772 0.120000
v 15.496179 7.828772 0.025000
v 15.496179 7.828772 0.120000
v 15.396178 8.008772 0.025000
v 15.396178 8.008772 0.120000
v 15.396178 8.108772 0.025000
v 15.396178 8.108772 0.120000
v 15.496179 8.008772 0.025000
v 15.496179 8.008772 0.120000
v 15.496179 8.108772 0.025000
v 15.496179 8.108772 0.120000
v 15.846178 7.448771 0.025000
v 15.846178 7.448771 0.120000
v 15.846178 7.548771 0.025000
v 15.846178 7.548771 0.120000
v 15.946178 7.448771 0.025000
v 15.946178 7.448771 0.120000
v 15.946178 7.548771 0.025000
v 15.946178 7.548771 0.120000
v 15.846178 7.728772 0.025000
v 15.846178 7.728772 0.120000
v 15.846178 7.828772 0.025000
v 15.846178 7.828772 0.120000
v 15.946178 7.728772 0.025000
v 15.946178 7.728772 0.120000
v 15.946178 7.828772 0.025000
v 15.946178 7.828772 0.120000
v 15.846178 8.008772 0.025000
v 15.846178 8.008772 0.120000
v 15.846178 8.108772 0.025000
v 15.846178 8.108772 0.120000
v 15.946178 8.008772 0.025000
v 15.946178 8.008772 0.120000
v 15.946178 8.108772 0.025000
v 15.946178 8.108772 0.120000
v 14.907701 7.418771 0.145000
v 14.907701 7.418771 1.545000
v 14.907701 8.138771 0.145000
v 14.907701 8.138771 1.545000
v 16.027700 7.418772 0.145000
v 16.027700 7.418772 1.545000
v 16.027700 8.138771 0.145000
v 16.027700 8.138771 1.545000
v 4.999999 36.157410 -0.100000
v 4.999999 36.157410 4.850000
v 5.234107 36.134350 -0.100000
v 5.234107 36.134350 4.850000
v 5.459219 36.066063 -0.100000
v 5.459219 36.066063 4.850000
v 5.666683 35.955173 -0.100000
v 5.666683 35.955173 4.850000
v 5.848526 35.805939 -0.100000
v 5.848526 35.805939 4.850000
v 5.997762 35.624092 -0.100000
v 5.997762 35.624092 4.850000
v 6.108654 35.416630 -0.100000
v 6.108654 35.416630 4.850000
v 6.176941 35.191517 -0.100000
v 6.176941 35.191517 4.850000
v 6.199998 34.957409 -0.100000
v 6.199998 34.957409 4.850000
v 6.176941 34.723301 -0.100000
v 6.176941 34.723301 4.850000
v 6.108654 34.498188 -0.100000
v 6.108654 34.498188 4.850000
v 5.997762 34.290726 -0.100000
v 5.997762 34.290726 4.850000
v 5.848526 34.108879 -0.100000
v 5.848526 34.108879 4.850000
v 5.666683 33.959644 -0.100000
v 5.666683 33.959644 4.850000
v 5.459219 33.848755 -0.100000
v 5.459219 33.848755 4.850000
v 5.234107 33.780468 -0.100000
v 5.234107 33.780468 4.850000
v 4.999999 33.757408 -0.100000
v 4.999999 33.757408 4.850000
v 4.765890 33.780468 -0.100000
v 4.765890 33.780468 4.850000
v 4.540779 33.848755 -0.100000
v 4.540779 33.848755 4.850000
v 4.333314 33.959644 -0.100000
v 4.333314 33.959644 4.850000
v 4.151471 34.108879 -0.100000
v 4.151471 34.108879 4.850000
v 4.002235 34.290726 -0.100000
v 4.002235 34.290726 4.850000
v 3.891343 34.498188 -0.100000
v 3.891343 34.498188 4.850000
v 3.823056 34.723301 -0.100000
v 3.823056 34.723301 4.850000
v 3.799998 34.957409 -0.100000
v 3.799998 34.957409 4.850000
v 3.823056 35.191517 -0.100000
v 3.823056 35.191517 4.850000
v 3.891343 35.416630 -0.100000
v 3.891343 35.416630 4.850000
v 4.002235 35.624092 -0.100000
v 4.002235 35.624092 4.850000
v 4.151471 35.805939 -0.100000
v 4.151471 35.805939 4.850000
v 4.333314 35.955173 -0.100000
v 4.333314 35.955173 4.850000
v 4.540779 36.066063 -0.100000
v 4.540779 36.066063 4.850000
v 4.765890 36.134350 -0.100000
v 4.765890 36.134350 4.850000
v 4.999999 26.680000 0.650000
v 4.999999 26.680000 1.050000
v 5.039999 26.669283 0.650000
v 5.039999 26.669283 1.050000
v 5.069281 26.640001 0.650000
v 5.069281 26.640001 1.050000
v 5.079999 26.600000 0.650000
v 5.079999 26.600000 1.050000
v 5.069281 26.559999 0.650000
v 5.069281 26.559999 1.050000
v 5.039999 26.530718 0.650000
v 5.039999 26.530718 1.050000
v 4.999999 26.520000 0.650000
v 4.999999 26.520000 1.050000
v 4.959999 26.530718 0.650000
v 4.959999 26.530718 1.050000
v 4.930717 26.559999 0.650000
v 4.930717 26.559999 1.050000
v 4.919999 26.600000 0.650000
v 4.919999 26.600000 1.050000
v 4.930717 26.640001 0.650000
v 4.930717 26.640001 1.050000
v 4.959999 26.669283 0.650000
v 4.959999 26.669283 1.050000
v 10.999999 29.110666 -0.100001
v 10.999999 29.110666 4.850000
v 11.234107 29.087608 -0.100001
v 11.234107 29.087608 4.850000
v 11.459219 29.019321 -0.100001
v 11.459219 29.019321 4.850000
v 11.666683 28.908428 -0.100001
v 11.666683 28.908428 4.850000
v 11.848527 28.759193 -0.100001
v 11.848527 28.759193 4.850000
v 11.997763 28.577351 -0.100001
v 11.997763 28.577351 4.850000
v 12.108655 28.369886 -0.100001
v 12.108655 28.369886 4.850000
v 12.176942 28.144773 -0.100001
v 12.176942 28.144773 4.850000
v 12.199999 27.910666 -0.100001
v 12.199999 27.910666 4.850000
v 12.176942 27.676558 -0.100001
v 12.176942 27.676558 4.850000
v 12.108655 27.451445 -0.100001
v 12.108655 27.451445 4.850000
v 11.997763 27.243980 -0.100001
v 11.997763 27.243980 4.850000
v 11.848527 27.062138 -0.100001
v 11.848527 27.062138 4.850000
v 11.666683 26.912903 -0.100001
v 11.666683 26.912903 4.850000
v 11.459219 26.802010 -0.100001
v 11.459219 26.802010 4.850000
v 11.234107 26.733723 -0.100001
v 11.234107 26.733723 4.850000
v 10.999999 26.710665 -0.100001
v 10.999999 26.710665 4.850000
v 10.765891 26.733723 -0.100001
v 10.765891 26.733723 4.850000
v 10.540779 26.802010 -0.100001
v 10.540779 26.802010 4.850000
v 10.333315 26.912903 -0.100001
v 10.333315 26.912903 4.850000
v 10.151471 27.062138 -0.100001
v 10.151471 27.062138 4.850000
v 10.002235 27.243980 -0.100001
v 10.002235 27.243980 4.850000
v 9.891343 27.451445 -0.100001
v 9.891343 27.451445 4.850000
v 9.823056 27.676558 -0.100001
v 9.823056 27.676558 4.850000
v 9.799999 27.910666 -0.100001
v 9.799999 27.910666 4.850000
v 9.823056 28.144773 -0.100001
v 9.823056 28.144773 4.850000
v 9.891343 28.369886 -0.100001
v 9.891343 28.369886 4.850000
v 10.002235 28.577351 -0.100001
v 10.002235 28.577351 4.850000
v 10.151471 28.759193 -0.100001
v 10.151471 28.759193 4.850000
v 10.333315 28.908428 -0.100001
v 10.333315 28.908428 4.850000
v 10.540779 29.019321 -0.100001
v 10.540779 29.019321 4.850000
v 10.765891 29.087608 -0.100001
v 10.765891 29.087608 4.850000
v 5.079998 33.799999 3.416581
v 5.079998 33.399998 3.416581
v 5.069281 33.799999 3.376581
v 5.069281 33.399998 3.376581
v 5.039999 33.799999 3.347299
v 5.039999 33.399998 3.347299
v 4.999999 33.799999 3.336581
v 4.999999 33.399998 3.336581
v 4.959999 33.799999 3.347299
v 4.959999 33.399998 3.347299
v 4.930717 33.799999 3.376581
v 4.930717 33.399998 3.376581
v 4.919999 33.799999 3.416581
v 4.919999 33.399998 3.416581
v 4.930717 33.799999 3.456581
v 4.930717 33.399998 3.456581
v 4.959999 33.799999 3.485863
v 4.959999 33.399998 3.485863
v 4.999999 33.799999 3.496581
v 4.999999 33.399998 3.496581
v 5.039999 33.799999 3.485863
v 5.039999 33.399998 3.485863
v 5.069281 33.799999 3.456581
v 5.069281 33.399998 3.456581
v 10.999998 36.199451 0.125000
v 10.999998 36.199451 5.075000
v 11.234106 36.176392 0.125000
v 11.234106 36.176392 5.075000
v 11.459218 36.108105 0.125000
v 11.459218 36.108105 5.075000
v 11.666682 35.997215 0.125000
v 11.666682 35.997215 5.075000
v 11.848526 35.847980 0.125000
v 11.848526 35.847980 5.075000
v 11.997762 35.666134 0.125000
v 11.997762 35.666134 5.075000
v 12.108654 35.458672 0.125000
v 12.108654 35.458672 5.075000
v 12.176941 35.233559 0.125000
v 12.176941 35.233559 5.075000
v 12.199998 34.999451 0.125000
v 12.199998 34.999451 5.075000
v 12.176941 34.765343 0.125000
v 12.176941 34.765343 5.075000
v 12.108654 34.540230 0.125000
v 12.108654 34.540230 5.075000
v 11.997762 34.332767 0.125000
v 11.997762 34.332767 5.075000
v 11.848526 34.150921 0.125000
v 11.848526 34.150921 5.075000
v 11.666682 34.001686 0.125000
v 11.666682 34.001686 5.075000
v 11.459218 33.890797 0.125000
v 11.459218 33.890797 5.075000
v 11.234106 33.822510 0.125000
v 11.234106 33.822510 5.075000
v 10.999998 33.799450 0.125000
v 10.999998 33.799450 5.075000
v 10.765890 33.822510 0.125000
v 10.765890 33.822510 5.075000
v 10.540778 33.890797 0.125000
v 10.540778 33.890797 5.075000
v 10.333314 34.001686 0.125000
v 10.333314 34.001686 5.075000
v 10.151470 34.150921 0.125000
v 10.151470 34.150921 5.075000
v 10.002234 34.332767 0.125000
v 10.002234 34.332767 5.075000
v 9.891342 34.540230 0.125000
v 9.891342 34.540230 5.075000
v 9.823055 34.765343 0.125000
v 9.823055 34.765343 5.075000
v 9.799998 34.999451 0.125000
v 9.799998 34.999451 5.075000
v 9.823055 35.233559 0.125000
v 9.823055 35.233559 5.075000
v 9.891342 35.458672 0.125000
v 9.891342 35.458672 5.075000
v 10.002234 35.666134 0.125000
v 10.002234 35.666134 5.075000
v 10.151470 35.847980 0.125000
v 10.151470 35.847980 5.075000
v 10.333314 35.997215 0.125000
v 10.333314 35.997215 5.075000
v 10.540778 36.108105 0.125000
v 10.540778 36.108105 5.075000
v 10.765890 36.176392 0.125000
v 10.765890 36.176392 5.075000
v 11.079998 33.799999 2.510579
v 11.079998 33.399998 2.510579
v 11.069280 33.799999 2.470579
v 11.069280 33.399998 2.470579
v 11.039998 33.799999 2.441297
v 11.039998 33.399998 2.441297
v 10.999998 33.799999 2.430579
v 10.999998 33.399998 2.430579
v 10.959998 33.799999 2.441297
v 10.959998 33.399998 2.441297
v 10.930717 33.799999 2.470579
v 10.930717 33.399998 2.470579
v 10.919998 33.799999 2.510579
v 10.919998 33.399998 2.510579
v 10.930717 33.799999 2.550579
v 10.930717 33.399998 2.550579
v 10.959998 33.799999 2.579861
v 10.959998 33.399998 2.579861
v 10.999998 33.799999 2.590579
v 10.999998 33.399998 2.590579
v 11.039998 33.799999 2.579861
v 11.039998 33.399998 2.579861
v 11.069280 33.799999 2.550579
v 11.069280 33.399998 2.550579
v 4.999999 29.292643 -0.100000
v 4.999999 29.292643 4.850000
v 5.234107 29.269585 -0.100000
v 5.234107 29.269585 4.850000
v 5.459219 29.201298 -0.100000
v 5.459219 29.201298 4.850000
v 5.666683 29.090405 -0.100000
v 5.666683 29.090405 4.850000
v 5.848526 28.941170 -0.100000
v 5.848526 28.941170 4.850000
v 5.997762 28.759327 -0.100000
v 5.997762 28.759327 4.850000
v 6.108654 28.551863 -0.100000
v 6.108654 28.551863 4.850000
v 6.176941 28.326750 -0.100000
v 6.176941 28.326750 4.850000
v 6.199998 28.092642 -0.100000
v 6.199998 28.092642 4.850000
v 6.176941 27.858534 -0.100000
v 6.176941 27.858534 4.850000
v 6.108654 27.633421 -0.100000
v 6.108654 27.633421 4.850000
v 5.997762 27.425957 -0.100000
v 5.997762 27.425957 4.850000
v 5.848526 27.244114 -0.100000
v 5.848526 27.244114 4.850000
v 5.666683 27.094879 -0.100000
v 5.666683 27.094879 4.850000
v 5.459219 26.983986 -0.100000
v 5.459219 26.983986 4.850000
v 5.234107 26.915699 -0.100000
v 5.234107 26.915699 4.850000
v 4.999999 26.892641 -0.100000
v 4.999999 26.892641 4.850000
v 4.765890 26.915699 -0.100000
v 4.765890 26.915699 4.850000
v 4.540779 26.983986 -0.100000
v 4.540779 26.983986 4.850000
v 4.333314 27.094879 -0.100000
v 4.333314 27.094879 4.850000
v 4.151471 27.244114 -0.100000
v 4.151471 27.244114 4.850000
v 4.002235 27.425957 -0.100000
v 4.002235 27.425957 4.850000
v 3.891343 27.633421 -0.100000
v 3.891343 27.633421 4.850000
v 3.823056 27.858534 -0.100000
v 3.823056 27.858534 4.850000
v 3.799998 28.092642 -0.100000
v 3.799998 28.092642 4.850000
v 3.823056 28.326750 -0.100000
v 3.823056 28.326750 4.850000
v 3.891343 28.551863 -0.100000
v 3.891343 28.551863 4.850000
v 4.002235 28.759327 -0.100000
v 4.002235 28.759327 4.850000
v 4.151471 28.941170 -0.100000
v 4.151471 28.941170 4.850000
v 4.333314 29.090405 -0.100000
v 4.333314 29.090405 4.850000
v 4.540779 29.201298 -0.100000
v 4.540779 29.201298 4.850000
v 4.765890 29.269585 -0.100000
v 4.765890 29.269585 4.850000
v 5.079999 26.800001 0.849997
v 5.079999 26.400000 0.849997
v 5.069281 26.800001 0.809997
v 5.069281 26.400000 0.809997
v 5.039999 26.800001 0.780715
v 5.039999 26.400000 0.780715
v 4.999999 26.800001 0.769997
v 4.999999 26.400000 0.769997
v 4.959999 26.800001 0.780715
v 4.959999 26.400000 0.780715
v 4.930717 26.800001 0.809997
v 4.930717 26.400000 0.809997
v 4.919999 26.800001 0.849997
v 4.919999 26.400000 0.849997
v 4.930717 26.800001 0.889997
v 4.930717 26.400000 0.889997
v 4.959999 26.800001 0.919279
v 4.959999 26.400000 0.919279
v 4.999999 26.800001 0.929997
v 4.999999 26.400000 0.929997
v 5.039999 26.800001 0.919279
v 5.039999 26.400000 0.919279
v 5.069281 26.800001 0.889997
v 5.069281 26.400000 0.889997
v 41.489483 37.894661 1.323000
v 41.489483 37.894661 1.701000
v 41.489483 38.334663 1.323000
v 41.489483 38.334663 1.701000
v 41.499485 37.894661 1.323000
v 41.499485 37.894661 1.701000
v 41.499485 38.334663 1.323000
v 41.499485 38.334663 1.701000
vn -1.0000 -0.0000 -0.0000
vn -0.0000 1.0000 -0.0000
vn 1.0000 -0.0000 -0.0000
vn -0.0000 -1.0000 -0.0000
vn -0.0000 -0.0000 -1.0000
vn -0.0000 -0.0000 1.0000
vn 0.1951 -0.0000 0.9808
vn 0.5556 -0.0000 0.8315
vn 0.8315 -0.0000 0.5556
vn 0.9808 -0.0000 0.1951
vn 0.9808 -0.0000 -0.1951
vn 0.8315 -0.0000 -0.5556
vn 0.5556 -0.0000 -0.8315
vn 0.1951 -0.0000 -0.9808
vn -0.1951 -0.0000 -0.9808
vn -0.5556 -0.0000 -0.8315
vn -0.8315 -0.0000 -0.5556
vn -0.9808 -0.0000 -0.1951
vn -0.9808 -0.0000 0.1951
vn -0.8315 -0.0000 0.5556
vn -0.5556 -0.0000 0.8315
vn -0.1951 -0.0000 0.9808
vn 0.1950 -0.0000 0.9808
vn 0.5555 -0.0000 0.8315
vn 0.8314 -0.0000 0.5557
vn 0.8314 -0.0000 -0.5557
vn 0.5555 -0.0000 -0.8315
vn 0.1950 -0.0000 -0.9808
vn -0.5555 -0.0000 -0.8315
vn -0.8314 -0.0000 -0.5557
vn -0.8314 -0.0000 0.5557
vn -0.5555 -0.0000 0.8315
vn 0.1951 0.9808 -0.0000
vn 0.5556 0.8315 -0.0000
vn 0.8315 0.5556 -0.0000
vn 0.9808 0.1951 -0.0000
vn 0.9808 -0.1951 -0.0000
vn 0.8315 -0.5556 -0.0000
vn 0.5556 -0.8315 -0.0000
vn 0.1951 -0.9808 -0.0000
vn -0.1951 -0.9808 -0.0000
vn -0.5556 -0.8315 -0.0000
vn -0.8315 -0.5556 -0.0000
vn -0.9808 -0.1951 -0.0000
vn -0.9808 0.1951 -0.0000
vn -0.8315 0.5556 -0.0000
vn -0.5556 0.8315 -0.0000
vn -0.1951 0.9808 -0.0000
vn 0.2588 0.9659 -0.0000
vn 0.7071 0.7071 -0.0000
vn 0.9659 0.2588 -0.0000
vn 0.9659 -0.2588 -0.0000
vn 0.7071 -0.7071 -0.0000
vn 0.2588 -0.9659 -0.0000
vn -0.2588 -0.9659 -0.0000
vn -0.7071 -0.7071 -0.0000
vn -0.9659 -0.2588 -0.0000
vn -0.9659 0.2588 -0.0000
vn -0.7071 0.7071 -0.0000
vn -0.2588 0.9659 -0.0000
vn -0.0000 -0.9659 -0.2588
vn -0.0000 -0.7071 -0.7071
vn -0.0000 -0.2588 -0.9659
vn -0.0000 0.2588 -0.9659
vn -0.0000 0.7071 -0.7071
vn -0.0000 0.9659 -0.2588
vn -0.0000 0.9659 0.2588
vn -0.0000 0.7071 0.7071
vn -0.0000 0.2588 0.9659
vn -0.0000 -0.2588 0.9659
vn -0.0000 -0.7071 0.7071
vn -0.0000 -0.9659 0.2588
vn 0.1564 0.9877 -0.0000
vn 0.4540 0.8910 -0.0000
vn 0.8910 0.4540 -0.0000
vn 0.9877 0.1564 -0.0000
vn 0.9877 -0.1564 -0.0000
vn 0.8910 -0.4540 -0.0000
vn 0.4540 -0.8910 -0.0000
vn 0.1564 -0.9877 -0.0000
vn -0.1564 -0.9877 -0.0000
vn -0.4540 -0.8910 -0.0000
vn -0.8910 -0.4540 -0.0000
vn -0.9877 -0.1564 -0.0000
vn -0.9877 0.1564 -0.0000
vn -0.8910 0.4540 -0.0000
vn -0.4540 0.8910 -0.0000
vn -0.1564 0.9877 -0.0000
vn 0.9659 -0.0000 -0.2588
vn 0.7071 -0.0000 -0.7071
vn 0.2588 -0.0000 -0.9659
vn -0.2588 -0.0000 -0.9659
vn -0.7071 -0.0000 -0.7071
vn -0.9659 -0.0000 -0.2588
vn -0.9659 -0.0000 0.2588
vn -0.7071 -0.0000 0.7071
vn -0.2588 -0.0000 0.9659
vn 0.2588 -0.0000 0.9659
vn 0.7071 -0.0000 0.7071
vn 0.9659 -0.0000 0.2588
vn 0.2587 0.9660 -0.0000
vn 0.7070 -0.7072 -0.0000
vn 0.2589 -0.9659 -0.0000
vn -0.2589 -0.9659 -0.0000
vn -0.7070 -0.7072 -0.0000
vn -0.2587 0.9660 -0.0000
vn 0.7071 -0.7072 -0.0000
vn -0.7071 -0.7072 -0.0000
vn 0.7072 0.7070 -0.0000
vn -0.7072 0.7070 -0.0000
vn 0.2589 0.9659 -0.0000
vn -0.2589 0.9659 -0.0000
vn 0.9877 0.1565 -0.0000
vn 0.9877 -0.1565 -0.0000
vn -0.9877 -0.1565 -0.0000
vn -0.9877 0.1565 -0.0000
vn 0.5555 0.8315 -0.0000
vn -0.5555 0.8315 -0.0000
vn 0.1565 0.9877 -0.0000
vn 0.1565 -0.9877 -0.0000
vn -0.1565 -0.9877 -0.0000
vn -0.1565 0.9877 -0.0000
vn 0.8315 0.5555 -0.0000
vn 0.8315 -0.5555 -0.0000
vn -0.8315 -0.5555 -0.0000
vn -0.8315 0.5555 -0.0000
vn 0.3828 0.9238 -0.0000
vn 0.9238 0.3828 -0.0000
vn 0.9238 -0.3828 -0.0000
vn 0.3828 -0.9238 -0.0000
vn -0.3828 -0.9238 -0.0000
vn -0.9238 -0.3828 -0.0000
vn -0.9238 0.3828 -0.0000
vn -0.3828 0.9238 -0.0000
vn 0.3827 0.9239 -0.0000
vn 0.9239 0.3828 -0.0000
vn -0.9239 0.3828 -0.0000
vn -0.3827 0.9239 -0.0000
vn 0.3829 -0.9238 -0.0000
vn -0.3829 -0.9238 -0.0000
vn 0.3829 0.9238 -0.0000
vn 0.9239 -0.3828 -0.0000
vn 0.3827 -0.9239 -0.0000
vn -0.3827 -0.9239 -0.0000
vn -0.9239 -0.3828 -0.0000
vn -0.3829 0.9238 -0.0000
vn 0.3091 0.9510 -0.0000
vn 0.8089 0.5879 -0.0000
vn 0.8089 -0.5879 -0.0000
vn 0.3091 -0.9510 -0.0000
vn -0.3091 -0.9510 -0.0000
vn -0.8089 -0.5879 -0.0000
vn -0.8089 0.5879 -0.0000
vn -0.3091 0.9510 -0.0000
vn 0.3090 0.9511 -0.0000
vn 0.8090 0.5878 -0.0000
vn 0.8090 -0.5878 -0.0000
vn 0.3090 -0.9511 -0.0000
vn -0.3090 -0.9511 -0.0000
vn -0.8090 -0.5878 -0.0000
vn -0.8090 0.5878 -0.0000
vn -0.3090 0.9511 -0.0000
vn 0.2315 0.9659 -0.1157
vn 0.6325 0.7071 -0.3162
vn 0.8640 0.2588 -0.4320
vn 0.8640 -0.2588 -0.4320
vn 0.6325 -0.7071 -0.3162
vn 0.2315 -0.9659 -0.1157
vn -0.2314 -0.9659 0.1157
vn -0.6325 -0.7071 0.3162
vn -0.8639 -0.2588 0.4320
vn -0.8640 0.2588 0.4320
vn 0.4472 -0.0000 0.8944
vn -0.6324 0.7071 0.3162
vn -0.2315 0.9659 0.1157
vn -0.4472 -0.0000 -0.8944
vn 0.0980 0.9952 -0.0000
vn 0.2903 0.9569 -0.0000
vn 0.4714 0.8819 -0.0000
vn 0.6344 0.7730 -0.0000
vn 0.7730 0.6344 -0.0000
vn 0.8819 0.4714 -0.0000
vn 0.9569 0.2903 -0.0000
vn 0.9952 0.0980 -0.0000
vn 0.9952 -0.0980 -0.0000
vn 0.9569 -0.2903 -0.0000
vn 0.8819 -0.4714 -0.0000
vn 0.7730 -0.6344 -0.0000
vn 0.6344 -0.7730 -0.0000
vn 0.4714 -0.8819 -0.0000
vn 0.2903 -0.9569 -0.0000
vn 0.0980 -0.9952 -0.0000
vn -0.0980 -0.9952 -0.0000
vn -0.2903 -0.9569 -0.0000
vn -0.4714 -0.8819 -0.0000
vn -0.6344 -0.7730 -0.0000
vn -0.7730 -0.6344 -0.0000
vn -0.8819 -0.4714 -0.0000
vn -0.9569 -0.2903 -0.0000
vn -0.9952 -0.0980 -0.0000
vn -0.9952 0.0980 -0.0000
vn -0.9569 0.2903 -0.0000
vn -0.8819 0.4714 -0.0000
vn -0.7730 0.6344 -0.0000
vn -0.6344 0.7730 -0.0000
vn -0.4714 0.8819 -0.0000
vn -0.2903 0.9569 -0.0000
vn -0.0980 0.9952 -0.0000
s 0
usemtl 
f 1//1 2//1 4//1 3//1
f 3//2 4//2 8//2 7//2
f 7//3 8//3 6//3 5//3
f 5//4 6//4 2//4 1//4
f 3//5 7//5 5//5 1//5
f 8//6 4//6 2//6 6//6
f 9//1 10//1 12//1 11//1
f 11//2 12//2 16//2 15//2
f 15//3 16//3 14//3 13//3
f 13//4 14//4 10//4 9//4
f 11//5 15//5 13//5 9//5
f 16//6 12//6 10//6 14//6
usemtl MAT_ChargeDock
f 17//1 18//1 20//1 19//1
f 19//2 20//2 24//2 23//2
f 23//3 24//3 22//3 21//3
f 21//4 22//4 18//4 17//4
f 19//5 23//5 21//5 17//5
f 24//6 20//6 18//6 22//6
f 41//1 42//1 44//1 43//1
f 43//2 44//2 48//2 47//2
f 47//3 48//3 46//3 45//3
f 45//4 46//4 42//4 41//4
f 43//5 47//5 45//5 41//5
f 48//6 44//6 42//6 46//6
usemtl MAT_ContactRail
f 25//1 26//1 28//1 27//1
f 27//2 28//2 32//2 31//2
f 31//3 32//3 30//3 29//3
f 29//4 30//4 26//4 25//4
f 27//5 31//5 29//5 25//5
f 32//6 28//6 26//6 30//6
f 33//1 34//1 36//1 35//1
f 35//2 36//2 40//2 39//2
f 39//3 40//3 38//3 37//3
f 37//4 38//4 34//4 33//4
f 35//5 39//5 37//5 33//5
f 40//6 36//6 34//6 38//6
f 49//1 50//1 52//1 51//1
f 51//2 52//2 56//2 55//2
f 55//3 56//3 54//3 53//3
f 53//4 54//4 50//4 49//4
f 51//5 55//5 53//5 49//5
f 56//6 52//6 50//6 54//6
f 57//1 58//1 60//1 59//1
f 59//2 60//2 64//2 63//2
f 63//3 64//3 62//3 61//3
f 61//4 62//4 58//4 57//4
f 59//5 63//5 61//5 57//5
f 64//6 60//6 58//6 62//6
usemtl MAT_Workbench
f 65//1 66//1 68//1 67//1
f 67//2 68//2 72//2 71//2
f 71//3 72//3 70//3 69//3
f 69//4 70//4 66//4 65//4
f 67//5 71//5 69//5 65//5
f 72//6 68//6 66//6 70//6
f 113//1 114//1 116//1 115//1
f 115//2 116//2 120//2 119//2
f 119//3 120//3 118//3 117//3
f 117//4 118//4 114//4 113//4
f 115//5 119//5 117//5 113//5
f 120//6 116//6 114//6 118//6
usemtl MAT_BenchLeg
f 73//1 74//1 76//1 75//1
f 75//2 76//2 80//2 79//2
f 79//3 80//3 78//3 77//3
f 77//4 78//4 74//4 73//4
f 75//5 79//5 77//5 73//5
f 80//6 76//6 74//6 78//6
f 81//1 82//1 84//1 83//1
f 83//2 84//2 88//2 87//2
f 87//3 88//3 86//3 85//3
f 85//4 86//4 82//4 81//4
f 83//5 87//5 85//5 81//5
f 88//6 84//6 82//6 86//6
f 89//1 90//1 92//1 91//1
f 91//2 92//2 96//2 95//2
f 95//3 96//3 94//3 93//3
f 93//4 94//4 90//4 89//4
f 91//5 95//5 93//5 89//5
f 96//6 92//6 90//6 94//6
f 97//1 98//1 100//1 99//1
f 99//2 100//2 104//2 103//2
f 103//3 104//3 102//3 101//3
f 101//4 102//4 98//4 97//4
f 99//5 103//5 101//5 97//5
f 104//6 100//6 98//6 102//6
f 105//1 106//1 108//1 107//1
f 107//2 108//2 112//2 111//2
f 111//3 112//3 110//3 109//3
f 109//4 110//4 106//4 105//4
f 107//5 111//5 109//5 105//5
f 112//6 108//6 106//6 110//6
f 121//1 122//1 124//1 123//1
f 123//2 124//2 128//2 127//2
f 127//3 128//3 126//3 125//3
f 125//4 126//4 122//4 121//4
f 123//5 127//5 125//5 121//5
f 128//6 124//6 122//6 126//6
f 129//1 130//1 132//1 131//1
f 131//2 132//2 136//2 135//2
f 135//3 136//3 134//3 133//3
f 133//4 134//4 130//4 129//4
f 131//5 135//5 133//5 129//5
f 136//6 132//6 130//6 134//6
f 137//1 138//1 140//1 139//1
f 139//2 140//2 144//2 143//2
f 143//3 144//3 142//3 141//3
f 141//4 142//4 138//4 137//4
f 139//5 143//5 141//5 137//5
f 144//6 140//6 138//6 142//6
f 145//1 146//1 148//1 147//1
f 147//2 148//2 152//2 151//2
f 151//3 152//3 150//3 149//3
f 149//4 150//4 146//4 145//4
f 147//5 151//5 149//5 145//5
f 152//6 148//6 146//6 150//6
f 153//1 154//1 156//1 155//1
f 155//2 156//2 160//2 159//2
f 159//3 160//3 158//3 157//3
f 157//4 158//4 154//4 153//4
f 155//5 159//5 157//5 153//5
f 160//6 156//6 154//6 158//6
f 201//1 202//1 204//1 203//1
f 203//2 204//2 208//2 207//2
f 207//3 208//3 206//3 205//3
f 205//4 206//4 202//4 201//4
f 203//5 207//5 205//5 201//5
f 208//6 204//6 202//6 206//6
f 209//1 210//1 212//1 211//1
f 211//2 212//2 216//2 215//2
f 215//3 216//3 214//3 213//3
f 213//4 214//4 210//4 209//4
f 211//5 215//5 213//5 209//5
f 216//6 212//6 210//6 214//6
f 217//1 218//1 220//1 219//1
f 219//2 220//2 224//2 223//2
f 223//3 224//3 222//3 221//3
f 221//4 222//4 218//4 217//4
f 219//5 223//5 221//5 217//5
f 224//6 220//6 218//6 222//6
f 225//1 226//1 228//1 227//1
f 227//2 228//2 232//2 231//2
f 231//3 232//3 230//3 229//3
f 229//4 230//4 226//4 225//4
f 227//5 231//5 229//5 225//5
f 232//6 228//6 226//6 230//6
usemtl MAT_ToolCabinet
f 161//1 162//1 164//1 163//1
f 163//2 164//2 168//2 167//2
f 167//3 168//3 166//3 165//3
f 165//4 166//4 162//4 161//4
f 163//5 167//5 165//5 161//5
f 168//6 164//6 162//6 166//6
f 169//1 170//1 172//1 171//1
f 171//2 172//2 176//2 175//2
f 175//3 176//3 174//3 173//3
f 173//4 174//4 170//4 169//4
f 171//5 175//5 173//5 169//5
f 176//6 172//6 170//6 174//6
f 177//1 178//1 180//1 179//1
f 179//2 180//2 184//2 183//2
f 183//3 184//3 182//3 181//3
f 181//4 182//4 178//4 177//4
f 179//5 183//5 181//5 177//5
f 184//6 180//6 178//6 182//6
f 185//1 186//1 188//1 187//1
f 187//2 188//2 192//2 191//2
f 191//3 192//3 190//3 189//3
f 189//4 190//4 186//4 185//4
f 187//5 191//5 189//5 185//5
f 192//6 188//6 186//6 190//6
usemtl MAT_PartsWasher
f 193//1 194//1 196//1 195//1
f 195//2 196//2 200//2 199//2
f 199//3 200//3 198//3 197//3
f 197//4 198//4 194//4 193//4
f 195//5 199//5 197//5 193//5
f 200//6 196//6 194//6 198//6
usemtl MAT_GaugeBody
f 233//7 234//7 236//7 235//7
f 235//8 236//8 238//8 237//8
f 237//9 238//9 240//9 239//9
f 239//10 240//10 242//10 241//10
f 241//11 242//11 244//11 243//11
f 243//12 244//12 246//12 245//12
f 245//13 246//13 248//13 247//13
f 247//14 248//14 250//14 249//14
f 249//15 250//15 252//15 251//15
f 251//16 252//16 254//16 253//16
f 253//17 254//17 256//17 255//17
f 255//18 256//18 258//18 257//18
f 257//19 258//19 260//19 259//19
f 259//20 260//20 262//20 261//20
f 236//4 234//4 264//4 262//4 260//4 258//4 256//4 254//4 252//4 250//4 248//4 246//4 244//4 242//4 240//4 238//4
f 261//21 262//21 264//21 263//21
f 263//22 264//22 234//22 233//22
f 233//2 235//2 237//2 239//2 241//2 243//2 245//2 247//2 249//2 251//2 253//2 255//2 257//2 259//2 261//2 263//2
usemtl MAT_GaugeFace
f 265//23 266//23 268//23 267//23
f 267//24 268//24 270//24 269//24
f 269//25 270//25 272//25 271//25
f 271//10 272//10 274//10 273//10
f 273//11 274//11 276//11 275//11
f 275//26 276//26 278//26 277//26
f 277//27 278//27 280//27 279//27
f 279//28 280//28 282//28 281//28
f 281//15 282//15 284//15 283//15
f 283//29 284//29 286//29 285//29
f 285//30 286//30 288//30 287//30
f 287//18 288//18 290//18 289//18
f 289//19 290//19 292//19 291//19
f 291//31 292//31 294//31 293//31
f 268//4 266//4 296//4 294//4 292//4 290//4 288//4 286//4 284//4 282//4 280//4 278//4 276//4 274//4 272//4 270//4
f 293//32 294//32 296//32 295//32
f 295//22 296//22 266//22 265//22
f 265//2 267//2 269//2 271//2 273//2 275//2 277//2 279//2 281//2 283//2 285//2 287//2 289//2 291//2 293//2 295//2
usemtl MAT_AprilTag_Placeholder
f 297//1 298//1 300//1 299//1
f 299//6 300//6 304//6 303//6
f 303//3 304//3 302//3 301//3
f 301//5 302//5 298//5 297//5
f 299//2 303//2 301//2 297//2
f 304//4 300//4 298//4 302//4
usemtl MAT_Rust
f 305//33 306//33 308//33 307//33
f 307//34 308//34 310//34 309//34
f 309//35 310//35 312//35 311//35
f 311//36 312//36 314//36 313//36
f 313//37 314//37 316//37 315//37
f 315//38 316//38 318//38 317//38
f 317//39 318//39 320//39 319//39
f 319//40 320//40 322//40 321//40
f 321//41 322//41 324//41 323//41
f 323//42 324//42 326//42 325//42
f 325//43 326//43 328//43 327//43
f 327//44 328//44 330//44 329//44
f 329//45 330//45 332//45 331//45
f 331//46 332//46 334//46 333//46
f 333//47 334//47 336//47 335//47
f 335//48 336//48 306//48 305//48
usemtl MAT_ConcreteWall
f 337//1 338//1 340//1 339//1
f 339//2 340//2 344//2 343//2
f 343//3 344//3 342//3 341//3
f 341//4 342//4 338//4 337//4
f 339//5 343//5 341//5 337//5
f 344//6 340//6 338//6 342//6
f 345//1 346//1 348//1 347//1
f 347//2 348//2 352//2 351//2
f 351//3 352//3 350//3 349//3
f 349//4 350//4 346//4 345//4
f 347//5 351//5 349//5 345//5
f 352//6 348//6 346//6 350//6
f 353//1 354//1 356//1 355//1
f 355//2 356//2 360//2 359//2
f 359//3 360//3 358//3 357//3
f 357//4 358//4 354//4 353//4
f 355//5 359//5 357//5 353//5
f 360//6 356//6 354//6 358//6
f 361//1 362//1 364//1 363//1
f 364//2 370//2 369//2 363//2
f 364//2 368//2 367//2 363//2 369//2 372//2 377//2 378//2 385//2 386//2 387//2 388//2 379//2 380//2 371//2 370//2
f 385//2 378//2 379//2 388//2
f 377//2 372//2 371//2 380//2
f 367//3 368//3 366//3 365//3
f 375//4 362//4 361//4 374//4
f 376//4 374//4 361//4 365//4 366//4 362//4 375//4 373//4 383//4 384//4 391//4 392//4 390//4 389//4 382//4 381//4
f 391//4 384//4 382//4 389//4
f 383//4 373//4 376//4 381//4
f 363//5 367//5 365//5 361//5
f 368//6 364//6 362//6 366//6
f 374//3 369//3 370//3 375//3
f 373//1 371//1 372//1 376//1
f 376//6 372//6 369//6 374//6
f 370//5 371//5 373//5 375//5
f 393//1 394//1 396//1 395//1
f 395//2 396//2 400//2 399//2
f 399//3 400//3 398//3 397//3
f 397//4 398//4 394//4 393//4
f 395//5 399//5 397//5 393//5
f 400//6 396//6 394//6 398//6
f 401//1 402//1 404//1 403//1
f 403//2 404//2 408//2 407//2
f 407//3 408//3 406//3 405//3
f 405//4 406//4 402//4 401//4
f 403//5 407//5 405//5 401//5
f 408//6 404//6 402//6 406//6
f 409//1 410//1 412//1 411//1
f 411//2 412//2 416//2 415//2
f 415//3 416//3 414//3 413//3
f 413//4 414//4 410//4 409//4
f 411//5 415//5 413//5 409//5
f 416//6 412//6 410//6 414//6
f 417//1 418//1 420//1 419//1
f 419//2 420//2 424//2 423//2
f 423//3 424//3 422//3 421//3
f 421//4 422//4 418//4 417//4
f 419//5 423//5 421//5 417//5
f 424//6 420//6 418//6 422//6
f 425//1 426//1 428//1 427//1
f 427//2 428//2 432//2 431//2
f 431//3 432//3 430//3 429//3
f 429//4 430//4 426//4 425//4
f 427//5 431//5 429//5 425//5
f 432//6 428//6 426//6 430//6
f 433//1 434//1 436//1 435//1
f 435//2 436//2 440//2 439//2
f 439//3 440//3 438//3 437//3
f 437//4 438//4 434//4 433//4
f 435//5 439//5 437//5 433//5
f 440//6 436//6 434//6 438//6
usemtl MAT_WindowGlass
f 377//3 380//3 383//3 381//3
f 384//1 379//1 378//1 382//1
f 382//6 378//6 377//6 381//6
f 380//5 379//5 384//5 383//5
f 385//3 388//3 391//3 389//3
f 392//1 387//1 386//1 390//1
f 390//6 386//6 385//6 389//6
f 388//5 387//5 392//5 391//5
usemtl EQ_01_PUMPS
f 441//1 442//1 444//1 443//1
f 443//2 444//2 448//2 447//2
f 447//3 448//3 446//3 445//3
f 445//4 446//4 442//4 441//4
f 443//5 447//5 445//5 441//5
f 448//6 444//6 442//6 446//6
f 449//1 450//1 452//1 451//1
f 451//2 452//2 456//2 455//2
f 455//3 456//3 454//3 453//3
f 453//4 454//4 450//4 449//4
f 451//5 455//5 453//5 449//5
f 456//6 452//6 450//6 454//6
f 457//1 458//1 460//1 459//1
f 464//2 463//2 468//2 465//2
f 459//2 460//2 466//2 467//2
f 463//3 464//3 462//3 461//3
f 469//4 458//4 457//4 472//4
f 461//4 462//4 470//4 471//4
f 468//5 463//5 461//5 471//5
f 457//5 459//5 467//5 472//5
f 460//6 458//6 469//6 466//6
f 470//6 462//6 464//6 465//6
f 467//3 466//3 469//3 472//3
f 465//1 468//1 471//1 470//1
f 473//1 474//1 476//1 475//1
f 475//2 476//2 480//2 479//2
f 479//3 480//3 478//3 477//3
f 477//4 478//4 474//4 473//4
f 475//5 479//5 477//5 473//5
f 480//6 476//6 474//6 478//6
f 481//1 482//1 484//1 483//1
f 483//2 484//2 488//2 487//2
f 487//3 488//3 486//3 485//3
f 485//4 486//4 482//4 481//4
f 483//5 487//5 485//5 481//5
f 488//6 484//6 482//6 486//6
f 489//1 490//1 492//1 491//1
f 491//2 492//2 496//2 495//2
f 495//3 496//3 494//3 493//3
f 493//4 494//4 490//4 489//4
f 491//5 495//5 493//5 489//5
f 496//6 492//6 490//6 494//6
f 497//1 498//1 500//1 499//1
f 499//2 500//2 504//2 503//2
f 503//3 504//3 502//3 501//3
f 501//4 502//4 498//4 497//4
f 499//5 503//5 501//5 497//5
f 504//6 500//6 498//6 502//6
f 505//1 506//1 508//1 507//1
f 507//2 508//2 512//2 511//2
f 511//3 512//3 510//3 509//3
f 509//4 510//4 506//4 505//4
f 507//5 511//5 509//5 505//5
f 512//6 508//6 506//6 510//6
f 513//1 514//1 516//1 515//1
f 515//2 516//2 520//2 519//2
f 519//3 520//3 518//3 517//3
f 517//4 518//4 514//4 513//4
f 515//5 519//5 517//5 513//5
f 520//6 516//6 514//6 518//6
f 521//1 522//1 524//1 523//1
f 523//2 524//2 528//2 527//2
f 527//3 528//3 526//3 525//3
f 525//4 526//4 522//4 521//4
f 523//5 527//5 525//5 521//5
f 528//6 524//6 522//6 526//6
f 529//1 530//1 532//1 531//1
f 531//2 532//2 536//2 535//2
f 535//3 536//3 534//3 533//3
f 533//4 534//4 530//4 529//4
f 531//5 535//5 533//5 529//5
f 536//6 532//6 530//6 534//6
f 609//1 610//1 612//1 611//1
f 611//2 612//2 616//2 615//2
f 615//3 616//3 614//3 613//3
f 613//4 614//4 610//4 609//4
f 611//5 615//5 613//5 609//5
f 616//6 612//6 610//6 614//6
f 617//1 618//1 620//1 619//1
f 619//2 620//2 624//2 623//2
f 623//3 624//3 622//3 621//3
f 621//4 622//4 618//4 617//4
f 619//5 623//5 621//5 617//5
f 624//6 620//6 618//6 622//6
f 625//1 626//1 628//1 627//1
f 627//2 628//2 632//2 631//2
f 631//3 632//3 630//3 629//3
f 629//4 630//4 626//4 625//4
f 627//5 631//5 629//5 625//5
f 632//6 628//6 626//6 630//6
usemtl MAT_PumpMotor
f 633//1 634//1 636//1 635//1
f 635//2 636//2 640//2 639//2
f 639//3 640//3 638//3 637//3
f 637//4 638//4 634//4 633//4
f 635//5 639//5 637//5 633//5
f 640//6 636//6 634//6 638//6
f 1249//1 1250//1 1252//1 1251//1
f 1251//2 1252//2 1256//2 1255//2
f 1255//3 1256//3 1254//3 1253//3
f 1253//4 1254//4 1250//4 1249//4
f 1251//5 1255//5 1253//5 1249//5
f 1256//6 1252//6 1250//6 1254//6
f 1313//1 1314//1 1316//1 1315//1
f 1315//2 1316//2 1320//2 1319//2
f 1319//3 1320//3 1318//3 1317//3
f 1317//4 1318//4 1314//4 1313//4
f 1315//5 1319//5 1317//5 1313//5
f 1320//6 1316//6 1314//6 1318//6
f 1345//1 1346//1 1348//1 1347//1
f 1347//2 1348//2 1352//2 1351//2
f 1351//3 1352//3 1350//3 1349//3
f 1349//4 1350//4 1346//4 1345//4
f 1347//5 1351//5 1349//5 1345//5
f 1352//6 1348//6 1346//6 1350//6
f 1953//1 1954//1 1956//1 1955//1
f 1955//2 1956//2 1960//2 1959//2
f 1959//3 1960//3 1958//3 1957//3
f 1957//4 1958//4 1954//4 1953//4
f 1955//5 1959//5 1957//5 1953//5
f 1960//6 1956//6 1954//6 1958//6
f 1969//1 1970//1 1972//1 1971//1
f 1971//2 1972//2 1976//2 1975//2
f 1975//3 1976//3 1974//3 1973//3
f 1973//4 1974//4 1970//4 1969//4
f 1971//5 1975//5 1973//5 1969//5
f 1976//6 1972//6 1970//6 1974//6
f 1985//1 1986//1 1988//1 1987//1
f 1987//2 1988//2 1992//2 1991//2
f 1991//3 1992//3 1990//3 1989//3
f 1989//4 1990//4 1986//4 1985//4
f 1987//5 1991//5 1989//5 1985//5
f 1992//6 1988//6 1986//6 1990//6
f 2025//73 2026//73 2028//73 2027//73
f 2027//74 2028//74 2030//74 2029//74
f 2029//50 2030//50 2032//50 2031//50
f 2031//75 2032//75 2034//75 2033//75
f 2033//76 2034//76 2036//76 2035//76
f 2035//77 2036//77 2038//77 2037//77
f 2037//78 2038//78 2040//78 2039//78
f 2039//53 2040//53 2042//53 2041//53
f 2041//79 2042//79 2044//79 2043//79
f 2043//80 2044//80 2046//80 2045//80
f 2045//81 2046//81 2048//81 2047//81
f 2047//82 2048//82 2050//82 2049//82
f 2049//56 2050//56 2052//56 2051//56
f 2051//83 2052//83 2054//83 2053//83
f 2053//84 2054//84 2056//84 2055//84
f 2055//85 2056//85 2058//85 2057//85
f 2057//86 2058//86 2060//86 2059//86
f 2059//59 2060//59 2062//59 2061//59
f 2028//6 2026//6 2064//6 2062//6 2060//6 2058//6 2056//6 2054//6 2052//6 2050//6 2048//6 2046//6 2044//6 2042//6 2040//6 2038//6 2036//6 2034//6 2032//6 2030//6
f 2061//87 2062//87 2064//87 2063//87
f 2063//88 2064//88 2026//88 2025//88
f 2025//5 2027//5 2029//5 2031//5 2033//5 2035//5 2037//5 2039//5 2041//5 2043//5 2045//5 2047//5 2049//5 2051//5 2053//5 2055//5 2057//5 2059//5 2061//5 2063//5
f 2129//73 2130//73 2132//73 2131//73
f 2131//74 2132//74 2134//74 2133//74
f 2133//50 2134//50 2136//50 2135//50
f 2135//75 2136//75 2138//75 2137//75
f 2137//76 2138//76 2140//76 2139//76
f 2139//77 2140//77 2142//77 2141//77
f 2141//78 2142//78 2144//78 2143//78
f 2143//53 2144//53 2146//53 2145//53
f 2145//79 2146//79 2148//79 2147//79
f 2147//80 2148//80 2150//80 2149//80
f 2149//81 2150//81 2152//81 2151//81
f 2151//82 2152//82 2154//82 2153//82
f 2153//56 2154//56 2156//56 2155//56
f 2155//83 2156//83 2158//83 2157//83
f 2157//84 2158//84 2160//84 2159//84
f 2159//85 2160//85 2162//85 2161//85
f 2161//86 2162//86 2164//86 2163//86
f 2163//59 2164//59 2166//59 2165//59
f 2132//6 2130//6 2168//6 2166//6 2164//6 2162//6 2160//6 2158//6 2156//6 2154//6 2152//6 2150//6 2148//6 2146//6 2144//6 2142//6 2140//6 2138//6 2136//6 2134//6
f 2165//87 2166//87 2168//87 2167//87
f 2167//88 2168//88 2130//88 2129//88
f 2129//5 2131//5 2133//5 2135//5 2137//5 2139//5 2141//5 2143//5 2145//5 2147//5 2149//5 2151//5 2153//5 2155//5 2157//5 2159//5 2161//5 2163//5 2165//5 2167//5
f 2257//73 2258//73 2260//73 2259//73
f 2259//74 2260//74 2262//74 2261//74
f 2261//50 2262//50 2264//50 2263//50
f 2263//75 2264//75 2266//75 2265//75
f 2265//76 2266//76 2268//76 2267//76
f 2267//77 2268//77 2270//77 2269//77
f 2269//78 2270//78 2272//78 2271//78
f 2271//53 2272//53 2274//53 2273//53
f 2273//79 2274//79 2276//79 2275//79
f 2275//80 2276//80 2278//80 2277//80
f 2277//81 2278//81 2280//81 2279//81
f 2279//82 2280//82 2282//82 2281//82
f 2281//56 2282//56 2284//56 2283//56
f 2283//83 2284//83 2286//83 2285//83
f 2285//84 2286//84 2288//84 2287//84
f 2287//85 2288//85 2290//85 2289//85
f 2289//86 2290//86 2292//86 2291//86
f 2291//59 2292//59 2294//59 2293//59
f 2260//6 2258//6 2296//6 2294//6 2292//6 2290//6 2288//6 2286//6 2284//6 2282//6 2280//6 2278//6 2276//6 2274//6 2272//6 2270//6 2268//6 2266//6 2264//6 2262//6
f 2293//87 2294//87 2296//87 2295//87
f 2295//88 2296//88 2258//88 2257//88
f 2257//5 2259//5 2261//5 2263//5 2265//5 2267//5 2269//5 2271//5 2273//5 2275//5 2277//5 2279//5 2281//5 2283//5 2285//5 2287//5 2289//5 2291//5 2293//5 2295//5
f 2377//73 2378//73 2380//73 2379//73
f 2379//74 2380//74 2382//74 2381//74
f 2381//50 2382//50 2384//50 2383//50
f 2383//75 2384//75 2386//75 2385//75
f 2385//76 2386//76 2388//76 2387//76
f 2387//77 2388//77 2390//77 2389//77
f 2389//78 2390//78 2392//78 2391//78
f 2391//53 2392//53 2394//53 2393//53
f 2393//79 2394//79 2396//79 2395//79
f 2395//80 2396//80 2398//80 2397//80
f 2397//81 2398//81 2400//81 2399//81
f 2399//82 2400//82 2402//82 2401//82
f 2401//56 2402//56 2404//56 2403//56
f 2403//83 2404//83 2406//83 2405//83
f 2405//84 2406//84 2408//84 2407//84
f 2407//85 2408//85 2410//85 2409//85
f 2409//86 2410//86 2412//86 2411//86
f 2411//59 2412//59 2414//59 2413//59
f 2380//6 2378//6 2416//6 2414//6 2412//6 2410//6 2408//6 2406//6 2404//6 2402//6 2400//6 2398//6 2396//6 2394//6 2392//6 2390//6 2388//6 2386//6 2384//6 2382//6
f 2413//87 2414//87 2416//87 2415//87
f 2415//88 2416//88 2378//88 2377//88
f 2377//5 2379//5 2381//5 2383//5 2385//5 2387//5 2389//5 2391//5 2393//5 2395//5 2397//5 2399//5 2401//5 2403//5 2405//5 2407//5 2409//5 2411//5 2413//5 2415//5
f 2505//73 2506//73 2508//73 2507//73
f 2507//74 2508//74 2510//74 2509//74
f 2509//50 2510//50 2512//50 2511//50
f 2511//75 2512//75 2514//75 2513//75
f 2513//76 2514//76 2516//76 2515//76
f 2515//77 2516//77 2518//77 2517//77
f 2517//78 2518//78 2520//78 2519//78
f 2519//53 2520//53 2522//53 2521//53
f 2521//79 2522//79 2524//79 2523//79
f 2523//80 2524//80 2526//80 2525//80
f 2525//81 2526//81 2528//81 2527//81
f 2527//82 2528//82 2530//82 2529//82
f 2529//56 2530//56 2532//56 2531//56
f 2531//83 2532//83 2534//83 2533//83
f 2533//84 2534//84 2536//84 2535//84
f 2535//85 2536//85 2538//85 2537//85
f 2537//86 2538//86 2540//86 2539//86
f 2539//59 2540//59 2542//59 2541//59
f 2508//6 2506//6 2544//6 2542//6 2540//6 2538//6 2536//6 2534//6 2532//6 2530//6 2528//6 2526//6 2524//6 2522//6 2520//6 2518//6 2516//6 2514//6 2512//6 2510//6
f 2541//87 2542//87 2544//87 2543//87
f 2543//88 2544//88 2506//88 2505//88
f 2505//5 2507//5 2509//5 2511//5 2513//5 2515//5 2517//5 2519//5 2521//5 2523//5 2525//5 2527//5 2529//5 2531//5 2533//5 2535//5 2537//5 2539//5 2541//5 2543//5
f 2705//73 2706//73 2708//73 2707//73
f 2707//74 2708//74 2710//74 2709//74
f 2709//50 2710//50 2712//50 2711//50
f 2711//75 2712//75 2714//75 2713//75
f 2713//76 2714//76 2716//76 2715//76
f 2715//77 2716//77 2718//77 2717//77
f 2717//78 2718//78 2720//78 2719//78
f 2719//53 2720//53 2722//53 2721//53
f 2721//79 2722//79 2724//79 2723//79
f 2723//80 2724//80 2726//80 2725//80
f 2725//81 2726//81 2728//81 2727//81
f 2727//82 2728//82 2730//82 2729//82
f 2729//56 2730//56 2732//56 2731//56
f 2731//83 2732//83 2734//83 2733//83
f 2733//84 2734//84 2736//84 2735//84
f 2735//85 2736//85 2738//85 2737//85
f 2737//86 2738//86 2740//86 2739//86
f 2739//59 2740//59 2742//59 2741//59
f 2708//6 2706//6 2744//6 2742//6 2740//6 2738//6 2736//6 2734//6 2732//6 2730//6 2728//6 2726//6 2724//6 2722//6 2720//6 2718//6 2716//6 2714//6 2712//6 2710//6
f 2741//87 2742//87 2744//87 2743//87
f 2743//88 2744//88 2706//88 2705//88
f 2705//5 2707//5 2709//5 2711//5 2713//5 2715//5 2717//5 2719//5 2721//5 2723//5 2725//5 2727//5 2729//5 2731//5 2733//5 2735//5 2737//5 2739//5 2741//5 2743//5
f 3713//49 3714//49 3716//49 3715//49
f 3715//50 3716//50 3718//50 3717//50
f 3717//51 3718//51 3720//51 3719//51
f 3719//52 3720//52 3722//52 3721//52
f 3721//53 3722//53 3724//53 3723//53
f 3723//54 3724//54 3726//54 3725//54
f 3725//55 3726//55 3728//55 3727//55
f 3727//56 3728//56 3730//56 3729//56
f 3729//57 3730//57 3732//57 3731//57
f 3731//58 3732//58 3734//58 3733//58
f 3716//6 3714//6 3736//6 3734//6 3732//6 3730//6 3728//6 3726//6 3724//6 3722//6 3720//6 3718//6
f 3733//59 3734//59 3736//59 3735//59
f 3735//60 3736//60 3714//60 3713//60
f 3713//5 3715//5 3717//5 3719//5 3721//5 3723//5 3725//5 3727//5 3729//5 3731//5 3733//5 3735//5
f 3737//49 3738//49 3740//49 3739//49
f 3739//50 3740//50 3742//50 3741//50
f 3741//51 3742//51 3744//51 3743//51
f 3743//52 3744//52 3746//52 3745//52
f 3745//53 3746//53 3748//53 3747//53
f 3747//54 3748//54 3750//54 3749//54
f 3749//55 3750//55 3752//55 3751//55
f 3751//56 3752//56 3754//56 3753//56
f 3753//57 3754//57 3756//57 3755//57
f 3755//58 3756//58 3758//58 3757//58
f 3740//6 3738//6 3760//6 3758//6 3756//6 3754//6 3752//6 3750//6 3748//6 3746//6 3744//6 3742//6
f 3757//59 3758//59 3760//59 3759//59
f 3759//60 3760//60 3738//60 3737//60
f 3737//5 3739//5 3741//5 3743//5 3745//5 3747//5 3749//5 3751//5 3753//5 3755//5 3757//5 3759//5
f 3761//49 3762//49 3764//49 3763//49
f 3763//50 3764//50 3766//50 3765//50
f 3765//51 3766//51 3768//51 3767//51
f 3767//52 3768//52 3770//52 3769//52
f 3769//53 3770//53 3772//53 3771//53
f 3771//54 3772//54 3774//54 3773//54
f 3773//55 3774//55 3776//55 3775//55
f 3775//56 3776//56 3778//56 3777//56
f 3777//57 3778//57 3780//57 3779//57
f 3779//58 3780//58 3782//58 3781//58
f 3764//6 3762//6 3784//6 3782//6 3780//6 3778//6 3776//6 3774//6 3772//6 3770//6 3768//6 3766//6
f 3781//59 3782//59 3784//59 3783//59
f 3783//60 3784//60 3762//60 3761//60
f 3761//5 3763//5 3765//5 3767//5 3769//5 3771//5 3773//5 3775//5 3777//5 3779//5 3781//5 3783//5
f 3793//49 3794//49 3796//49 3795//49
f 3795//50 3796//50 3798//50 3797//50
f 3797//51 3798//51 3800//51 3799//51
f 3799//52 3800//52 3802//52 3801//52
f 3801//53 3802//53 3804//53 3803//53
f 3803//54 3804//54 3806//54 3805//54
f 3805//55 3806//55 3808//55 3807//55
f 3807//56 3808//56 3810//56 3809//56
f 3809//57 3810//57 3812//57 3811//57
f 3811//58 3812//58 3814//58 3813//58
f 3796//6 3794//6 3816//6 3814//6 3812//6 3810//6 3808//6 3806//6 3804//6 3802//6 3800//6 3798//6
f 3813//59 3814//59 3816//59 3815//59
f 3815//60 3816//60 3794//60 3793//60
f 3793//5 3795//5 3797//5 3799//5 3801//5 3803//5 3805//5 3807//5 3809//5 3811//5 3813//5 3815//5
usemtl MAT_ElecRoomWall
f 537//1 538//1 540//1 539//1
f 539//2 540//2 544//2 543//2
f 543//3 544//3 542//3 541//3
f 541//4 542//4 538//4 537//4
f 539//5 543//5 541//5 537//5
f 544//6 540//6 538//6 542//6
f 545//1 546//1 548//1 547//1
f 547//2 548//2 552//2 551//2
f 551//3 552//3 550//3 549//3
f 549//4 550//4 546//4 545//4
f 547//5 551//5 549//5 545//5
f 552//6 548//6 546//6 550//6
f 553//1 554//1 556//1 555//1
f 555//2 556//2 560//2 559//2
f 559//3 560//3 558//3 557//3
f 557//4 558//4 554//4 553//4
f 555//5 559//5 557//5 553//5
f 560//6 556//6 554//6 558//6
f 561//1 562//1 564//1 563//1
f 563//2 564//2 568//2 567//2
f 567//3 568//3 566//3 565//3
f 565//4 566//4 562//4 561//4
f 563//5 567//5 565//5 561//5
f 568//6 564//6 562//6 566//6
f 569//1 570//1 572//1 571//1
f 571//2 572//2 576//2 575//2
f 575//3 576//3 574//3 573//3
f 573//4 574//4 570//4 569//4
f 571//5 575//5 573//5 569//5
f 576//6 572//6 570//6 574//6
f 577//1 578//1 580//1 579//1
f 579//2 580//2 584//2 583//2
f 583//3 584//3 582//3 581//3
f 581//4 582//4 578//4 577//4
f 579//5 583//5 581//5 577//5
f 584//6 580//6 578//6 582//6
usemtl MAT_CtrlRoomWall
f 585//1 586//1 588//1 587//1
f 587//2 588//2 592//2 591//2
f 591//3 592//3 590//3 589//3
f 589//4 590//4 586//4 585//4
f 587//5 591//5 589//5 585//5
f 592//6 588//6 586//6 590//6
f 593//1 594//1 596//1 595//1
f 595//2 596//2 600//2 599//2
f 599//3 600//3 598//3 597//3
f 597//4 598//4 594//4 593//4
f 595//5 599//5 597//5 593//5
f 600//6 596//6 594//6 598//6
f 601//1 602//1 604//1 603//1
f 603//2 604//2 608//2 607//2
f 607//3 608//3 606//3 605//3
f 605//4 606//4 602//4 601//4
f 603//5 607//5 605//5 601//5
f 608//6 604//6 602//6 606//6
usemtl MAT_DoorFrame
f 641//1 642//1 644//1 643//1
f 643//2 644//2 648//2 647//2
f 647//3 648//3 646//3 645//3
f 645//4 646//4 642//4 641//4
f 643//5 647//5 645//5 641//5
f 648//6 644//6 642//6 646//6
f 649//1 650//1 652//1 651//1
f 651//2 652//2 656//2 655//2
f 655//3 656//3 654//3 653//3
f 653//4 654//4 650//4 649//4
f 651//5 655//5 653//5 649//5
f 656//6 652//6 650//6 654//6
f 657//1 658//1 660//1 659//1
f 659//2 660//2 664//2 663//2
f 663//3 664//3 662//3 661//3
f 661//4 662//4 658//4 657//4
f 659//5 663//5 661//5 657//5
f 664//6 660//6 658//6 662//6
f 665//1 666//1 668//1 667//1
f 667//2 668//2 672//2 671//2
f 671//3 672//3 670//3 669//3
f 669//4 670//4 666//4 665//4
f 667//5 671//5 669//5 665//5
f 672//6 668//6 666//6 670//6
f 673//1 674//1 676//1 675//1
f 675//2 676//2 680//2 679//2
f 679//3 680//3 678//3 677//3
f 677//4 678//4 674//4 673//4
f 675//5 679//5 677//5 673//5
f 680//6 676//6 674//6 678//6
f 681//1 682//1 684//1 683//1
f 683//2 684//2 688//2 687//2
f 687//3 688//3 686//3 685//3
f 685//4 686//4 682//4 681//4
f 683//5 687//5 685//5 681//5
f 688//6 684//6 682//6 686//6
f 689//1 690//1 692//1 691//1
f 691//2 692//2 696//2 695//2
f 695//3 696//3 694//3 693//3
f 693//4 694//4 690//4 689//4
f 691//5 695//5 693//5 689//5
f 696//6 692//6 690//6 694//6
f 697//1 698//1 700//1 699//1
f 699//2 700//2 704//2 703//2
f 703//3 704//3 702//3 701//3
f 701//4 702//4 698//4 697//4
f 699//5 703//5 701//5 697//5
f 704//6 700//6 698//6 702//6
f 705//1 706//1 708//1 707//1
f 707//2 708//2 712//2 711//2
f 711//3 712//3 710//3 709//3
f 709//4 710//4 706//4 705//4
f 707//5 711//5 709//5 705//5
f 712//6 708//6 706//6 710//6
f 713//1 714//1 716//1 715//1
f 715//2 716//2 720//2 719//2
f 719//3 720//3 718//3 717//3
f 717//4 718//4 714//4 713//4
f 715//5 719//5 717//5 713//5
f 720//6 716//6 714//6 718//6
f 721//1 722//1 724//1 723//1
f 723//2 724//2 728//2 727//2
f 727//3 728//3 726//3 725//3
f 725//4 726//4 722//4 721//4
f 723//5 727//5 725//5 721//5
f 728//6 724//6 722//6 726//6
f 729//1 730//1 732//1 731//1
f 731//2 732//2 736//2 735//2
f 735//3 736//3 734//3 733//3
f 733//4 734//4 730//4 729//4
f 731//5 735//5 733//5 729//5
f 736//6 732//6 730//6 734//6
f 737//1 738//1 740//1 739//1
f 739//2 740//2 744//2 743//2
f 743//3 744//3 742//3 741//3
f 741//4 742//4 738//4 737//4
f 739//5 743//5 741//5 737//5
f 744//6 740//6 738//6 742//6
f 745//1 746//1 748//1 747//1
f 747//2 748//2 752//2 751//2
f 751//3 752//3 750//3 749//3
f 749//4 750//4 746//4 745//4
f 747//5 751//5 749//5 745//5
f 752//6 748//6 746//6 750//6
f 753//1 754//1 756//1 755//1
f 755//2 756//2 760//2 759//2
f 759//3 760//3 758//3 757//3
f 757//4 758//4 754//4 753//4
f 755//5 759//5 757//5 753//5
f 760//6 756//6 754//6 758//6
f 761//1 762//1 764//1 763//1
f 763//2 764//2 768//2 767//2
f 767//3 768//3 766//3 765//3
f 765//4 766//4 762//4 761//4
f 763//5 767//5 765//5 761//5
f 768//6 764//6 762//6 766//6
f 769//1 770//1 772//1 771//1
f 771//2 772//2 776//2 775//2
f 775//3 776//3 774//3 773//3
f 773//4 774//4 770//4 769//4
f 771//5 775//5 773//5 769//5
f 776//6 772//6 770//6 774//6
f 777//1 778//1 780//1 779//1
f 779//2 780//2 784//2 783//2
f 783//3 784//3 782//3 781//3
f 781//4 782//4 778//4 777//4
f 779//5 783//5 781//5 777//5
f 784//6 780//6 778//6 782//6
f 785//1 786//1 788//1 787//1
f 787//2 788//2 792//2 791//2
f 791//3 792//3 790//3 789//3
f 789//4 790//4 786//4 785//4
f 787//5 791//5 789//5 785//5
f 792//6 788//6 786//6 790//6
f 793//1 794//1 796//1 795//1
f 795//2 796//2 800//2 799//2
f 799//3 800//3 798//3 797//3
f 797//4 798//4 794//4 793//4
f 795//5 799//5 797//5 793//5
f 800//6 796//6 794//6 798//6
f 801//1 802//1 804//1 803//1
f 803//2 804//2 808//2 807//2
f 807//3 808//3 806//3 805//3
f 805//4 806//4 802//4 801//4
f 803//5 807//5 805//5 801//5
f 808//6 804//6 802//6 806//6
f 809//1 810//1 812//1 811//1
f 811//2 812//2 816//2 815//2
f 815//3 816//3 814//3 813//3
f 813//4 814//4 810//4 809//4
f 811//5 815//5 813//5 809//5
f 816//6 812//6 810//6 814//6
f 817//1 818//1 820//1 819//1
f 819//2 820//2 824//2 823//2
f 823//3 824//3 822//3 821//3
f 821//4 822//4 818//4 817//4
f 819//5 823//5 821//5 817//5
f 824//6 820//6 818//6 822//6
f 825//1 826//1 828//1 827//1
f 827//2 828//2 832//2 831//2
f 831//3 832//3 830//3 829//3
f 829//4 830//4 826//4 825//4
f 827//5 831//5 829//5 825//5
f 832//6 828//6 826//6 830//6
f 833//1 834//1 836//1 835//1
f 835//2 836//2 840//2 839//2
f 839//3 840//3 838//3 837//3
f 837//4 838//4 834//4 833//4
f 835//5 839//5 837//5 833//5
f 840//6 836//6 834//6 838//6
f 841//1 842//1 844//1 843//1
f 843//2 844//2 848//2 847//2
f 847//3 848//3 846//3 845//3
f 845//4 846//4 842//4 841//4
f 843//5 847//5 845//5 841//5
f 848//6 844//6 842//6 846//6
f 849//1 850//1 852//1 851//1
f 851//2 852//2 856//2 855//2
f 855//3 856//3 854//3 853//3
f 853//4 854//4 850//4 849//4
f 851//5 855//5 853//5 849//5
f 856//6 852//6 850//6 854//6
f 857//1 858//1 860//1 859//1
f 859//2 860//2 864//2 863//2
f 863//3 864//3 862//3 861//3
f 861//4 862//4 858//4 857//4
f 859//5 863//5 861//5 857//5
f 864//6 860//6 858//6 862//6
f 865//1 866//1 868//1 867//1
f 867//2 868//2 872//2 871//2
f 871//3 872//3 870//3 869//3
f 869//4 870//4 866//4 865//4
f 867//5 871//5 869//5 865//5
f 872//6 868//6 866//6 870//6
f 873//1 874//1 876//1 875//1
f 875//2 876//2 880//2 879//2
f 879//3 880//3 878//3 877//3
f 877//4 878//4 874//4 873//4
f 875//5 879//5 877//5 873//5
f 880//6 876//6 874//6 878//6
f 881//1 882//1 884//1 883//1
f 883//2 884//2 888//2 887//2
f 887//3 888//3 886//3 885//3
f 885//4 886//4 882//4 881//4
f 883//5 887//5 885//5 881//5
f 888//6 884//6 882//6 886//6
f 889//1 890//1 892//1 891//1
f 891//2 892//2 896//2 895//2
f 895//3 896//3 894//3 893//3
f 893//4 894//4 890//4 889//4
f 891//5 895//5 893//5 889//5
f 896//6 892//6 890//6 894//6
f 897//1 898//1 900//1 899//1
f 899//2 900//2 904//2 903//2
f 903//3 904//3 902//3 901//3
f 901//4 902//4 898//4 897//4
f 899//5 903//5 901//5 897//5
f 904//6 900//6 898//6 902//6
usemtl MAT_SteelColumn
f 905//1 906//1 908//1 907//1
f 907//2 908//2 912//2 911//2
f 911//3 912//3 910//3 909//3
f 909//4 910//4 906//4 905//4
f 907//5 911//5 909//5 905//5
f 912//6 908//6 906//6 910//6
f 913//1 914//1 916//1 915//1
f 915//2 916//2 920//2 919//2
f 919//3 920//3 918//3 917//3
f 917//4 918//4 914//4 913//4
f 915//5 919//5 917//5 913//5
f 920//6 916//6 914//6 918//6
f 921//1 922//1 924//1 923//1
f 923//2 924//2 928//2 927//2
f 927//3 928//3 926//3 925//3
f 925//4 926//4 922//4 921//4
f 923//5 927//5 925//5 921//5
f 928//6 924//6 922//6 926//6
f 929//1 930//1 932//1 931//1
f 931//2 932//2 936//2 935//2
f 935//3 936//3 934//3 933//3
f 933//4 934//4 930//4 929//4
f 931//5 935//5 933//5 929//5
f 936//6 932//6 930//6 934//6
f 937//1 938//1 940//1 939//1
f 939//2 940//2 944//2 943//2
f 943//3 944//3 942//3 941//3
f 941//4 942//4 938//4 937//4
f 939//5 943//5 941//5 937//5
f 944//6 940//6 938//6 942//6
f 945//1 946//1 948//1 947//1
f 947//2 948//2 952//2 951//2
f 951//3 952//3 950//3 949//3
f 949//4 950//4 946//4 945//4
f 947//5 951//5 949//5 945//5
f 952//6 948//6 946//6 950//6
f 953//1 954//1 956//1 955//1
f 955//2 956//2 960//2 959//2
f 959//3 960//3 958//3 957//3
f 957//4 958//4 954//4 953//4
f 955//5 959//5 957//5 953//5
f 960//6 956//6 954//6 958//6
f 961//1 962//1 964//1 963//1
f 963//2 964//2 968//2 967//2
f 967//3 968//3 966//3 965//3
f 965//4 966//4 962//4 961//4
f 963//5 967//5 965//5 961//5
f 968//6 964//6 962//6 966//6
f 969//1 970//1 972//1 971//1
f 971//2 972//2 976//2 975//2
f 975//3 976//3 974//3 973//3
f 973//4 974//4 970//4 969//4
f 971//5 975//5 973//5 969//5
f 976//6 972//6 970//6 974//6
f 977//1 978//1 980//1 979//1
f 979//2 980//2 984//2 983//2
f 983//3 984//3 982//3 981//3
f 981//4 982//4 978//4 977//4
f 979//5 983//5 981//5 977//5
f 984//6 980//6 978//6 982//6
f 985//1 986//1 988//1 987//1
f 987//2 988//2 992//2 991//2
f 991//3 992//3 990//3 989//3
f 989//4 990//4 986//4 985//4
f 987//5 991//5 989//5 985//5
f 992//6 988//6 986//6 990//6
f 993//1 994//1 996//1 995//1
f 995//2 996//2 1000//2 999//2
f 999//3 1000//3 998//3 997//3
f 997//4 998//4 994//4 993//4
f 995//5 999//5 997//5 993//5
f 1000//6 996//6 994//6 998//6
f 1001//1 1002//1 1004//1 1003//1
f 1003//2 1004//2 1008//2 1007//2
f 1007//3 1008//3 1006//3 1005//3
f 1005//4 1006//4 1002//4 1001//4
f 1003//5 1007//5 1005//5 1001//5
f 1008//6 1004//6 1002//6 1006//6
f 1009//1 1010//1 1012//1 1011//1
f 1011//2 1012//2 1016//2 1015//2
f 1015//3 1016//3 1014//3 1013//3
f 1013//4 1014//4 1010//4 1009//4
f 1011//5 1015//5 1013//5 1009//5
f 1016//6 1012//6 1010//6 1014//6
f 1017//1 1018//1 1020//1 1019//1
f 1019//2 1020//2 1024//2 1023//2
f 1023//3 1024//3 1022//3 1021//3
f 1021//4 1022//4 1018//4 1017//4
f 1019//5 1023//5 1021//5 1017//5
f 1024//6 1020//6 1018//6 1022//6
f 1025//1 1026//1 1028//1 1027//1
f 1027//2 1028//2 1032//2 1031//2
f 1031//3 1032//3 1030//3 1029//3
f 1029//4 1030//4 1026//4 1025//4
f 1027//5 1031//5 1029//5 1025//5
f 1032//6 1028//6 1026//6 1030//6
f 1033//1 1034//1 1036//1 1035//1
f 1035//2 1036//2 1040//2 1039//2
f 1039//3 1040//3 1038//3 1037//3
f 1037//4 1038//4 1034//4 1033//4
f 1035//5 1039//5 1037//5 1033//5
f 1040//6 1036//6 1034//6 1038//6
f 1041//1 1042//1 1044//1 1043//1
f 1043//2 1044//2 1048//2 1047//2
f 1047//3 1048//3 1046//3 1045//3
f 1045//4 1046//4 1042//4 1041//4
f 1043//5 1047//5 1045//5 1041//5
f 1048//6 1044//6 1042//6 1046//6
f 1049//1 1050//1 1052//1 1051//1
f 1051//2 1052//2 1056//2 1055//2
f 1055//3 1056//3 1054//3 1053//3
f 1053//4 1054//4 1050//4 1049//4
f 1051//5 1055//5 1053//5 1049//5
f 1056//6 1052//6 1050//6 1054//6
f 1057//1 1058//1 1060//1 1059//1
f 1059//2 1060//2 1064//2 1063//2
f 1063//3 1064//3 1062//3 1061//3
f 1061//4 1062//4 1058//4 1057//4
f 1059//5 1063//5 1061//5 1057//5
f 1064//6 1060//6 1058//6 1062//6
f 1065//1 1066//1 1068//1 1067//1
f 1067//2 1068//2 1072//2 1071//2
f 1071//3 1072//3 1070//3 1069//3
f 1069//4 1070//4 1066//4 1065//4
f 1067//5 1071//5 1069//5 1065//5
f 1072//6 1068//6 1066//6 1070//6
f 1073//1 1074//1 1076//1 1075//1
f 1075//2 1076//2 1080//2 1079//2
f 1079//3 1080//3 1078//3 1077//3
f 1077//4 1078//4 1074//4 1073//4
f 1075//5 1079//5 1077//5 1073//5
f 1080//6 1076//6 1074//6 1078//6
f 1081//1 1082//1 1084//1 1083//1
f 1083//2 1084//2 1088//2 1087//2
f 1087//3 1088//3 1086//3 1085//3
f 1085//4 1086//4 1082//4 1081//4
f 1083//5 1087//5 1085//5 1081//5
f 1088//6 1084//6 1082//6 1086//6
f 1089//1 1090//1 1092//1 1091//1
f 1091//2 1092//2 1096//2 1095//2
f 1095//3 1096//3 1094//3 1093//3
f 1093//4 1094//4 1090//4 1089//4
f 1091//5 1095//5 1093//5 1089//5
f 1096//6 1092//6 1090//6 1094//6
f 1097//1 1098//1 1100//1 1099//1
f 1099//2 1100//2 1104//2 1103//2
f 1103//3 1104//3 1102//3 1101//3
f 1101//4 1102//4 1098//4 1097//4
f 1099//5 1103//5 1101//5 1097//5
f 1104//6 1100//6 1098//6 1102//6
f 1105//1 1106//1 1108//1 1107//1
f 1107//2 1108//2 1112//2 1111//2
f 1111//3 1112//3 1110//3 1109//3
f 1109//4 1110//4 1106//4 1105//4
f 1107//5 1111//5 1109//5 1105//5
f 1112//6 1108//6 1106//6 1110//6
f 1113//1 1114//1 1116//1 1115//1
f 1115//2 1116//2 1120//2 1119//2
f 1119//3 1120//3 1118//3 1117//3
f 1117//4 1118//4 1114//4 1113//4
f 1115//5 1119//5 1117//5 1113//5
f 1120//6 1116//6 1114//6 1118//6
f 1121//1 1122//1 1124//1 1123//1
f 1123//2 1124//2 1128//2 1127//2
f 1127//3 1128//3 1126//3 1125//3
f 1125//4 1126//4 1122//4 1121//4
f 1123//5 1127//5 1125//5 1121//5
f 1128//6 1124//6 1122//6 1126//6
f 1129//1 1130//1 1132//1 1131//1
f 1131//2 1132//2 1136//2 1135//2
f 1135//3 1136//3 1134//3 1133//3
f 1133//4 1134//4 1130//4 1129//4
f 1131//5 1135//5 1133//5 1129//5
f 1136//6 1132//6 1130//6 1134//6
f 1137//1 1138//1 1140//1 1139//1
f 1139//2 1140//2 1144//2 1143//2
f 1143//3 1144//3 1142//3 1141//3
f 1141//4 1142//4 1138//4 1137//4
f 1139//5 1143//5 1141//5 1137//5
f 1144//6 1140//6 1138//6 1142//6
f 1145//1 1146//1 1148//1 1147//1
f 1147//2 1148//2 1152//2 1151//2
f 1151//3 1152//3 1150//3 1149//3
f 1149//4 1150//4 1146//4 1145//4
f 1147//5 1151//5 1149//5 1145//5
f 1152//6 1148//6 1146//6 1150//6
usemtl MAT_FloorMarkYellow
f 1153//1 1154//1 1156//1 1155//1
f 1155//2 1156//2 1160//2 1159//2
f 1159//3 1160//3 1158//3 1157//3
f 1157//4 1158//4 1154//4 1153//4
f 1155//5 1159//5 1157//5 1153//5
f 1160//6 1156//6 1154//6 1158//6
usemtl MAT_FloorMarkRed
f 1161//1 1162//1 1164//1 1163//1
f 1163//2 1164//2 1168//2 1167//2
f 1167//3 1168//3 1166//3 1165//3
f 1165//4 1166//4 1162//4 1161//4
f 1163//5 1167//5 1165//5 1161//5
f 1168//6 1164//6 1162//6 1166//6
f 1169//1 1170//1 1172//1 1171//1
f 1171//2 1172//2 1176//2 1175//2
f 1175//3 1176//3 1174//3 1173//3
f 1173//4 1174//4 1170//4 1169//4
f 1171//5 1175//5 1173//5 1169//5
f 1176//6 1172//6 1170//6 1174//6
f 1177//1 1178//1 1180//1 1179//1
f 1179//2 1180//2 1184//2 1183//2
f 1183//3 1184//3 1182//3 1181//3
f 1181//4 1182//4 1178//4 1177//4
f 1179//5 1183//5 1181//5 1177//5
f 1184//6 1180//6 1178//6 1182//6
f 1185//1 1186//1 1188//1 1187//1
f 1187//2 1188//2 1192//2 1191//2
f 1191//3 1192//3 1190//3 1189//3
f 1189//4 1190//4 1186//4 1185//4
f 1187//5 1191//5 1189//5 1185//5
f 1192//6 1188//6 1186//6 1190//6
f 1193//1 1194//1 1196//1 1195//1
f 1195//2 1196//2 1200//2 1199//2
f 1199//3 1200//3 1198//3 1197//3
f 1197//4 1198//4 1194//4 1193//4
f 1195//5 1199//5 1197//5 1193//5
f 1200//6 1196//6 1194//6 1198//6
f 1201//1 1202//1 1204//1 1203//1
f 1203//2 1204//2 1208//2 1207//2
f 1207//3 1208//3 1206//3 1205//3
f 1205//4 1206//4 1202//4 1201//4
f 1203//5 1207//5 1205//5 1201//5
f 1208//6 1204//6 1202//6 1206//6
f 1209//1 1210//1 1212//1 1211//1
f 1211//2 1212//2 1216//2 1215//2
f 1215//3 1216//3 1214//3 1213//3
f 1213//4 1214//4 1210//4 1209//4
f 1211//5 1215//5 1213//5 1209//5
f 1216//6 1212//6 1210//6 1214//6
f 1217//1 1218//1 1220//1 1219//1
f 1219//2 1220//2 1224//2 1223//2
f 1223//3 1224//3 1222//3 1221//3
f 1221//4 1222//4 1218//4 1217//4
f 1219//5 1223//5 1221//5 1217//5
f 1224//6 1220//6 1218//6 1222//6
f 1225//1 1226//1 1228//1 1227//1
f 1227//2 1228//2 1232//2 1231//2
f 1231//3 1232//3 1230//3 1229//3
f 1229//4 1230//4 1226//4 1225//4
f 1227//5 1231//5 1229//5 1225//5
f 1232//6 1228//6 1226//6 1230//6
usemtl MAT_EquipPad
f 1233//1 1234//1 1236//1 1235//1
f 1235//2 1236//2 1240//2 1239//2
f 1239//3 1240//3 1238//3 1237//3
f 1237//4 1238//4 1234//4 1233//4
f 1235//5 1239//5 1237//5 1233//5
f 1240//6 1236//6 1234//6 1238//6
f 1257//1 1258//1 1260//1 1259//1
f 1259//2 1260//2 1264//2 1263//2
f 1263//3 1264//3 1262//3 1261//3
f 1261//4 1262//4 1258//4 1257//4
f 1259//5 1263//5 1261//5 1257//5
f 1264//6 1260//6 1258//6 1262//6
f 1281//1 1282//1 1284//1 1283//1
f 1283//2 1284//2 1288//2 1287//2
f 1287//3 1288//3 1286//3 1285//3
f 1285//4 1286//4 1282//4 1281//4
f 1283//5 1287//5 1285//5 1281//5
f 1288//6 1284//6 1282//6 1286//6
f 1297//1 1298//1 1300//1 1299//1
f 1299//2 1300//2 1304//2 1303//2
f 1303//3 1304//3 1302//3 1301//3
f 1301//4 1302//4 1298//4 1297//4
f 1299//5 1303//5 1301//5 1297//5
f 1304//6 1300//6 1298//6 1302//6
f 1321//1 1322//1 1324//1 1323//1
f 1323//2 1324//2 1328//2 1327//2
f 1327//3 1328//3 1326//3 1325//3
f 1325//4 1326//4 1322//4 1321//4
f 1323//5 1327//5 1325//5 1321//5
f 1328//6 1324//6 1322//6 1326//6
f 1353//1 1354//1 1356//1 1355//1
f 1355//2 1356//2 1360//2 1359//2
f 1359//3 1360//3 1358//3 1357//3
f 1357//4 1358//4 1354//4 1353//4
f 1355//5 1359//5 1357//5 1353//5
f 1360//6 1356//6 1354//6 1358//6
f 3857//1 3858//1 3860//1 3859//1
f 3859//2 3860//2 3864//2 3863//2
f 3863//3 3864//3 3862//3 3861//3
f 3861//4 3862//4 3858//4 3857//4
f 3859//5 3863//5 3861//5 3857//5
f 3864//6 3860//6 3858//6 3862//6
f 4057//1 4058//1 4060//1 4059//1
f 4059//2 4060//2 4064//2 4063//2
f 4063//3 4064//3 4062//3 4061//3
f 4061//4 4062//4 4058//4 4057//4
f 4059//5 4063//5 4061//5 4057//5
f 4064//6 4060//6 4058//6 4062//6
f 4257//1 4258//1 4260//1 4259//1
f 4259//2 4260//2 4264//2 4263//2
f 4263//3 4264//3 4262//3 4261//3
f 4261//4 4262//4 4258//4 4257//4
f 4259//5 4263//5 4261//5 4257//5
f 4264//6 4260//6 4258//6 4262//6
f 4457//1 4458//1 4460//1 4459//1
f 4459//2 4460//2 4464//2 4463//2
f 4463//3 4464//3 4462//3 4461//3
f 4461//4 4462//4 4458//4 4457//4
f 4459//5 4463//5 4461//5 4457//5
f 4464//6 4460//6 4458//6 4462//6
usemtl MAT_PumpBase
f 1241//1 1242//1 1244//1 1243//1
f 1243//2 1244//2 1248//2 1247//2
f 1247//3 1248//3 1246//3 1245//3
f 1245//4 1246//4 1242//4 1241//4
f 1243//5 1247//5 1245//5 1241//5
f 1248//6 1244//6 1242//6 1246//6
f 1265//1 1266//1 1268//1 1267//1
f 1267//2 1268//2 1272//2 1271//2
f 1271//3 1272//3 1270//3 1269//3
f 1269//4 1270//4 1266//4 1265//4
f 1267//5 1271//5 1269//5 1265//5
f 1272//6 1268//6 1266//6 1270//6
f 1289//1 1290//1 1292//1 1291//1
f 1291//2 1292//2 1296//2 1295//2
f 1295//3 1296//3 1294//3 1293//3
f 1293//4 1294//4 1290//4 1289//4
f 1291//5 1295//5 1293//5 1289//5
f 1296//6 1292//6 1290//6 1294//6
f 1305//1 1306//1 1308//1 1307//1
f 1307//2 1308//2 1312//2 1311//2
f 1311//3 1312//3 1310//3 1309//3
f 1309//4 1310//4 1306//4 1305//4
f 1307//5 1311//5 1309//5 1305//5
f 1312//6 1308//6 1306//6 1310//6
f 1329//1 1330//1 1332//1 1331//1
f 1331//2 1332//2 1336//2 1335//2
f 1335//3 1336//3 1334//3 1333//3
f 1333//4 1334//4 1330//4 1329//4
f 1331//5 1335//5 1333//5 1329//5
f 1336//6 1332//6 1330//6 1334//6
f 1361//1 1362//1 1364//1 1363//1
f 1363//2 1364//2 1368//2 1367//2
f 1367//3 1368//3 1366//3 1365//3
f 1365//4 1366//4 1362//4 1361//4
f 1363//5 1367//5 1365//5 1361//5
f 1368//6 1364//6 1362//6 1366//6
usemtl MAT_PumpCoupling
f 1273//1 1274//1 1276//1 1275//1
f 1275//2 1276//2 1280//2 1279//2
f 1279//3 1280//3 1278//3 1277//3
f 1277//4 1278//4 1274//4 1273//4
f 1275//5 1279//5 1277//5 1273//5
f 1280//6 1276//6 1274//6 1278//6
f 1337//1 1338//1 1340//1 1339//1
f 1339//2 1340//2 1344//2 1343//2
f 1343//3 1344//3 1342//3 1341//3
f 1341//4 1342//4 1338//4 1337//4
f 1339//5 1343//5 1341//5 1337//5
f 1344//6 1340//6 1338//6 1342//6
f 1369//1 1370//1 1372//1 1371//1
f 1371//2 1372//2 1376//2 1375//2
f 1375//3 1376//3 1374//3 1373//3
f 1373//4 1374//4 1370//4 1369//4
f 1371//5 1375//5 1373//5 1369//5
f 1376//6 1372//6 1370//6 1374//6
f 1945//1 1946//1 1948//1 1947//1
f 1947//2 1948//2 1952//2 1951//2
f 1951//3 1952//3 1950//3 1949//3
f 1949//4 1950//4 1946//4 1945//4
f 1947//5 1951//5 1949//5 1945//5
f 1952//6 1948//6 1946//6 1950//6
f 1961//1 1962//1 1964//1 1963//1
f 1963//2 1964//2 1968//2 1967//2
f 1967//3 1968//3 1966//3 1965//3
f 1965//4 1966//4 1962//4 1961//4
f 1963//5 1967//5 1965//5 1961//5
f 1968//6 1964//6 1962//6 1966//6
f 1977//1 1978//1 1980//1 1979//1
f 1979//2 1980//2 1984//2 1983//2
f 1983//3 1984//3 1982//3 1981//3
f 1981//4 1982//4 1978//4 1977//4
f 1979//5 1983//5 1981//5 1977//5
f 1984//6 1980//6 1978//6 1982//6
f 3985//111 3986//111 3988//111 3987//111
f 3987//50 3988//50 3990//50 3989//50
f 3989//51 3990//51 3992//51 3991//51
f 3991//52 3992//52 3994//52 3993//52
f 3993//53 3994//53 3996//53 3995//53
f 3995//54 3996//54 3998//54 3997//54
f 3997//55 3998//55 4000//55 3999//55
f 3999//56 4000//56 4002//56 4001//56
f 4001//57 4002//57 4004//57 4003//57
f 4003//58 4004//58 4006//58 4005//58
f 3988//6 3986//6 4008//6 4006//6 4004//6 4002//6 4000//6 3998//6 3996//6 3994//6 3992//6 3990//6
f 4005//59 4006//59 4008//59 4007//59
f 4007//112 4008//112 3986//112 3985//112
f 3985//5 3987//5 3989//5 3991//5 3993//5 3995//5 3997//5 3999//5 4001//5 4003//5 4005//5 4007//5
f 4185//49 4186//49 4188//49 4187//49
f 4187//50 4188//50 4190//50 4189//50
f 4189//51 4190//51 4192//51 4191//51
f 4191//52 4192//52 4194//52 4193//52
f 4193//53 4194//53 4196//53 4195//53
f 4195//54 4196//54 4198//54 4197//54
f 4197//55 4198//55 4200//55 4199//55
f 4199//56 4200//56 4202//56 4201//56
f 4201//57 4202//57 4204//57 4203//57
f 4203//58 4204//58 4206//58 4205//58
f 4188//6 4186//6 4208//6 4206//6 4204//6 4202//6 4200//6 4198//6 4196//6 4194//6 4192//6 4190//6
f 4205//59 4206//59 4208//59 4207//59
f 4207//60 4208//60 4186//60 4185//60
f 4185//5 4187//5 4189//5 4191//5 4193//5 4195//5 4197//5 4199//5 4201//5 4203//5 4205//5 4207//5
f 4385//49 4386//49 4388//49 4387//49
f 4387//50 4388//50 4390//50 4389//50
f 4389//51 4390//51 4392//51 4391//51
f 4391//52 4392//52 4394//52 4393//52
f 4393//53 4394//53 4396//53 4395//53
f 4395//54 4396//54 4398//54 4397//54
f 4397//55 4398//55 4400//55 4399//55
f 4399//56 4400//56 4402//56 4401//56
f 4401//57 4402//57 4404//57 4403//57
f 4403//58 4404//58 4406//58 4405//58
f 4388//6 4386//6 4408//6 4406//6 4404//6 4402//6 4400//6 4398//6 4396//6 4394//6 4392//6 4390//6
f 4405//59 4406//59 4408//59 4407//59
f 4407//60 4408//60 4386//60 4385//60
f 4385//5 4387//5 4389//5 4391//5 4393//5 4395//5 4397//5 4399//5 4401//5 4403//5 4405//5 4407//5
f 4585//49 4586//49 4588//49 4587//49
f 4587//50 4588//50 4590//50 4589//50
f 4589//51 4590//51 4592//51 4591//51
f 4591//52 4592//52 4594//52 4593//52
f 4593//53 4594//53 4596//53 4595//53
f 4595//54 4596//54 4598//54 4597//54
f 4597//55 4598//55 4600//55 4599//55
f 4599//56 4600//56 4602//56 4601//56
f 4601//57 4602//57 4604//57 4603//57
f 4603//58 4604//58 4606//58 4605//58
f 4588//6 4586//6 4608//6 4606//6 4604//6 4602//6 4600//6 4598//6 4596//6 4594//6 4592//6 4590//6
f 4605//59 4606//59 4608//59 4607//59
f 4607//60 4608//60 4586//60 4585//60
f 4585//5 4587//5 4589//5 4591//5 4593//5 4595//5 4597//5 4599//5 4601//5 4603//5 4605//5 4607//5
usemtl MAT_PumpCasing
f 1993//33 1994//33 1996//33 1995//33
f 1995//34 1996//34 1998//34 1997//34
f 1997//35 1998//35 2000//35 1999//35
f 1999//36 2000//36 2002//36 2001//36
f 2001//37 2002//37 2004//37 2003//37
f 2003//38 2004//38 2006//38 2005//38
f 2005//39 2006//39 2008//39 2007//39
f 2007//40 2008//40 2010//40 2009//40
f 2009//41 2010//41 2012//41 2011//41
f 2011//42 2012//42 2014//42 2013//42
f 2013//43 2014//43 2016//43 2015//43
f 2015//44 2016//44 2018//44 2017//44
f 2017//45 2018//45 2020//45 2019//45
f 2019//46 2020//46 2022//46 2021//46
f 1996//6 1994//6 2024//6 2022//6 2020//6 2018//6 2016//6 2014//6 2012//6 2010//6 2008//6 2006//6 2004//6 2002//6 2000//6 1998//6
f 2021//47 2022//47 2024//47 2023//47
f 2023//48 2024//48 1994//48 1993//48
f 1993//5 1995//5 1997//5 1999//5 2001//5 2003//5 2005//5 2007//5 2009//5 2011//5 2013//5 2015//5 2017//5 2019//5 2021//5 2023//5
f 2097//33 2098//33 2100//33 2099//33
f 2099//34 2100//34 2102//34 2101//34
f 2101//35 2102//35 2104//35 2103//35
f 2103//36 2104//36 2106//36 2105//36
f 2105//37 2106//37 2108//37 2107//37
f 2107//38 2108//38 2110//38 2109//38
f 2109//39 2110//39 2112//39 2111//39
f 2111//40 2112//40 2114//40 2113//40
f 2113//41 2114//41 2116//41 2115//41
f 2115//42 2116//42 2118//42 2117//42
f 2117//43 2118//43 2120//43 2119//43
f 2119//44 2120//44 2122//44 2121//44
f 2121//45 2122//45 2124//45 2123//45
f 2123//46 2124//46 2126//46 2125//46
f 2100//6 2098//6 2128//6 2126//6 2124//6 2122//6 2120//6 2118//6 2116//6 2114//6 2112//6 2110//6 2108//6 2106//6 2104//6 2102//6
f 2125//47 2126//47 2128//47 2127//47
f 2127//48 2128//48 2098//48 2097//48
f 2097//5 2099//5 2101//5 2103//5 2105//5 2107//5 2109//5 2111//5 2113//5 2115//5 2117//5 2119//5 2121//5 2123//5 2125//5 2127//5
f 2201//33 2202//33 2204//33 2203//33
f 2203//34 2204//34 2206//34 2205//34
f 2205//35 2206//35 2208//35 2207//35
f 2207//36 2208//36 2210//36 2209//36
f 2209//37 2210//37 2212//37 2211//37
f 2211//38 2212//38 2214//38 2213//38
f 2213//39 2214//39 2216//39 2215//39
f 2215//40 2216//40 2218//40 2217//40
f 2217//41 2218//41 2220//41 2219//41
f 2219//42 2220//42 2222//42 2221//42
f 2221//43 2222//43 2224//43 2223//43
f 2223//44 2224//44 2226//44 2225//44
f 2225//45 2226//45 2228//45 2227//45
f 2227//46 2228//46 2230//46 2229//46
f 2204//6 2202//6 2232//6 2230//6 2228//6 2226//6 2224//6 2222//6 2220//6 2218//6 2216//6 2214//6 2212//6 2210//6 2208//6 2206//6
f 2229//47 2230//47 2232//47 2231//47
f 2231//48 2232//48 2202//48 2201//48
f 2201//5 2203//5 2205//5 2207//5 2209//5 2211//5 2213//5 2215//5 2217//5 2219//5 2221//5 2223//5 2225//5 2227//5 2229//5 2231//5
f 2297//33 2298//33 2300//33 2299//33
f 2299//34 2300//34 2302//34 2301//34
f 2301//35 2302//35 2304//35 2303//35
f 2303//36 2304//36 2306//36 2305//36
f 2305//37 2306//37 2308//37 2307//37
f 2307//38 2308//38 2310//38 2309//38
f 2309//39 2310//39 2312//39 2311//39
f 2311//40 2312//40 2314//40 2313//40
f 2313//41 2314//41 2316//41 2315//41
f 2315//42 2316//42 2318//42 2317//42
f 2317//43 2318//43 2320//43 2319//43
f 2319//44 2320//44 2322//44 2321//44
f 2321//45 2322//45 2324//45 2323//45
f 2323//46 2324//46 2326//46 2325//46
f 2300//6 2298//6 2328//6 2326//6 2324//6 2322//6 2320//6 2318//6 2316//6 2314//6 2312//6 2310//6 2308//6 2306//6 2304//6 2302//6
f 2325//47 2326//47 2328//47 2327//47
f 2327//48 2328//48 2298//48 2297//48
f 2297//5 2299//5 2301//5 2303//5 2305//5 2307//5 2309//5 2311//5 2313//5 2315//5 2317//5 2319//5 2321//5 2323//5 2325//5 2327//5
f 2449//33 2450//33 2452//33 2451//33
f 2451//34 2452//34 2454//34 2453//34
f 2453//35 2454//35 2456//35 2455//35
f 2455//36 2456//36 2458//36 2457//36
f 2457//37 2458//37 2460//37 2459//37
f 2459//38 2460//38 2462//38 2461//38
f 2461//39 2462//39 2464//39 2463//39
f 2463//40 2464//40 2466//40 2465//40
f 2465//41 2466//41 2468//41 2467//41
f 2467//42 2468//42 2470//42 2469//42
f 2469//43 2470//43 2472//43 2471//43
f 2471//44 2472//44 2474//44 2473//44
f 2473//45 2474//45 2476//45 2475//45
f 2475//46 2476//46 2478//46 2477//46
f 2452//6 2450//6 2480//6 2478//6 2476//6 2474//6 2472//6 2470//6 2468//6 2466//6 2464//6 2462//6 2460//6 2458//6 2456//6 2454//6
f 2477//47 2478//47 2480//47 2479//47
f 2479//48 2480//48 2450//48 2449//48
f 2449//5 2451//5 2453//5 2455//5 2457//5 2459//5 2461//5 2463//5 2465//5 2467//5 2469//5 2471//5 2473//5 2475//5 2477//5 2479//5
f 2577//33 2578//33 2580//33 2579//33
f 2579//34 2580//34 2582//34 2581//34
f 2581//35 2582//35 2584//35 2583//35
f 2583//36 2584//36 2586//36 2585//36
f 2585//37 2586//37 2588//37 2587//37
f 2587//38 2588//38 2590//38 2589//38
f 2589//39 2590//39 2592//39 2591//39
f 2591//40 2592//40 2594//40 2593//40
f 2593//41 2594//41 2596//41 2595//41
f 2595//42 2596//42 2598//42 2597//42
f 2597//43 2598//43 2600//43 2599//43
f 2599//44 2600//44 2602//44 2601//44
f 2601//45 2602//45 2604//45 2603//45
f 2603//46 2604//46 2606//46 2605//46
f 2580//6 2578//6 2608//6 2606//6 2604//6 2602//6 2600//6 2598//6 2596//6 2594//6 2592//6 2590//6 2588//6 2586//6 2584//6 2582//6
f 2605//47 2606//47 2608//47 2607//47
f 2607//48 2608//48 2578//48 2577//48
f 2577//5 2579//5 2581//5 2583//5 2585//5 2587//5 2589//5 2591//5 2593//5 2595//5 2597//5 2599//5 2601//5 2603//5 2605//5 2607//5
f 4009//1 4010//1 4012//1 4011//1
f 4011//2 4012//2 4016//2 4015//2
f 4015//3 4016//3 4014//3 4013//3
f 4013//4 4014//4 4010//4 4009//4
f 4011//5 4015//5 4013//5 4009//5
f 4016//6 4012//6 4010//6 4014//6
f 4017//33 4018//33 4020//33 4019//33
f 4019//34 4020//34 4022//34 4021//34
f 4021//35 4022//35 4024//35 4023//35
f 4023//36 4024//36 4026//36 4025//36
f 4025//37 4026//37 4028//37 4027//37
f 4027//38 4028//38 4030//38 4029//38
f 4029//39 4030//39 4032//39 4031//39
f 4031//40 4032//40 4034//40 4033//40
f 4033//41 4034//41 4036//41 4035//41
f 4035//42 4036//42 4038//42 4037//42
f 4037//43 4038//43 4040//43 4039//43
f 4039//44 4040//44 4042//44 4041//44
f 4041//45 4042//45 4044//45 4043//45
f 4043//46 4044//46 4046//46 4045//46
f 4020//6 4018//6 4048//6 4046//6 4044//6 4042//6 4040//6 4038//6 4036//6 4034//6 4032//6 4030//6 4028//6 4026//6 4024//6 4022//6
f 4045//47 4046//47 4048//47 4047//47
f 4047//48 4048//48 4018//48 4017//48
f 4017//5 4019//5 4021//5 4023//5 4025//5 4027//5 4029//5 4031//5 4033//5 4035//5 4037//5 4039//5 4041//5 4043//5 4045//5 4047//5
f 4049//1 4050//1 4052//1 4051//1
f 4051//2 4052//2 4056//2 4055//2
f 4055//3 4056//3 4054//3 4053//3
f 4053//4 4054//4 4050//4 4049//4
f 4051//5 4055//5 4053//5 4049//5
f 4056//6 4052//6 4050//6 4054//6
f 4209//1 4210//1 4212//1 4211//1
f 4211//2 4212//2 4216//2 4215//2
f 4215//3 4216//3 4214//3 4213//3
f 4213//4 4214//4 4210//4 4209//4
f 4211//5 4215//5 4213//5 4209//5
f 4216//6 4212//6 4210//6 4214//6
f 4217//33 4218//33 4220//33 4219//33
f 4219//34 4220//34 4222//34 4221//34
f 4221//35 4222//35 4224//35 4223//35
f 4223//36 4224//36 4226//36 4225//36
f 4225//37 4226//37 4228//37 4227//37
f 4227//38 4228//38 4230//38 4229//38
f 4229//39 4230//39 4232//39 4231//39
f 4231//40 4232//40 4234//40 4233//40
f 4233//41 4234//41 4236//41 4235//41
f 4235//42 4236//42 4238//42 4237//42
f 4237//43 4238//43 4240//43 4239//43
f 4239//44 4240//44 4242//44 4241//44
f 4241//45 4242//45 4244//45 4243//45
f 4243//46 4244//46 4246//46 4245//46
f 4220//6 4218//6 4248//6 4246//6 4244//6 4242//6 4240//6 4238//6 4236//6 4234//6 4232//6 4230//6 4228//6 4226//6 4224//6 4222//6
f 4245//47 4246//47 4248//47 4247//47
f 4247//48 4248//48 4218//48 4217//48
f 4217//5 4219//5 4221//5 4223//5 4225//5 4227//5 4229//5 4231//5 4233//5 4235//5 4237//5 4239//5 4241//5 4243//5 4245//5 4247//5
f 4249//1 4250//1 4252//1 4251//1
f 4251//2 4252//2 4256//2 4255//2
f 4255//3 4256//3 4254//3 4253//3
f 4253//4 4254//4 4250//4 4249//4
f 4251//5 4255//5 4253//5 4249//5
f 4256//6 4252//6 4250//6 4254//6
f 4409//1 4410//1 4412//1 4411//1
f 4411//2 4412//2 4416//2 4415//2
f 4415//3 4416//3 4414//3 4413//3
f 4413//4 4414//4 4410//4 4409//4
f 4411//5 4415//5 4413//5 4409//5
f 4416//6 4412//6 4410//6 4414//6
f 4417//33 4418//33 4420//33 4419//33
f 4419//34 4420//34 4422//34 4421//34
f 4421//35 4422//35 4424//35 4423//35
f 4423//36 4424//36 4426//36 4425//36
f 4425//37 4426//37 4428//37 4427//37
f 4427//38 4428//38 4430//38 4429//38
f 4429//39 4430//39 4432//39 4431//39
f 4431//40 4432//40 4434//40 4433//40
f 4433//41 4434//41 4436//41 4435//41
f 4435//42 4436//42 4438//42 4437//42
f 4437//43 4438//43 4440//43 4439//43
f 4439//44 4440//44 4442//44 4441//44
f 4441//45 4442//45 4444//45 4443//45
f 4443//46 4444//46 4446//46 4445//46
f 4420//6 4418//6 4448//6 4446//6 4444//6 4442//6 4440//6 4438//6 4436//6 4434//6 4432//6 4430//6 4428//6 4426//6 4424//6 4422//6
f 4445//47 4446//47 4448//47 4447//47
f 4447//48 4448//48 4418//48 4417//48
f 4417//5 4419//5 4421//5 4423//5 4425//5 4427//5 4429//5 4431//5 4433//5 4435//5 4437//5 4439//5 4441//5 4443//5 4445//5 4447//5
f 4449//1 4450//1 4452//1 4451//1
f 4451//2 4452//2 4456//2 4455//2
f 4455//3 4456//3 4454//3 4453//3
f 4453//4 4454//4 4450//4 4449//4
f 4451//5 4455//5 4453//5 4449//5
f 4456//6 4452//6 4450//6 4454//6
f 4609//1 4610//1 4612//1 4611//1
f 4611//2 4612//2 4616//2 4615//2
f 4615//3 4616//3 4614//3 4613//3
f 4613//4 4614//4 4610//4 4609//4
f 4611//5 4615//5 4613//5 4609//5
f 4616//6 4612//6 4610//6 4614//6
f 4617//33 4618//33 4620//33 4619//33
f 4619//34 4620//34 4622//34 4621//34
f 4621//35 4622//35 4624//35 4623//35
f 4623//36 4624//36 4626//36 4625//36
f 4625//37 4626//37 4628//37 4627//37
f 4627//38 4628//38 4630//38 4629//38
f 4629//39 4630//39 4632//39 4631//39
f 4631//40 4632//40 4634//40 4633//40
f 4633//41 4634//41 4636//41 4635//41
f 4635//42 4636//42 4638//42 4637//42
f 4637//43 4638//43 4640//43 4639//43
f 4639//44 4640//44 4642//44 4641//44
f 4641//45 4642//45 4644//45 4643//45
f 4643//46 4644//46 4646//46 4645//46
f 4620//6 4618//6 4648//6 4646//6 4644//6 4642//6 4640//6 4638//6 4636//6 4634//6 4632//6 4630//6 4628//6 4626//6 4624//6 4622//6
f 4645//47 4646//47 4648//47 4647//47
f 4647//48 4648//48 4618//48 4617//48
f 4617//5 4619//5 4621//5 4623//5 4625//5 4627//5 4629//5 4631//5 4633//5 4635//5 4637//5 4639//5 4641//5 4643//5 4645//5 4647//5
f 4649//1 4650//1 4652//1 4651//1
f 4651//2 4652//2 4656//2 4655//2
f 4655//3 4656//3 4654//3 4653//3
f 4653//4 4654//4 4650//4 4649//4
f 4651//5 4655//5 4653//5 4649//5
f 4656//6 4652//6 4650//6 4654//6
f 4809//1 4810//1 4812//1 4811//1
f 4811//2 4812//2 4816//2 4815//2
f 4815//3 4816//3 4814//3 4813//3
f 4813//4 4814//4 4810//4 4809//4
f 4811//5 4815//5 4813//5 4809//5
f 4816//6 4812//6 4810//6 4814//6
f 4817//33 4818//33 4820//33 4819//33
f 4819//34 4820//34 4822//34 4821//34
f 4821//35 4822//35 4824//35 4823//35
f 4823//36 4824//36 4826//36 4825//36
f 4825//37 4826//37 4828//37 4827//37
f 4827//38 4828//38 4830//38 4829//38
f 4829//39 4830//39 4832//39 4831//39
f 4831//40 4832//40 4834//40 4833//40
f 4833//41 4834//41 4836//41 4835//41
f 4835//42 4836//42 4838//42 4837//42
f 4837//43 4838//43 4840//43 4839//43
f 4839//44 4840//44 4842//44 4841//44
f 4841//45 4842//45 4844//45 4843//45
f 4843//46 4844//46 4846//46 4845//46
f 4820//6 4818//6 4848//6 4846//6 4844//6 4842//6 4840//6 4838//6 4836//6 4834//6 4832//6 4830//6 4828//6 4826//6 4824//6 4822//6
f 4845//47 4846//47 4848//47 4847//47
f 4847//48 4848//48 4818//48 4817//48
f 4817//5 4819//5 4821//5 4823//5 4825//5 4827//5 4829//5 4831//5 4833//5 4835//5 4837//5 4839//5 4841//5 4843//5 4845//5 4847//5
f 4849//1 4850//1 4852//1 4851//1
f 4851//2 4852//2 4856//2 4855//2
f 4855//3 4856//3 4854//3 4853//3
f 4853//4 4854//4 4850//4 4849//4
f 4851//5 4855//5 4853//5 4849//5
f 4856//6 4852//6 4850//6 4854//6
f 5009//1 5010//1 5012//1 5011//1
f 5011//2 5012//2 5016//2 5015//2
f 5015//3 5016//3 5014//3 5013//3
f 5013//4 5014//4 5010//4 5009//4
f 5011//5 5015//5 5013//5 5009//5
f 5016//6 5012//6 5010//6 5014//6
f 5017//33 5018//33 5020//33 5019//33
f 5019//34 5020//34 5022//34 5021//34
f 5021//35 5022//35 5024//35 5023//35
f 5023//36 5024//36 5026//36 5025//36
f 5025//37 5026//37 5028//37 5027//37
f 5027//38 5028//38 5030//38 5029//38
f 5029//39 5030//39 5032//39 5031//39
f 5031//40 5032//40 5034//40 5033//40
f 5033//41 5034//41 5036//41 5035//41
f 5035//42 5036//42 5038//42 5037//42
f 5037//43 5038//43 5040//43 5039//43
f 5039//44 5040//44 5042//44 5041//44
f 5041//45 5042//45 5044//45 5043//45
f 5043//46 5044//46 5046//46 5045//46
f 5020//6 5018//6 5048//6 5046//6 5044//6 5042//6 5040//6 5038//6 5036//6 5034//6 5032//6 5030//6 5028//6 5026//6 5024//6 5022//6
f 5045//47 5046//47 5048//47 5047//47
f 5047//48 5048//48 5018//48 5017//48
f 5017//5 5019//5 5021//5 5023//5 5025//5 5027//5 5029//5 5031//5 5033//5 5035//5 5037//5 5039//5 5041//5 5043//5 5045//5 5047//5
f 5049//1 5050//1 5052//1 5051//1
f 5051//2 5052//2 5056//2 5055//2
f 5055//3 5056//3 5054//3 5053//3
f 5053//4 5054//4 5050//4 5049//4
f 5051//5 5055//5 5053//5 5049//5
f 5056//6 5052//6 5050//6 5054//6
f 5209//1 5210//1 5212//1 5211//1
f 5211//2 5212//2 5216//2 5215//2
f 5215//3 5216//3 5214//3 5213//3
f 5213//4 5214//4 5210//4 5209//4
f 5211//5 5215//5 5213//5 5209//5
f 5216//6 5212//6 5210//6 5214//6
f 5217//33 5218//33 5220//33 5219//33
f 5219//34 5220//34 5222//34 5221//34
f 5221//35 5222//35 5224//35 5223//35
f 5223//36 5224//36 5226//36 5225//36
f 5225//37 5226//37 5228//37 5227//37
f 5227//38 5228//38 5230//38 5229//38
f 5229//39 5230//39 5232//39 5231//39
f 5231//40 5232//40 5234//40 5233//40
f 5233//41 5234//41 5236//41 5235//41
f 5235//42 5236//42 5238//42 5237//42
f 5237//43 5238//43 5240//43 5239//43
f 5239//44 5240//44 5242//44 5241//44
f 5241//45 5242//45 5244//45 5243//45
f 5243//46 5244//46 5246//46 5245//46
f 5220//6 5218//6 5248//6 5246//6 5244//6 5242//6 5240//6 5238//6 5236//6 5234//6 5232//6 5230//6 5228//6 5226//6 5224//6 5222//6
f 5245//47 5246//47 5248//47 5247//47
f 5247//48 5248//48 5218//48 5217//48
f 5217//5 5219//5 5221//5 5223//5 5225//5 5227//5 5229//5 5231//5 5233//5 5235//5 5237//5 5239//5 5241//5 5243//5 5245//5 5247//5
f 5249//1 5250//1 5252//1 5251//1
f 5251//2 5252//2 5256//2 5255//2
f 5255//3 5256//3 5254//3 5253//3
f 5253//4 5254//4 5250//4 5249//4
f 5251//5 5255//5 5253//5 5249//5
f 5256//6 5252//6 5250//6 5254//6
f 5409//1 5410//1 5412//1 5411//1
f 5411//2 5412//2 5416//2 5415//2
f 5415//3 5416//3 5414//3 5413//3
f 5413//4 5414//4 5410//4 5409//4
f 5411//5 5415//5 5413//5 5409//5
f 5416//6 5412//6 5410//6 5414//6
f 5417//33 5418//33 5420//33 5419//33
f 5419//34 5420//34 5422//34 5421//34
f 5421//35 5422//35 5424//35 5423//35
f 5423//36 5424//36 5426//36 5425//36
f 5425//37 5426//37 5428//37 5427//37
f 5427//38 5428//38 5430//38 5429//38
f 5429//39 5430//39 5432//39 5431//39
f 5431//40 5432//40 5434//40 5433//40
f 5433//41 5434//41 5436//41 5435//41
f 5435//42 5436//42 5438//42 5437//42
f 5437//43 5438//43 5440//43 5439//43
f 5439//44 5440//44 5442//44 5441//44
f 5441//45 5442//45 5444//45 5443//45
f 5443//46 5444//46 5446//46 5445//46
f 5420//6 5418//6 5448//6 5446//6 5444//6 5442//6 5440//6 5438//6 5436//6 5434//6 5432//6 5430//6 5428//6 5426//6 5424//6 5422//6
f 5445//47 5446//47 5448//47 5447//47
f 5447//48 5448//48 5418//48 5417//48
f 5417//5 5419//5 5421//5 5423//5 5425//5 5427//5 5429//5 5431//5 5433//5 5435//5 5437//5 5439//5 5441//5 5443//5 5445//5 5447//5
f 5449//1 5450//1 5452//1 5451//1
f 5451//2 5452//2 5456//2 5455//2
f 5455//3 5456//3 5454//3 5453//3
f 5453//4 5454//4 5450//4 5449//4
f 5451//5 5455//5 5453//5 5449//5
f 5456//6 5452//6 5450//6 5454//6
usemtl MAT_PipeFlange
f 1377//49 1378//49 1380//49 1379//49
f 1379//50 1380//50 1382//50 1381//50
f 1381//51 1382//51 1384//51 1383//51
f 1383//52 1384//52 1386//52 1385//52
f 1385//53 1386//53 1388//53 1387//53
f 1387//54 1388//54 1390//54 1389//54
f 1389//55 1390//55 1392//55 1391//55
f 1391//56 1392//56 1394//56 1393//56
f 1393//57 1394//57 1396//57 1395//57
f 1395//58 1396//58 1398//58 1397//58
f 1380//6 1378//6 1400//6 1398//6 1396//6 1394//6 1392//6 1390//6 1388//6 1386//6 1384//6 1382//6
f 1397//59 1398//59 1400//59 1399//59
f 1399//60 1400//60 1378//60 1377//60
f 1377//5 1379//5 1381//5 1383//5 1385//5 1387//5 1389//5 1391//5 1393//5 1395//5 1397//5 1399//5
f 1401//49 1402//49 1404//49 1403//49
f 1403//50 1404//50 1406//50 1405//50
f 1405//51 1406//51 1408//51 1407//51
f 1407//52 1408//52 1410//52 1409//52
f 1409//53 1410//53 1412//53 1411//53
f 1411//54 1412//54 1414//54 1413//54
f 1413//55 1414//55 1416//55 1415//55
f 1415//56 1416//56 1418//56 1417//56
f 1417//57 1418//57 1420//57 1419//57
f 1419//58 1420//58 1422//58 1421//58
f 1404//6 1402//6 1424//6 1422//6 1420//6 1418//6 1416//6 1414//6 1412//6 1410//6 1408//6 1406//6
f 1421//59 1422//59 1424//59 1423//59
f 1423//60 1424//60 1402//60 1401//60
f 1401//5 1403//5 1405//5 1407//5 1409//5 1411//5 1413//5 1415//5 1417//5 1419//5 1421//5 1423//5
f 1481//49 1482//49 1484//49 1483//49
f 1483//50 1484//50 1486//50 1485//50
f 1485//51 1486//51 1488//51 1487//51
f 1487//52 1488//52 1490//52 1489//52
f 1489//53 1490//53 1492//53 1491//53
f 1491//54 1492//54 1494//54 1493//54
f 1493//55 1494//55 1496//55 1495//55
f 1495//56 1496//56 1498//56 1497//56
f 1497//57 1498//57 1500//57 1499//57
f 1499//58 1500//58 1502//58 1501//58
f 1484//6 1482//6 1504//6 1502//6 1500//6 1498//6 1496//6 1494//6 1492//6 1490//6 1488//6 1486//6
f 1501//59 1502//59 1504//59 1503//59
f 1503//60 1504//60 1482//60 1481//60
f 1481//5 1483//5 1485//5 1487//5 1489//5 1491//5 1493//5 1495//5 1497//5 1499//5 1501//5 1503//5
f 1505//49 1506//49 1508//49 1507//49
f 1507//50 1508//50 1510//50 1509//50
f 1509//51 1510//51 1512//51 1511//51
f 1511//52 1512//52 1514//52 1513//52
f 1513//53 1514//53 1516//53 1515//53
f 1515//54 1516//54 1518//54 1517//54
f 1517//55 1518//55 1520//55 1519//55
f 1519//56 1520//56 1522//56 1521//56
f 1521//57 1522//57 1524//57 1523//57
f 1523//58 1524//58 1526//58 1525//58
f 1508//6 1506//6 1528//6 1526//6 1524//6 1522//6 1520//6 1518//6 1516//6 1514//6 1512//6 1510//6
f 1525//59 1526//59 1528//59 1527//59
f 1527//60 1528//60 1506//60 1505//60
f 1505//5 1507//5 1509//5 1511//5 1513//5 1515//5 1517//5 1519//5 1521//5 1523//5 1525//5 1527//5
f 1585//49 1586//49 1588//49 1587//49
f 1587//50 1588//50 1590//50 1589//50
f 1589//51 1590//51 1592//51 1591//51
f 1591//52 1592//52 1594//52 1593//52
f 1593//53 1594//53 1596//53 1595//53
f 1595//54 1596//54 1598//54 1597//54
f 1597//55 1598//55 1600//55 1599//55
f 1599//56 1600//56 1602//56 1601//56
f 1601//57 1602//57 1604//57 1603//57
f 1603//58 1604//58 1606//58 1605//58
f 1588//6 1586//6 1608//6 1606//6 1604//6 1602//6 1600//6 1598//6 1596//6 1594//6 1592//6 1590//6
f 1605//59 1606//59 1608//59 1607//59
f 1607//60 1608//60 1586//60 1585//60
f 1585//5 1587//5 1589//5 1591//5 1593//5 1595//5 1597//5 1599//5 1601//5 1603//5 1605//5 1607//5
f 1609//49 1610//49 1612//49 1611//49
f 1611//50 1612//50 1614//50 1613//50
f 1613//51 1614//51 1616//51 1615//51
f 1615//52 1616//52 1618//52 1617//52
f 1617//53 1618//53 1620//53 1619//53
f 1619//54 1620//54 1622//54 1621//54
f 1621//55 1622//55 1624//55 1623//55
f 1623//56 1624//56 1626//56 1625//56
f 1625//57 1626//57 1628//57 1627//57
f 1627//58 1628//58 1630//58 1629//58
f 1612//6 1610//6 1632//6 1630//6 1628//6 1626//6 1624//6 1622//6 1620//6 1618//6 1616//6 1614//6
f 1629//59 1630//59 1632//59 1631//59
f 1631//60 1632//60 1610//60 1609//60
f 1609//5 1611//5 1613//5 1615//5 1617//5 1619//5 1621//5 1623//5 1625//5 1627//5 1629//5 1631//5
f 1721//49 1722//49 1724//49 1723//49
f 1723//50 1724//50 1726//50 1725//50
f 1725//51 1726//51 1728//51 1727//51
f 1727//52 1728//52 1730//52 1729//52
f 1729//53 1730//53 1732//53 1731//53
f 1731//54 1732//54 1734//54 1733//54
f 1733//55 1734//55 1736//55 1735//55
f 1735//56 1736//56 1738//56 1737//56
f 1737//57 1738//57 1740//57 1739//57
f 1739//58 1740//58 1742//58 1741//58
f 1724//6 1722//6 1744//6 1742//6 1740//6 1738//6 1736//6 1734//6 1732//6 1730//6 1728//6 1726//6
f 1741//59 1742//59 1744//59 1743//59
f 1743//60 1744//60 1722//60 1721//60
f 1721//5 1723//5 1725//5 1727//5 1729//5 1731//5 1733//5 1735//5 1737//5 1739//5 1741//5 1743//5
f 1777//49 1778//49 1780//49 1779//49
f 1779//50 1780//50 1782//50 1781//50
f 1781//51 1782//51 1784//51 1783//51
f 1783//52 1784//52 1786//52 1785//52
f 1785//53 1786//53 1788//53 1787//53
f 1787//54 1788//54 1790//54 1789//54
f 1789//55 1790//55 1792//55 1791//55
f 1791//56 1792//56 1794//56 1793//56
f 1793//57 1794//57 1796//57 1795//57
f 1795//58 1796//58 1798//58 1797//58
f 1780//6 1778//6 1800//6 1798//6 1796//6 1794//6 1792//6 1790//6 1788//6 1786//6 1784//6 1782//6
f 1797//59 1798//59 1800//59 1799//59
f 1799//60 1800//60 1778//60 1777//60
f 1777//5 1779//5 1781//5 1783//5 1785//5 1787//5 1789//5 1791//5 1793//5 1795//5 1797//5 1799//5
f 1825//49 1826//49 1828//49 1827//49
f 1827//50 1828//50 1830//50 1829//50
f 1829//51 1830//51 1832//51 1831//51
f 1831//52 1832//52 1834//52 1833//52
f 1833//53 1834//53 1836//53 1835//53
f 1835//54 1836//54 1838//54 1837//54
f 1837//55 1838//55 1840//55 1839//55
f 1839//56 1840//56 1842//56 1841//56
f 1841//57 1842//57 1844//57 1843//57
f 1843//58 1844//58 1846//58 1845//58
f 1828//6 1826//6 1848//6 1846//6 1844//6 1842//6 1840//6 1838//6 1836//6 1834//6 1832//6 1830//6
f 1845//59 1846//59 1848//59 1847//59
f 1847//60 1848//60 1826//60 1825//60
f 1825//5 1827//5 1829//5 1831//5 1833//5 1835//5 1837//5 1839//5 1841//5 1843//5 1845//5 1847//5
f 2329//49 2330//49 2332//49 2331//49
f 2331//50 2332//50 2334//50 2333//50
f 2333//51 2334//51 2336//51 2335//51
f 2335//52 2336//52 2338//52 2337//52
f 2337//53 2338//53 2340//53 2339//53
f 2339//54 2340//54 2342//54 2341//54
f 2341//55 2342//55 2344//55 2343//55
f 2343//56 2344//56 2346//56 2345//56
f 2345//57 2346//57 2348//57 2347//57
f 2347//58 2348//58 2350//58 2349//58
f 2332//6 2330//6 2352//6 2350//6 2348//6 2346//6 2344//6 2342//6 2340//6 2338//6 2336//6 2334//6
f 2349//59 2350//59 2352//59 2351//59
f 2351//60 2352//60 2330//60 2329//60
f 2329//5 2331//5 2333//5 2335//5 2337//5 2339//5 2341//5 2343//5 2345//5 2347//5 2349//5 2351//5
f 2609//49 2610//49 2612//49 2611//49
f 2611//50 2612//50 2614//50 2613//50
f 2613//51 2614//51 2616//51 2615//51
f 2615//52 2616//52 2618//52 2617//52
f 2617//53 2618//53 2620//53 2619//53
f 2619//54 2620//54 2622//54 2621//54
f 2621//55 2622//55 2624//55 2623//55
f 2623//56 2624//56 2626//56 2625//56
f 2625//57 2626//57 2628//57 2627//57
f 2627//58 2628//58 2630//58 2629//58
f 2612//6 2610//6 2632//6 2630//6 2628//6 2626//6 2624//6 2622//6 2620//6 2618//6 2616//6 2614//6
f 2629//59 2630//59 2632//59 2631//59
f 2631//60 2632//60 2610//60 2609//60
f 2609//5 2611//5 2613//5 2615//5 2617//5 2619//5 2621//5 2623//5 2625//5 2627//5 2629//5 2631//5
f 2657//49 2658//49 2660//49 2659//49
f 2659//50 2660//50 2662//50 2661//50
f 2661//51 2662//51 2664//51 2663//51
f 2663//52 2664//52 2666//52 2665//52
f 2665//53 2666//53 2668//53 2667//53
f 2667//54 2668//54 2670//54 2669//54
f 2669//55 2670//55 2672//55 2671//55
f 2671//56 2672//56 2674//56 2673//56
f 2673//57 2674//57 2676//57 2675//57
f 2675//58 2676//58 2678//58 2677//58
f 2660//6 2658//6 2680//6 2678//6 2676//6 2674//6 2672//6 2670//6 2668//6 2666//6 2664//6 2662//6
f 2677//59 2678//59 2680//59 2679//59
f 2679//60 2680//60 2658//60 2657//60
f 2657//5 2659//5 2661//5 2663//5 2665//5 2667//5 2669//5 2671//5 2673//5 2675//5 2677//5 2679//5
f 3817//49 3818//49 3820//49 3819//49
f 3819//50 3820//50 3822//50 3821//50
f 3821//51 3822//51 3824//51 3823//51
f 3823//52 3824//52 3826//52 3825//52
f 3825//53 3826//53 3828//53 3827//53
f 3827//54 3828//54 3830//54 3829//54
f 3829//55 3830//55 3832//55 3831//55
f 3831//56 3832//56 3834//56 3833//56
f 3833//57 3834//57 3836//57 3835//57
f 3835//58 3836//58 3838//58 3837//58
f 3820//6 3818//6 3840//6 3838//6 3836//6 3834//6 3832//6 3830//6 3828//6 3826//6 3824//6 3822//6
f 3837//59 3838//59 3840//59 3839//59
f 3839//60 3840//60 3818//60 3817//60
f 3817//5 3819//5 3821//5 3823//5 3825//5 3827//5 3829//5 3831//5 3833//5 3835//5 3837//5 3839//5
usemtl MAT_PipeCarbonSteel
f 1425//49 1426//49 1428//49 1427//49
f 1427//50 1428//50 1430//50 1429//50
f 1429//51 1430//51 1432//51 1431//51
f 1431//52 1432//52 1434//52 1433//52
f 1433//53 1434//53 1436//53 1435//53
f 1435//54 1436//54 1438//54 1437//54
f 1437//55 1438//55 1440//55 1439//55
f 1439//56 1440//56 1442//56 1441//56
f 1441//57 1442//57 1444//57 1443//57
f 1443//58 1444//58 1446//58 1445//58
f 1428//6 1426//6 1448//6 1446//6 1444//6 1442//6 1440//6 1438//6 1436//6 1434//6 1432//6 1430//6
f 1445//59 1446//59 1448//59 1447//59
f 1447//60 1448//60 1426//60 1425//60
f 1425//5 1427//5 1429//5 1431//5 1433//5 1435//5 1437//5 1439//5 1441//5 1443//5 1445//5 1447//5
f 1529//49 1530//49 1532//49 1531//49
f 1531//50 1532//50 1534//50 1533//50
f 1533//51 1534//51 1536//51 1535//51
f 1535//52 1536//52 1538//52 1537//52
f 1537//53 1538//53 1540//53 1539//53
f 1539//54 1540//54 1542//54 1541//54
f 1541//55 1542//55 1544//55 1543//55
f 1543//56 1544//56 1546//56 1545//56
f 1545//57 1546//57 1548//57 1547//57
f 1547//58 1548//58 1550//58 1549//58
f 1532//6 1530//6 1552//6 1550//6 1548//6 1546//6 1544//6 1542//6 1540//6 1538//6 1536//6 1534//6
f 1549//59 1550//59 1552//59 1551//59
f 1551//60 1552//60 1530//60 1529//60
f 1529//5 1531//5 1533//5 1535//5 1537//5 1539//5 1541//5 1543//5 1545//5 1547//5 1549//5 1551//5
f 1697//61 1698//61 1700//61 1699//61
f 1699//62 1700//62 1702//62 1701//62
f 1701//63 1702//63 1704//63 1703//63
f 1703//64 1704//64 1706//64 1705//64
f 1705//65 1706//65 1708//65 1707//65
f 1707//66 1708//66 1710//66 1709//66
f 1709//67 1710//67 1712//67 1711//67
f 1711//68 1712//68 1714//68 1713//68
f 1713//69 1714//69 1716//69 1715//69
f 1715//70 1716//70 1718//70 1717//70
f 1700//1 1698//1 1720//1 1718//1 1716//1 1714//1 1712//1 1710//1 1708//1 1706//1 1704//1 1702//1
f 1717//71 1718//71 1720//71 1719//71
f 1719//72 1720//72 1698//72 1697//72
f 1697//3 1699//3 1701//3 1703//3 1705//3 1707//3 1709//3 1711//3 1713//3 1715//3 1717//3 1719//3
f 1801//61 1802//61 1804//61 1803//61
f 1803//62 1804//62 1806//62 1805//62
f 1805//63 1806//63 1808//63 1807//63
f 1807//64 1808//64 1810//64 1809//64
f 1809//65 1810//65 1812//65 1811//65
f 1811//66 1812//66 1814//66 1813//66
f 1813//67 1814//67 1816//67 1815//67
f 1815//68 1816//68 1818//68 1817//68
f 1817//69 1818//69 1820//69 1819//69
f 1819//70 1820//70 1822//70 1821//70
f 1804//1 1802//1 1824//1 1822//1 1820//1 1818//1 1816//1 1814//1 1812//1 1810//1 1808//1 1806//1
f 1821//71 1822//71 1824//71 1823//71
f 1823//72 1824//72 1802//72 1801//72
f 1801//3 1803//3 1805//3 1807//3 1809//3 1811//3 1813//3 1815//3 1817//3 1819//3 1821//3 1823//3
f 2233//49 2234//49 2236//49 2235//49
f 2235//50 2236//50 2238//50 2237//50
f 2237//51 2238//51 2240//51 2239//51
f 2239//52 2240//52 2242//52 2241//52
f 2241//53 2242//53 2244//53 2243//53
f 2243//54 2244//54 2246//54 2245//54
f 2245//55 2246//55 2248//55 2247//55
f 2247//56 2248//56 2250//56 2249//56
f 2249//57 2250//57 2252//57 2251//57
f 2251//58 2252//58 2254//58 2253//58
f 2236//6 2234//6 2256//6 2254//6 2252//6 2250//6 2248//6 2246//6 2244//6 2242//6 2240//6 2238//6
f 2253//59 2254//59 2256//59 2255//59
f 2255//60 2256//60 2234//60 2233//60
f 2233//5 2235//5 2237//5 2239//5 2241//5 2243//5 2245//5 2247//5 2249//5 2251//5 2253//5 2255//5
f 2353//49 2354//49 2356//49 2355//49
f 2355//50 2356//50 2358//50 2357//50
f 2357//51 2358//51 2360//51 2359//51
f 2359//52 2360//52 2362//52 2361//52
f 2361//53 2362//53 2364//53 2363//53
f 2363//54 2364//54 2366//54 2365//54
f 2365//55 2366//55 2368//55 2367//55
f 2367//56 2368//56 2370//56 2369//56
f 2369//57 2370//57 2372//57 2371//57
f 2371//58 2372//58 2374//58 2373//58
f 2356//6 2354//6 2376//6 2374//6 2372//6 2370//6 2368//6 2366//6 2364//6 2362//6 2360//6 2358//6
f 2373//59 2374//59 2376//59 2375//59
f 2375//60 2376//60 2354//60 2353//60
f 2353//5 2355//5 2357//5 2359//5 2361//5 2363//5 2365//5 2367//5 2369//5 2371//5 2373//5 2375//5
f 2481//49 2482//49 2484//49 2483//49
f 2483//50 2484//50 2486//50 2485//50
f 2485//51 2486//51 2488//51 2487//51
f 2487//52 2488//52 2490//52 2489//52
f 2489//53 2490//53 2492//53 2491//53
f 2491//54 2492//54 2494//54 2493//54
f 2493//55 2494//55 2496//55 2495//55
f 2495//56 2496//56 2498//56 2497//56
f 2497//57 2498//57 2500//57 2499//57
f 2499//58 2500//58 2502//58 2501//58
f 2484//6 2482//6 2504//6 2502//6 2500//6 2498//6 2496//6 2494//6 2492//6 2490//6 2488//6 2486//6
f 2501//59 2502//59 2504//59 2503//59
f 2503//60 2504//60 2482//60 2481//60
f 2481//5 2483//5 2485//5 2487//5 2489//5 2491//5 2493//5 2495//5 2497//5 2499//5 2501//5 2503//5
f 2633//61 2634//61 2636//61 2635//61
f 2635//62 2636//62 2638//62 2637//62
f 2637//63 2638//63 2640//63 2639//63
f 2639//64 2640//64 2642//64 2641//64
f 2641//65 2642//65 2644//65 2643//65
f 2643//66 2644//66 2646//66 2645//66
f 2645//67 2646//67 2648//67 2647//67
f 2647//68 2648//68 2650//68 2649//68
f 2649//69 2650//69 2652//69 2651//69
f 2651//70 2652//70 2654//70 2653//70
f 2636//1 2634//1 2656//1 2654//1 2652//1 2650//1 2648//1 2646//1 2644//1 2642//1 2640//1 2638//1
f 2653//71 2654//71 2656//71 2655//71
f 2655//72 2656//72 2634//72 2633//72
f 2633//3 2635//3 2637//3 2639//3 2641//3 2643//3 2645//3 2647//3 2649//3 2651//3 2653//3 2655//3
f 2681//49 2682//49 2684//49 2683//49
f 2683//50 2684//50 2686//50 2685//50
f 2685//51 2686//51 2688//51 2687//51
f 2687//52 2688//52 2690//52 2689//52
f 2689//53 2690//53 2692//53 2691//53
f 2691//54 2692//54 2694//54 2693//54
f 2693//55 2694//55 2696//55 2695//55
f 2695//56 2696//56 2698//56 2697//56
f 2697//57 2698//57 2700//57 2699//57
f 2699//58 2700//58 2702//58 2701//58
f 2684//6 2682//6 2704//6 2702//6 2700//6 2698//6 2696//6 2694//6 2692//6 2690//6 2688//6 2686//6
f 2701//59 2702//59 2704//59 2703//59
f 2703//60 2704//60 2682//60 2681//60
f 2681//5 2683//5 2685//5 2687//5 2689//5 2691//5 2693//5 2695//5 2697//5 2699//5 2701//5 2703//5
f 2945//89 2946//89 2948//89 2947//89
f 2947//90 2948//90 2950//90 2949//90
f 2949//91 2950//91 2952//91 2951//91
f 2951//92 2952//92 2954//92 2953//92
f 2953//93 2954//93 2956//93 2955//93
f 2955//94 2956//94 2958//94 2957//94
f 2957//95 2958//95 2960//95 2959//95
f 2959//96 2960//96 2962//96 2961//96
f 2961//97 2962//97 2964//97 2963//97
f 2963//98 2964//98 2966//98 2965//98
f 2948//4 2946//4 2968//4 2966//4 2964//4 2962//4 2960//4 2958//4 2956//4 2954//4 2952//4 2950//4
f 2965//99 2966//99 2968//99 2967//99
f 2967//100 2968//100 2946//100 2945//100
f 2945//2 2947//2 2949//2 2951//2 2953//2 2955//2 2957//2 2959//2 2961//2 2963//2 2965//2 2967//2
f 2969//60 2970//60 2972//60 2971//60
f 2971//59 2972//59 2974//59 2973//59
f 2973//58 2974//58 2976//58 2975//58
f 2975//57 2976//57 2978//57 2977//57
f 2977//56 2978//56 2980//56 2979//56
f 2979//55 2980//55 2982//55 2981//55
f 2981//54 2982//54 2984//54 2983//54
f 2983//53 2984//53 2986//53 2985//53
f 2985//52 2986//52 2988//52 2987//52
f 2987//51 2988//51 2990//51 2989//51
f 2972//5 2970//5 2992//5 2990//5 2988//5 2986//5 2984//5 2982//5 2980//5 2978//5 2976//5 2974//5
f 2989//50 2990//50 2992//50 2991//50
f 2991//49 2992//49 2970//49 2969//49
f 2969//6 2971//6 2973//6 2975//6 2977//6 2979//6 2981//6 2983//6 2985//6 2987//6 2989//6 2991//6
f 3017//89 3018//89 3020//89 3019//89
f 3019//90 3020//90 3022//90 3021//90
f 3021//91 3022//91 3024//91 3023//91
f 3023//92 3024//92 3026//92 3025//92
f 3025//93 3026//93 3028//93 3027//93
f 3027//94 3028//94 3030//94 3029//94
f 3029//95 3030//95 3032//95 3031//95
f 3031//96 3032//96 3034//96 3033//96
f 3033//97 3034//97 3036//97 3035//97
f 3035//98 3036//98 3038//98 3037//98
f 3020//4 3018//4 3040//4 3038//4 3036//4 3034//4 3032//4 3030//4 3028//4 3026//4 3024//4 3022//4
f 3037//99 3038//99 3040//99 3039//99
f 3039//100 3040//100 3018//100 3017//100
f 3017//2 3019//2 3021//2 3023//2 3025//2 3027//2 3029//2 3031//2 3033//2 3035//2 3037//2 3039//2
f 3041//60 3042//60 3044//60 3043//60
f 3043//59 3044//59 3046//59 3045//59
f 3045//58 3046//58 3048//58 3047//58
f 3047//57 3048//57 3050//57 3049//57
f 3049//56 3050//56 3052//56 3051//56
f 3051//55 3052//55 3054//55 3053//55
f 3053//54 3054//54 3056//54 3055//54
f 3055//53 3056//53 3058//53 3057//53
f 3057//52 3058//52 3060//52 3059//52
f 3059//51 3060//51 3062//51 3061//51
f 3044//5 3042//5 3064//5 3062//5 3060//5 3058//5 3056//5 3054//5 3052//5 3050//5 3048//5 3046//5
f 3061//50 3062//50 3064//50 3063//50
f 3063//49 3064//49 3042//49 3041//49
f 3041//6 3043//6 3045//6 3047//6 3049//6 3051//6 3053//6 3055//6 3057//6 3059//6 3061//6 3063//6
f 3089//89 3090//89 3092//89 3091//89
f 3091//90 3092//90 3094//90 3093//90
f 3093//91 3094//91 3096//91 3095//91
f 3095//92 3096//92 3098//92 3097//92
f 3097//93 3098//93 3100//93 3099//93
f 3099//94 3100//94 3102//94 3101//94
f 3101//95 3102//95 3104//95 3103//95
f 3103//96 3104//96 3106//96 3105//96
f 3105//97 3106//97 3108//97 3107//97
f 3107//98 3108//98 3110//98 3109//98
f 3092//4 3090//4 3112//4 3110//4 3108//4 3106//4 3104//4 3102//4 3100//4 3098//4 3096//4 3094//4
f 3109//99 3110//99 3112//99 3111//99
f 3111//100 3112//100 3090//100 3089//100
f 3089//2 3091//2 3093//2 3095//2 3097//2 3099//2 3101//2 3103//2 3105//2 3107//2 3109//2 3111//2
f 3113//60 3114//60 3116//60 3115//60
f 3115//59 3116//59 3118//59 3117//59
f 3117//58 3118//58 3120//58 3119//58
f 3119//57 3120//57 3122//57 3121//57
f 3121//56 3122//56 3124//56 3123//56
f 3123//55 3124//55 3126//55 3125//55
f 3125//54 3126//54 3128//54 3127//54
f 3127//53 3128//53 3130//53 3129//53
f 3129//52 3130//52 3132//52 3131//52
f 3131//51 3132//51 3134//51 3133//51
f 3116//5 3114//5 3136//5 3134//5 3132//5 3130//5 3128//5 3126//5 3124//5 3122//5 3120//5 3118//5
f 3133//50 3134//50 3136//50 3135//50
f 3135//49 3136//49 3114//49 3113//49
f 3113//6 3115//6 3117//6 3119//6 3121//6 3123//6 3125//6 3127//6 3129//6 3131//6 3133//6 3135//6
f 3161//66 3162//66 3164//66 3163//66
f 3163//65 3164//65 3166//65 3165//65
f 3165//64 3166//64 3168//64 3167//64
f 3167//63 3168//63 3170//63 3169//63
f 3169//62 3170//62 3172//62 3171//62
f 3171//61 3172//61 3174//61 3173//61
f 3173//72 3174//72 3176//72 3175//72
f 3175//71 3176//71 3178//71 3177//71
f 3177//70 3178//70 3180//70 3179//70
f 3179//69 3180//69 3182//69 3181//69
f 3164//3 3162//3 3184//3 3182//3 3180//3 3178//3 3176//3 3174//3 3172//3 3170//3 3168//3 3166//3
f 3181//68 3182//68 3184//68 3183//68
f 3183//67 3184//67 3162//67 3161//67
f 3161//1 3163//1 3165//1 3167//1 3169//1 3171//1 3173//1 3175//1 3177//1 3179//1 3181//1 3183//1
f 3209//66 3210//66 3212//66 3211//66
f 3211//65 3212//65 3214//65 3213//65
f 3213//64 3214//64 3216//64 3215//64
f 3215//63 3216//63 3218//63 3217//63
f 3217//62 3218//62 3220//62 3219//62
f 3219//61 3220//61 3222//61 3221//61
f 3221//72 3222//72 3224//72 3223//72
f 3223//71 3224//71 3226//71 3225//71
f 3225//70 3226//70 3228//70 3227//70
f 3227//69 3228//69 3230//69 3229//69
f 3212//3 3210//3 3232//3 3230//3 3228//3 3226//3 3224//3 3222//3 3220//3 3218//3 3216//3 3214//3
f 3229//68 3230//68 3232//68 3231//68
f 3231//67 3232//67 3210//67 3209//67
f 3209//1 3211//1 3213//1 3215//1 3217//1 3219//1 3221//1 3223//1 3225//1 3227//1 3229//1 3231//1
f 3281//89 3282//89 3284//89 3283//89
f 3283//90 3284//90 3286//90 3285//90
f 3285//91 3286//91 3288//91 3287//91
f 3287//92 3288//92 3290//92 3289//92
f 3289//93 3290//93 3292//93 3291//93
f 3291//94 3292//94 3294//94 3293//94
f 3293//95 3294//95 3296//95 3295//95
f 3295//96 3296//96 3298//96 3297//96
f 3297//97 3298//97 3300//97 3299//97
f 3299//98 3300//98 3302//98 3301//98
f 3284//4 3282//4 3304//4 3302//4 3300//4 3298//4 3296//4 3294//4 3292//4 3290//4 3288//4 3286//4
f 3301//99 3302//99 3304//99 3303//99
f 3303//100 3304//100 3282//100 3281//100
f 3281//2 3283//2 3285//2 3287//2 3289//2 3291//2 3293//2 3295//2 3297//2 3299//2 3301//2 3303//2
f 3305//89 3306//89 3308//89 3307//89
f 3307//90 3308//90 3310//90 3309//90
f 3309//91 3310//91 3312//91 3311//91
f 3311//92 3312//92 3314//92 3313//92
f 3313//93 3314//93 3316//93 3315//93
f 3315//94 3316//94 3318//94 3317//94
f 3317//95 3318//95 3320//95 3319//95
f 3319//96 3320//96 3322//96 3321//96
f 3321//97 3322//97 3324//97 3323//97
f 3323//98 3324//98 3326//98 3325//98
f 3308//4 3306//4 3328//4 3326//4 3324//4 3322//4 3320//4 3318//4 3316//4 3314//4 3312//4 3310//4
f 3325//99 3326//99 3328//99 3327//99
f 3327//100 3328//100 3306//100 3305//100
f 3305//2 3307//2 3309//2 3311//2 3313//2 3315//2 3317//2 3319//2 3321//2 3323//2 3325//2 3327//2
f 3329//89 3330//89 3332//89 3331//89
f 3331//90 3332//90 3334//90 3333//90
f 3333//91 3334//91 3336//91 3335//91
f 3335//92 3336//92 3338//92 3337//92
f 3337//93 3338//93 3340//93 3339//93
f 3339//94 3340//94 3342//94 3341//94
f 3341//95 3342//95 3344//95 3343//95
f 3343//96 3344//96 3346//96 3345//96
f 3345//97 3346//97 3348//97 3347//97
f 3347//98 3348//98 3350//98 3349//98
f 3332//4 3330//4 3352//4 3350//4 3348//4 3346//4 3344//4 3342//4 3340//4 3338//4 3336//4 3334//4
f 3349//99 3350//99 3352//99 3351//99
f 3351//100 3352//100 3330//100 3329//100
f 3329//2 3331//2 3333//2 3335//2 3337//2 3339//2 3341//2 3343//2 3345//2 3347//2 3349//2 3351//2
f 3353//89 3354//89 3356//89 3355//89
f 3355//90 3356//90 3358//90 3357//90
f 3357//91 3358//91 3360//91 3359//91
f 3359//92 3360//92 3362//92 3361//92
f 3361//93 3362//93 3364//93 3363//93
f 3363//94 3364//94 3366//94 3365//94
f 3365//95 3366//95 3368//95 3367//95
f 3367//96 3368//96 3370//96 3369//96
f 3369//97 3370//97 3372//97 3371//97
f 3371//98 3372//98 3374//98 3373//98
f 3356//4 3354//4 3376//4 3374//4 3372//4 3370//4 3368//4 3366//4 3364//4 3362//4 3360//4 3358//4
f 3373//99 3374//99 3376//99 3375//99
f 3375//100 3376//100 3354//100 3353//100
f 3353//2 3355//2 3357//2 3359//2 3361//2 3363//2 3365//2 3367//2 3369//2 3371//2 3373//2 3375//2
f 3377//89 3378//89 3380//89 3379//89
f 3379//90 3380//90 3382//90 3381//90
f 3381//91 3382//91 3384//91 3383//91
f 3383//92 3384//92 3386//92 3385//92
f 3385//93 3386//93 3388//93 3387//93
f 3387//94 3388//94 3390//94 3389//94
f 3389//95 3390//95 3392//95 3391//95
f 3391//96 3392//96 3394//96 3393//96
f 3393//97 3394//97 3396//97 3395//97
f 3395//98 3396//98 3398//98 3397//98
f 3380//4 3378//4 3400//4 3398//4 3396//4 3394//4 3392//4 3390//4 3388//4 3386//4 3384//4 3382//4
f 3397//99 3398//99 3400//99 3399//99
f 3399//100 3400//100 3378//100 3377//100
f 3377//2 3379//2 3381//2 3383//2 3385//2 3387//2 3389//2 3391//2 3393//2 3395//2 3397//2 3399//2
f 3401//89 3402//89 3404//89 3403//89
f 3403//90 3404//90 3406//90 3405//90
f 3405//91 3406//91 3408//91 3407//91
f 3407//92 3408//92 3410//92 3409//92
f 3409//93 3410//93 3412//93 3411//93
f 3411//94 3412//94 3414//94 3413//94
f 3413//95 3414//95 3416//95 3415//95
f 3415//96 3416//96 3418//96 3417//96
f 3417//97 3418//97 3420//97 3419//97
f 3419//98 3420//98 3422//98 3421//98
f 3404//4 3402//4 3424//4 3422//4 3420//4 3418//4 3416//4 3414//4 3412//4 3410//4 3408//4 3406//4
f 3421//99 3422//99 3424//99 3423//99
f 3423//100 3424//100 3402//100 3401//100
f 3401//2 3403//2 3405//2 3407//2 3409//2 3411//2 3413//2 3415//2 3417//2 3419//2 3421//2 3423//2
f 3457//101 3458//101 3460//101 3459//101
f 3459//50 3460//50 3462//50 3461//50
f 3461//51 3462//51 3464//51 3463//51
f 3463//52 3464//52 3466//52 3465//52
f 3465//102 3466//102 3468//102 3467//102
f 3467//103 3468//103 3470//103 3469//103
f 3469//104 3470//104 3472//104 3471//104
f 3471//105 3472//105 3474//105 3473//105
f 3473//57 3474//57 3476//57 3475//57
f 3475//58 3476//58 3478//58 3477//58
f 3460//6 3458//6 3480//6 3478//6 3476//6 3474//6 3472//6 3470//6 3468//6 3466//6 3464//6 3462//6
f 3477//59 3478//59 3480//59 3479//59
f 3479//106 3480//106 3458//106 3457//106
f 3457//5 3459//5 3461//5 3463//5 3465//5 3467//5 3469//5 3471//5 3473//5 3475//5 3477//5 3479//5
f 3513//101 3514//101 3516//101 3515//101
f 3515//50 3516//50 3518//50 3517//50
f 3517//51 3518//51 3520//51 3519//51
f 3519//52 3520//52 3522//52 3521//52
f 3521//107 3522//107 3524//107 3523//107
f 3523//103 3524//103 3526//103 3525//103
f 3525//104 3526//104 3528//104 3527//104
f 3527//108 3528//108 3530//108 3529//108
f 3529//57 3530//57 3532//57 3531//57
f 3531//58 3532//58 3534//58 3533//58
f 3516//6 3514//6 3536//6 3534//6 3532//6 3530//6 3528//6 3526//6 3524//6 3522//6 3520//6 3518//6
f 3533//59 3534//59 3536//59 3535//59
f 3535//106 3536//106 3514//106 3513//106
f 3513//5 3515//5 3517//5 3519//5 3521//5 3523//5 3525//5 3527//5 3529//5 3531//5 3533//5 3535//5
f 3569//101 3570//101 3572//101 3571//101
f 3571//109 3572//109 3574//109 3573//109
f 3573//51 3574//51 3576//51 3575//51
f 3575//52 3576//52 3578//52 3577//52
f 3577//53 3578//53 3580//53 3579//53
f 3579//54 3580//54 3582//54 3581//54
f 3581//55 3582//55 3584//55 3583//55
f 3583//56 3584//56 3586//56 3585//56
f 3585//57 3586//57 3588//57 3587//57
f 3587//58 3588//58 3590//58 3589//58
f 3572//6 3570//6 3592//6 3590//6 3588//6 3586//6 3584//6 3582//6 3580//6 3578//6 3576//6 3574//6
f 3589//110 3590//110 3592//110 3591//110
f 3591//106 3592//106 3570//106 3569//106
f 3569//5 3571//5 3573//5 3575//5 3577//5 3579//5 3581//5 3583//5 3585//5 3587//5 3589//5 3591//5
f 3625//49 3626//49 3628//49 3627//49
f 3627//50 3628//50 3630//50 3629//50
f 3629//51 3630//51 3632//51 3631//51
f 3631//52 3632//52 3634//52 3633//52
f 3633//53 3634//53 3636//53 3635//53
f 3635//54 3636//54 3638//54 3637//54
f 3637//55 3638//55 3640//55 3639//55
f 3639//56 3640//56 3642//56 3641//56
f 3641//57 3642//57 3644//57 3643//57
f 3643//58 3644//58 3646//58 3645//58
f 3628//6 3626//6 3648//6 3646//6 3644//6 3642//6 3640//6 3638//6 3636//6 3634//6 3632//6 3630//6
f 3645//59 3646//59 3648//59 3647//59
f 3647//60 3648//60 3626//60 3625//60
f 3625//5 3627//5 3629//5 3631//5 3633//5 3635//5 3637//5 3639//5 3641//5 3643//5 3645//5 3647//5
f 3681//49 3682//49 3684//49 3683//49
f 3683//50 3684//50 3686//50 3685//50
f 3685//51 3686//51 3688//51 3687//51
f 3687//52 3688//52 3690//52 3689//52
f 3689//53 3690//53 3692//53 3691//53
f 3691//54 3692//54 3694//54 3693//54
f 3693//55 3694//55 3696//55 3695//55
f 3695//56 3696//56 3698//56 3697//56
f 3697//57 3698//57 3700//57 3699//57
f 3699//58 3700//58 3702//58 3701//58
f 3684//6 3682//6 3704//6 3702//6 3700//6 3698//6 3696//6 3694//6 3692//6 3690//6 3688//6 3686//6
f 3701//59 3702//59 3704//59 3703//59
f 3703//60 3704//60 3682//60 3681//60
f 3681//5 3683//5 3685//5 3687//5 3689//5 3691//5 3693//5 3695//5 3697//5 3699//5 3701//5 3703//5
usemtl MAT_MotorEndBell
f 1449//33 1450//33 1452//33 1451//33
f 1451//34 1452//34 1454//34 1453//34
f 1453//35 1454//35 1456//35 1455//35
f 1455//36 1456//36 1458//36 1457//36
f 1457//37 1458//37 1460//37 1459//37
f 1459//38 1460//38 1462//38 1461//38
f 1461//39 1462//39 1464//39 1463//39
f 1463//40 1464//40 1466//40 1465//40
f 1465//41 1466//41 1468//41 1467//41
f 1467//42 1468//42 1470//42 1469//42
f 1469//43 1470//43 1472//43 1471//43
f 1471//44 1472//44 1474//44 1473//44
f 1473//45 1474//45 1476//45 1475//45
f 1475//46 1476//46 1478//46 1477//46
f 1452//6 1450//6 1480//6 1478//6 1476//6 1474//6 1472//6 1470//6 1468//6 1466//6 1464//6 1462//6 1460//6 1458//6 1456//6 1454//6
f 1477//47 1478//47 1480//47 1479//47
f 1479//48 1480//48 1450//48 1449//48
f 1449//5 1451//5 1453//5 1455//5 1457//5 1459//5 1461//5 1463//5 1465//5 1467//5 1469//5 1471//5 1473//5 1475//5 1477//5 1479//5
f 1553//33 1554//33 1556//33 1555//33
f 1555//34 1556//34 1558//34 1557//34
f 1557//35 1558//35 1560//35 1559//35
f 1559//36 1560//36 1562//36 1561//36
f 1561//37 1562//37 1564//37 1563//37
f 1563//38 1564//38 1566//38 1565//38
f 1565//39 1566//39 1568//39 1567//39
f 1567//40 1568//40 1570//40 1569//40
f 1569//41 1570//41 1572//41 1571//41
f 1571//42 1572//42 1574//42 1573//42
f 1573//43 1574//43 1576//43 1575//43
f 1575//44 1576//44 1578//44 1577//44
f 1577//45 1578//45 1580//45 1579//45
f 1579//46 1580//46 1582//46 1581//46
f 1556//6 1554//6 1584//6 1582//6 1580//6 1578//6 1576//6 1574//6 1572//6 1570//6 1568//6 1566//6 1564//6 1562//6 1560//6 1558//6
f 1581//47 1582//47 1584//47 1583//47
f 1583//48 1584//48 1554//48 1553//48
f 1553//5 1555//5 1557//5 1559//5 1561//5 1563//5 1565//5 1567//5 1569//5 1571//5 1573//5 1575//5 1577//5 1579//5 1581//5 1583//5
f 1633//33 1634//33 1636//33 1635//33
f 1635//34 1636//34 1638//34 1637//34
f 1637//35 1638//35 1640//35 1639//35
f 1639//36 1640//36 1642//36 1641//36
f 1641//37 1642//37 1644//37 1643//37
f 1643//38 1644//38 1646//38 1645//38
f 1645//39 1646//39 1648//39 1647//39
f 1647//40 1648//40 1650//40 1649//40
f 1649//41 1650//41 1652//41 1651//41
f 1651//42 1652//42 1654//42 1653//42
f 1653//43 1654//43 1656//43 1655//43
f 1655//44 1656//44 1658//44 1657//44
f 1657//45 1658//45 1660//45 1659//45
f 1659//46 1660//46 1662//46 1661//46
f 1636//6 1634//6 1664//6 1662//6 1660//6 1658//6 1656//6 1654//6 1652//6 1650//6 1648//6 1646//6 1644//6 1642//6 1640//6 1638//6
f 1661//47 1662//47 1664//47 1663//47
f 1663//48 1664//48 1634//48 1633//48
f 1633//5 1635//5 1637//5 1639//5 1641//5 1643//5 1645//5 1647//5 1649//5 1651//5 1653//5 1655//5 1657//5 1659//5 1661//5 1663//5
f 1665//33 1666//33 1668//33 1667//33
f 1667//34 1668//34 1670//34 1669//34
f 1669//35 1670//35 1672//35 1671//35
f 1671//36 1672//36 1674//36 1673//36
f 1673//37 1674//37 1676//37 1675//37
f 1675//38 1676//38 1678//38 1677//38
f 1677//39 1678//39 1680//39 1679//39
f 1679//40 1680//40 1682//40 1681//40
f 1681//41 1682//41 1684//41 1683//41
f 1683//42 1684//42 1686//42 1685//42
f 1685//43 1686//43 1688//43 1687//43
f 1687//44 1688//44 1690//44 1689//44
f 1689//45 1690//45 1692//45 1691//45
f 1691//46 1692//46 1694//46 1693//46
f 1668//6 1666//6 1696//6 1694//6 1692//6 1690//6 1688//6 1686//6 1684//6 1682//6 1680//6 1678//6 1676//6 1674//6 1672//6 1670//6
f 1693//47 1694//47 1696//47 1695//47
f 1695//48 1696//48 1666//48 1665//48
f 1665//5 1667//5 1669//5 1671//5 1673//5 1675//5 1677//5 1679//5 1681//5 1683//5 1685//5 1687//5 1689//5 1691//5 1693//5 1695//5
f 1745//33 1746//33 1748//33 1747//33
f 1747//34 1748//34 1750//34 1749//34
f 1749//35 1750//35 1752//35 1751//35
f 1751//36 1752//36 1754//36 1753//36
f 1753//37 1754//37 1756//37 1755//37
f 1755//38 1756//38 1758//38 1757//38
f 1757//39 1758//39 1760//39 1759//39
f 1759//40 1760//40 1762//40 1761//40
f 1761//41 1762//41 1764//41 1763//41
f 1763//42 1764//42 1766//42 1765//42
f 1765//43 1766//43 1768//43 1767//43
f 1767//44 1768//44 1770//44 1769//44
f 1769//45 1770//45 1772//45 1771//45
f 1771//46 1772//46 1774//46 1773//46
f 1748//6 1746//6 1776//6 1774//6 1772//6 1770//6 1768//6 1766//6 1764//6 1762//6 1760//6 1758//6 1756//6 1754//6 1752//6 1750//6
f 1773//47 1774//47 1776//47 1775//47
f 1775//48 1776//48 1746//48 1745//48
f 1745//5 1747//5 1749//5 1751//5 1753//5 1755//5 1757//5 1759//5 1761//5 1763//5 1765//5 1767//5 1769//5 1771//5 1773//5 1775//5
f 1849//33 1850//33 1852//33 1851//33
f 1851//34 1852//34 1854//34 1853//34
f 1853//35 1854//35 1856//35 1855//35
f 1855//36 1856//36 1858//36 1857//36
f 1857//37 1858//37 1860//37 1859//37
f 1859//38 1860//38 1862//38 1861//38
f 1861//39 1862//39 1864//39 1863//39
f 1863//40 1864//40 1866//40 1865//40
f 1865//41 1866//41 1868//41 1867//41
f 1867//42 1868//42 1870//42 1869//42
f 1869//43 1870//43 1872//43 1871//43
f 1871//44 1872//44 1874//44 1873//44
f 1873//45 1874//45 1876//45 1875//45
f 1875//46 1876//46 1878//46 1877//46
f 1852//6 1850//6 1880//6 1878//6 1876//6 1874//6 1872//6 1870//6 1868//6 1866//6 1864//6 1862//6 1860//6 1858//6 1856//6 1854//6
f 1877//47 1878//47 1880//47 1879//47
f 1879//48 1880//48 1850//48 1849//48
f 1849//5 1851//5 1853//5 1855//5 1857//5 1859//5 1861//5 1863//5 1865//5 1867//5 1869//5 1871//5 1873//5 1875//5 1877//5 1879//5
f 1881//33 1882//33 1884//33 1883//33
f 1883//34 1884//34 1886//34 1885//34
f 1885//35 1886//35 1888//35 1887//35
f 1887//36 1888//36 1890//36 1889//36
f 1889//37 1890//37 1892//37 1891//37
f 1891//38 1892//38 1894//38 1893//38
f 1893//39 1894//39 1896//39 1895//39
f 1895//40 1896//40 1898//40 1897//40
f 1897//41 1898//41 1900//41 1899//41
f 1899//42 1900//42 1902//42 1901//42
f 1901//43 1902//43 1904//43 1903//43
f 1903//44 1904//44 1906//44 1905//44
f 1905//45 1906//45 1908//45 1907//45
f 1907//46 1908//46 1910//46 1909//46
f 1884//6 1882//6 1912//6 1910//6 1908//6 1906//6 1904//6 1902//6 1900//6 1898//6 1896//6 1894//6 1892//6 1890//6 1888//6 1886//6
f 1909//47 1910//47 1912//47 1911//47
f 1911//48 1912//48 1882//48 1881//48
f 1881//5 1883//5 1885//5 1887//5 1889//5 1891//5 1893//5 1895//5 1897//5 1899//5 1901//5 1903//5 1905//5 1907//5 1909//5 1911//5
f 1913//33 1914//33 1916//33 1915//33
f 1915//34 1916//34 1918//34 1917//34
f 1917//35 1918//35 1920//35 1919//35
f 1919//36 1920//36 1922//36 1921//36
f 1921//37 1922//37 1924//37 1923//37
f 1923//38 1924//38 1926//38 1925//38
f 1925//39 1926//39 1928//39 1927//39
f 1927//40 1928//40 1930//40 1929//40
f 1929//41 1930//41 1932//41 1931//41
f 1931//42 1932//42 1934//42 1933//42
f 1933//43 1934//43 1936//43 1935//43
f 1935//44 1936//44 1938//44 1937//44
f 1937//45 1938//45 1940//45 1939//45
f 1939//46 1940//46 1942//46 1941//46
f 1916//6 1914//6 1944//6 1942//6 1940//6 1938//6 1936//6 1934//6 1932//6 1930//6 1928//6 1926//6 1924//6 1922//6 1920//6 1918//6
f 1941//47 1942//47 1944//47 1943//47
f 1943//48 1944//48 1914//48 1913//48
f 1913//5 1915//5 1917//5 1919//5 1921//5 1923//5 1925//5 1927//5 1929//5 1931//5 1933//5 1935//5 1937//5 1939//5 1941//5 1943//5
f 2065//33 2066//33 2068//33 2067//33
f 2067//34 2068//34 2070//34 2069//34
f 2069//35 2070//35 2072//35 2071//35
f 2071//36 2072//36 2074//36 2073//36
f 2073//37 2074//37 2076//37 2075//37
f 2075//38 2076//38 2078//38 2077//38
f 2077//39 2078//39 2080//39 2079//39
f 2079//40 2080//40 2082//40 2081//40
f 2081//41 2082//41 2084//41 2083//41
f 2083//42 2084//42 2086//42 2085//42
f 2085//43 2086//43 2088//43 2087//43
f 2087//44 2088//44 2090//44 2089//44
f 2089//45 2090//45 2092//45 2091//45
f 2091//46 2092//46 2094//46 2093//46
f 2068//6 2066//6 2096//6 2094//6 2092//6 2090//6 2088//6 2086//6 2084//6 2082//6 2080//6 2078//6 2076//6 2074//6 2072//6 2070//6
f 2093//47 2094//47 2096//47 2095//47
f 2095//48 2096//48 2066//48 2065//48
f 2065//5 2067//5 2069//5 2071//5 2073//5 2075//5 2077//5 2079//5 2081//5 2083//5 2085//5 2087//5 2089//5 2091//5 2093//5 2095//5
f 2169//33 2170//33 2172//33 2171//33
f 2171//34 2172//34 2174//34 2173//34
f 2173//35 2174//35 2176//35 2175//35
f 2175//36 2176//36 2178//36 2177//36
f 2177//37 2178//37 2180//37 2179//37
f 2179//38 2180//38 2182//38 2181//38
f 2181//39 2182//39 2184//39 2183//39
f 2183//40 2184//40 2186//40 2185//40
f 2185//41 2186//41 2188//41 2187//41
f 2187//42 2188//42 2190//42 2189//42
f 2189//43 2190//43 2192//43 2191//43
f 2191//44 2192//44 2194//44 2193//44
f 2193//45 2194//45 2196//45 2195//45
f 2195//46 2196//46 2198//46 2197//46
f 2172//6 2170//6 2200//6 2198//6 2196//6 2194//6 2192//6 2190//6 2188//6 2186//6 2184//6 2182//6 2180//6 2178//6 2176//6 2174//6
f 2197//47 2198//47 2200//47 2199//47
f 2199//48 2200//48 2170//48 2169//48
f 2169//5 2171//5 2173//5 2175//5 2177//5 2179//5 2181//5 2183//5 2185//5 2187//5 2189//5 2191//5 2193//5 2195//5 2197//5 2199//5
f 2417//33 2418//33 2420//33 2419//33
f 2419//34 2420//34 2422//34 2421//34
f 2421//35 2422//35 2424//35 2423//35
f 2423//36 2424//36 2426//36 2425//36
f 2425//37 2426//37 2428//37 2427//37
f 2427//38 2428//38 2430//38 2429//38
f 2429//39 2430//39 2432//39 2431//39
f 2431//40 2432//40 2434//40 2433//40
f 2433//41 2434//41 2436//41 2435//41
f 2435//42 2436//42 2438//42 2437//42
f 2437//43 2438//43 2440//43 2439//43
f 2439//44 2440//44 2442//44 2441//44
f 2441//45 2442//45 2444//45 2443//45
f 2443//46 2444//46 2446//46 2445//46
f 2420//6 2418//6 2448//6 2446//6 2444//6 2442//6 2440//6 2438//6 2436//6 2434//6 2432//6 2430//6 2428//6 2426//6 2424//6 2422//6
f 2445//47 2446//47 2448//47 2447//47
f 2447//48 2448//48 2418//48 2417//48
f 2417//5 2419//5 2421//5 2423//5 2425//5 2427//5 2429//5 2431//5 2433//5 2435//5 2437//5 2439//5 2441//5 2443//5 2445//5 2447//5
f 2545//33 2546//33 2548//33 2547//33
f 2547//34 2548//34 2550//34 2549//34
f 2549//35 2550//35 2552//35 2551//35
f 2551//36 2552//36 2554//36 2553//36
f 2553//37 2554//37 2556//37 2555//37
f 2555//38 2556//38 2558//38 2557//38
f 2557//39 2558//39 2560//39 2559//39
f 2559//40 2560//40 2562//40 2561//40
f 2561//41 2562//41 2564//41 2563//41
f 2563//42 2564//42 2566//42 2565//42
f 2565//43 2566//43 2568//43 2567//43
f 2567//44 2568//44 2570//44 2569//44
f 2569//45 2570//45 2572//45 2571//45
f 2571//46 2572//46 2574//46 2573//46
f 2548//6 2546//6 2576//6 2574//6 2572//6 2570//6 2568//6 2566//6 2564//6 2562//6 2560//6 2558//6 2556//6 2554//6 2552//6 2550//6
f 2573//47 2574//47 2576//47 2575//47
f 2575//48 2576//48 2546//48 2545//48
f 2545//5 2547//5 2549//5 2551//5 2553//5 2555//5 2557//5 2559//5 2561//5 2563//5 2565//5 2567//5 2569//5 2571//5 2573//5 2575//5
f 3913//33 3914//33 3916//33 3915//33
f 3915//34 3916//34 3918//34 3917//34
f 3917//35 3918//35 3920//35 3919//35
f 3919//36 3920//36 3922//36 3921//36
f 3921//37 3922//37 3924//37 3923//37
f 3923//38 3924//38 3926//38 3925//38
f 3925//39 3926//39 3928//39 3927//39
f 3927//40 3928//40 3930//40 3929//40
f 3929//41 3930//41 3932//41 3931//41
f 3931//42 3932//42 3934//42 3933//42
f 3933//43 3934//43 3936//43 3935//43
f 3935//44 3936//44 3938//44 3937//44
f 3937//45 3938//45 3940//45 3939//45
f 3939//46 3940//46 3942//46 3941//46
f 3916//6 3914//6 3944//6 3942//6 3940//6 3938//6 3936//6 3934//6 3932//6 3930//6 3928//6 3926//6 3924//6 3922//6 3920//6 3918//6
f 3941//47 3942//47 3944//47 3943//47
f 3943//48 3944//48 3914//48 3913//48
f 3913//5 3915//5 3917//5 3919//5 3921//5 3923//5 3925//5 3927//5 3929//5 3931//5 3933//5 3935//5 3937//5 3939//5 3941//5 3943//5
f 3945//33 3946//33 3948//33 3947//33
f 3947//34 3948//34 3950//34 3949//34
f 3949//35 3950//35 3952//35 3951//35
f 3951//36 3952//36 3954//36 3953//36
f 3953//37 3954//37 3956//37 3955//37
f 3955//38 3956//38 3958//38 3957//38
f 3957//39 3958//39 3960//39 3959//39
f 3959//40 3960//40 3962//40 3961//40
f 3961//41 3962//41 3964//41 3963//41
f 3963//42 3964//42 3966//42 3965//42
f 3965//43 3966//43 3968//43 3967//43
f 3967//44 3968//44 3970//44 3969//44
f 3969//45 3970//45 3972//45 3971//45
f 3971//46 3972//46 3974//46 3973//46
f 3948//6 3946//6 3976//6 3974//6 3972//6 3970//6 3968//6 3966//6 3964//6 3962//6 3960//6 3958//6 3956//6 3954//6 3952//6 3950//6
f 3973//47 3974//47 3976//47 3975//47
f 3975//48 3976//48 3946//48 3945//48
f 3945//5 3947//5 3949//5 3951//5 3953//5 3955//5 3957//5 3959//5 3961//5 3963//5 3965//5 3967//5 3969//5 3971//5 3973//5 3975//5
f 4113//33 4114//33 4116//33 4115//33
f 4115//34 4116//34 4118//34 4117//34
f 4117//35 4118//35 4120//35 4119//35
f 4119//36 4120//36 4122//36 4121//36
f 4121//37 4122//37 4124//37 4123//37
f 4123//38 4124//38 4126//38 4125//38
f 4125//39 4126//39 4128//39 4127//39
f 4127//40 4128//40 4130//40 4129//40
f 4129//41 4130//41 4132//41 4131//41
f 4131//42 4132//42 4134//42 4133//42
f 4133//43 4134//43 4136//43 4135//43
f 4135//44 4136//44 4138//44 4137//44
f 4137//45 4138//45 4140//45 4139//45
f 4139//46 4140//46 4142//46 4141//46
f 4116//6 4114//6 4144//6 4142//6 4140//6 4138//6 4136//6 4134//6 4132//6 4130//6 4128//6 4126//6 4124//6 4122//6 4120//6 4118//6
f 4141//47 4142//47 4144//47 4143//47
f 4143//48 4144//48 4114//48 4113//48
f 4113//5 4115//5 4117//5 4119//5 4121//5 4123//5 4125//5 4127//5 4129//5 4131//5 4133//5 4135//5 4137//5 4139//5 4141//5 4143//5
f 4145//33 4146//33 4148//33 4147//33
f 4147//117 4148//117 4150//117 4149//117
f 4149//35 4150//35 4152//35 4151//35
f 4151//36 4152//36 4154//36 4153//36
f 4153//37 4154//37 4156//37 4155//37
f 4155//38 4156//38 4158//38 4157//38
f 4157//39 4158//39 4160//39 4159//39
f 4159//40 4160//40 4162//40 4161//40
f 4161//41 4162//41 4164//41 4163//41
f 4163//42 4164//42 4166//42 4165//42
f 4165//43 4166//43 4168//43 4167//43
f 4167//44 4168//44 4170//44 4169//44
f 4169//45 4170//45 4172//45 4171//45
f 4171//46 4172//46 4174//46 4173//46
f 4148//6 4146//6 4176//6 4174//6 4172//6 4170//6 4168//6 4166//6 4164//6 4162//6 4160//6 4158//6 4156//6 4154//6 4152//6 4150//6
f 4173//118 4174//118 4176//118 4175//118
f 4175//48 4176//48 4146//48 4145//48
f 4145//5 4147//5 4149//5 4151//5 4153//5 4155//5 4157//5 4159//5 4161//5 4163//5 4165//5 4167//5 4169//5 4171//5 4173//5 4175//5
f 4313//33 4314//33 4316//33 4315//33
f 4315//34 4316//34 4318//34 4317//34
f 4317//35 4318//35 4320//35 4319//35
f 4319//36 4320//36 4322//36 4321//36
f 4321//37 4322//37 4324//37 4323//37
f 4323//38 4324//38 4326//38 4325//38
f 4325//39 4326//39 4328//39 4327//39
f 4327//40 4328//40 4330//40 4329//40
f 4329//41 4330//41 4332//41 4331//41
f 4331//42 4332//42 4334//42 4333//42
f 4333//43 4334//43 4336//43 4335//43
f 4335//44 4336//44 4338//44 4337//44
f 4337//45 4338//45 4340//45 4339//45
f 4339//46 4340//46 4342//46 4341//46
f 4316//6 4314//6 4344//6 4342//6 4340//6 4338//6 4336//6 4334//6 4332//6 4330//6 4328//6 4326//6 4324//6 4322//6 4320//6 4318//6
f 4341//47 4342//47 4344//47 4343//47
f 4343//48 4344//48 4314//48 4313//48
f 4313//5 4315//5 4317//5 4319//5 4321//5 4323//5 4325//5 4327//5 4329//5 4331//5 4333//5 4335//5 4337//5 4339//5 4341//5 4343//5
f 4345//33 4346//33 4348//33 4347//33
f 4347//34 4348//34 4350//34 4349//34
f 4349//123 4350//123 4352//123 4351//123
f 4351//36 4352//36 4354//36 4353//36
f 4353//37 4354//37 4356//37 4355//37
f 4355//124 4356//124 4358//124 4357//124
f 4357//39 4358//39 4360//39 4359//39
f 4359//40 4360//40 4362//40 4361//40
f 4361//41 4362//41 4364//41 4363//41
f 4363//42 4364//42 4366//42 4365//42
f 4365//125 4366//125 4368//125 4367//125
f 4367//44 4368//44 4370//44 4369//44
f 4369//45 4370//45 4372//45 4371//45
f 4371//126 4372//126 4374//126 4373//126
f 4348//6 4346//6 4376//6 4374//6 4372//6 4370//6 4368//6 4366//6 4364//6 4362//6 4360//6 4358//6 4356//6 4354//6 4352//6 4350//6
f 4373//47 4374//47 4376//47 4375//47
f 4375//48 4376//48 4346//48 4345//48
f 4345//5 4347//5 4349//5 4351//5 4353//5 4355//5 4357//5 4359//5 4361//5 4363//5 4365//5 4367//5 4369//5 4371//5 4373//5 4375//5
f 4513//33 4514//33 4516//33 4515//33
f 4515//34 4516//34 4518//34 4517//34
f 4517//35 4518//35 4520//35 4519//35
f 4519//36 4520//36 4522//36 4521//36
f 4521//37 4522//37 4524//37 4523//37
f 4523//38 4524//38 4526//38 4525//38
f 4525//39 4526//39 4528//39 4527//39
f 4527//40 4528//40 4530//40 4529//40
f 4529//41 4530//41 4532//41 4531//41
f 4531//42 4532//42 4534//42 4533//42
f 4533//43 4534//43 4536//43 4535//43
f 4535//44 4536//44 4538//44 4537//44
f 4537//45 4538//45 4540//45 4539//45
f 4539//46 4540//46 4542//46 4541//46
f 4516//6 4514//6 4544//6 4542//6 4540//6 4538//6 4536//6 4534//6 4532//6 4530//6 4528//6 4526//6 4524//6 4522//6 4520//6 4518//6
f 4541//47 4542//47 4544//47 4543//47
f 4543//48 4544//48 4514//48 4513//48
f 4513//5 4515//5 4517//5 4519//5 4521//5 4523//5 4525//5 4527//5 4529//5 4531//5 4533//5 4535//5 4537//5 4539//5 4541//5 4543//5
f 4545//33 4546//33 4548//33 4547//33
f 4547//34 4548//34 4550//34 4549//34
f 4549//123 4550//123 4552//123 4551//123
f 4551//36 4552//36 4554//36 4553//36
f 4553//37 4554//37 4556//37 4555//37
f 4555//124 4556//124 4558//124 4557//124
f 4557//39 4558//39 4560//39 4559//39
f 4559//40 4560//40 4562//40 4561//40
f 4561//41 4562//41 4564//41 4563//41
f 4563//42 4564//42 4566//42 4565//42
f 4565//125 4566//125 4568//125 4567//125
f 4567//44 4568//44 4570//44 4569//44
f 4569//45 4570//45 4572//45 4571//45
f 4571//126 4572//126 4574//126 4573//126
f 4548//6 4546//6 4576//6 4574//6 4572//6 4570//6 4568//6 4566//6 4564//6 4562//6 4560//6 4558//6 4556//6 4554//6 4552//6 4550//6
f 4573//47 4574//47 4576//47 4575//47
f 4575//48 4576//48 4546//48 4545//48
f 4545//5 4547//5 4549//5 4551//5 4553//5 4555//5 4557//5 4559//5 4561//5 4563//5 4565//5 4567//5 4569//5 4571//5 4573//5 4575//5
usemtl MAT_TankSkirt
f 2745//1 2746//1 2748//1 2747//1
f 2747//2 2748//2 2752//2 2751//2
f 2751//3 2752//3 2750//3 2749//3
f 2749//4 2750//4 2746//4 2745//4
f 2747//5 2751//5 2749//5 2745//5
f 2752//6 2748//6 2746//6 2750//6
f 2753//1 2754//1 2756//1 2755//1
f 2755//2 2756//2 2760//2 2759//2
f 2759//3 2760//3 2758//3 2757//3
f 2757//4 2758//4 2754//4 2753//4
f 2755//5 2759//5 2757//5 2753//5
f 2760//6 2756//6 2754//6 2758//6
f 2761//1 2762//1 2764//1 2763//1
f 2763//2 2764//2 2768//2 2767//2
f 2767//3 2768//3 2766//3 2765//3
f 2765//4 2766//4 2762//4 2761//4
f 2763//5 2767//5 2765//5 2761//5
f 2768//6 2764//6 2762//6 2766//6
f 2769//1 2770//1 2772//1 2771//1
f 2771//2 2772//2 2776//2 2775//2
f 2775//3 2776//3 2774//3 2773//3
f 2773//4 2774//4 2770//4 2769//4
f 2771//5 2775//5 2773//5 2769//5
f 2776//6 2772//6 2770//6 2774//6
f 2777//1 2778//1 2780//1 2779//1
f 2779//2 2780//2 2784//2 2783//2
f 2783//3 2784//3 2782//3 2781//3
f 2781//4 2782//4 2778//4 2777//4
f 2779//5 2783//5 2781//5 2777//5
f 2784//6 2780//6 2778//6 2782//6
f 2785//1 2786//1 2788//1 2787//1
f 2787//2 2788//2 2792//2 2791//2
f 2791//3 2792//3 2790//3 2789//3
f 2789//4 2790//4 2786//4 2785//4
f 2787//5 2791//5 2789//5 2785//5
f 2792//6 2788//6 2786//6 2790//6
f 2793//1 2794//1 2796//1 2795//1
f 2795//2 2796//2 2800//2 2799//2
f 2799//3 2800//3 2798//3 2797//3
f 2797//4 2798//4 2794//4 2793//4
f 2795//5 2799//5 2797//5 2793//5
f 2800//6 2796//6 2794//6 2798//6
f 2801//1 2802//1 2804//1 2803//1
f 2803//2 2804//2 2808//2 2807//2
f 2807//3 2808//3 2806//3 2805//3
f 2805//4 2806//4 2802//4 2801//4
f 2803//5 2807//5 2805//5 2801//5
f 2808//6 2804//6 2802//6 2806//6
f 2809//1 2810//1 2812//1 2811//1
f 2811//2 2812//2 2816//2 2815//2
f 2815//3 2816//3 2814//3 2813//3
f 2813//4 2814//4 2810//4 2809//4
f 2811//5 2815//5 2813//5 2809//5
f 2816//6 2812//6 2810//6 2814//6
f 2817//1 2818//1 2820//1 2819//1
f 2819//2 2820//2 2824//2 2823//2
f 2823//3 2824//3 2822//3 2821//3
f 2821//4 2822//4 2818//4 2817//4
f 2819//5 2823//5 2821//5 2817//5
f 2824//6 2820//6 2818//6 2822//6
f 2825//1 2826//1 2828//1 2827//1
f 2827//2 2828//2 2832//2 2831//2
f 2831//3 2832//3 2830//3 2829//3
f 2829//4 2830//4 2826//4 2825//4
f 2827//5 2831//5 2829//5 2825//5
f 2832//6 2828//6 2826//6 2830//6
f 2833//1 2834//1 2836//1 2835//1
f 2835//2 2836//2 2840//2 2839//2
f 2839//3 2840//3 2838//3 2837//3
f 2837//4 2838//4 2834//4 2833//4
f 2835//5 2839//5 2837//5 2833//5
f 2840//6 2836//6 2834//6 2838//6
f 2841//1 2842//1 2844//1 2843//1
f 2843//2 2844//2 2848//2 2847//2
f 2847//3 2848//3 2846//3 2845//3
f 2845//4 2846//4 2842//4 2841//4
f 2843//5 2847//5 2845//5 2841//5
f 2848//6 2844//6 2842//6 2846//6
f 2849//1 2850//1 2852//1 2851//1
f 2851//2 2852//2 2856//2 2855//2
f 2855//3 2856//3 2854//3 2853//3
f 2853//4 2854//4 2850//4 2849//4
f 2851//5 2855//5 2853//5 2849//5
f 2856//6 2852//6 2850//6 2854//6
f 2857//1 2858//1 2860//1 2859//1
f 2859//2 2860//2 2864//2 2863//2
f 2863//3 2864//3 2862//3 2861//3
f 2861//4 2862//4 2858//4 2857//4
f 2859//5 2863//5 2861//5 2857//5
f 2864//6 2860//6 2858//6 2862//6
f 2865//1 2866//1 2868//1 2867//1
f 2867//2 2868//2 2872//2 2871//2
f 2871//3 2872//3 2870//3 2869//3
f 2869//4 2870//4 2866//4 2865//4
f 2867//5 2871//5 2869//5 2865//5
f 2872//6 2868//6 2866//6 2870//6
f 2873//1 2874//1 2876//1 2875//1
f 2875//2 2876//2 2880//2 2879//2
f 2879//3 2880//3 2878//3 2877//3
f 2877//4 2878//4 2874//4 2873//4
f 2875//5 2879//5 2877//5 2873//5
f 2880//6 2876//6 2874//6 2878//6
f 2881//1 2882//1 2884//1 2883//1
f 2883//2 2884//2 2888//2 2887//2
f 2887//3 2888//3 2886//3 2885//3
f 2885//4 2886//4 2882//4 2881//4
f 2883//5 2887//5 2885//5 2881//5
f 2888//6 2884//6 2882//6 2886//6
f 2889//1 2890//1 2892//1 2891//1
f 2891//2 2892//2 2896//2 2895//2
f 2895//3 2896//3 2894//3 2893//3
f 2893//4 2894//4 2890//4 2889//4
f 2891//5 2895//5 2893//5 2889//5
f 2896//6 2892//6 2890//6 2894//6
f 2897//1 2898//1 2900//1 2899//1
f 2899//2 2900//2 2904//2 2903//2
f 2903//3 2904//3 2902//3 2901//3
f 2901//4 2902//4 2898//4 2897//4
f 2899//5 2903//5 2901//5 2897//5
f 2904//6 2900//6 2898//6 2902//6
f 2905//1 2906//1 2908//1 2907//1
f 2907//2 2908//2 2912//2 2911//2
f 2911//3 2912//3 2910//3 2909//3
f 2909//4 2910//4 2906//4 2905//4
f 2907//5 2911//5 2909//5 2905//5
f 2912//6 2908//6 2906//6 2910//6
f 2913//1 2914//1 2916//1 2915//1
f 2915//2 2916//2 2920//2 2919//2
f 2919//3 2920//3 2918//3 2917//3
f 2917//4 2918//4 2914//4 2913//4
f 2915//5 2919//5 2917//5 2913//5
f 2920//6 2916//6 2914//6 2918//6
f 2921//1 2922//1 2924//1 2923//1
f 2923//2 2924//2 2928//2 2927//2
f 2927//3 2928//3 2926//3 2925//3
f 2925//4 2926//4 2922//4 2921//4
f 2923//5 2927//5 2925//5 2921//5
f 2928//6 2924//6 2922//6 2926//6
f 2929//1 2930//1 2932//1 2931//1
f 2931//2 2932//2 2936//2 2935//2
f 2935//3 2936//3 2934//3 2933//3
f 2933//4 2934//4 2930//4 2929//4
f 2931//5 2935//5 2933//5 2929//5
f 2936//6 2932//6 2930//6 2934//6
f 2937//1 2938//1 2940//1 2939//1
f 2939//2 2940//2 2944//2 2943//2
f 2943//3 2944//3 2942//3 2941//3
f 2941//4 2942//4 2938//4 2937//4
f 2939//5 2943//5 2941//5 2937//5
f 2944//6 2940//6 2938//6 2942//6
usemtl MAT_PipeStainless
f 2993//89 2994//89 2996//89 2995//89
f 2995//90 2996//90 2998//90 2997//90
f 2997//91 2998//91 3000//91 2999//91
f 2999//92 3000//92 3002//92 3001//92
f 3001//93 3002//93 3004//93 3003//93
f 3003//94 3004//94 3006//94 3005//94
f 3005//95 3006//95 3008//95 3007//95
f 3007//96 3008//96 3010//96 3009//96
f 3009//97 3010//97 3012//97 3011//97
f 3011//98 3012//98 3014//98 3013//98
f 2996//4 2994//4 3016//4 3014//4 3012//4 3010//4 3008//4 3006//4 3004//4 3002//4 3000//4 2998//4
f 3013//99 3014//99 3016//99 3015//99
f 3015//100 3016//100 2994//100 2993//100
f 2993//2 2995//2 2997//2 2999//2 3001//2 3003//2 3005//2 3007//2 3009//2 3011//2 3013//2 3015//2
f 3065//89 3066//89 3068//89 3067//89
f 3067//90 3068//90 3070//90 3069//90
f 3069//91 3070//91 3072//91 3071//91
f 3071//92 3072//92 3074//92 3073//92
f 3073//93 3074//93 3076//93 3075//93
f 3075//94 3076//94 3078//94 3077//94
f 3077//95 3078//95 3080//95 3079//95
f 3079//96 3080//96 3082//96 3081//96
f 3081//97 3082//97 3084//97 3083//97
f 3083//98 3084//98 3086//98 3085//98
f 3068//4 3066//4 3088//4 3086//4 3084//4 3082//4 3080//4 3078//4 3076//4 3074//4 3072//4 3070//4
f 3085//99 3086//99 3088//99 3087//99
f 3087//100 3088//100 3066//100 3065//100
f 3065//2 3067//2 3069//2 3071//2 3073//2 3075//2 3077//2 3079//2 3081//2 3083//2 3085//2 3087//2
f 3137//89 3138//89 3140//89 3139//89
f 3139//90 3140//90 3142//90 3141//90
f 3141//91 3142//91 3144//91 3143//91
f 3143//92 3144//92 3146//92 3145//92
f 3145//93 3146//93 3148//93 3147//93
f 3147//94 3148//94 3150//94 3149//94
f 3149//95 3150//95 3152//95 3151//95
f 3151//96 3152//96 3154//96 3153//96
f 3153//97 3154//97 3156//97 3155//97
f 3155//98 3156//98 3158//98 3157//98
f 3140//4 3138//4 3160//4 3158//4 3156//4 3154//4 3152//4 3150//4 3148//4 3146//4 3144//4 3142//4
f 3157//99 3158//99 3160//99 3159//99
f 3159//100 3160//100 3138//100 3137//100
f 3137//2 3139//2 3141//2 3143//2 3145//2 3147//2 3149//2 3151//2 3153//2 3155//2 3157//2 3159//2
f 3233//66 3234//66 3236//66 3235//66
f 3235//65 3236//65 3238//65 3237//65
f 3237//64 3238//64 3240//64 3239//64
f 3239//63 3240//63 3242//63 3241//63
f 3241//62 3242//62 3244//62 3243//62
f 3243//61 3244//61 3246//61 3245//61
f 3245//72 3246//72 3248//72 3247//72
f 3247//71 3248//71 3250//71 3249//71
f 3249//70 3250//70 3252//70 3251//70
f 3251//69 3252//69 3254//69 3253//69
f 3236//3 3234//3 3256//3 3254//3 3252//3 3250//3 3248//3 3246//3 3244//3 3242//3 3240//3 3238//3
f 3253//68 3254//68 3256//68 3255//68
f 3255//67 3256//67 3234//67 3233//67
f 3233//1 3235//1 3237//1 3239//1 3241//1 3243//1 3245//1 3247//1 3249//1 3251//1 3253//1 3255//1
f 3257//66 3258//66 3260//66 3259//66
f 3259//65 3260//65 3262//65 3261//65
f 3261//64 3262//64 3264//64 3263//64
f 3263//63 3264//63 3266//63 3265//63
f 3265//62 3266//62 3268//62 3267//62
f 3267//61 3268//61 3270//61 3269//61
f 3269//72 3270//72 3272//72 3271//72
f 3271//71 3272//71 3274//71 3273//71
f 3273//70 3274//70 3276//70 3275//70
f 3275//69 3276//69 3278//69 3277//69
f 3260//3 3258//3 3280//3 3278//3 3276//3 3274//3 3272//3 3270//3 3268//3 3266//3 3264//3 3262//3
f 3277//68 3278//68 3280//68 3279//68
f 3279//67 3280//67 3258//67 3257//67
f 3257//1 3259//1 3261//1 3263//1 3265//1 3267//1 3269//1 3271//1 3273//1 3275//1 3277//1 3279//1
f 6833//49 6834//49 6836//49 6835//49
f 6835//50 6836//50 6838//50 6837//50
f 6837//51 6838//51 6840//51 6839//51
f 6839//52 6840//52 6842//52 6841//52
f 6841//53 6842//53 6844//53 6843//53
f 6843//54 6844//54 6846//54 6845//54
f 6845//55 6846//55 6848//55 6847//55
f 6847//56 6848//56 6850//56 6849//56
f 6849//57 6850//57 6852//57 6851//57
f 6851//58 6852//58 6854//58 6853//58
f 6836//6 6834//6 6856//6 6854//6 6852//6 6850//6 6848//6 6846//6 6844//6 6842//6 6840//6 6838//6
f 6853//59 6854//59 6856//59 6855//59
f 6855//60 6856//60 6834//60 6833//60
f 6833//5 6835//5 6837//5 6839//5 6841//5 6843//5 6845//5 6847//5 6849//5 6851//5 6853//5 6855//5
f 6965//49 6966//49 6968//49 6967//49
f 6967//50 6968//50 6970//50 6969//50
f 6969//51 6970//51 6972//51 6971//51
f 6971//52 6972//52 6974//52 6973//52
f 6973//53 6974//53 6976//53 6975//53
f 6975//54 6976//54 6978//54 6977//54
f 6977//55 6978//55 6980//55 6979//55
f 6979//56 6980//56 6982//56 6981//56
f 6981//57 6982//57 6984//57 6983//57
f 6983//58 6984//58 6986//58 6985//58
f 6968//6 6966//6 6988//6 6986//6 6984//6 6982//6 6980//6 6978//6 6976//6 6974//6 6972//6 6970//6
f 6985//59 6986//59 6988//59 6987//59
f 6987//60 6988//60 6966//60 6965//60
f 6965//5 6967//5 6969//5 6971//5 6973//5 6975//5 6977//5 6979//5 6981//5 6983//5 6985//5 6987//5
usemtl MAT_PipeInsulated
f 3185//66 3186//66 3188//66 3187//66
f 3187//65 3188//65 3190//65 3189//65
f 3189//64 3190//64 3192//64 3191//64
f 3191//63 3192//63 3194//63 3193//63
f 3193//62 3194//62 3196//62 3195//62
f 3195//61 3196//61 3198//61 3197//61
f 3197//72 3198//72 3200//72 3199//72
f 3199//71 3200//71 3202//71 3201//71
f 3201//70 3202//70 3204//70 3203//70
f 3203//69 3204//69 3206//69 3205//69
f 3188//3 3186//3 3208//3 3206//3 3204//3 3202//3 3200//3 3198//3 3196//3 3194//3 3192//3 3190//3
f 3205//68 3206//68 3208//68 3207//68
f 3207//67 3208//67 3186//67 3185//67
f 3185//1 3187//1 3189//1 3191//1 3193//1 3195//1 3197//1 3199//1 3201//1 3203//1 3205//1 3207//1
usemtl MAT_ValveBody
f 3425//1 3426//1 3428//1 3427//1
f 3427//2 3428//2 3432//2 3431//2
f 3431//3 3432//3 3430//3 3429//3
f 3429//4 3430//4 3426//4 3425//4
f 3427//5 3431//5 3429//5 3425//5
f 3432//6 3428//6 3426//6 3430//6
f 3481//1 3482//1 3484//1 3483//1
f 3483//2 3484//2 3488//2 3487//2
f 3487//3 3488//3 3486//3 3485//3
f 3485//4 3486//4 3482//4 3481//4
f 3483//5 3487//5 3485//5 3481//5
f 3488//6 3484//6 3482//6 3486//6
f 3537//1 3538//1 3540//1 3539//1
f 3539//2 3540//2 3544//2 3543//2
f 3543//3 3544//3 3542//3 3541//3
f 3541//4 3542//4 3538//4 3537//4
f 3539//5 3543//5 3541//5 3537//5
f 3544//6 3540//6 3538//6 3542//6
f 3593//1 3594//1 3596//1 3595//1
f 3595//2 3596//2 3600//2 3599//2
f 3599//3 3600//3 3598//3 3597//3
f 3597//4 3598//4 3594//4 3593//4
f 3595//5 3599//5 3597//5 3593//5
f 3600//6 3596//6 3594//6 3598//6
f 3649//1 3650//1 3652//1 3651//1
f 3651//2 3652//2 3656//2 3655//2
f 3655//3 3656//3 3654//3 3653//3
f 3653//4 3654//4 3650//4 3649//4
f 3651//5 3655//5 3653//5 3649//5
f 3656//6 3652//6 3650//6 3654//6
f 3705//1 3706//1 3708//1 3707//1
f 3707//2 3708//2 3712//2 3711//2
f 3711//3 3712//3 3710//3 3709//3
f 3709//4 3710//4 3706//4 3705//4
f 3707//5 3711//5 3709//5 3705//5
f 3712//6 3708//6 3706//6 3710//6
f 3785//1 3786//1 3788//1 3787//1
f 3787//2 3788//2 3792//2 3791//2
f 3791//3 3792//3 3790//3 3789//3
f 3789//4 3790//4 3786//4 3785//4
f 3787//5 3791//5 3789//5 3785//5
f 3792//6 3788//6 3786//6 3790//6
f 3841//1 3842//1 3844//1 3843//1
f 3843//2 3844//2 3848//2 3847//2
f 3847//3 3848//3 3846//3 3845//3
f 3845//4 3846//4 3842//4 3841//4
f 3843//5 3847//5 3845//5 3841//5
f 3848//6 3844//6 3842//6 3846//6
f 3849//1 3850//1 3852//1 3851//1
f 3851//2 3852//2 3856//2 3855//2
f 3855//3 3856//3 3854//3 3853//3
f 3853//4 3854//4 3850//4 3849//4
f 3851//5 3855//5 3853//5 3849//5
f 3856//6 3852//6 3850//6 3854//6
f 6825//1 6826//1 6828//1 6827//1
f 6827//2 6828//2 6832//2 6831//2
f 6831//3 6832//3 6830//3 6829//3
f 6829//4 6830//4 6826//4 6825//4
f 6827//5 6831//5 6829//5 6825//5
f 6832//6 6828//6 6826//6 6830//6
f 6957//1 6958//1 6960//1 6959//1
f 6959//2 6960//2 6964//2 6963//2
f 6963//3 6964//3 6962//3 6961//3
f 6961//4 6962//4 6958//4 6957//4
f 6959//5 6963//5 6961//5 6957//5
f 6964//6 6960//6 6958//6 6962//6
usemtl MAT_ValveHandwheel
f 3433//49 3434//49 3436//49 3435//49
f 3435//50 3436//50 3438//50 3437//50
f 3437//51 3438//51 3440//51 3439//51
f 3439//52 3440//52 3442//52 3441//52
f 3441//53 3442//53 3444//53 3443//53
f 3443//54 3444//54 3446//54 3445//54
f 3445//55 3446//55 3448//55 3447//55
f 3447//56 3448//56 3450//56 3449//56
f 3449//57 3450//57 3452//57 3451//57
f 3451//58 3452//58 3454//58 3453//58
f 3436//6 3434//6 3456//6 3454//6 3452//6 3450//6 3448//6 3446//6 3444//6 3442//6 3440//6 3438//6
f 3453//59 3454//59 3456//59 3455//59
f 3455//60 3456//60 3434//60 3433//60
f 3433//5 3435//5 3437//5 3439//5 3441//5 3443//5 3445//5 3447//5 3449//5 3451//5 3453//5 3455//5
f 3489//49 3490//49 3492//49 3491//49
f 3491//50 3492//50 3494//50 3493//50
f 3493//51 3494//51 3496//51 3495//51
f 3495//52 3496//52 3498//52 3497//52
f 3497//53 3498//53 3500//53 3499//53
f 3499//54 3500//54 3502//54 3501//54
f 3501//55 3502//55 3504//55 3503//55
f 3503//56 3504//56 3506//56 3505//56
f 3505//57 3506//57 3508//57 3507//57
f 3507//58 3508//58 3510//58 3509//58
f 3492//6 3490//6 3512//6 3510//6 3508//6 3506//6 3504//6 3502//6 3500//6 3498//6 3496//6 3494//6
f 3509//59 3510//59 3512//59 3511//59
f 3511//60 3512//60 3490//60 3489//60
f 3489//5 3491//5 3493//5 3495//5 3497//5 3499//5 3501//5 3503//5 3505//5 3507//5 3509//5 3511//5
f 3545//49 3546//49 3548//49 3547//49
f 3547//50 3548//50 3550//50 3549//50
f 3549//51 3550//51 3552//51 3551//51
f 3551//52 3552//52 3554//52 3553//52
f 3553//53 3554//53 3556//53 3555//53
f 3555//54 3556//54 3558//54 3557//54
f 3557//55 3558//55 3560//55 3559//55
f 3559//56 3560//56 3562//56 3561//56
f 3561//57 3562//57 3564//57 3563//57
f 3563//58 3564//58 3566//58 3565//58
f 3548//6 3546//6 3568//6 3566//6 3564//6 3562//6 3560//6 3558//6 3556//6 3554//6 3552//6 3550//6
f 3565//59 3566//59 3568//59 3567//59
f 3567//60 3568//60 3546//60 3545//60
f 3545//5 3547//5 3549//5 3551//5 3553//5 3555//5 3557//5 3559//5 3561//5 3563//5 3565//5 3567//5
f 3601//49 3602//49 3604//49 3603//49
f 3603//50 3604//50 3606//50 3605//50
f 3605//51 3606//51 3608//51 3607//51
f 3607//52 3608//52 3610//52 3609//52
f 3609//53 3610//53 3612//53 3611//53
f 3611//54 3612//54 3614//54 3613//54
f 3613//55 3614//55 3616//55 3615//55
f 3615//56 3616//56 3618//56 3617//56
f 3617//57 3618//57 3620//57 3619//57
f 3619//58 3620//58 3622//58 3621//58
f 3604//6 3602//6 3624//6 3622//6 3620//6 3618//6 3616//6 3614//6 3612//6 3610//6 3608//6 3606//6
f 3621//59 3622//59 3624//59 3623//59
f 3623//60 3624//60 3602//60 3601//60
f 3601//5 3603//5 3605//5 3607//5 3609//5 3611//5 3613//5 3615//5 3617//5 3619//5 3621//5 3623//5
f 3657//49 3658//49 3660//49 3659//49
f 3659//50 3660//50 3662//50 3661//50
f 3661//51 3662//51 3664//51 3663//51
f 3663//52 3664//52 3666//52 3665//52
f 3665//53 3666//53 3668//53 3667//53
f 3667//54 3668//54 3670//54 3669//54
f 3669//55 3670//55 3672//55 3671//55
f 3671//56 3672//56 3674//56 3673//56
f 3673//57 3674//57 3676//57 3675//57
f 3675//58 3676//58 3678//58 3677//58
f 3660//6 3658//6 3680//6 3678//6 3676//6 3674//6 3672//6 3670//6 3668//6 3666//6 3664//6 3662//6
f 3677//59 3678//59 3680//59 3679//59
f 3679//60 3680//60 3658//60 3657//60
f 3657//5 3659//5 3661//5 3663//5 3665//5 3667//5 3669//5 3671//5 3673//5 3675//5 3677//5 3679//5
usemtl MAT_MotorBase
f 3865//1 3866//1 3868//1 3867//1
f 3867//2 3868//2 3872//2 3871//2
f 3871//3 3872//3 3870//3 3869//3
f 3869//4 3870//4 3866//4 3865//4
f 3867//5 3871//5 3869//5 3865//5
f 3872//6 3868//6 3866//6 3870//6
f 4065//1 4066//1 4068//1 4067//1
f 4067//2 4068//2 4072//2 4071//2
f 4071//3 4072//3 4070//3 4069//3
f 4069//4 4070//4 4066//4 4065//4
f 4067//5 4071//5 4069//5 4065//5
f 4072//6 4068//6 4066//6 4070//6
f 4265//1 4266//1 4268//1 4267//1
f 4267//2 4268//2 4272//2 4271//2
f 4271//3 4272//3 4270//3 4269//3
f 4269//4 4270//4 4266//4 4265//4
f 4267//5 4271//5 4269//5 4265//5
f 4272//6 4268//6 4266//6 4270//6
f 4465//1 4466//1 4468//1 4467//1
f 4467//2 4468//2 4472//2 4471//2
f 4471//3 4472//3 4470//3 4469//3
f 4469//4 4470//4 4466//4 4465//4
f 4467//5 4471//5 4469//5 4465//5
f 4472//6 4468//6 4466//6 4470//6
usemtl MAT_MotorFrame
f 3873//73 3874//73 3876//73 3875//73
f 3875//74 3876//74 3878//74 3877//74
f 3877//50 3878//50 3880//50 3879//50
f 3879//75 3880//75 3882//75 3881//75
f 3881//76 3882//76 3884//76 3883//76
f 3883//77 3884//77 3886//77 3885//77
f 3885//78 3886//78 3888//78 3887//78
f 3887//53 3888//53 3890//53 3889//53
f 3889//79 3890//79 3892//79 3891//79
f 3891//80 3892//80 3894//80 3893//80
f 3893//81 3894//81 3896//81 3895//81
f 3895//82 3896//82 3898//82 3897//82
f 3897//56 3898//56 3900//56 3899//56
f 3899//83 3900//83 3902//83 3901//83
f 3901//84 3902//84 3904//84 3903//84
f 3903//85 3904//85 3906//85 3905//85
f 3905//86 3906//86 3908//86 3907//86
f 3907//59 3908//59 3910//59 3909//59
f 3876//6 3874//6 3912//6 3910//6 3908//6 3906//6 3904//6 3902//6 3900//6 3898//6 3896//6 3894//6 3892//6 3890//6 3888//6 3886//6 3884//6 3882//6 3880//6 3878//6
f 3909//87 3910//87 3912//87 3911//87
f 3911//88 3912//88 3874//88 3873//88
f 3873//5 3875//5 3877//5 3879//5 3881//5 3883//5 3885//5 3887//5 3889//5 3891//5 3893//5 3895//5 3897//5 3899//5 3901//5 3903//5 3905//5 3907//5 3909//5 3911//5
f 3977//1 3978//1 3980//1 3979//1
f 3979//2 3980//2 3984//2 3983//2
f 3983//3 3984//3 3982//3 3981//3
f 3981//4 3982//4 3978//4 3977//4
f 3979//5 3983//5 3981//5 3977//5
f 3984//6 3980//6 3978//6 3982//6
f 4073//73 4074//73 4076//73 4075//73
f 4075//74 4076//74 4078//74 4077//74
f 4077//50 4078//50 4080//50 4079//50
f 4079//75 4080//75 4082//75 4081//75
f 4081//113 4082//113 4084//113 4083//113
f 4083//114 4084//114 4086//114 4085//114
f 4085//78 4086//78 4088//78 4087//78
f 4087//53 4088//53 4090//53 4089//53
f 4089//79 4090//79 4092//79 4091//79
f 4091//80 4092//80 4094//80 4093//80
f 4093//81 4094//81 4096//81 4095//81
f 4095//82 4096//82 4098//82 4097//82
f 4097//56 4098//56 4100//56 4099//56
f 4099//83 4100//83 4102//83 4101//83
f 4101//115 4102//115 4104//115 4103//115
f 4103//116 4104//116 4106//116 4105//116
f 4105//86 4106//86 4108//86 4107//86
f 4107//59 4108//59 4110//59 4109//59
f 4076//6 4074//6 4112//6 4110//6 4108//6 4106//6 4104//6 4102//6 4100//6 4098//6 4096//6 4094//6 4092//6 4090//6 4088//6 4086//6 4084//6 4082//6 4080//6 4078//6
f 4109//87 4110//87 4112//87 4111//87
f 4111//88 4112//88 4074//88 4073//88
f 4073//5 4075//5 4077//5 4079//5 4081//5 4083//5 4085//5 4087//5 4089//5 4091//5 4093//5 4095//5 4097//5 4099//5 4101//5 4103//5 4105//5 4107//5 4109//5 4111//5
f 4177//1 4178//1 4180//1 4179//1
f 4179//2 4180//2 4184//2 4183//2
f 4183//3 4184//3 4182//3 4181//3
f 4181//4 4182//4 4178//4 4177//4
f 4179//5 4183//5 4181//5 4177//5
f 4184//6 4180//6 4178//6 4182//6
f 4273//119 4274//119 4276//119 4275//119
f 4275//74 4276//74 4278//74 4277//74
f 4277//50 4278//50 4280//50 4279//50
f 4279//75 4280//75 4282//75 4281//75
f 4281//76 4282//76 4284//76 4283//76
f 4283//77 4284//77 4286//77 4285//77
f 4285//78 4286//78 4288//78 4287//78
f 4287//53 4288//53 4290//53 4289//53
f 4289//79 4290//79 4292//79 4291//79
f 4291//120 4292//120 4294//120 4293//120
f 4293//121 4294//121 4296//121 4295//121
f 4295//82 4296//82 4298//82 4297//82
f 4297//56 4298//56 4300//56 4299//56
f 4299//83 4300//83 4302//83 4301//83
f 4301//84 4302//84 4304//84 4303//84
f 4303//85 4304//85 4306//85 4305//85
f 4305//86 4306//86 4308//86 4307//86
f 4307//59 4308//59 4310//59 4309//59
f 4276//6 4274//6 4312//6 4310//6 4308//6 4306//6 4304//6 4302//6 4300//6 4298//6 4296//6 4294//6 4292//6 4290//6 4288//6 4286//6 4284//6 4282//6 4280//6 4278//6
f 4309//87 4310//87 4312//87 4311//87
f 4311//122 4312//122 4274//122 4273//122
f 4273//5 4275//5 4277//5 4279//5 4281//5 4283//5 4285//5 4287//5 4289//5 4291//5 4293//5 4295//5 4297//5 4299//5 4301//5 4303//5 4305//5 4307//5 4309//5 4311//5
f 4377//1 4378//1 4380//1 4379//1
f 4379//2 4380//2 4384//2 4383//2
f 4383//3 4384//3 4382//3 4381//3
f 4381//4 4382//4 4378//4 4377//4
f 4379//5 4383//5 4381//5 4377//5
f 4384//6 4380//6 4378//6 4382//6
f 4473//119 4474//119 4476//119 4475//119
f 4475//74 4476//74 4478//74 4477//74
f 4477//50 4478//50 4480//50 4479//50
f 4479//75 4480//75 4482//75 4481//75
f 4481//76 4482//76 4484//76 4483//76
f 4483//77 4484//77 4486//77 4485//77
f 4485//78 4486//78 4488//78 4487//78
f 4487//53 4488//53 4490//53 4489//53
f 4489//79 4490//79 4492//79 4491//79
f 4491//120 4492//120 4494//120 4493//120
f 4493//121 4494//121 4496//121 4495//121
f 4495//82 4496//82 4498//82 4497//82
f 4497//56 4498//56 4500//56 4499//56
f 4499//83 4500//83 4502//83 4501//83
f 4501//84 4502//84 4504//84 4503//84
f 4503//85 4504//85 4506//85 4505//85
f 4505//86 4506//86 4508//86 4507//86
f 4507//59 4508//59 4510//59 4509//59
f 4476//6 4474//6 4512//6 4510//6 4508//6 4506//6 4504//6 4502//6 4500//6 4498//6 4496//6 4494//6 4492//6 4490//6 4488//6 4486//6 4484//6 4482//6 4480//6 4478//6
f 4509//87 4510//87 4512//87 4511//87
f 4511//122 4512//122 4474//122 4473//122
f 4473//5 4475//5 4477//5 4479//5 4481//5 4483//5 4485//5 4487//5 4489//5 4491//5 4493//5 4495//5 4497//5 4499//5 4501//5 4503//5 4505//5 4507//5 4509//5 4511//5
f 4577//1 4578//1 4580//1 4579//1
f 4579//2 4580//2 4584//2 4583//2
f 4583//3 4584//3 4582//3 4581//3
f 4581//4 4582//4 4578//4 4577//4
f 4579//5 4583//5 4581//5 4577//5
f 4584//6 4580//6 4578//6 4582//6
f 4673//73 4674//73 4676//73 4675//73
f 4675//74 4676//74 4678//74 4677//74
f 4677//50 4678//50 4680//50 4679//50
f 4679//75 4680//75 4682//75 4681//75
f 4681//76 4682//76 4684//76 4683//76
f 4683//77 4684//77 4686//77 4685//77
f 4685//78 4686//78 4688//78 4687//78
f 4687//53 4688//53 4690//53 4689//53
f 4689//79 4690//79 4692//79 4691//79
f 4691//80 4692//80 4694//80 4693//80
f 4693//81 4694//81 4696//81 4695//81
f 4695//82 4696//82 4698//82 4697//82
f 4697//56 4698//56 4700//56 4699//56
f 4699//83 4700//83 4702//83 4701//83
f 4701//84 4702//84 4704//84 4703//84
f 4703//85 4704//85 4706//85 4705//85
f 4705//86 4706//86 4708//86 4707//86
f 4707//59 4708//59 4710//59 4709//59
f 4676//6 4674//6 4712//6 4710//6 4708//6 4706//6 4704//6 4702//6 4700//6 4698//6 4696//6 4694//6 4692//6 4690//6 4688//6 4686//6 4684//6 4682//6 4680//6 4678//6
f 4709//87 4710//87 4712//87 4711//87
f 4711//88 4712//88 4674//88 4673//88
f 4673//5 4675//5 4677//5 4679//5 4681//5 4683//5 4685//5 4687//5 4689//5 4691//5 4693//5 4695//5 4697//5 4699//5 4701//5 4703//5 4705//5 4707//5 4709//5 4711//5
f 4713//33 4714//33 4716//33 4715//33
f 4715//34 4716//34 4718//34 4717//34
f 4717//35 4718//35 4720//35 4719//35
f 4719//36 4720//36 4722//36 4721//36
f 4721//37 4722//37 4724//37 4723//37
f 4723//38 4724//38 4726//38 4725//38
f 4725//39 4726//39 4728//39 4727//39
f 4727//40 4728//40 4730//40 4729//40
f 4729//41 4730//41 4732//41 4731//41
f 4731//42 4732//42 4734//42 4733//42
f 4733//43 4734//43 4736//43 4735//43
f 4735//44 4736//44 4738//44 4737//44
f 4737//45 4738//45 4740//45 4739//45
f 4739//46 4740//46 4742//46 4741//46
f 4716//6 4714//6 4744//6 4742//6 4740//6 4738//6 4736//6 4734//6 4732//6 4730//6 4728//6 4726//6 4724//6 4722//6 4720//6 4718//6
f 4741//47 4742//47 4744//47 4743//47
f 4743//48 4744//48 4714//48 4713//48
f 4713//5 4715//5 4717//5 4719//5 4721//5 4723//5 4725//5 4727//5 4729//5 4731//5 4733//5 4735//5 4737//5 4739//5 4741//5 4743//5
f 4745//33 4746//33 4748//33 4747//33
f 4747//34 4748//34 4750//34 4749//34
f 4749//35 4750//35 4752//35 4751//35
f 4751//36 4752//36 4754//36 4753//36
f 4753//37 4754//37 4756//37 4755//37
f 4755//38 4756//38 4758//38 4757//38
f 4757//39 4758//39 4760//39 4759//39
f 4759//40 4760//40 4762//40 4761//40
f 4761//41 4762//41 4764//41 4763//41
f 4763//42 4764//42 4766//42 4765//42
f 4765//43 4766//43 4768//43 4767//43
f 4767//44 4768//44 4770//44 4769//44
f 4769//45 4770//45 4772//45 4771//45
f 4771//46 4772//46 4774//46 4773//46
f 4748//6 4746//6 4776//6 4774//6 4772//6 4770//6 4768//6 4766//6 4764//6 4762//6 4760//6 4758//6 4756//6 4754//6 4752//6 4750//6
f 4773//47 4774//47 4776//47 4775//47
f 4775//48 4776//48 4746//48 4745//48
f 4745//5 4747//5 4749//5 4751//5 4753//5 4755//5 4757//5 4759//5 4761//5 4763//5 4765//5 4767//5 4769//5 4771//5 4773//5 4775//5
f 4777//1 4778//1 4780//1 4779//1
f 4779//2 4780//2 4784//2 4783//2
f 4783//3 4784//3 4782//3 4781//3
f 4781//4 4782//4 4778//4 4777//4
f 4779//5 4783//5 4781//5 4777//5
f 4784//6 4780//6 4778//6 4782//6
f 4873//73 4874//73 4876//73 4875//73
f 4875//74 4876//74 4878//74 4877//74
f 4877//50 4878//50 4880//50 4879//50
f 4879//75 4880//75 4882//75 4881//75
f 4881//113 4882//113 4884//113 4883//113
f 4883//114 4884//114 4886//114 4885//114
f 4885//78 4886//78 4888//78 4887//78
f 4887//53 4888//53 4890//53 4889//53
f 4889//79 4890//79 4892//79 4891//79
f 4891//80 4892//80 4894//80 4893//80
f 4893//81 4894//81 4896//81 4895//81
f 4895//82 4896//82 4898//82 4897//82
f 4897//56 4898//56 4900//56 4899//56
f 4899//83 4900//83 4902//83 4901//83
f 4901//115 4902//115 4904//115 4903//115
f 4903//116 4904//116 4906//116 4905//116
f 4905//86 4906//86 4908//86 4907//86
f 4907//59 4908//59 4910//59 4909//59
f 4876//6 4874//6 4912//6 4910//6 4908//6 4906//6 4904//6 4902//6 4900//6 4898//6 4896//6 4894//6 4892//6 4890//6 4888//6 4886//6 4884//6 4882//6 4880//6 4878//6
f 4909//87 4910//87 4912//87 4911//87
f 4911//88 4912//88 4874//88 4873//88
f 4873//5 4875//5 4877//5 4879//5 4881//5 4883//5 4885//5 4887//5 4889//5 4891//5 4893//5 4895//5 4897//5 4899//5 4901//5 4903//5 4905//5 4907//5 4909//5 4911//5
f 4913//33 4914//33 4916//33 4915//33
f 4915//34 4916//34 4918//34 4917//34
f 4917//35 4918//35 4920//35 4919//35
f 4919//36 4920//36 4922//36 4921//36
f 4921//37 4922//37 4924//37 4923//37
f 4923//38 4924//38 4926//38 4925//38
f 4925//39 4926//39 4928//39 4927//39
f 4927//40 4928//40 4930//40 4929//40
f 4929//41 4930//41 4932//41 4931//41
f 4931//42 4932//42 4934//42 4933//42
f 4933//43 4934//43 4936//43 4935//43
f 4935//44 4936//44 4938//44 4937//44
f 4937//45 4938//45 4940//45 4939//45
f 4939//46 4940//46 4942//46 4941//46
f 4916//6 4914//6 4944//6 4942//6 4940//6 4938//6 4936//6 4934//6 4932//6 4930//6 4928//6 4926//6 4924//6 4922//6 4920//6 4918//6
f 4941//47 4942//47 4944//47 4943//47
f 4943//48 4944//48 4914//48 4913//48
f 4913//5 4915//5 4917//5 4919//5 4921//5 4923//5 4925//5 4927//5 4929//5 4931//5 4933//5 4935//5 4937//5 4939//5 4941//5 4943//5
f 4945//33 4946//33 4948//33 4947//33
f 4947//117 4948//117 4950//117 4949//117
f 4949//35 4950//35 4952//35 4951//35
f 4951//36 4952//36 4954//36 4953//36
f 4953//37 4954//37 4956//37 4955//37
f 4955//38 4956//38 4958//38 4957//38
f 4957//39 4958//39 4960//39 4959//39
f 4959//40 4960//40 4962//40 4961//40
f 4961//41 4962//41 4964//41 4963//41
f 4963//42 4964//42 4966//42 4965//42
f 4965//43 4966//43 4968//43 4967//43
f 4967//44 4968//44 4970//44 4969//44
f 4969//45 4970//45 4972//45 4971//45
f 4971//46 4972//46 4974//46 4973//46
f 4948//6 4946//6 4976//6 4974//6 4972//6 4970//6 4968//6 4966//6 4964//6 4962//6 4960//6 4958//6 4956//6 4954//6 4952//6 4950//6
f 4973//118 4974//118 4976//118 4975//118
f 4975//48 4976//48 4946//48 4945//48
f 4945//5 4947//5 4949//5 4951//5 4953//5 4955//5 4957//5 4959//5 4961//5 4963//5 4965//5 4967//5 4969//5 4971//5 4973//5 4975//5
f 4977//1 4978//1 4980//1 4979//1
f 4979//2 4980//2 4984//2 4983//2
f 4983//3 4984//3 4982//3 4981//3
f 4981//4 4982//4 4978//4 4977//4
f 4979//5 4983//5 4981//5 4977//5
f 4984//6 4980//6 4978//6 4982//6
f 5073//119 5074//119 5076//119 5075//119
f 5075//74 5076//74 5078//74 5077//74
f 5077//50 5078//50 5080//50 5079//50
f 5079//75 5080//75 5082//75 5081//75
f 5081//76 5082//76 5084//76 5083//76
f 5083//77 5084//77 5086//77 5085//77
f 5085//78 5086//78 5088//78 5087//78
f 5087//53 5088//53 5090//53 5089//53
f 5089//79 5090//79 5092//79 5091//79
f 5091//120 5092//120 5094//120 5093//120
f 5093//121 5094//121 5096//121 5095//121
f 5095//82 5096//82 5098//82 5097//82
f 5097//56 5098//56 5100//56 5099//56
f 5099//83 5100//83 5102//83 5101//83
f 5101//84 5102//84 5104//84 5103//84
f 5103//85 5104//85 5106//85 5105//85
f 5105//86 5106//86 5108//86 5107//86
f 5107//59 5108//59 5110//59 5109//59
f 5076//6 5074//6 5112//6 5110//6 5108//6 5106//6 5104//6 5102//6 5100//6 5098//6 5096//6 5094//6 5092//6 5090//6 5088//6 5086//6 5084//6 5082//6 5080//6 5078//6
f 5109//87 5110//87 5112//87 5111//87
f 5111//122 5112//122 5074//122 5073//122
f 5073//5 5075//5 5077//5 5079//5 5081//5 5083//5 5085//5 5087//5 5089//5 5091//5 5093//5 5095//5 5097//5 5099//5 5101//5 5103//5 5105//5 5107//5 5109//5 5111//5
f 5113//33 5114//33 5116//33 5115//33
f 5115//34 5116//34 5118//34 5117//34
f 5117//35 5118//35 5120//35 5119//35
f 5119//36 5120//36 5122//36 5121//36
f 5121//37 5122//37 5124//37 5123//37
f 5123//38 5124//38 5126//38 5125//38
f 5125//39 5126//39 5128//39 5127//39
f 5127//40 5128//40 5130//40 5129//40
f 5129//41 5130//41 5132//41 5131//41
f 5131//42 5132//42 5134//42 5133//42
f 5133//43 5134//43 5136//43 5135//43
f 5135//44 5136//44 5138//44 5137//44
f 5137//45 5138//45 5140//45 5139//45
f 5139//46 5140//46 5142//46 5141//46
f 5116//6 5114//6 5144//6 5142//6 5140//6 5138//6 5136//6 5134//6 5132//6 5130//6 5128//6 5126//6 5124//6 5122//6 5120//6 5118//6
f 5141//47 5142//47 5144//47 5143//47
f 5143//48 5144//48 5114//48 5113//48
f 5113//5 5115//5 5117//5 5119//5 5121//5 5123//5 5125//5 5127//5 5129//5 5131//5 5133//5 5135//5 5137//5 5139//5 5141//5 5143//5
f 5145//33 5146//33 5148//33 5147//33
f 5147//34 5148//34 5150//34 5149//34
f 5149//123 5150//123 5152//123 5151//123
f 5151//36 5152//36 5154//36 5153//36
f 5153//37 5154//37 5156//37 5155//37
f 5155//124 5156//124 5158//124 5157//124
f 5157//39 5158//39 5160//39 5159//39
f 5159//40 5160//40 5162//40 5161//40
f 5161//41 5162//41 5164//41 5163//41
f 5163//42 5164//42 5166//42 5165//42
f 5165//125 5166//125 5168//125 5167//125
f 5167//44 5168//44 5170//44 5169//44
f 5169//45 5170//45 5172//45 5171//45
f 5171//126 5172//126 5174//126 5173//126
f 5148//6 5146//6 5176//6 5174//6 5172//6 5170//6 5168//6 5166//6 5164//6 5162//6 5160//6 5158//6 5156//6 5154//6 5152//6 5150//6
f 5173//47 5174//47 5176//47 5175//47
f 5175//48 5176//48 5146//48 5145//48
f 5145//5 5147//5 5149//5 5151//5 5153//5 5155//5 5157//5 5159//5 5161//5 5163//5 5165//5 5167//5 5169//5 5171//5 5173//5 5175//5
f 5177//1 5178//1 5180//1 5179//1
f 5179//2 5180//2 5184//2 5183//2
f 5183//3 5184//3 5182//3 5181//3
f 5181//4 5182//4 5178//4 5177//4
f 5179//5 5183//5 5181//5 5177//5
f 5184//6 5180//6 5178//6 5182//6
f 5273//119 5274//119 5276//119 5275//119
f 5275//74 5276//74 5278//74 5277//74
f 5277//50 5278//50 5280//50 5279//50
f 5279//75 5280//75 5282//75 5281//75
f 5281//76 5282//76 5284//76 5283//76
f 5283//77 5284//77 5286//77 5285//77
f 5285//78 5286//78 5288//78 5287//78
f 5287//53 5288//53 5290//53 5289//53
f 5289//79 5290//79 5292//79 5291//79
f 5291//120 5292//120 5294//120 5293//120
f 5293//121 5294//121 5296//121 5295//121
f 5295//82 5296//82 5298//82 5297//82
f 5297//56 5298//56 5300//56 5299//56
f 5299//83 5300//83 5302//83 5301//83
f 5301//84 5302//84 5304//84 5303//84
f 5303//85 5304//85 5306//85 5305//85
f 5305//86 5306//86 5308//86 5307//86
f 5307//59 5308//59 5310//59 5309//59
f 5276//6 5274//6 5312//6 5310//6 5308//6 5306//6 5304//6 5302//6 5300//6 5298//6 5296//6 5294//6 5292//6 5290//6 5288//6 5286//6 5284//6 5282//6 5280//6 5278//6
f 5309//87 5310//87 5312//87 5311//87
f 5311//122 5312//122 5274//122 5273//122
f 5273//5 5275//5 5277//5 5279//5 5281//5 5283//5 5285//5 5287//5 5289//5 5291//5 5293//5 5295//5 5297//5 5299//5 5301//5 5303//5 5305//5 5307//5 5309//5 5311//5
f 5313//33 5314//33 5316//33 5315//33
f 5315//34 5316//34 5318//34 5317//34
f 5317//35 5318//35 5320//35 5319//35
f 5319//36 5320//36 5322//36 5321//36
f 5321//37 5322//37 5324//37 5323//37
f 5323//38 5324//38 5326//38 5325//38
f 5325//39 5326//39 5328//39 5327//39
f 5327//40 5328//40 5330//40 5329//40
f 5329//41 5330//41 5332//41 5331//41
f 5331//42 5332//42 5334//42 5333//42
f 5333//43 5334//43 5336//43 5335//43
f 5335//44 5336//44 5338//44 5337//44
f 5337//45 5338//45 5340//45 5339//45
f 5339//46 5340//46 5342//46 5341//46
f 5316//6 5314//6 5344//6 5342//6 5340//6 5338//6 5336//6 5334//6 5332//6 5330//6 5328//6 5326//6 5324//6 5322//6 5320//6 5318//6
f 5341//47 5342//47 5344//47 5343//47
f 5343//48 5344//48 5314//48 5313//48
f 5313//5 5315//5 5317//5 5319//5 5321//5 5323//5 5325//5 5327//5 5329//5 5331//5 5333//5 5335//5 5337//5 5339//5 5341//5 5343//5
f 5345//33 5346//33 5348//33 5347//33
f 5347//34 5348//34 5350//34 5349//34
f 5349//123 5350//123 5352//123 5351//123
f 5351//36 5352//36 5354//36 5353//36
f 5353//37 5354//37 5356//37 5355//37
f 5355//124 5356//124 5358//124 5357//124
f 5357//39 5358//39 5360//39 5359//39
f 5359//40 5360//40 5362//40 5361//40
f 5361//41 5362//41 5364//41 5363//41
f 5363//42 5364//42 5366//42 5365//42
f 5365//125 5366//125 5368//125 5367//125
f 5367//44 5368//44 5370//44 5369//44
f 5369//45 5370//45 5372//45 5371//45
f 5371//126 5372//126 5374//126 5373//126
f 5348//6 5346//6 5376//6 5374//6 5372//6 5370//6 5368//6 5366//6 5364//6 5362//6 5360//6 5358//6 5356//6 5354//6 5352//6 5350//6
f 5373//47 5374//47 5376//47 5375//47
f 5375//48 5376//48 5346//48 5345//48
f 5345//5 5347//5 5349//5 5351//5 5353//5 5355//5 5357//5 5359//5 5361//5 5363//5 5365//5 5367//5 5369//5 5371//5 5373//5 5375//5
f 5377//1 5378//1 5380//1 5379//1
f 5379//2 5380//2 5384//2 5383//2
f 5383//3 5384//3 5382//3 5381//3
f 5381//4 5382//4 5378//4 5377//4
f 5379//5 5383//5 5381//5 5377//5
f 5384//6 5380//6 5378//6 5382//6
usemtl MAT_Concrete
f 4657//1 4658//1 4660//1 4659//1
f 4659//2 4660//2 4664//2 4663//2
f 4663//3 4664//3 4662//3 4661//3
f 4661//4 4662//4 4658//4 4657//4
f 4659//5 4663//5 4661//5 4657//5
f 4664//6 4660//6 4658//6 4662//6
f 4857//1 4858//1 4860//1 4859//1
f 4859//2 4860//2 4864//2 4863//2
f 4863//3 4864//3 4862//3 4861//3
f 4861//4 4862//4 4858//4 4857//4
f 4859//5 4863//5 4861//5 4857//5
f 4864//6 4860//6 4858//6 4862//6
f 5057//1 5058//1 5060//1 5059//1
f 5059//2 5060//2 5064//2 5063//2
f 5063//3 5064//3 5062//3 5061//3
f 5061//4 5062//4 5058//4 5057//4
f 5059//5 5063//5 5061//5 5057//5
f 5064//6 5060//6 5058//6 5062//6
f 5257//1 5258//1 5260//1 5259//1
f 5259//2 5260//2 5264//2 5263//2
f 5263//3 5264//3 5262//3 5261//3
f 5261//4 5262//4 5258//4 5257//4
f 5259//5 5263//5 5261//5 5257//5
f 5264//6 5260//6 5258//6 5262//6
usemtl MAT_Steel
f 4665//1 4666//1 4668//1 4667//1
f 4667//2 4668//2 4672//2 4671//2
f 4671//3 4672//3 4670//3 4669//3
f 4669//4 4670//4 4666//4 4665//4
f 4667//5 4671//5 4669//5 4665//5
f 4672//6 4668//6 4666//6 4670//6
f 4865//1 4866//1 4868//1 4867//1
f 4867//2 4868//2 4872//2 4871//2
f 4871//3 4872//3 4870//3 4869//3
f 4869//4 4870//4 4866//4 4865//4
f 4867//5 4871//5 4869//5 4865//5
f 4872//6 4868//6 4866//6 4870//6
f 5065//1 5066//1 5068//1 5067//1
f 5067//2 5068//2 5072//2 5071//2
f 5071//3 5072//3 5070//3 5069//3
f 5069//4 5070//4 5066//4 5065//4
f 5067//5 5071//5 5069//5 5065//5
f 5072//6 5068//6 5066//6 5070//6
f 5265//1 5266//1 5268//1 5267//1
f 5267//2 5268//2 5272//2 5271//2
f 5271//3 5272//3 5270//3 5269//3
f 5269//4 5270//4 5266//4 5265//4
f 5267//5 5271//5 5269//5 5265//5
f 5272//6 5268//6 5266//6 5270//6
f 7009//1 7010//1 7012//1 7011//1
f 7011//2 7012//2 7016//2 7015//2
f 7015//3 7016//3 7014//3 7013//3
f 7013//4 7014//4 7010//4 7009//4
f 7011//5 7015//5 7013//5 7009//5
f 7016//6 7012//6 7010//6 7014//6
f 7017//1 7018//1 7020//1 7019//1
f 7019//2 7020//2 7024//2 7023//2
f 7023//3 7024//3 7022//3 7021//3
f 7021//4 7022//4 7018//4 7017//4
f 7019//5 7023//5 7021//5 7017//5
f 7024//6 7020//6 7018//6 7022//6
f 7025//1 7026//1 7028//1 7027//1
f 7027//2 7028//2 7032//2 7031//2
f 7031//3 7032//3 7030//3 7029//3
f 7029//4 7030//4 7026//4 7025//4
f 7027//5 7031//5 7029//5 7025//5
f 7032//6 7028//6 7026//6 7030//6
f 7041//1 7042//1 7044//1 7043//1
f 7043//2 7044//2 7048//2 7047//2
f 7047//3 7048//3 7046//3 7045//3
f 7045//4 7046//4 7042//4 7041//4
f 7043//5 7047//5 7045//5 7041//5
f 7048//6 7044//6 7042//6 7046//6
f 7049//1 7050//1 7052//1 7051//1
f 7051//2 7052//2 7056//2 7055//2
f 7055//3 7056//3 7054//3 7053//3
f 7053//4 7054//4 7050//4 7049//4
f 7051//5 7055//5 7053//5 7049//5
f 7056//6 7052//6 7050//6 7054//6
f 7057//1 7058//1 7060//1 7059//1
f 7059//2 7060//2 7064//2 7063//2
f 7063//3 7064//3 7062//3 7061//3
f 7061//4 7062//4 7058//4 7057//4
f 7059//5 7063//5 7061//5 7057//5
f 7064//6 7060//6 7058//6 7062//6
f 7065//1 7066//1 7068//1 7067//1
f 7067//2 7068//2 7072//2 7071//2
f 7071//3 7072//3 7070//3 7069//3
f 7069//4 7070//4 7066//4 7065//4
f 7067//5 7071//5 7069//5 7065//5
f 7072//6 7068//6 7066//6 7070//6
f 7073//1 7074//1 7076//1 7075//1
f 7075//2 7076//2 7080//2 7079//2
f 7079//3 7080//3 7078//3 7077//3
f 7077//4 7078//4 7074//4 7073//4
f 7075//5 7079//5 7077//5 7073//5
f 7080//6 7076//6 7074//6 7078//6
f 7081//1 7082//1 7084//1 7083//1
f 7083//2 7084//2 7088//2 7087//2
f 7087//3 7088//3 7086//3 7085//3
f 7085//4 7086//4 7082//4 7081//4
f 7083//5 7087//5 7085//5 7081//5
f 7088//6 7084//6 7082//6 7086//6
f 7089//1 7090//1 7092//1 7091//1
f 7091//2 7092//2 7096//2 7095//2
f 7095//3 7096//3 7094//3 7093//3
f 7093//4 7094//4 7090//4 7089//4
f 7091//5 7095//5 7093//5 7089//5
f 7096//6 7092//6 7090//6 7094//6
f 7097//1 7098//1 7100//1 7099//1
f 7099//2 7100//2 7104//2 7103//2
f 7103//3 7104//3 7102//3 7101//3
f 7101//4 7102//4 7098//4 7097//4
f 7099//5 7103//5 7101//5 7097//5
f 7104//6 7100//6 7098//6 7102//6
f 7137//155 7138//155 7140//155 7139//155
f 7139//156 7140//156 7142//156 7141//156
f 7141//3 7142//3 7144//3 7143//3
f 7143//157 7144//157 7146//157 7145//157
f 7145//158 7146//158 7148//158 7147//158
f 7147//159 7148//159 7150//159 7149//159
f 7149//160 7150//160 7152//160 7151//160
f 7151//1 7152//1 7154//1 7153//1
f 7140//6 7138//6 7156//6 7154//6 7152//6 7150//6 7148//6 7146//6 7144//6 7142//6
f 7153//161 7154//161 7156//161 7155//161
f 7155//162 7156//162 7138//162 7137//162
f 7137//5 7139//5 7141//5 7143//5 7145//5 7147//5 7149//5 7151//5 7153//5 7155//5
f 7157//1 7158//1 7160//1 7159//1
f 7159//2 7160//2 7164//2 7163//2
f 7163//3 7164//3 7162//3 7161//3
f 7161//4 7162//4 7158//4 7157//4
f 7159//5 7163//5 7161//5 7157//5
f 7164//6 7160//6 7158//6 7162//6
f 7173//1 7174//1 7176//1 7175//1
f 7175//2 7176//2 7180//2 7179//2
f 7179//3 7180//3 7178//3 7177//3
f 7177//4 7178//4 7174//4 7173//4
f 7175//5 7179//5 7177//5 7173//5
f 7180//6 7176//6 7174//6 7178//6
f 7181//1 7182//1 7184//1 7183//1
f 7183//2 7184//2 7188//2 7187//2
f 7187//3 7188//3 7186//3 7185//3
f 7185//4 7186//4 7182//4 7181//4
f 7183//5 7187//5 7185//5 7181//5
f 7188//6 7184//6 7182//6 7186//6
f 7189//1 7190//1 7192//1 7191//1
f 7191//2 7192//2 7196//2 7195//2
f 7195//3 7196//3 7194//3 7193//3
f 7193//4 7194//4 7190//4 7189//4
f 7191//5 7195//5 7193//5 7189//5
f 7196//6 7192//6 7190//6 7194//6
f 7197//1 7198//1 7200//1 7199//1
f 7199//2 7200//2 7204//2 7203//2
f 7203//3 7204//3 7202//3 7201//3
f 7201//4 7202//4 7198//4 7197//4
f 7199//5 7203//5 7201//5 7197//5
f 7204//6 7200//6 7198//6 7202//6
f 7205//1 7206//1 7208//1 7207//1
f 7207//2 7208//2 7212//2 7211//2
f 7211//3 7212//3 7210//3 7209//3
f 7209//4 7210//4 7206//4 7205//4
f 7207//5 7211//5 7209//5 7205//5
f 7212//6 7208//6 7206//6 7210//6
f 7213//1 7214//1 7216//1 7215//1
f 7215//2 7216//2 7220//2 7219//2
f 7219//3 7220//3 7218//3 7217//3
f 7217//4 7218//4 7214//4 7213//4
f 7215//5 7219//5 7217//5 7213//5
f 7220//6 7216//6 7214//6 7218//6
f 7221//1 7222//1 7224//1 7223//1
f 7223//2 7224//2 7228//2 7227//2
f 7227//3 7228//3 7226//3 7225//3
f 7225//4 7226//4 7222//4 7221//4
f 7223//5 7227//5 7225//5 7221//5
f 7228//6 7224//6 7222//6 7226//6
f 7229//1 7230//1 7232//1 7231//1
f 7231//2 7232//2 7236//2 7235//2
f 7235//3 7236//3 7234//3 7233//3
f 7233//4 7234//4 7230//4 7229//4
f 7231//5 7235//5 7233//5 7229//5
f 7236//6 7232//6 7230//6 7234//6
f 7269//155 7270//155 7272//155 7271//155
f 7271//156 7272//156 7274//156 7273//156
f 7273//3 7274//3 7276//3 7275//3
f 7275//157 7276//157 7278//157 7277//157
f 7277//158 7278//158 7280//158 7279//158
f 7279//159 7280//159 7282//159 7281//159
f 7281//160 7282//160 7284//160 7283//160
f 7283//1 7284//1 7286//1 7285//1
f 7272//6 7270//6 7288//6 7286//6 7284//6 7282//6 7280//6 7278//6 7276//6 7274//6
f 7285//161 7286//161 7288//161 7287//161
f 7287//162 7288//162 7270//162 7269//162
f 7269//5 7271//5 7273//5 7275//5 7277//5 7279//5 7281//5 7283//5 7285//5 7287//5
usemtl MAT_Coupling
f 4785//111 4786//111 4788//111 4787//111
f 4787//50 4788//50 4790//50 4789//50
f 4789//51 4790//51 4792//51 4791//51
f 4791//52 4792//52 4794//52 4793//52
f 4793//53 4794//53 4796//53 4795//53
f 4795//54 4796//54 4798//54 4797//54
f 4797//55 4798//55 4800//55 4799//55
f 4799//56 4800//56 4802//56 4801//56
f 4801//57 4802//57 4804//57 4803//57
f 4803//58 4804//58 4806//58 4805//58
f 4788//6 4786//6 4808//6 4806//6 4804//6 4802//6 4800//6 4798//6 4796//6 4794//6 4792//6 4790//6
f 4805//59 4806//59 4808//59 4807//59
f 4807//112 4808//112 4786//112 4785//112
f 4785//5 4787//5 4789//5 4791//5 4793//5 4795//5 4797//5 4799//5 4801//5 4803//5 4805//5 4807//5
f 4985//49 4986//49 4988//49 4987//49
f 4987//50 4988//50 4990//50 4989//50
f 4989//51 4990//51 4992//51 4991//51
f 4991//52 4992//52 4994//52 4993//52
f 4993//53 4994//53 4996//53 4995//53
f 4995//54 4996//54 4998//54 4997//54
f 4997//55 4998//55 5000//55 4999//55
f 4999//56 5000//56 5002//56 5001//56
f 5001//57 5002//57 5004//57 5003//57
f 5003//58 5004//58 5006//58 5005//58
f 4988//6 4986//6 5008//6 5006//6 5004//6 5002//6 5000//6 4998//6 4996//6 4994//6 4992//6 4990//6
f 5005//59 5006//59 5008//59 5007//59
f 5007//60 5008//60 4986//60 4985//60
f 4985//5 4987//5 4989//5 4991//5 4993//5 4995//5 4997//5 4999//5 5001//5 5003//5 5005//5 5007//5
f 5185//49 5186//49 5188//49 5187//49
f 5187//50 5188//50 5190//50 5189//50
f 5189//51 5190//51 5192//51 5191//51
f 5191//52 5192//52 5194//52 5193//52
f 5193//53 5194//53 5196//53 5195//53
f 5195//54 5196//54 5198//54 5197//54
f 5197//55 5198//55 5200//55 5199//55
f 5199//56 5200//56 5202//56 5201//56
f 5201//57 5202//57 5204//57 5203//57
f 5203//58 5204//58 5206//58 5205//58
f 5188//6 5186//6 5208//6 5206//6 5204//6 5202//6 5200//6 5198//6 5196//6 5194//6 5192//6 5190//6
f 5205//59 5206//59 5208//59 5207//59
f 5207//60 5208//60 5186//60 5185//60
f 5185//5 5187//5 5189//5 5191//5 5193//5 5195//5 5197//5 5199//5 5201//5 5203//5 5205//5 5207//5
f 5385//49 5386//49 5388//49 5387//49
f 5387//50 5388//50 5390//50 5389//50
f 5389//51 5390//51 5392//51 5391//51
f 5391//52 5392//52 5394//52 5393//52
f 5393//53 5394//53 5396//53 5395//53
f 5395//54 5396//54 5398//54 5397//54
f 5397//55 5398//55 5400//55 5399//55
f 5399//56 5400//56 5402//56 5401//56
f 5401//57 5402//57 5404//57 5403//57
f 5403//58 5404//58 5406//58 5405//58
f 5388//6 5386//6 5408//6 5406//6 5404//6 5402//6 5400//6 5398//6 5396//6 5394//6 5392//6 5390//6
f 5405//59 5406//59 5408//59 5407//59
f 5407//60 5408//60 5386//60 5385//60
f 5385//5 5387//5 5389//5 5391//5 5393//5 5395//5 5397//5 5399//5 5401//5 5403//5 5405//5 5407//5
usemtl MAT_CabinetBody
f 5457//1 5458//1 5460//1 5459//1
f 5459//2 5460//2 5464//2 5463//2
f 5463//3 5464//3 5462//3 5461//3
f 5461//4 5462//4 5458//4 5457//4
f 5459//5 5463//5 5461//5 5457//5
f 5464//6 5460//6 5458//6 5462//6
f 5529//1 5530//1 5532//1 5531//1
f 5531//2 5532//2 5536//2 5535//2
f 5535//3 5536//3 5534//3 5533//3
f 5533//4 5534//4 5530//4 5529//4
f 5531//5 5535//5 5533//5 5529//5
f 5536//6 5532//6 5530//6 5534//6
f 5601//1 5602//1 5604//1 5603//1
f 5603//2 5604//2 5608//2 5607//2
f 5607//3 5608//3 5606//3 5605//3
f 5605//4 5606//4 5602//4 5601//4
f 5603//5 5607//5 5605//5 5601//5
f 5608//6 5604//6 5602//6 5606//6
f 5673//1 5674//1 5676//1 5675//1
f 5675//2 5676//2 5680//2 5679//2
f 5679//3 5680//3 5678//3 5677//3
f 5677//4 5678//4 5674//4 5673//4
f 5675//5 5679//5 5677//5 5673//5
f 5680//6 5676//6 5674//6 5678//6
f 5745//1 5746//1 5748//1 5747//1
f 5747//2 5748//2 5752//2 5751//2
f 5751//3 5752//3 5750//3 5749//3
f 5749//4 5750//4 5746//4 5745//4
f 5747//5 5751//5 5749//5 5745//5
f 5752//6 5748//6 5746//6 5750//6
f 5817//1 5818//1 5820//1 5819//1
f 5819//2 5820//2 5824//2 5823//2
f 5823//3 5824//3 5822//3 5821//3
f 5821//4 5822//4 5818//4 5817//4
f 5819//5 5823//5 5821//5 5817//5
f 5824//6 5820//6 5818//6 5822//6
f 5889//1 5890//1 5892//1 5891//1
f 5891//2 5892//2 5896//2 5895//2
f 5895//3 5896//3 5894//3 5893//3
f 5893//4 5894//4 5890//4 5889//4
f 5891//5 5895//5 5893//5 5889//5
f 5896//6 5892//6 5890//6 5894//6
f 5961//1 5962//1 5964//1 5963//1
f 5963//2 5964//2 5968//2 5967//2
f 5967//3 5968//3 5966//3 5965//3
f 5965//4 5966//4 5962//4 5961//4
f 5963//5 5967//5 5965//5 5961//5
f 5968//6 5964//6 5962//6 5966//6
usemtl MAT_CabinetFrame
f 5465//1 5466//1 5468//1 5467//1
f 5467//2 5468//2 5472//2 5471//2
f 5471//3 5472//3 5470//3 5469//3
f 5469//4 5470//4 5466//4 5465//4
f 5467//5 5471//5 5469//5 5465//5
f 5472//6 5468//6 5466//6 5470//6
f 5513//1 5514//1 5516//1 5515//1
f 5515//2 5516//2 5520//2 5519//2
f 5519//3 5520//3 5518//3 5517//3
f 5517//4 5518//4 5514//4 5513//4
f 5515//5 5519//5 5517//5 5513//5
f 5520//6 5516//6 5514//6 5518//6
f 5521//1 5522//1 5524//1 5523//1
f 5523//2 5524//2 5528//2 5527//2
f 5527//3 5528//3 5526//3 5525//3
f 5525//4 5526//4 5522//4 5521//4
f 5523//5 5527//5 5525//5 5521//5
f 5528//6 5524//6 5522//6 5526//6
f 5537//1 5538//1 5540//1 5539//1
f 5539//2 5540//2 5544//2 5543//2
f 5543//3 5544//3 5542//3 5541//3
f 5541//4 5542//4 5538//4 5537//4
f 5539//5 5543//5 5541//5 5537//5
f 5544//6 5540//6 5538//6 5542//6
f 5585//1 5586//1 5588//1 5587//1
f 5587//2 5588//2 5592//2 5591//2
f 5591//3 5592//3 5590//3 5589//3
f 5589//4 5590//4 5586//4 5585//4
f 5587//5 5591//5 5589//5 5585//5
f 5592//6 5588//6 5586//6 5590//6
f 5593//1 5594//1 5596//1 5595//1
f 5595//2 5596//2 5600//2 5599//2
f 5599//3 5600//3 5598//3 5597//3
f 5597//4 5598//4 5594//4 5593//4
f 5595//5 5599//5 5597//5 5593//5
f 5600//6 5596//6 5594//6 5598//6
f 5609//1 5610//1 5612//1 5611//1
f 5611//2 5612//2 5616//2 5615//2
f 5615//3 5616//3 5614//3 5613//3
f 5613//4 5614//4 5610//4 5609//4
f 5611//5 5615//5 5613//5 5609//5
f 5616//6 5612//6 5610//6 5614//6
f 5657//1 5658//1 5660//1 5659//1
f 5659//2 5660//2 5664//2 5663//2
f 5663//3 5664//3 5662//3 5661//3
f 5661//4 5662//4 5658//4 5657//4
f 5659//5 5663//5 5661//5 5657//5
f 5664//6 5660//6 5658//6 5662//6
f 5665//1 5666//1 5668//1 5667//1
f 5667//2 5668//2 5672//2 5671//2
f 5671//3 5672//3 5670//3 5669//3
f 5669//4 5670//4 5666//4 5665//4
f 5667//5 5671//5 5669//5 5665//5
f 5672//6 5668//6 5666//6 5670//6
f 5681//1 5682//1 5684//1 5683//1
f 5683//2 5684//2 5688//2 5687//2
f 5687//3 5688//3 5686//3 5685//3
f 5685//4 5686//4 5682//4 5681//4
f 5683//5 5687//5 5685//5 5681//5
f 5688//6 5684//6 5682//6 5686//6
f 5729//1 5730//1 5732//1 5731//1
f 5731//2 5732//2 5736//2 5735//2
f 5735//3 5736//3 5734//3 5733//3
f 5733//4 5734//4 5730//4 5729//4
f 5731//5 5735//5 5733//5 5729//5
f 5736//6 5732//6 5730//6 5734//6
f 5737//1 5738//1 5740//1 5739//1
f 5739//2 5740//2 5744//2 5743//2
f 5743//3 5744//3 5742//3 5741//3
f 5741//4 5742//4 5738//4 5737//4
f 5739//5 5743//5 5741//5 5737//5
f 5744//6 5740//6 5738//6 5742//6
f 5753//1 5754//1 5756//1 5755//1
f 5755//2 5756//2 5760//2 5759//2
f 5759//3 5760//3 5758//3 5757//3
f 5757//4 5758//4 5754//4 5753//4
f 5755//5 5759//5 5757//5 5753//5
f 5760//6 5756//6 5754//6 5758//6
f 5801//1 5802//1 5804//1 5803//1
f 5803//2 5804//2 5808//2 5807//2
f 5807//3 5808//3 5806//3 5805//3
f 5805//4 5806//4 5802//4 5801//4
f 5803//5 5807//5 5805//5 5801//5
f 5808//6 5804//6 5802//6 5806//6
f 5809//1 5810//1 5812//1 5811//1
f 5811//2 5812//2 5816//2 5815//2
f 5815//3 5816//3 5814//3 5813//3
f 5813//4 5814//4 5810//4 5809//4
f 5811//5 5815//5 5813//5 5809//5
f 5816//6 5812//6 5810//6 5814//6
f 5825//1 5826//1 5828//1 5827//1
f 5827//2 5828//2 5832//2 5831//2
f 5831//3 5832//3 5830//3 5829//3
f 5829//4 5830//4 5826//4 5825//4
f 5827//5 5831//5 5829//5 5825//5
f 5832//6 5828//6 5826//6 5830//6
f 5873//1 5874//1 5876//1 5875//1
f 5875//2 5876//2 5880//2 5879//2
f 5879//3 5880//3 5878//3 5877//3
f 5877//4 5878//4 5874//4 5873//4
f 5875//5 5879//5 5877//5 5873//5
f 5880//6 5876//6 5874//6 5878//6
f 5881//1 5882//1 5884//1 5883//1
f 5883//2 5884//2 5888//2 5887//2
f 5887//3 5888//3 5886//3 5885//3
f 5885//4 5886//4 5882//4 5881//4
f 5883//5 5887//5 5885//5 5881//5
f 5888//6 5884//6 5882//6 5886//6
f 5897//1 5898//1 5900//1 5899//1
f 5899//2 5900//2 5904//2 5903//2
f 5903//3 5904//3 5902//3 5901//3
f 5901//4 5902//4 5898//4 5897//4
f 5899//5 5903//5 5901//5 5897//5
f 5904//6 5900//6 5898//6 5902//6
f 5945//1 5946//1 5948//1 5947//1
f 5947//2 5948//2 5952//2 5951//2
f 5951//3 5952//3 5950//3 5949//3
f 5949//4 5950//4 5946//4 5945//4
f 5947//5 5951//5 5949//5 5945//5
f 5952//6 5948//6 5946//6 5950//6
f 5953//1 5954//1 5956//1 5955//1
f 5955//2 5956//2 5960//2 5959//2
f 5959//3 5960//3 5958//3 5957//3
f 5957//4 5958//4 5954//4 5953//4
f 5955//5 5959//5 5957//5 5953//5
f 5960//6 5956//6 5954//6 5958//6
f 5969//1 5970//1 5972//1 5971//1
f 5971//2 5972//2 5976//2 5975//2
f 5975//3 5976//3 5974//3 5973//3
f 5973//4 5974//4 5970//4 5969//4
f 5971//5 5975//5 5973//5 5969//5
f 5976//6 5972//6 5970//6 5974//6
f 6009//1 6010//1 6012//1 6011//1
f 6011//2 6012//2 6016//2 6015//2
f 6015//3 6016//3 6014//3 6013//3
f 6013//4 6014//4 6010//4 6009//4
f 6011//5 6015//5 6013//5 6009//5
f 6016//6 6012//6 6010//6 6014//6
f 6017//1 6018//1 6020//1 6019//1
f 6019//2 6020//2 6024//2 6023//2
f 6023//3 6024//3 6022//3 6021//3
f 6021//4 6022//4 6018//4 6017//4
f 6019//5 6023//5 6021//5 6017//5
f 6024//6 6020//6 6018//6 6022//6
f 7505//1 7506//1 7508//1 7507//1
f 7507//2 7508//2 7512//2 7511//2
f 7511//3 7512//3 7510//3 7509//3
f 7509//4 7510//4 7506//4 7505//4
f 7507//5 7511//5 7509//5 7505//5
f 7512//6 7508//6 7506//6 7510//6
f 7513//1 7514//1 7516//1 7515//1
f 7515//2 7516//2 7520//2 7519//2
f 7519//3 7520//3 7518//3 7517//3
f 7517//4 7518//4 7514//4 7513//4
f 7515//5 7519//5 7517//5 7513//5
f 7520//6 7516//6 7514//6 7518//6
f 7521//1 7522//1 7524//1 7523//1
f 7523//2 7524//2 7528//2 7527//2
f 7527//3 7528//3 7526//3 7525//3
f 7525//4 7526//4 7522//4 7521//4
f 7523//5 7527//5 7525//5 7521//5
f 7528//6 7524//6 7522//6 7526//6
f 7529//1 7530//1 7532//1 7531//1
f 7531//2 7532//2 7536//2 7535//2
f 7535//3 7536//3 7534//3 7533//3
f 7533//4 7534//4 7530//4 7529//4
f 7531//5 7535//5 7533//5 7529//5
f 7536//6 7532//6 7530//6 7534//6
f 7745//1 7746//1 7748//1 7747//1
f 7747//2 7748//2 7752//2 7751//2
f 7751//3 7752//3 7750//3 7749//3
f 7749//4 7750//4 7746//4 7745//4
f 7747//5 7751//5 7749//5 7745//5
f 7752//6 7748//6 7746//6 7750//6
f 7753//1 7754//1 7756//1 7755//1
f 7755//2 7756//2 7760//2 7759//2
f 7759//3 7760//3 7758//3 7757//3
f 7757//4 7758//4 7754//4 7753//4
f 7755//5 7759//5 7757//5 7753//5
f 7760//6 7756//6 7754//6 7758//6
f 7761//1 7762//1 7764//1 7763//1
f 7763//2 7764//2 7768//2 7767//2
f 7767//3 7768//3 7766//3 7765//3
f 7765//4 7766//4 7762//4 7761//4
f 7763//5 7767//5 7765//5 7761//5
f 7768//6 7764//6 7762//6 7766//6
f 7769//1 7770//1 7772//1 7771//1
f 7771//2 7772//2 7776//2 7775//2
f 7775//3 7776//3 7774//3 7773//3
f 7773//4 7774//4 7770//4 7769//4
f 7771//5 7775//5 7773//5 7769//5
f 7776//6 7772//6 7770//6 7774//6
usemtl MAT_CabinetDoor
f 5473//1 5474//1 5476//1 5475//1
f 5475//2 5476//2 5480//2 5479//2
f 5479//3 5480//3 5478//3 5477//3
f 5477//4 5478//4 5474//4 5473//4
f 5475//5 5479//5 5477//5 5473//5
f 5480//6 5476//6 5474//6 5478//6
f 5545//1 5546//1 5548//1 5547//1
f 5547//2 5548//2 5552//2 5551//2
f 5551//3 5552//3 5550//3 5549//3
f 5549//4 5550//4 5546//4 5545//4
f 5547//5 5551//5 5549//5 5545//5
f 5552//6 5548//6 5546//6 5550//6
f 5617//1 5618//1 5620//1 5619//1
f 5619//2 5620//2 5624//2 5623//2
f 5623//3 5624//3 5622//3 5621//3
f 5621//4 5622//4 5618//4 5617//4
f 5619//5 5623//5 5621//5 5617//5
f 5624//6 5620//6 5618//6 5622//6
f 5689//1 5690//1 5692//1 5691//1
f 5691//2 5692//2 5696//2 5695//2
f 5695//3 5696//3 5694//3 5693//3
f 5693//4 5694//4 5690//4 5689//4
f 5691//5 5695//5 5693//5 5689//5
f 5696//6 5692//6 5690//6 5694//6
f 5761//1 5762//1 5764//1 5763//1
f 5763//2 5764//2 5768//2 5767//2
f 5767//3 5768//3 5766//3 5765//3
f 5765//4 5766//4 5762//4 5761//4
f 5763//5 5767//5 5765//5 5761//5
f 5768//6 5764//6 5762//6 5766//6
f 5833//1 5834//1 5836//1 5835//1
f 5835//2 5836//2 5840//2 5839//2
f 5839//3 5840//3 5838//3 5837//3
f 5837//4 5838//4 5834//4 5833//4
f 5835//5 5839//5 5837//5 5833//5
f 5840//6 5836//6 5834//6 5838//6
f 5905//1 5906//1 5908//1 5907//1
f 5907//2 5908//2 5912//2 5911//2
f 5911//3 5912//3 5910//3 5909//3
f 5909//4 5910//4 5906//4 5905//4
f 5907//5 5911//5 5909//5 5905//5
f 5912//6 5908//6 5906//6 5910//6
f 6033//1 6034//1 6036//1 6035//1
f 6035//2 6036//2 6040//2 6039//2
f 6039//3 6040//3 6038//3 6037//3
f 6037//4 6038//4 6034//4 6033//4
f 6035//5 6039//5 6037//5 6033//5
f 6040//6 6036//6 6034//6 6038//6
f 6149//1 6150//1 6152//1 6151//1
f 6151//2 6152//2 6156//2 6155//2
f 6155//3 6156//3 6154//3 6153//3
f 6153//4 6154//4 6150//4 6149//4
f 6151//5 6155//5 6153//5 6149//5
f 6156//6 6152//6 6150//6 6154//6
f 6265//1 6266//1 6268//1 6267//1
f 6267//2 6268//2 6272//2 6271//2
f 6271//3 6272//3 6270//3 6269//3
f 6269//4 6270//4 6266//4 6265//4
f 6267//5 6271//5 6269//5 6265//5
f 6272//6 6268//6 6266//6 6270//6
f 6381//1 6382//1 6384//1 6383//1
f 6383//2 6384//2 6388//2 6387//2
f 6387//3 6388//3 6386//3 6385//3
f 6385//4 6386//4 6382//4 6381//4
f 6383//5 6387//5 6385//5 6381//5
f 6388//6 6384//6 6382//6 6386//6
f 6497//1 6498//1 6500//1 6499//1
f 6499//2 6500//2 6504//2 6503//2
f 6503//3 6504//3 6502//3 6501//3
f 6501//4 6502//4 6498//4 6497//4
f 6499//5 6503//5 6501//5 6497//5
f 6504//6 6500//6 6498//6 6502//6
f 6613//1 6614//1 6616//1 6615//1
f 6615//2 6616//2 6620//2 6619//2
f 6619//3 6620//3 6618//3 6617//3
f 6617//4 6618//4 6614//4 6613//4
f 6615//5 6619//5 6617//5 6613//5
f 6620//6 6616//6 6614//6 6618//6
f 8489//1 8490//1 8492//1 8491//1
f 8491//2 8492//2 8496//2 8495//2
f 8495//3 8496//3 8494//3 8493//3
f 8493//4 8494//4 8490//4 8489//4
f 8491//5 8495//5 8493//5 8489//5
f 8496//6 8492//6 8490//6 8494//6
usemtl MAT_IndicatorGreen
f 5481//127 5482//127 5484//127 5483//127
f 5483//128 5484//128 5486//128 5485//128
f 5485//129 5486//129 5488//129 5487//129
f 5487//130 5488//130 5490//130 5489//130
f 5489//131 5490//131 5492//131 5491//131
f 5491//132 5492//132 5494//132 5493//132
f 5484//6 5482//6 5496//6 5494//6 5492//6 5490//6 5488//6 5486//6
f 5493//133 5494//133 5496//133 5495//133
f 5495//134 5496//134 5482//134 5481//134
f 5481//5 5483//5 5485//5 5487//5 5489//5 5491//5 5493//5 5495//5
f 5553//135 5554//135 5556//135 5555//135
f 5555//136 5556//136 5558//136 5557//136
f 5557//129 5558//129 5560//129 5559//129
f 5559//130 5560//130 5562//130 5561//130
f 5561//131 5562//131 5564//131 5563//131
f 5563//132 5564//132 5566//132 5565//132
f 5556//6 5554//6 5568//6 5566//6 5564//6 5562//6 5560//6 5558//6
f 5565//137 5566//137 5568//137 5567//137
f 5567//138 5568//138 5554//138 5553//138
f 5553//5 5555//5 5557//5 5559//5 5561//5 5563//5 5565//5 5567//5
f 5625//135 5626//135 5628//135 5627//135
f 5627//136 5628//136 5630//136 5629//136
f 5629//129 5630//129 5632//129 5631//129
f 5631//139 5632//139 5634//139 5633//139
f 5633//140 5634//140 5636//140 5635//140
f 5635//132 5636//132 5638//132 5637//132
f 5628//6 5626//6 5640//6 5638//6 5636//6 5634//6 5632//6 5630//6
f 5637//137 5638//137 5640//137 5639//137
f 5639//138 5640//138 5626//138 5625//138
f 5625//5 5627//5 5629//5 5631//5 5633//5 5635//5 5637//5 5639//5
f 5697//141 5698//141 5700//141 5699//141
f 5699//128 5700//128 5702//128 5701//128
f 5701//142 5702//142 5704//142 5703//142
f 5703//143 5704//143 5706//143 5705//143
f 5705//144 5706//144 5708//144 5707//144
f 5707//145 5708//145 5710//145 5709//145
f 5700//6 5698//6 5712//6 5710//6 5708//6 5706//6 5704//6 5702//6
f 5709//133 5710//133 5712//133 5711//133
f 5711//146 5712//146 5698//146 5697//146
f 5697//5 5699//5 5701//5 5703//5 5705//5 5707//5 5709//5 5711//5
f 5769//135 5770//135 5772//135 5771//135
f 5771//136 5772//136 5774//136 5773//136
f 5773//129 5774//129 5776//129 5775//129
f 5775//139 5776//139 5778//139 5777//139
f 5777//140 5778//140 5780//140 5779//140
f 5779//132 5780//132 5782//132 5781//132
f 5772//6 5770//6 5784//6 5782//6 5780//6 5778//6 5776//6 5774//6
f 5781//137 5782//137 5784//137 5783//137
f 5783//138 5784//138 5770//138 5769//138
f 5769//5 5771//5 5773//5 5775//5 5777//5 5779//5 5781//5 5783//5
f 5841//135 5842//135 5844//135 5843//135
f 5843//136 5844//136 5846//136 5845//136
f 5845//142 5846//142 5848//142 5847//142
f 5847//143 5848//143 5850//143 5849//143
f 5849//144 5850//144 5852//144 5851//144
f 5851//145 5852//145 5854//145 5853//145
f 5844//6 5842//6 5856//6 5854//6 5852//6 5850//6 5848//6 5846//6
f 5853//137 5854//137 5856//137 5855//137
f 5855//138 5856//138 5842//138 5841//138
f 5841//5 5843//5 5845//5 5847//5 5849//5 5851//5 5853//5 5855//5
f 5913//135 5914//135 5916//135 5915//135
f 5915//128 5916//128 5918//128 5917//128
f 5917//142 5918//142 5920//142 5919//142
f 5919//143 5920//143 5922//143 5921//143
f 5921//144 5922//144 5924//144 5923//144
f 5923//145 5924//145 5926//145 5925//145
f 5916//6 5914//6 5928//6 5926//6 5924//6 5922//6 5920//6 5918//6
f 5925//133 5926//133 5928//133 5927//133
f 5927//138 5928//138 5914//138 5913//138
f 5913//5 5915//5 5917//5 5919//5 5921//5 5923//5 5925//5 5927//5
f 5977//135 5978//135 5980//135 5979//135
f 5979//136 5980//136 5982//136 5981//136
f 5981//129 5982//129 5984//129 5983//129
f 5983//139 5984//139 5986//139 5985//139
f 5985//140 5986//140 5988//140 5987//140
f 5987//132 5988//132 5990//132 5989//132
f 5980//6 5978//6 5992//6 5990//6 5988//6 5986//6 5984//6 5982//6
f 5989//137 5990//137 5992//137 5991//137
f 5991//138 5992//138 5978//138 5977//138
f 5977//5 5979//5 5981//5 5983//5 5985//5 5987//5 5989//5 5991//5
f 6041//135 6042//135 6044//135 6043//135
f 6043//128 6044//128 6046//128 6045//128
f 6045//129 6046//129 6048//129 6047//129
f 6047//143 6048//143 6050//143 6049//143
f 6049//144 6050//144 6052//144 6051//144
f 6051//132 6052//132 6054//132 6053//132
f 6044//6 6042//6 6056//6 6054//6 6052//6 6050//6 6048//6 6046//6
f 6053//133 6054//133 6056//133 6055//133
f 6055//138 6056//138 6042//138 6041//138
f 6041//5 6043//5 6045//5 6047//5 6049//5 6051//5 6053//5 6055//5
f 6057//135 6058//135 6060//135 6059//135
f 6059//128 6060//128 6062//128 6061//128
f 6061//129 6062//129 6064//129 6063//129
f 6063//143 6064//143 6066//143 6065//143
f 6065//144 6066//144 6068//144 6067//144
f 6067//132 6068//132 6070//132 6069//132
f 6060//6 6058//6 6072//6 6070//6 6068//6 6066//6 6064//6 6062//6
f 6069//133 6070//133 6072//133 6071//133
f 6071//138 6072//138 6058//138 6057//138
f 6057//5 6059//5 6061//5 6063//5 6065//5 6067//5 6069//5 6071//5
f 6073//135 6074//135 6076//135 6075//135
f 6075//128 6076//128 6078//128 6077//128
f 6077//129 6078//129 6080//129 6079//129
f 6079//143 6080//143 6082//143 6081//143
f 6081//144 6082//144 6084//144 6083//144
f 6083//132 6084//132 6086//132 6085//132
f 6076//6 6074//6 6088//6 6086//6 6084//6 6082//6 6080//6 6078//6
f 6085//133 6086//133 6088//133 6087//133
f 6087//138 6088//138 6074//138 6073//138
f 6073//5 6075//5 6077//5 6079//5 6081//5 6083//5 6085//5 6087//5
f 6157//135 6158//135 6160//135 6159//135
f 6159//128 6160//128 6162//128 6161//128
f 6161//129 6162//129 6164//129 6163//129
f 6163//143 6164//143 6166//143 6165//143
f 6165//144 6166//144 6168//144 6167//144
f 6167//132 6168//132 6170//132 6169//132
f 6160//6 6158//6 6172//6 6170//6 6168//6 6166//6 6164//6 6162//6
f 6169//133 6170//133 6172//133 6171//133
f 6171//138 6172//138 6158//138 6157//138
f 6157//5 6159//5 6161//5 6163//5 6165//5 6167//5 6169//5 6171//5
f 6173//135 6174//135 6176//135 6175//135
f 6175//128 6176//128 6178//128 6177//128
f 6177//129 6178//129 6180//129 6179//129
f 6179//143 6180//143 6182//143 6181//143
f 6181//144 6182//144 6184//144 6183//144
f 6183//132 6184//132 6186//132 6185//132
f 6176//6 6174//6 6188//6 6186//6 6184//6 6182//6 6180//6 6178//6
f 6185//133 6186//133 6188//133 6187//133
f 6187//138 6188//138 6174//138 6173//138
f 6173//5 6175//5 6177//5 6179//5 6181//5 6183//5 6185//5 6187//5
f 6189//135 6190//135 6192//135 6191//135
f 6191//128 6192//128 6194//128 6193//128
f 6193//129 6194//129 6196//129 6195//129
f 6195//143 6196//143 6198//143 6197//143
f 6197//144 6198//144 6200//144 6199//144
f 6199//132 6200//132 6202//132 6201//132
f 6192//6 6190//6 6204//6 6202//6 6200//6 6198//6 6196//6 6194//6
f 6201//133 6202//133 6204//133 6203//133
f 6203//138 6204//138 6190//138 6189//138
f 6189//5 6191//5 6193//5 6195//5 6197//5 6199//5 6201//5 6203//5
f 6273//135 6274//135 6276//135 6275//135
f 6275//128 6276//128 6278//128 6277//128
f 6277//129 6278//129 6280//129 6279//129
f 6279//143 6280//143 6282//143 6281//143
f 6281//144 6282//144 6284//144 6283//144
f 6283//132 6284//132 6286//132 6285//132
f 6276//6 6274//6 6288//6 6286//6 6284//6 6282//6 6280//6 6278//6
f 6285//133 6286//133 6288//133 6287//133
f 6287//138 6288//138 6274//138 6273//138
f 6273//5 6275//5 6277//5 6279//5 6281//5 6283//5 6285//5 6287//5
f 6289//135 6290//135 6292//135 6291//135
f 6291//128 6292//128 6294//128 6293//128
f 6293//129 6294//129 6296//129 6295//129
f 6295//143 6296//143 6298//143 6297//143
f 6297//144 6298//144 6300//144 6299//144
f 6299//132 6300//132 6302//132 6301//132
f 6292//6 6290//6 6304//6 6302//6 6300//6 6298//6 6296//6 6294//6
f 6301//133 6302//133 6304//133 6303//133
f 6303//138 6304//138 6290//138 6289//138
f 6289//5 6291//5 6293//5 6295//5 6297//5 6299//5 6301//5 6303//5
f 6305//135 6306//135 6308//135 6307//135
f 6307//128 6308//128 6310//128 6309//128
f 6309//129 6310//129 6312//129 6311//129
f 6311//143 6312//143 6314//143 6313//143
f 6313//144 6314//144 6316//144 6315//144
f 6315//132 6316//132 6318//132 6317//132
f 6308//6 6306//6 6320//6 6318//6 6316//6 6314//6 6312//6 6310//6
f 6317//133 6318//133 6320//133 6319//133
f 6319//138 6320//138 6306//138 6305//138
f 6305//5 6307//5 6309//5 6311//5 6313//5 6315//5 6317//5 6319//5
f 6389//135 6390//135 6392//135 6391//135
f 6391//128 6392//128 6394//128 6393//128
f 6393//129 6394//129 6396//129 6395//129
f 6395//143 6396//143 6398//143 6397//143
f 6397//144 6398//144 6400//144 6399//144
f 6399//132 6400//132 6402//132 6401//132
f 6392//6 6390//6 6404//6 6402//6 6400//6 6398//6 6396//6 6394//6
f 6401//133 6402//133 6404//133 6403//133
f 6403//138 6404//138 6390//138 6389//138
f 6389//5 6391//5 6393//5 6395//5 6397//5 6399//5 6401//5 6403//5
f 6405//135 6406//135 6408//135 6407//135
f 6407//128 6408//128 6410//128 6409//128
f 6409//129 6410//129 6412//129 6411//129
f 6411//143 6412//143 6414//143 6413//143
f 6413//144 6414//144 6416//144 6415//144
f 6415//132 6416//132 6418//132 6417//132
f 6408//6 6406//6 6420//6 6418//6 6416//6 6414//6 6412//6 6410//6
f 6417//133 6418//133 6420//133 6419//133
f 6419//138 6420//138 6406//138 6405//138
f 6405//5 6407//5 6409//5 6411//5 6413//5 6415//5 6417//5 6419//5
f 6421//135 6422//135 6424//135 6423//135
f 6423//128 6424//128 6426//128 6425//128
f 6425//129 6426//129 6428//129 6427//129
f 6427//143 6428//143 6430//143 6429//143
f 6429//144 6430//144 6432//144 6431//144
f 6431//132 6432//132 6434//132 6433//132
f 6424//6 6422//6 6436//6 6434//6 6432//6 6430//6 6428//6 6426//6
f 6433//133 6434//133 6436//133 6435//133
f 6435//138 6436//138 6422//138 6421//138
f 6421//5 6423//5 6425//5 6427//5 6429//5 6431//5 6433//5 6435//5
f 6505//135 6506//135 6508//135 6507//135
f 6507//128 6508//128 6510//128 6509//128
f 6509//129 6510//129 6512//129 6511//129
f 6511//143 6512//143 6514//143 6513//143
f 6513//144 6514//144 6516//144 6515//144
f 6515//132 6516//132 6518//132 6517//132
f 6508//6 6506//6 6520//6 6518//6 6516//6 6514//6 6512//6 6510//6
f 6517//133 6518//133 6520//133 6519//133
f 6519//138 6520//138 6506//138 6505//138
f 6505//5 6507//5 6509//5 6511//5 6513//5 6515//5 6517//5 6519//5
f 6521//135 6522//135 6524//135 6523//135
f 6523//128 6524//128 6526//128 6525//128
f 6525//129 6526//129 6528//129 6527//129
f 6527//143 6528//143 6530//143 6529//143
f 6529//144 6530//144 6532//144 6531//144
f 6531//132 6532//132 6534//132 6533//132
f 6524//6 6522//6 6536//6 6534//6 6532//6 6530//6 6528//6 6526//6
f 6533//133 6534//133 6536//133 6535//133
f 6535//138 6536//138 6522//138 6521//138
f 6521//5 6523//5 6525//5 6527//5 6529//5 6531//5 6533//5 6535//5
f 6537//135 6538//135 6540//135 6539//135
f 6539//128 6540//128 6542//128 6541//128
f 6541//129 6542//129 6544//129 6543//129
f 6543//143 6544//143 6546//143 6545//143
f 6545//144 6546//144 6548//144 6547//144
f 6547//132 6548//132 6550//132 6549//132
f 6540//6 6538//6 6552//6 6550//6 6548//6 6546//6 6544//6 6542//6
f 6549//133 6550//133 6552//133 6551//133
f 6551//138 6552//138 6538//138 6537//138
f 6537//5 6539//5 6541//5 6543//5 6545//5 6547//5 6549//5 6551//5
f 6621//135 6622//135 6624//135 6623//135
f 6623//128 6624//128 6626//128 6625//128
f 6625//129 6626//129 6628//129 6627//129
f 6627//143 6628//143 6630//143 6629//143
f 6629//144 6630//144 6632//144 6631//144
f 6631//132 6632//132 6634//132 6633//132
f 6624//6 6622//6 6636//6 6634//6 6632//6 6630//6 6628//6 6626//6
f 6633//133 6634//133 6636//133 6635//133
f 6635//138 6636//138 6622//138 6621//138
f 6621//5 6623//5 6625//5 6627//5 6629//5 6631//5 6633//5 6635//5
f 6637//135 6638//135 6640//135 6639//135
f 6639//128 6640//128 6642//128 6641//128
f 6641//129 6642//129 6644//129 6643//129
f 6643//143 6644//143 6646//143 6645//143
f 6645//144 6646//144 6648//144 6647//144
f 6647//132 6648//132 6650//132 6649//132
f 6640//6 6638//6 6652//6 6650//6 6648//6 6646//6 6644//6 6642//6
f 6649//133 6650//133 6652//133 6651//133
f 6651//138 6652//138 6638//138 6637//138
f 6637//5 6639//5 6641//5 6643//5 6645//5 6647//5 6649//5 6651//5
f 6653//135 6654//135 6656//135 6655//135
f 6655//128 6656//128 6658//128 6657//128
f 6657//129 6658//129 6660//129 6659//129
f 6659//143 6660//143 6662//143 6661//143
f 6661//144 6662//144 6664//144 6663//144
f 6663//132 6664//132 6666//132 6665//132
f 6656//6 6654//6 6668//6 6666//6 6664//6 6662//6 6660//6 6658//6
f 6665//133 6666//133 6668//133 6667//133
f 6667//138 6668//138 6654//138 6653//138
f 6653//5 6655//5 6657//5 6659//5 6661//5 6663//5 6665//5 6667//5
usemtl MAT_IndicatorRed
f 5497//127 5498//127 5500//127 5499//127
f 5499//128 5500//128 5502//128 5501//128
f 5501//129 5502//129 5504//129 5503//129
f 5503//130 5504//130 5506//130 5505//130
f 5505//131 5506//131 5508//131 5507//131
f 5507//132 5508//132 5510//132 5509//132
f 5500//6 5498//6 5512//6 5510//6 5508//6 5506//6 5504//6 5502//6
f 5509//133 5510//133 5512//133 5511//133
f 5511//134 5512//134 5498//134 5497//134
f 5497//5 5499//5 5501//5 5503//5 5505//5 5507//5 5509//5 5511//5
f 5569//127 5570//127 5572//127 5571//127
f 5571//128 5572//128 5574//128 5573//128
f 5573//129 5574//129 5576//129 5575//129
f 5575//130 5576//130 5578//130 5577//130
f 5577//131 5578//131 5580//131 5579//131
f 5579//132 5580//132 5582//132 5581//132
f 5572//6 5570//6 5584//6 5582//6 5580//6 5578//6 5576//6 5574//6
f 5581//133 5582//133 5584//133 5583//133
f 5583//134 5584//134 5570//134 5569//134
f 5569//5 5571//5 5573//5 5575//5 5577//5 5579//5 5581//5 5583//5
f 5641//135 5642//135 5644//135 5643//135
f 5643//136 5644//136 5646//136 5645//136
f 5645//129 5646//129 5648//129 5647//129
f 5647//139 5648//139 5650//139 5649//139
f 5649//140 5650//140 5652//140 5651//140
f 5651//132 5652//132 5654//132 5653//132
f 5644//6 5642//6 5656//6 5654//6 5652//6 5650//6 5648//6 5646//6
f 5653//137 5654//137 5656//137 5655//137
f 5655//138 5656//138 5642//138 5641//138
f 5641//5 5643//5 5645//5 5647//5 5649//5 5651//5 5653//5 5655//5
f 5713//141 5714//141 5716//141 5715//141
f 5715//128 5716//128 5718//128 5717//128
f 5717//142 5718//142 5720//142 5719//142
f 5719//143 5720//143 5722//143 5721//143
f 5721//144 5722//144 5724//144 5723//144
f 5723//145 5724//145 5726//145 5725//145
f 5716//6 5714//6 5728//6 5726//6 5724//6 5722//6 5720//6 5718//6
f 5725//133 5726//133 5728//133 5727//133
f 5727//146 5728//146 5714//146 5713//146
f 5713//5 5715//5 5717//5 5719//5 5721//5 5723//5 5725//5 5727//5
f 5785//135 5786//135 5788//135 5787//135
f 5787//136 5788//136 5790//136 5789//136
f 5789//129 5790//129 5792//129 5791//129
f 5791//139 5792//139 5794//139 5793//139
f 5793//140 5794//140 5796//140 5795//140
f 5795//132 5796//132 5798//132 5797//132
f 5788//6 5786//6 5800//6 5798//6 5796//6 5794//6 5792//6 5790//6
f 5797//137 5798//137 5800//137 5799//137
f 5799//138 5800//138 5786//138 5785//138
f 5785//5 5787//5 5789//5 5791//5 5793//5 5795//5 5797//5 5799//5
f 5857//135 5858//135 5860//135 5859//135
f 5859//136 5860//136 5862//136 5861//136
f 5861//142 5862//142 5864//142 5863//142
f 5863//143 5864//143 5866//143 5865//143
f 5865//144 5866//144 5868//144 5867//144
f 5867//145 5868//145 5870//145 5869//145
f 5860//6 5858//6 5872//6 5870//6 5868//6 5866//6 5864//6 5862//6
f 5869//137 5870//137 5872//137 5871//137
f 5871//138 5872//138 5858//138 5857//138
f 5857//5 5859//5 5861//5 5863//5 5865//5 5867//5 5869//5 5871//5
f 5929//135 5930//135 5932//135 5931//135
f 5931//128 5932//128 5934//128 5933//128
f 5933//142 5934//142 5936//142 5935//142
f 5935//143 5936//143 5938//143 5937//143
f 5937//144 5938//144 5940//144 5939//144
f 5939//145 5940//145 5942//145 5941//145
f 5932//6 5930//6 5944//6 5942//6 5940//6 5938//6 5936//6 5934//6
f 5941//133 5942//133 5944//133 5943//133
f 5943//138 5944//138 5930//138 5929//138
f 5929//5 5931//5 5933//5 5935//5 5937//5 5939//5 5941//5 5943//5
f 5993//135 5994//135 5996//135 5995//135
f 5995//136 5996//136 5998//136 5997//136
f 5997//129 5998//129 6000//129 5999//129
f 5999//139 6000//139 6002//139 6001//139
f 6001//140 6002//140 6004//140 6003//140
f 6003//132 6004//132 6006//132 6005//132
f 5996//6 5994//6 6008//6 6006//6 6004//6 6002//6 6000//6 5998//6
f 6005//137 6006//137 6008//137 6007//137
f 6007//138 6008//138 5994//138 5993//138
f 5993//5 5995//5 5997//5 5999//5 6001//5 6003//5 6005//5 6007//5
f 6089//135 6090//135 6092//135 6091//135
f 6091//128 6092//128 6094//128 6093//128
f 6093//129 6094//129 6096//129 6095//129
f 6095//143 6096//143 6098//143 6097//143
f 6097//144 6098//144 6100//144 6099//144
f 6099//132 6100//132 6102//132 6101//132
f 6092//6 6090//6 6104//6 6102//6 6100//6 6098//6 6096//6 6094//6
f 6101//133 6102//133 6104//133 6103//133
f 6103//138 6104//138 6090//138 6089//138
f 6089//5 6091//5 6093//5 6095//5 6097//5 6099//5 6101//5 6103//5
f 6105//135 6106//135 6108//135 6107//135
f 6107//128 6108//128 6110//128 6109//128
f 6109//129 6110//129 6112//129 6111//129
f 6111//143 6112//143 6114//143 6113//143
f 6113//144 6114//144 6116//144 6115//144
f 6115//132 6116//132 6118//132 6117//132
f 6108//6 6106//6 6120//6 6118//6 6116//6 6114//6 6112//6 6110//6
f 6117//133 6118//133 6120//133 6119//133
f 6119//138 6120//138 6106//138 6105//138
f 6105//5 6107//5 6109//5 6111//5 6113//5 6115//5 6117//5 6119//5
f 6121//147 6122//147 6124//147 6123//147
f 6123//148 6124//148 6126//148 6125//148
f 6125//3 6126//3 6128//3 6127//3
f 6127//149 6128//149 6130//149 6129//149
f 6129//150 6130//150 6132//150 6131//150
f 6131//151 6132//151 6134//151 6133//151
f 6133//152 6134//152 6136//152 6135//152
f 6135//1 6136//1 6138//1 6137//1
f 6124//6 6122//6 6140//6 6138//6 6136//6 6134//6 6132//6 6130//6 6128//6 6126//6
f 6137//153 6138//153 6140//153 6139//153
f 6139//154 6140//154 6122//154 6121//154
f 6121//5 6123//5 6125//5 6127//5 6129//5 6131//5 6133//5 6135//5 6137//5 6139//5
f 6205//135 6206//135 6208//135 6207//135
f 6207//128 6208//128 6210//128 6209//128
f 6209//129 6210//129 6212//129 6211//129
f 6211//143 6212//143 6214//143 6213//143
f 6213//144 6214//144 6216//144 6215//144
f 6215//132 6216//132 6218//132 6217//132
f 6208//6 6206//6 6220//6 6218//6 6216//6 6214//6 6212//6 6210//6
f 6217//133 6218//133 6220//133 6219//133
f 6219//138 6220//138 6206//138 6205//138
f 6205//5 6207//5 6209//5 6211//5 6213//5 6215//5 6217//5 6219//5
f 6221//135 6222//135 6224//135 6223//135
f 6223//128 6224//128 6226//128 6225//128
f 6225//129 6226//129 6228//129 6227//129
f 6227//143 6228//143 6230//143 6229//143
f 6229//144 6230//144 6232//144 6231//144
f 6231//132 6232//132 6234//132 6233//132
f 6224//6 6222//6 6236//6 6234//6 6232//6 6230//6 6228//6 6226//6
f 6233//133 6234//133 6236//133 6235//133
f 6235//138 6236//138 6222//138 6221//138
f 6221//5 6223//5 6225//5 6227//5 6229//5 6231//5 6233//5 6235//5
f 6237//147 6238//147 6240//147 6239//147
f 6239//148 6240//148 6242//148 6241//148
f 6241//3 6242//3 6244//3 6243//3
f 6243//149 6244//149 6246//149 6245//149
f 6245//150 6246//150 6248//150 6247//150
f 6247//151 6248//151 6250//151 6249//151
f 6249//152 6250//152 6252//152 6251//152
f 6251//1 6252//1 6254//1 6253//1
f 6240//6 6238//6 6256//6 6254//6 6252//6 6250//6 6248//6 6246//6 6244//6 6242//6
f 6253//153 6254//153 6256//153 6255//153
f 6255//154 6256//154 6238//154 6237//154
f 6237//5 6239//5 6241//5 6243//5 6245//5 6247//5 6249//5 6251//5 6253//5 6255//5
f 6321//135 6322//135 6324//135 6323//135
f 6323//128 6324//128 6326//128 6325//128
f 6325//129 6326//129 6328//129 6327//129
f 6327//143 6328//143 6330//143 6329//143
f 6329//144 6330//144 6332//144 6331//144
f 6331//132 6332//132 6334//132 6333//132
f 6324//6 6322//6 6336//6 6334//6 6332//6 6330//6 6328//6 6326//6
f 6333//133 6334//133 6336//133 6335//133
f 6335//138 6336//138 6322//138 6321//138
f 6321//5 6323//5 6325//5 6327//5 6329//5 6331//5 6333//5 6335//5
f 6337//135 6338//135 6340//135 6339//135
f 6339//128 6340//128 6342//128 6341//128
f 6341//129 6342//129 6344//129 6343//129
f 6343//143 6344//143 6346//143 6345//143
f 6345//144 6346//144 6348//144 6347//144
f 6347//132 6348//132 6350//132 6349//132
f 6340//6 6338//6 6352//6 6350//6 6348//6 6346//6 6344//6 6342//6
f 6349//133 6350//133 6352//133 6351//133
f 6351//138 6352//138 6338//138 6337//138
f 6337//5 6339//5 6341//5 6343//5 6345//5 6347//5 6349//5 6351//5
f 6353//147 6354//147 6356//147 6355//147
f 6355//148 6356//148 6358//148 6357//148
f 6357//3 6358//3 6360//3 6359//3
f 6359//149 6360//149 6362//149 6361//149
f 6361//150 6362//150 6364//150 6363//150
f 6363//151 6364//151 6366//151 6365//151
f 6365//152 6366//152 6368//152 6367//152
f 6367//1 6368//1 6370//1 6369//1
f 6356//6 6354//6 6372//6 6370//6 6368//6 6366//6 6364//6 6362//6 6360//6 6358//6
f 6369//153 6370//153 6372//153 6371//153
f 6371//154 6372//154 6354//154 6353//154
f 6353//5 6355//5 6357//5 6359//5 6361//5 6363//5 6365//5 6367//5 6369//5 6371//5
f 6437//135 6438//135 6440//135 6439//135
f 6439//128 6440//128 6442//128 6441//128
f 6441//129 6442//129 6444//129 6443//129
f 6443//143 6444//143 6446//143 6445//143
f 6445//144 6446//144 6448//144 6447//144
f 6447//132 6448//132 6450//132 6449//132
f 6440//6 6438//6 6452//6 6450//6 6448//6 6446//6 6444//6 6442//6
f 6449//133 6450//133 6452//133 6451//133
f 6451//138 6452//138 6438//138 6437//138
f 6437//5 6439//5 6441//5 6443//5 6445//5 6447//5 6449//5 6451//5
f 6453//135 6454//135 6456//135 6455//135
f 6455//128 6456//128 6458//128 6457//128
f 6457//129 6458//129 6460//129 6459//129
f 6459//143 6460//143 6462//143 6461//143
f 6461//144 6462//144 6464//144 6463//144
f 6463//132 6464//132 6466//132 6465//132
f 6456//6 6454//6 6468//6 6466//6 6464//6 6462//6 6460//6 6458//6
f 6465//133 6466//133 6468//133 6467//133
f 6467//138 6468//138 6454//138 6453//138
f 6453//5 6455//5 6457//5 6459//5 6461//5 6463//5 6465//5 6467//5
f 6469//147 6470//147 6472//147 6471//147
f 6471//148 6472//148 6474//148 6473//148
f 6473//3 6474//3 6476//3 6475//3
f 6475//149 6476//149 6478//149 6477//149
f 6477//150 6478//150 6480//150 6479//150
f 6479//151 6480//151 6482//151 6481//151
f 6481//152 6482//152 6484//152 6483//152
f 6483//1 6484//1 6486//1 6485//1
f 6472//6 6470//6 6488//6 6486//6 6484//6 6482//6 6480//6 6478//6 6476//6 6474//6
f 6485//153 6486//153 6488//153 6487//153
f 6487//154 6488//154 6470//154 6469//154
f 6469//5 6471//5 6473//5 6475//5 6477//5 6479//5 6481//5 6483//5 6485//5 6487//5
f 6553//135 6554//135 6556//135 6555//135
f 6555//128 6556//128 6558//128 6557//128
f 6557//129 6558//129 6560//129 6559//129
f 6559//143 6560//143 6562//143 6561//143
f 6561//144 6562//144 6564//144 6563//144
f 6563//132 6564//132 6566//132 6565//132
f 6556//6 6554//6 6568//6 6566//6 6564//6 6562//6 6560//6 6558//6
f 6565//133 6566//133 6568//133 6567//133
f 6567//138 6568//138 6554//138 6553//138
f 6553//5 6555//5 6557//5 6559//5 6561//5 6563//5 6565//5 6567//5
f 6569//135 6570//135 6572//135 6571//135
f 6571//128 6572//128 6574//128 6573//128
f 6573//129 6574//129 6576//129 6575//129
f 6575//143 6576//143 6578//143 6577//143
f 6577//144 6578//144 6580//144 6579//144
f 6579//132 6580//132 6582//132 6581//132
f 6572//6 6570//6 6584//6 6582//6 6580//6 6578//6 6576//6 6574//6
f 6581//133 6582//133 6584//133 6583//133
f 6583//138 6584//138 6570//138 6569//138
f 6569//5 6571//5 6573//5 6575//5 6577//5 6579//5 6581//5 6583//5
f 6585//147 6586//147 6588//147 6587//147
f 6587//148 6588//148 6590//148 6589//148
f 6589//3 6590//3 6592//3 6591//3
f 6591//149 6592//149 6594//149 6593//149
f 6593//150 6594//150 6596//150 6595//150
f 6595//151 6596//151 6598//151 6597//151
f 6597//152 6598//152 6600//152 6599//152
f 6599//1 6600//1 6602//1 6601//1
f 6588//6 6586//6 6604//6 6602//6 6600//6 6598//6 6596//6 6594//6 6592//6 6590//6
f 6601//153 6602//153 6604//153 6603//153
f 6603//154 6604//154 6586//154 6585//154
f 6585//5 6587//5 6589//5 6591//5 6593//5 6595//5 6597//5 6599//5 6601//5 6603//5
f 6669//135 6670//135 6672//135 6671//135
f 6671//128 6672//128 6674//128 6673//128
f 6673//129 6674//129 6676//129 6675//129
f 6675//143 6676//143 6678//143 6677//143
f 6677//144 6678//144 6680//144 6679//144
f 6679//132 6680//132 6682//132 6681//132
f 6672//6 6670//6 6684//6 6682//6 6680//6 6678//6 6676//6 6674//6
f 6681//133 6682//133 6684//133 6683//133
f 6683//138 6684//138 6670//138 6669//138
f 6669//5 6671//5 6673//5 6675//5 6677//5 6679//5 6681//5 6683//5
f 6685//135 6686//135 6688//135 6687//135
f 6687//128 6688//128 6690//128 6689//128
f 6689//129 6690//129 6692//129 6691//129
f 6691//143 6692//143 6694//143 6693//143
f 6693//144 6694//144 6696//144 6695//144
f 6695//132 6696//132 6698//132 6697//132
f 6688//6 6686//6 6700//6 6698//6 6696//6 6694//6 6692//6 6690//6
f 6697//133 6698//133 6700//133 6699//133
f 6699//138 6700//138 6686//138 6685//138
f 6685//5 6687//5 6689//5 6691//5 6693//5 6695//5 6697//5 6699//5
f 6701//147 6702//147 6704//147 6703//147
f 6703//148 6704//148 6706//148 6705//148
f 6705//3 6706//3 6708//3 6707//3
f 6707//149 6708//149 6710//149 6709//149
f 6709//150 6710//150 6712//150 6711//150
f 6711//151 6712//151 6714//151 6713//151
f 6713//152 6714//152 6716//152 6715//152
f 6715//1 6716//1 6718//1 6717//1
f 6704//6 6702//6 6720//6 6718//6 6716//6 6714//6 6712//6 6710//6 6708//6 6706//6
f 6717//153 6718//153 6720//153 6719//153
f 6719//154 6720//154 6702//154 6701//154
f 6701//5 6703//5 6705//5 6707//5 6709//5 6711//5 6713//5 6715//5 6717//5 6719//5
usemtl MAT_ControlPanel
f 6025//1 6026//1 6028//1 6027//1
f 6027//2 6028//2 6032//2 6031//2
f 6031//3 6032//3 6030//3 6029//3
f 6029//4 6030//4 6026//4 6025//4
f 6027//5 6031//5 6029//5 6025//5
f 6032//6 6028//6 6026//6 6030//6
f 6141//1 6142//1 6144//1 6143//1
f 6143//2 6144//2 6148//2 6147//2
f 6147//3 6148//3 6146//3 6145//3
f 6145//4 6146//4 6142//4 6141//4
f 6143//5 6147//5 6145//5 6141//5
f 6148//6 6144//6 6142//6 6146//6
f 6257//1 6258//1 6260//1 6259//1
f 6259//2 6260//2 6264//2 6263//2
f 6263//3 6264//3 6262//3 6261//3
f 6261//4 6262//4 6258//4 6257//4
f 6259//5 6263//5 6261//5 6257//5
f 6264//6 6260//6 6258//6 6262//6
f 6373//1 6374//1 6376//1 6375//1
f 6375//2 6376//2 6380//2 6379//2
f 6379//3 6380//3 6378//3 6377//3
f 6377//4 6378//4 6374//4 6373//4
f 6375//5 6379//5 6377//5 6373//5
f 6380//6 6376//6 6374//6 6378//6
f 6489//1 6490//1 6492//1 6491//1
f 6491//2 6492//2 6496//2 6495//2
f 6495//3 6496//3 6494//3 6493//3
f 6493//4 6494//4 6490//4 6489//4
f 6491//5 6495//5 6493//5 6489//5
f 6496//6 6492//6 6490//6 6494//6
f 6605//1 6606//1 6608//1 6607//1
f 6607//2 6608//2 6612//2 6611//2
f 6611//3 6612//3 6610//3 6609//3
f 6609//4 6610//4 6606//4 6605//4
f 6607//5 6611//5 6609//5 6605//5
f 6612//6 6608//6 6606//6 6610//6
usemtl MAT_IBCBody
f 6721//1 6722//1 6724//1 6723//1
f 6723//2 6724//2 6728//2 6727//2
f 6727//3 6728//3 6726//3 6725//3
f 6725//4 6726//4 6722//4 6721//4
f 6723//5 6727//5 6725//5 6721//5
f 6728//6 6724//6 6722//6 6726//6
f 6737//1 6738//1 6740//1 6739//1
f 6739//2 6740//2 6744//2 6743//2
f 6743//3 6744//3 6742//3 6741//3
f 6741//4 6742//4 6738//4 6737//4
f 6739//5 6743//5 6741//5 6737//5
f 6744//6 6740//6 6738//6 6742//6
f 6753//1 6754//1 6756//1 6755//1
f 6755//2 6756//2 6760//2 6759//2
f 6759//3 6760//3 6758//3 6757//3
f 6757//4 6758//4 6754//4 6753//4
f 6755//5 6759//5 6757//5 6753//5
f 6760//6 6756//6 6754//6 6758//6
f 6885//1 6886//1 6888//1 6887//1
f 6887//2 6888//2 6892//2 6891//2
f 6891//3 6892//3 6890//3 6889//3
f 6889//4 6890//4 6886//4 6885//4
f 6887//5 6891//5 6889//5 6885//5
f 6892//6 6888//6 6886//6 6890//6
usemtl MAT_IBCFrame
f 6729//1 6730//1 6732//1 6731//1
f 6731//2 6732//2 6736//2 6735//2
f 6735//3 6736//3 6734//3 6733//3
f 6733//4 6734//4 6730//4 6729//4
f 6731//5 6735//5 6733//5 6729//5
f 6736//6 6732//6 6730//6 6734//6
f 6745//1 6746//1 6748//1 6747//1
f 6747//2 6748//2 6752//2 6751//2
f 6751//3 6752//3 6750//3 6749//3
f 6749//4 6750//4 6746//4 6745//4
f 6747//5 6751//5 6749//5 6745//5
f 6752//6 6748//6 6746//6 6750//6
f 6761//1 6762//1 6764//1 6763//1
f 6763//2 6764//2 6768//2 6767//2
f 6767//3 6768//3 6766//3 6765//3
f 6765//4 6766//4 6762//4 6761//4
f 6763//5 6767//5 6765//5 6761//5
f 6768//6 6764//6 6762//6 6766//6
f 6769//1 6770//1 6772//1 6771//1
f 6771//2 6772//2 6776//2 6775//2
f 6775//3 6776//3 6774//3 6773//3
f 6773//4 6774//4 6770//4 6769//4
f 6771//5 6775//5 6773//5 6769//5
f 6776//6 6772//6 6770//6 6774//6
f 6777//1 6778//1 6780//1 6779//1
f 6779//2 6780//2 6784//2 6783//2
f 6783//3 6784//3 6782//3 6781//3
f 6781//4 6782//4 6778//4 6777//4
f 6779//5 6783//5 6781//5 6777//5
f 6784//6 6780//6 6778//6 6782//6
f 6785//1 6786//1 6788//1 6787//1
f 6787//2 6788//2 6792//2 6791//2
f 6791//3 6792//3 6790//3 6789//3
f 6789//4 6790//4 6786//4 6785//4
f 6787//5 6791//5 6789//5 6785//5
f 6792//6 6788//6 6786//6 6790//6
f 6793//1 6794//1 6796//1 6795//1
f 6795//2 6796//2 6800//2 6799//2
f 6799//3 6800//3 6798//3 6797//3
f 6797//4 6798//4 6794//4 6793//4
f 6795//5 6799//5 6797//5 6793//5
f 6800//6 6796//6 6794//6 6798//6
f 6801//1 6802//1 6804//1 6803//1
f 6803//2 6804//2 6808//2 6807//2
f 6807//3 6808//3 6806//3 6805//3
f 6805//4 6806//4 6802//4 6801//4
f 6803//5 6807//5 6805//5 6801//5
f 6808//6 6804//6 6802//6 6806//6
f 6809//1 6810//1 6812//1 6811//1
f 6811//2 6812//2 6816//2 6815//2
f 6815//3 6816//3 6814//3 6813//3
f 6813//4 6814//4 6810//4 6809//4
f 6811//5 6815//5 6813//5 6809//5
f 6816//6 6812//6 6810//6 6814//6
f 6817//1 6818//1 6820//1 6819//1
f 6819//2 6820//2 6824//2 6823//2
f 6823//3 6824//3 6822//3 6821//3
f 6821//4 6822//4 6818//4 6817//4
f 6819//5 6823//5 6821//5 6817//5
f 6824//6 6820//6 6818//6 6822//6
f 6857//155 6858//155 6860//155 6859//155
f 6859//156 6860//156 6862//156 6861//156
f 6861//3 6862//3 6864//3 6863//3
f 6863//157 6864//157 6866//157 6865//157
f 6865//158 6866//158 6868//158 6867//158
f 6867//159 6868//159 6870//159 6869//159
f 6869//160 6870//160 6872//160 6871//160
f 6871//1 6872//1 6874//1 6873//1
f 6860//6 6858//6 6876//6 6874//6 6872//6 6870//6 6868//6 6866//6 6864//6 6862//6
f 6873//161 6874//161 6876//161 6875//161
f 6875//162 6876//162 6858//162 6857//162
f 6857//5 6859//5 6861//5 6863//5 6865//5 6867//5 6869//5 6871//5 6873//5 6875//5
f 6877//1 6878//1 6880//1 6879//1
f 6879//2 6880//2 6884//2 6883//2
f 6883//3 6884//3 6882//3 6881//3
f 6881//4 6882//4 6878//4 6877//4
f 6879//5 6883//5 6881//5 6877//5
f 6884//6 6880//6 6878//6 6882//6
f 6893//1 6894//1 6896//1 6895//1
f 6895//2 6896//2 6900//2 6899//2
f 6899//3 6900//3 6898//3 6897//3
f 6897//4 6898//4 6894//4 6893//4
f 6895//5 6899//5 6897//5 6893//5
f 6900//6 6896//6 6894//6 6898//6
f 6901//1 6902//1 6904//1 6903//1
f 6903//2 6904//2 6908//2 6907//2
f 6907//3 6908//3 6906//3 6905//3
f 6905//4 6906//4 6902//4 6901//4
f 6903//5 6907//5 6905//5 6901//5
f 6908//6 6904//6 6902//6 6906//6
f 6909//1 6910//1 6912//1 6911//1
f 6911//2 6912//2 6916//2 6915//2
f 6915//3 6916//3 6914//3 6913//3
f 6913//4 6914//4 6910//4 6909//4
f 6911//5 6915//5 6913//5 6909//5
f 6916//6 6912//6 6910//6 6914//6
f 6917//1 6918//1 6920//1 6919//1
f 6919//2 6920//2 6924//2 6923//2
f 6923//3 6924//3 6922//3 6921//3
f 6921//4 6922//4 6918//4 6917//4
f 6919//5 6923//5 6921//5 6917//5
f 6924//6 6920//6 6918//6 6922//6
f 6925//1 6926//1 6928//1 6927//1
f 6927//2 6928//2 6932//2 6931//2
f 6931//3 6932//3 6930//3 6929//3
f 6929//4 6930//4 6926//4 6925//4
f 6927//5 6931//5 6929//5 6925//5
f 6932//6 6928//6 6926//6 6930//6
f 6933//1 6934//1 6936//1 6935//1
f 6935//2 6936//2 6940//2 6939//2
f 6939//3 6940//3 6938//3 6937//3
f 6937//4 6938//4 6934//4 6933//4
f 6935//5 6939//5 6937//5 6933//5
f 6940//6 6936//6 6934//6 6938//6
f 6941//1 6942//1 6944//1 6943//1
f 6943//2 6944//2 6948//2 6947//2
f 6947//3 6948//3 6946//3 6945//3
f 6945//4 6946//4 6942//4 6941//4
f 6943//5 6947//5 6945//5 6941//5
f 6948//6 6944//6 6942//6 6946//6
f 6949//1 6950//1 6952//1 6951//1
f 6951//2 6952//2 6956//2 6955//2
f 6955//3 6956//3 6954//3 6953//3
f 6953//4 6954//4 6950//4 6949//4
f 6951//5 6955//5 6953//5 6949//5
f 6956//6 6952//6 6950//6 6954//6
f 6989//155 6990//155 6992//155 6991//155
f 6991//156 6992//156 6994//156 6993//156
f 6993//3 6994//3 6996//3 6995//3
f 6995//157 6996//157 6998//157 6997//157
f 6997//158 6998//158 7000//158 6999//158
f 6999//159 7000//159 7002//159 7001//159
f 7001//160 7002//160 7004//160 7003//160
f 7003//1 7004//1 7006//1 7005//1
f 6992//6 6990//6 7008//6 7006//6 7004//6 7002//6 7000//6 6998//6 6996//6 6994//6
f 7005//161 7006//161 7008//161 7007//161
f 7007//162 7008//162 6990//162 6989//162
f 6989//5 6991//5 6993//5 6995//5 6997//5 6999//5 7001//5 7003//5 7005//5 7007//5
usemtl MAT_HDPE_Trans
f 7033//1 7034//1 7036//1 7035//1
f 7035//2 7036//2 7040//2 7039//2
f 7039//3 7040//3 7038//3 7037//3
f 7037//4 7038//4 7034//4 7033//4
f 7035//5 7039//5 7037//5 7033//5
f 7040//6 7036//6 7034//6 7038//6
f 7165//1 7166//1 7168//1 7167//1
f 7167//2 7168//2 7172//2 7171//2
f 7171//3 7172//3 7170//3 7169//3
f 7169//4 7170//4 7166//4 7165//4
f 7167//5 7171//5 7169//5 7165//5
f 7172//6 7168//6 7166//6 7170//6
usemtl MAT_Valve
f 7105//1 7106//1 7108//1 7107//1
f 7107//2 7108//2 7112//2 7111//2
f 7111//3 7112//3 7110//3 7109//3
f 7109//4 7110//4 7106//4 7105//4
f 7107//5 7111//5 7109//5 7105//5
f 7112//6 7108//6 7106//6 7110//6
f 7237//1 7238//1 7240//1 7239//1
f 7239//2 7240//2 7244//2 7243//2
f 7243//3 7244//3 7242//3 7241//3
f 7241//4 7242//4 7238//4 7237//4
f 7239//5 7243//5 7241//5 7237//5
f 7244//6 7240//6 7238//6 7242//6
usemtl MAT_StainlessSteel
f 7113//89 7114//89 7116//89 7115//89
f 7115//90 7116//90 7118//90 7117//90
f 7117//91 7118//91 7120//91 7119//91
f 7119//92 7120//92 7122//92 7121//92
f 7121//93 7122//93 7124//93 7123//93
f 7123//94 7124//94 7126//94 7125//94
f 7125//95 7126//95 7128//95 7127//95
f 7127//96 7128//96 7130//96 7129//96
f 7129//97 7130//97 7132//97 7131//97
f 7131//98 7132//98 7134//98 7133//98
f 7116//4 7114//4 7136//4 7134//4 7132//4 7130//4 7128//4 7126//4 7124//4 7122//4 7120//4 7118//4
f 7133//99 7134//99 7136//99 7135//99
f 7135//100 7136//100 7114//100 7113//100
f 7113//2 7115//2 7117//2 7119//2 7121//2 7123//2 7125//2 7127//2 7129//2 7131//2 7133//2 7135//2
f 7245//89 7246//89 7248//89 7247//89
f 7247//90 7248//90 7250//90 7249//90
f 7249//91 7250//91 7252//91 7251//91
f 7251//92 7252//92 7254//92 7253//92
f 7253//93 7254//93 7256//93 7255//93
f 7255//94 7256//94 7258//94 7257//94
f 7257//95 7258//95 7260//95 7259//95
f 7259//96 7260//96 7262//96 7261//96
f 7261//97 7262//97 7264//97 7263//97
f 7263//98 7264//98 7266//98 7265//98
f 7248//4 7246//4 7268//4 7266//4 7264//4 7262//4 7260//4 7258//4 7256//4 7254//4 7252//4 7250//4
f 7265//99 7266//99 7268//99 7267//99
f 7267//100 7268//100 7246//100 7245//100
f 7245//2 7247//2 7249//2 7251//2 7253//2 7255//2 7257//2 7259//2 7261//2 7263//2 7265//2 7267//2
usemtl MAT_RackSteel
f 7289//1 7290//1 7292//1 7291//1
f 7291//2 7292//2 7296//2 7295//2
f 7295//3 7296//3 7294//3 7293//3
f 7293//4 7294//4 7290//4 7289//4
f 7291//5 7295//5 7293//5 7289//5
f 7296//6 7292//6 7290//6 7294//6
f 7297//1 7298//1 7300//1 7299//1
f 7299//2 7300//2 7304//2 7303//2
f 7303//3 7304//3 7302//3 7301//3
f 7301//4 7302//4 7298//4 7297//4
f 7299//5 7303//5 7301//5 7297//5
f 7304//6 7300//6 7298//6 7302//6
f 7305//49 7306//49 7308//49 7307//49
f 7307//50 7308//50 7310//50 7309//50
f 7309//51 7310//51 7312//51 7311//51
f 7311//52 7312//52 7314//52 7313//52
f 7313//53 7314//53 7316//53 7315//53
f 7315//54 7316//54 7318//54 7317//54
f 7317//55 7318//55 7320//55 7319//55
f 7319//56 7320//56 7322//56 7321//56
f 7321//57 7322//57 7324//57 7323//57
f 7323//58 7324//58 7326//58 7325//58
f 7308//6 7306//6 7328//6 7326//6 7324//6 7322//6 7320//6 7318//6 7316//6 7314//6 7312//6 7310//6
f 7325//59 7326//59 7328//59 7327//59
f 7327//60 7328//60 7306//60 7305//60
f 7305//5 7307//5 7309//5 7311//5 7313//5 7315//5 7317//5 7319//5 7321//5 7323//5 7325//5 7327//5
f 7329//1 7330//1 7332//1 7331//1
f 7331//2 7332//2 7336//2 7335//2
f 7335//3 7336//3 7334//3 7333//3
f 7333//4 7334//4 7330//4 7329//4
f 7331//5 7335//5 7333//5 7329//5
f 7336//6 7332//6 7330//6 7334//6
f 7337//1 7338//1 7340//1 7339//1
f 7339//2 7340//2 7344//2 7343//2
f 7343//3 7344//3 7342//3 7341//3
f 7341//4 7342//4 7338//4 7337//4
f 7339//5 7343//5 7341//5 7337//5
f 7344//6 7340//6 7338//6 7342//6
f 7353//1 7354//1 7356//1 7355//1
f 7355//2 7356//2 7360//2 7359//2
f 7359//3 7360//3 7358//3 7357//3
f 7357//4 7358//4 7354//4 7353//4
f 7355//5 7359//5 7357//5 7353//5
f 7360//6 7356//6 7354//6 7358//6
f 7361//1 7362//1 7364//1 7363//1
f 7363//2 7364//2 7368//2 7367//2
f 7367//3 7368//3 7366//3 7365//3
f 7365//4 7366//4 7362//4 7361//4
f 7363//5 7367//5 7365//5 7361//5
f 7368//6 7364//6 7362//6 7366//6
f 7369//49 7370//49 7372//49 7371//49
f 7371//50 7372//50 7374//50 7373//50
f 7373//51 7374//51 7376//51 7375//51
f 7375//52 7376//52 7378//52 7377//52
f 7377//53 7378//53 7380//53 7379//53
f 7379//54 7380//54 7382//54 7381//54
f 7381//55 7382//55 7384//55 7383//55
f 7383//56 7384//56 7386//56 7385//56
f 7385//57 7386//57 7388//57 7387//57
f 7387//58 7388//58 7390//58 7389//58
f 7372//6 7370//6 7392//6 7390//6 7388//6 7386//6 7384//6 7382//6 7380//6 7378//6 7376//6 7374//6
f 7389//59 7390//59 7392//59 7391//59
f 7391//60 7392//60 7370//60 7369//60
f 7369//5 7371//5 7373//5 7375//5 7377//5 7379//5 7381//5 7383//5 7385//5 7387//5 7389//5 7391//5
f 7393//1 7394//1 7396//1 7395//1
f 7395//2 7396//2 7400//2 7399//2
f 7399//3 7400//3 7398//3 7397//3
f 7397//4 7398//4 7394//4 7393//4
f 7395//5 7399//5 7397//5 7393//5
f 7400//6 7396//6 7394//6 7398//6
f 7401//1 7402//1 7404//1 7403//1
f 7403//2 7404//2 7408//2 7407//2
f 7407//3 7408//3 7406//3 7405//3
f 7405//4 7406//4 7402//4 7401//4
f 7403//5 7407//5 7405//5 7401//5
f 7408//6 7404//6 7402//6 7406//6
f 7409//1 7410//1 7412//1 7411//1
f 7411//2 7412//2 7416//2 7415//2
f 7415//3 7416//3 7414//3 7413//3
f 7413//4 7414//4 7410//4 7409//4
f 7411//5 7415//5 7413//5 7409//5
f 7416//6 7412//6 7410//6 7414//6
f 7417//1 7418//1 7420//1 7419//1
f 7419//2 7420//2 7424//2 7423//2
f 7423//3 7424//3 7422//3 7421//3
f 7421//4 7422//4 7418//4 7417//4
f 7419//5 7423//5 7421//5 7417//5
f 7424//6 7420//6 7418//6 7422//6
f 7425//1 7426//1 7428//1 7427//1
f 7427//2 7428//2 7432//2 7431//2
f 7431//3 7432//3 7430//3 7429//3
f 7429//4 7430//4 7426//4 7425//4
f 7427//5 7431//5 7429//5 7425//5
f 7432//6 7428//6 7426//6 7430//6
f 7433//1 7434//1 7436//1 7435//1
f 7435//2 7436//2 7440//2 7439//2
f 7439//3 7440//3 7438//3 7437//3
f 7437//4 7438//4 7434//4 7433//4
f 7435//5 7439//5 7437//5 7433//5
f 7440//6 7436//6 7434//6 7438//6
f 7441//1 7442//1 7444//1 7443//1
f 7443//2 7444//2 7448//2 7447//2
f 7447//3 7448//3 7446//3 7445//3
f 7445//4 7446//4 7442//4 7441//4
f 7443//5 7447//5 7445//5 7441//5
f 7448//6 7444//6 7442//6 7446//6
f 7449//1 7450//1 7452//1 7451//1
f 7451//2 7452//2 7456//2 7455//2
f 7455//3 7456//3 7454//3 7453//3
f 7453//4 7454//4 7450//4 7449//4
f 7451//5 7455//5 7453//5 7449//5
f 7456//6 7452//6 7450//6 7454//6
f 7457//1 7458//1 7460//1 7459//1
f 7459//2 7460//2 7464//2 7463//2
f 7463//3 7464//3 7462//3 7461//3
f 7461//4 7462//4 7458//4 7457//4
f 7459//5 7463//5 7461//5 7457//5
f 7464//6 7460//6 7458//6 7462//6
f 7465//1 7466//1 7468//1 7467//1
f 7467//2 7468//2 7472//2 7471//2
f 7471//3 7472//3 7470//3 7469//3
f 7469//4 7470//4 7466//4 7465//4
f 7467//5 7471//5 7469//5 7465//5
f 7472//6 7468//6 7466//6 7470//6
f 7473//1 7474//1 7476//1 7475//1
f 7475//2 7476//2 7480//2 7479//2
f 7479//3 7480//3 7478//3 7477//3
f 7477//4 7478//4 7474//4 7473//4
f 7475//5 7479//5 7477//5 7473//5
f 7480//6 7476//6 7474//6 7478//6
f 7481//1 7482//1 7484//1 7483//1
f 7483//2 7484//2 7488//2 7487//2
f 7487//3 7488//3 7486//3 7485//3
f 7485//4 7486//4 7482//4 7481//4
f 7483//5 7487//5 7485//5 7481//5
f 7488//6 7484//6 7482//6 7486//6
f 7489//1 7490//1 7492//1 7491//1
f 7491//2 7492//2 7496//2 7495//2
f 7495//3 7496//3 7494//3 7493//3
f 7493//4 7494//4 7490//4 7489//4
f 7491//5 7495//5 7493//5 7489//5
f 7496//6 7492//6 7490//6 7494//6
f 7497//1 7498//1 7500//1 7499//1
f 7499//2 7500//2 7504//2 7503//2
f 7503//3 7504//3 7502//3 7501//3
f 7501//4 7502//4 7498//4 7497//4
f 7499//5 7503//5 7501//5 7497//5
f 7504//6 7500//6 7498//6 7502//6
f 7537//1 7538//1 7540//1 7539//1
f 7539//2 7540//2 7544//2 7543//2
f 7543//3 7544//3 7542//3 7541//3
f 7541//4 7542//4 7538//4 7537//4
f 7539//5 7543//5 7541//5 7537//5
f 7544//6 7540//6 7538//6 7542//6
f 7545//1 7546//1 7548//1 7547//1
f 7547//2 7548//2 7552//2 7551//2
f 7551//3 7552//3 7550//3 7549//3
f 7549//4 7550//4 7546//4 7545//4
f 7547//5 7551//5 7549//5 7545//5
f 7552//6 7548//6 7546//6 7550//6
f 7553//49 7554//49 7556//49 7555//49
f 7555//50 7556//50 7558//50 7557//50
f 7557//51 7558//51 7560//51 7559//51
f 7559//52 7560//52 7562//52 7561//52
f 7561//53 7562//53 7564//53 7563//53
f 7563//54 7564//54 7566//54 7565//54
f 7565//55 7566//55 7568//55 7567//55
f 7567//56 7568//56 7570//56 7569//56
f 7569//57 7570//57 7572//57 7571//57
f 7571//58 7572//58 7574//58 7573//58
f 7556//6 7554//6 7576//6 7574//6 7572//6 7570//6 7568//6 7566//6 7564//6 7562//6 7560//6 7558//6
f 7573//59 7574//59 7576//59 7575//59
f 7575//60 7576//60 7554//60 7553//60
f 7553//5 7555//5 7557//5 7559//5 7561//5 7563//5 7565//5 7567//5 7569//5 7571//5 7573//5 7575//5
f 7577//1 7578//1 7580//1 7579//1
f 7579//2 7580//2 7584//2 7583//2
f 7583//3 7584//3 7582//3 7581//3
f 7581//4 7582//4 7578//4 7577//4
f 7579//5 7583//5 7581//5 7577//5
f 7584//6 7580//6 7578//6 7582//6
f 7585//1 7586//1 7588//1 7587//1
f 7587//2 7588//2 7592//2 7591//2
f 7591//3 7592//3 7590//3 7589//3
f 7589//4 7590//4 7586//4 7585//4
f 7587//5 7591//5 7589//5 7585//5
f 7592//6 7588//6 7586//6 7590//6
f 7593//1 7594//1 7596//1 7595//1
f 7595//2 7596//2 7600//2 7599//2
f 7599//3 7600//3 7598//3 7597//3
f 7597//4 7598//4 7594//4 7593//4
f 7595//5 7599//5 7597//5 7593//5
f 7600//6 7596//6 7594//6 7598//6
f 7601//1 7602//1 7604//1 7603//1
f 7603//2 7604//2 7608//2 7607//2
f 7607//3 7608//3 7606//3 7605//3
f 7605//4 7606//4 7602//4 7601//4
f 7603//5 7607//5 7605//5 7601//5
f 7608//6 7604//6 7602//6 7606//6
f 7609//1 7610//1 7612//1 7611//1
f 7611//2 7612//2 7616//2 7615//2
f 7615//3 7616//3 7614//3 7613//3
f 7613//4 7614//4 7610//4 7609//4
f 7611//5 7615//5 7613//5 7609//5
f 7616//6 7612//6 7610//6 7614//6
f 7617//1 7618//1 7620//1 7619//1
f 7619//2 7620//2 7624//2 7623//2
f 7623//3 7624//3 7622//3 7621//3
f 7621//4 7622//4 7618//4 7617//4
f 7619//5 7623//5 7621//5 7617//5
f 7624//6 7620//6 7618//6 7622//6
f 7625//1 7626//1 7628//1 7627//1
f 7627//2 7628//2 7632//2 7631//2
f 7631//3 7632//3 7630//3 7629//3
f 7629//4 7630//4 7626//4 7625//4
f 7627//5 7631//5 7629//5 7625//5
f 7632//6 7628//6 7626//6 7630//6
f 7633//1 7634//1 7636//1 7635//1
f 7635//2 7636//2 7640//2 7639//2
f 7639//3 7640//3 7638//3 7637//3
f 7637//4 7638//4 7634//4 7633//4
f 7635//5 7639//5 7637//5 7633//5
f 7640//6 7636//6 7634//6 7638//6
f 7641//1 7642//1 7644//1 7643//1
f 7643//2 7644//2 7648//2 7647//2
f 7647//3 7648//3 7646//3 7645//3
f 7645//4 7646//4 7642//4 7641//4
f 7643//5 7647//5 7645//5 7641//5
f 7648//6 7644//6 7642//6 7646//6
f 7657//1 7658//1 7660//1 7659//1
f 7659//2 7660//2 7664//2 7663//2
f 7663//3 7664//3 7662//3 7661//3
f 7661//4 7662//4 7658//4 7657//4
f 7659//5 7663//5 7661//5 7657//5
f 7664//6 7660//6 7658//6 7662//6
f 7665//1 7666//1 7668//1 7667//1
f 7667//2 7668//2 7672//2 7671//2
f 7671//3 7672//3 7670//3 7669//3
f 7669//4 7670//4 7666//4 7665//4
f 7667//5 7671//5 7669//5 7665//5
f 7672//6 7668//6 7666//6 7670//6
f 7673//1 7674//1 7676//1 7675//1
f 7675//2 7676//2 7680//2 7679//2
f 7679//3 7680//3 7678//3 7677//3
f 7677//4 7678//4 7674//4 7673//4
f 7675//5 7679//5 7677//5 7673//5
f 7680//6 7676//6 7674//6 7678//6
f 7681//1 7682//1 7684//1 7683//1
f 7683//2 7684//2 7688//2 7687//2
f 7687//3 7688//3 7686//3 7685//3
f 7685//4 7686//4 7682//4 7681//4
f 7683//5 7687//5 7685//5 7681//5
f 7688//6 7684//6 7682//6 7686//6
f 7689//1 7690//1 7692//1 7691//1
f 7691//2 7692//2 7696//2 7695//2
f 7695//3 7696//3 7694//3 7693//3
f 7693//4 7694//4 7690//4 7689//4
f 7691//5 7695//5 7693//5 7689//5
f 7696//6 7692//6 7690//6 7694//6
f 7697//1 7698//1 7700//1 7699//1
f 7699//2 7700//2 7704//2 7703//2
f 7703//3 7704//3 7702//3 7701//3
f 7701//4 7702//4 7698//4 7697//4
f 7699//5 7703//5 7701//5 7697//5
f 7704//6 7700//6 7698//6 7702//6
f 7705//49 7706//49 7708//49 7707//49
f 7707//50 7708//50 7710//50 7709//50
f 7709//51 7710//51 7712//51 7711//51
f 7711//52 7712//52 7714//52 7713//52
f 7713//53 7714//53 7716//53 7715//53
f 7715//54 7716//54 7718//54 7717//54
f 7717//55 7718//55 7720//55 7719//55
f 7719//56 7720//56 7722//56 7721//56
f 7721//57 7722//57 7724//57 7723//57
f 7723//58 7724//58 7726//58 7725//58
f 7708//6 7706//6 7728//6 7726//6 7724//6 7722//6 7720//6 7718//6 7716//6 7714//6 7712//6 7710//6
f 7725//59 7726//59 7728//59 7727//59
f 7727//60 7728//60 7706//60 7705//60
f 7705//5 7707//5 7709//5 7711//5 7713//5 7715//5 7717//5 7719//5 7721//5 7723//5 7725//5 7727//5
f 7729//1 7730//1 7732//1 7731//1
f 7731//2 7732//2 7736//2 7735//2
f 7735//3 7736//3 7734//3 7733//3
f 7733//4 7734//4 7730//4 7729//4
f 7731//5 7735//5 7733//5 7729//5
f 7736//6 7732//6 7730//6 7734//6
f 7737//1 7738//1 7740//1 7739//1
f 7739//2 7740//2 7744//2 7743//2
f 7743//3 7744//3 7742//3 7741//3
f 7741//4 7742//4 7738//4 7737//4
f 7739//5 7743//5 7741//5 7737//5
f 7744//6 7740//6 7738//6 7742//6
f 7777//1 7778//1 7780//1 7779//1
f 7779//2 7780//2 7784//2 7783//2
f 7783//3 7784//3 7782//3 7781//3
f 7781//4 7782//4 7778//4 7777//4
f 7779//5 7783//5 7781//5 7777//5
f 7784//6 7780//6 7778//6 7782//6
f 7785//1 7786//1 7788//1 7787//1
f 7787//2 7788//2 7792//2 7791//2
f 7791//3 7792//3 7790//3 7789//3
f 7789//4 7790//4 7786//4 7785//4
f 7787//5 7791//5 7789//5 7785//5
f 7792//6 7788//6 7786//6 7790//6
f 7793//1 7794//1 7796//1 7795//1
f 7795//2 7796//2 7800//2 7799//2
f 7799//3 7800//3 7798//3 7797//3
f 7797//4 7798//4 7794//4 7793//4
f 7795//5 7799//5 7797//5 7793//5
f 7800//6 7796//6 7794//6 7798//6
f 7801//1 7802//1 7804//1 7803//1
f 7803//2 7804//2 7808//2 7807//2
f 7807//3 7808//3 7806//3 7805//3
f 7805//4 7806//4 7802//4 7801//4
f 7803//5 7807//5 7805//5 7801//5
f 7808//6 7804//6 7802//6 7806//6
f 7833//1 7834//1 7836//1 7835//1
f 7835//2 7836//2 7840//2 7839//2
f 7839//3 7840//3 7838//3 7837//3
f 7837//4 7838//4 7834//4 7833//4
f 7835//5 7839//5 7837//5 7833//5
f 7840//6 7836//6 7834//6 7838//6
f 7841//1 7842//1 7844//1 7843//1
f 7843//2 7844//2 7848//2 7847//2
f 7847//3 7848//3 7846//3 7845//3
f 7845//4 7846//4 7842//4 7841//4
f 7843//5 7847//5 7845//5 7841//5
f 7848//6 7844//6 7842//6 7846//6
f 7849//1 7850//1 7852//1 7851//1
f 7851//2 7852//2 7856//2 7855//2
f 7855//3 7856//3 7854//3 7853//3
f 7853//4 7854//4 7850//4 7849//4
f 7851//5 7855//5 7853//5 7849//5
f 7856//6 7852//6 7850//6 7854//6
f 7857//1 7858//1 7860//1 7859//1
f 7859//2 7860//2 7864//2 7863//2
f 7863//3 7864//3 7862//3 7861//3
f 7861//4 7862//4 7858//4 7857//4
f 7859//5 7863//5 7861//5 7857//5
f 7864//6 7860//6 7858//6 7862//6
f 7881//1 7882//1 7884//1 7883//1
f 7883//2 7884//2 7888//2 7887//2
f 7887//3 7888//3 7886//3 7885//3
f 7885//4 7886//4 7882//4 7881//4
f 7883//5 7887//5 7885//5 7881//5
f 7888//6 7884//6 7882//6 7886//6
f 7889//1 7890//1 7892//1 7891//1
f 7891//2 7892//2 7896//2 7895//2
f 7895//3 7896//3 7894//3 7893//3
f 7893//4 7894//4 7890//4 7889//4
f 7891//5 7895//5 7893//5 7889//5
f 7896//6 7892//6 7890//6 7894//6
f 7897//1 7898//1 7900//1 7899//1
f 7899//2 7900//2 7904//2 7903//2
f 7903//3 7904//3 7902//3 7901//3
f 7901//4 7902//4 7898//4 7897//4
f 7899//5 7903//5 7901//5 7897//5
f 7904//6 7900//6 7898//6 7902//6
f 7905//1 7906//1 7908//1 7907//1
f 7907//2 7908//2 7912//2 7911//2
f 7911//3 7912//3 7910//3 7909//3
f 7909//4 7910//4 7906//4 7905//4
f 7907//5 7911//5 7909//5 7905//5
f 7912//6 7908//6 7906//6 7910//6
f 7929//1 7930//1 7932//1 7931//1
f 7931//2 7932//2 7936//2 7935//2
f 7935//3 7936//3 7934//3 7933//3
f 7933//4 7934//4 7930//4 7929//4
f 7931//5 7935//5 7933//5 7929//5
f 7936//6 7932//6 7930//6 7934//6
f 7937//1 7938//1 7940//1 7939//1
f 7939//2 7940//2 7944//2 7943//2
f 7943//3 7944//3 7942//3 7941//3
f 7941//4 7942//4 7938//4 7937//4
f 7939//5 7943//5 7941//5 7937//5
f 7944//6 7940//6 7938//6 7942//6
f 7945//1 7946//1 7948//1 7947//1
f 7947//2 7948//2 7952//2 7951//2
f 7951//3 7952//3 7950//3 7949//3
f 7949//4 7950//4 7946//4 7945//4
f 7947//5 7951//5 7949//5 7945//5
f 7952//6 7948//6 7946//6 7950//6
f 7953//1 7954//1 7956//1 7955//1
f 7955//2 7956//2 7960//2 7959//2
f 7959//3 7960//3 7958//3 7957//3
f 7957//4 7958//4 7954//4 7953//4
f 7955//5 7959//5 7957//5 7953//5
f 7960//6 7956//6 7954//6 7958//6
f 7977//1 7978//1 7980//1 7979//1
f 7979//2 7980//2 7984//2 7983//2
f 7983//3 7984//3 7982//3 7981//3
f 7981//4 7982//4 7978//4 7977//4
f 7979//5 7983//5 7981//5 7977//5
f 7984//6 7980//6 7978//6 7982//6
f 7985//1 7986//1 7988//1 7987//1
f 7987//2 7988//2 7992//2 7991//2
f 7991//3 7992//3 7990//3 7989//3
f 7989//4 7990//4 7986//4 7985//4
f 7987//5 7991//5 7989//5 7985//5
f 7992//6 7988//6 7986//6 7990//6
f 7993//163 7994//163 7996//163 7995//163
f 7995//164 7996//164 7998//164 7997//164
f 7997//165 7998//165 8000//165 7999//165
f 7999//166 8000//166 8002//166 8001//166
f 8001//167 8002//167 8004//167 8003//167
f 8003//168 8004//168 8006//168 8005//168
f 8005//169 8006//169 8008//169 8007//169
f 8007//170 8008//170 8010//170 8009//170
f 8009//171 8010//171 8012//171 8011//171
f 8011//172 8012//172 8014//172 8013//172
f 7996//173 7994//173 8016//173 8014//173 8012//173 8010//173 8008//173 8006//173 8004//173 8002//173 8000//173 7998//173
f 8013//174 8014//174 8016//174 8015//174
f 8015//175 8016//175 7994//175 7993//175
f 7993//176 7995//176 7997//176 7999//176 8001//176 8003//176 8005//176 8007//176 8009//176 8011//176 8013//176 8015//176
f 8017//1 8018//1 8020//1 8019//1
f 8019//2 8020//2 8024//2 8023//2
f 8023//3 8024//3 8022//3 8021//3
f 8021//4 8022//4 8018//4 8017//4
f 8019//5 8023//5 8021//5 8017//5
f 8024//6 8020//6 8018//6 8022//6
f 8025//1 8026//1 8028//1 8027//1
f 8027//2 8028//2 8032//2 8031//2
f 8031//3 8032//3 8030//3 8029//3
f 8029//4 8030//4 8026//4 8025//4
f 8027//5 8031//5 8029//5 8025//5
f 8032//6 8028//6 8026//6 8030//6
f 8049//1 8050//1 8052//1 8051//1
f 8051//2 8052//2 8056//2 8055//2
f 8055//3 8056//3 8054//3 8053//3
f 8053//4 8054//4 8050//4 8049//4
f 8051//5 8055//5 8053//5 8049//5
f 8056//6 8052//6 8050//6 8054//6
f 8057//1 8058//1 8060//1 8059//1
f 8059//2 8060//2 8064//2 8063//2
f 8063//3 8064//3 8062//3 8061//3
f 8061//4 8062//4 8058//4 8057//4
f 8059//5 8063//5 8061//5 8057//5
f 8064//6 8060//6 8058//6 8062//6
f 8065//1 8066//1 8068//1 8067//1
f 8067//2 8068//2 8072//2 8071//2
f 8071//3 8072//3 8070//3 8069//3
f 8069//4 8070//4 8066//4 8065//4
f 8067//5 8071//5 8069//5 8065//5
f 8072//6 8068//6 8066//6 8070//6
f 8073//1 8074//1 8076//1 8075//1
f 8075//2 8076//2 8080//2 8079//2
f 8079//3 8080//3 8078//3 8077//3
f 8077//4 8078//4 8074//4 8073//4
f 8075//5 8079//5 8077//5 8073//5
f 8080//6 8076//6 8074//6 8078//6
f 8081//1 8082//1 8084//1 8083//1
f 8083//2 8084//2 8088//2 8087//2
f 8087//3 8088//3 8086//3 8085//3
f 8085//4 8086//4 8082//4 8081//4
f 8083//5 8087//5 8085//5 8081//5
f 8088//6 8084//6 8082//6 8086//6
f 8089//1 8090//1 8092//1 8091//1
f 8091//2 8092//2 8096//2 8095//2
f 8095//3 8096//3 8094//3 8093//3
f 8093//4 8094//4 8090//4 8089//4
f 8091//5 8095//5 8093//5 8089//5
f 8096//6 8092//6 8090//6 8094//6
f 8121//1 8122//1 8124//1 8123//1
f 8123//2 8124//2 8128//2 8127//2
f 8127//3 8128//3 8126//3 8125//3
f 8125//4 8126//4 8122//4 8121//4
f 8123//5 8127//5 8125//5 8121//5
f 8128//6 8124//6 8122//6 8126//6
f 8129//1 8130//1 8132//1 8131//1
f 8131//2 8132//2 8136//2 8135//2
f 8135//3 8136//3 8134//3 8133//3
f 8133//4 8134//4 8130//4 8129//4
f 8131//5 8135//5 8133//5 8129//5
f 8136//6 8132//6 8130//6 8134//6
f 8137//1 8138//1 8140//1 8139//1
f 8139//2 8140//2 8144//2 8143//2
f 8143//3 8144//3 8142//3 8141//3
f 8141//4 8142//4 8138//4 8137//4
f 8139//5 8143//5 8141//5 8137//5
f 8144//6 8140//6 8138//6 8142//6
f 8145//1 8146//1 8148//1 8147//1
f 8147//2 8148//2 8152//2 8151//2
f 8151//3 8152//3 8150//3 8149//3
f 8149//4 8150//4 8146//4 8145//4
f 8147//5 8151//5 8149//5 8145//5
f 8152//6 8148//6 8146//6 8150//6
f 8169//1 8170//1 8172//1 8171//1
f 8171//2 8172//2 8176//2 8175//2
f 8175//3 8176//3 8174//3 8173//3
f 8173//4 8174//4 8170//4 8169//4
f 8171//5 8175//5 8173//5 8169//5
f 8176//6 8172//6 8170//6 8174//6
f 8177//1 8178//1 8180//1 8179//1
f 8179//2 8180//2 8184//2 8183//2
f 8183//3 8184//3 8182//3 8181//3
f 8181//4 8182//4 8178//4 8177//4
f 8179//5 8183//5 8181//5 8177//5
f 8184//6 8180//6 8178//6 8182//6
f 8185//1 8186//1 8188//1 8187//1
f 8187//2 8188//2 8192//2 8191//2
f 8191//3 8192//3 8190//3 8189//3
f 8189//4 8190//4 8186//4 8185//4
f 8187//5 8191//5 8189//5 8185//5
f 8192//6 8188//6 8186//6 8190//6
f 8193//1 8194//1 8196//1 8195//1
f 8195//2 8196//2 8200//2 8199//2
f 8199//3 8200//3 8198//3 8197//3
f 8197//4 8198//4 8194//4 8193//4
f 8195//5 8199//5 8197//5 8193//5
f 8200//6 8196//6 8194//6 8198//6
f 8217//1 8218//1 8220//1 8219//1
f 8219//2 8220//2 8224//2 8223//2
f 8223//3 8224//3 8222//3 8221//3
f 8221//4 8222//4 8218//4 8217//4
f 8219//5 8223//5 8221//5 8217//5
f 8224//6 8220//6 8218//6 8222//6
f 8225//1 8226//1 8228//1 8227//1
f 8227//2 8228//2 8232//2 8231//2
f 8231//3 8232//3 8230//3 8229//3
f 8229//4 8230//4 8226//4 8225//4
f 8227//5 8231//5 8229//5 8225//5
f 8232//6 8228//6 8226//6 8230//6
f 8233//1 8234//1 8236//1 8235//1
f 8235//2 8236//2 8240//2 8239//2
f 8239//3 8240//3 8238//3 8237//3
f 8237//4 8238//4 8234//4 8233//4
f 8235//5 8239//5 8237//5 8233//5
f 8240//6 8236//6 8234//6 8238//6
f 8241//1 8242//1 8244//1 8243//1
f 8243//2 8244//2 8248//2 8247//2
f 8247//3 8248//3 8246//3 8245//3
f 8245//4 8246//4 8242//4 8241//4
f 8243//5 8247//5 8245//5 8241//5
f 8248//6 8244//6 8242//6 8246//6
f 8265//1 8266//1 8268//1 8267//1
f 8267//2 8268//2 8272//2 8271//2
f 8271//3 8272//3 8270//3 8269//3
f 8269//4 8270//4 8266//4 8265//4
f 8267//5 8271//5 8269//5 8265//5
f 8272//6 8268//6 8266//6 8270//6
f 8273//1 8274//1 8276//1 8275//1
f 8275//2 8276//2 8280//2 8279//2
f 8279//3 8280//3 8278//3 8277//3
f 8277//4 8278//4 8274//4 8273//4
f 8275//5 8279//5 8277//5 8273//5
f 8280//6 8276//6 8274//6 8278//6
f 8281//1 8282//1 8284//1 8283//1
f 8283//2 8284//2 8288//2 8287//2
f 8287//3 8288//3 8286//3 8285//3
f 8285//4 8286//4 8282//4 8281//4
f 8283//5 8287//5 8285//5 8281//5
f 8288//6 8284//6 8282//6 8286//6
f 8289//1 8290//1 8292//1 8291//1
f 8291//2 8292//2 8296//2 8295//2
f 8295//3 8296//3 8294//3 8293//3
f 8293//4 8294//4 8290//4 8289//4
f 8291//5 8295//5 8293//5 8289//5
f 8296//6 8292//6 8290//6 8294//6
f 8313//1 8314//1 8316//1 8315//1
f 8315//2 8316//2 8320//2 8319//2
f 8319//3 8320//3 8318//3 8317//3
f 8317//4 8318//4 8314//4 8313//4
f 8315//5 8319//5 8317//5 8313//5
f 8320//6 8316//6 8314//6 8318//6
f 8321//1 8322//1 8324//1 8323//1
f 8323//2 8324//2 8328//2 8327//2
f 8327//3 8328//3 8326//3 8325//3
f 8325//4 8326//4 8322//4 8321//4
f 8323//5 8327//5 8325//5 8321//5
f 8328//6 8324//6 8322//6 8326//6
usemtl MAT_RackBeam
f 7345//1 7346//1 7348//1 7347//1
f 7347//2 7348//2 7352//2 7351//2
f 7351//3 7352//3 7350//3 7349//3
f 7349//4 7350//4 7346//4 7345//4
f 7347//5 7351//5 7349//5 7345//5
f 7352//6 7348//6 7346//6 7350//6
f 7649//1 7650//1 7652//1 7651//1
f 7651//2 7652//2 7656//2 7655//2
f 7655//3 7656//3 7654//3 7653//3
f 7653//4 7654//4 7650//4 7649//4
f 7651//5 7655//5 7653//5 7649//5
f 7656//6 7652//6 7650//6 7654//6
f 7809//1 7810//1 7812//1 7811//1
f 7811//2 7812//2 7816//2 7815//2
f 7815//3 7816//3 7814//3 7813//3
f 7813//4 7814//4 7810//4 7809//4
f 7811//5 7815//5 7813//5 7809//5
f 7816//6 7812//6 7810//6 7814//6
f 7817//1 7818//1 7820//1 7819//1
f 7819//2 7820//2 7824//2 7823//2
f 7823//3 7824//3 7822//3 7821//3
f 7821//4 7822//4 7818//4 7817//4
f 7819//5 7823//5 7821//5 7817//5
f 7824//6 7820//6 7818//6 7822//6
f 7825//1 7826//1 7828//1 7827//1
f 7827//2 7828//2 7832//2 7831//2
f 7831//3 7832//3 7830//3 7829//3
f 7829//4 7830//4 7826//4 7825//4
f 7827//5 7831//5 7829//5 7825//5
f 7832//6 7828//6 7826//6 7830//6
f 7865//1 7866//1 7868//1 7867//1
f 7867//2 7868//2 7872//2 7871//2
f 7871//3 7872//3 7870//3 7869//3
f 7869//4 7870//4 7866//4 7865//4
f 7867//5 7871//5 7869//5 7865//5
f 7872//6 7868//6 7866//6 7870//6
f 7873//1 7874//1 7876//1 7875//1
f 7875//2 7876//2 7880//2 7879//2
f 7879//3 7880//3 7878//3 7877//3
f 7877//4 7878//4 7874//4 7873//4
f 7875//5 7879//5 7877//5 7873//5
f 7880//6 7876//6 7874//6 7878//6
f 7913//1 7914//1 7916//1 7915//1
f 7915//2 7916//2 7920//2 7919//2
f 7919//3 7920//3 7918//3 7917//3
f 7917//4 7918//4 7914//4 7913//4
f 7915//5 7919//5 7917//5 7913//5
f 7920//6 7916//6 7914//6 7918//6
f 7921//1 7922//1 7924//1 7923//1
f 7923//2 7924//2 7928//2 7927//2
f 7927//3 7928//3 7926//3 7925//3
f 7925//4 7926//4 7922//4 7921//4
f 7923//5 7927//5 7925//5 7921//5
f 7928//6 7924//6 7922//6 7926//6
f 7961//1 7962//1 7964//1 7963//1
f 7963//2 7964//2 7968//2 7967//2
f 7967//3 7968//3 7966//3 7965//3
f 7965//4 7966//4 7962//4 7961//4
f 7963//5 7967//5 7965//5 7961//5
f 7968//6 7964//6 7962//6 7966//6
f 7969//1 7970//1 7972//1 7971//1
f 7971//2 7972//2 7976//2 7975//2
f 7975//3 7976//3 7974//3 7973//3
f 7973//4 7974//4 7970//4 7969//4
f 7971//5 7975//5 7973//5 7969//5
f 7976//6 7972//6 7970//6 7974//6
f 8033//1 8034//1 8036//1 8035//1
f 8035//2 8036//2 8040//2 8039//2
f 8039//3 8040//3 8038//3 8037//3
f 8037//4 8038//4 8034//4 8033//4
f 8035//5 8039//5 8037//5 8033//5
f 8040//6 8036//6 8034//6 8038//6
f 8041//1 8042//1 8044//1 8043//1
f 8043//2 8044//2 8048//2 8047//2
f 8047//3 8048//3 8046//3 8045//3
f 8045//4 8046//4 8042//4 8041//4
f 8043//5 8047//5 8045//5 8041//5
f 8048//6 8044//6 8042//6 8046//6
f 8097//1 8098//1 8100//1 8099//1
f 8099//2 8100//2 8104//2 8103//2
f 8103//3 8104//3 8102//3 8101//3
f 8101//4 8102//4 8098//4 8097//4
f 8099//5 8103//5 8101//5 8097//5
f 8104//6 8100//6 8098//6 8102//6
f 8105//1 8106//1 8108//1 8107//1
f 8107//2 8108//2 8112//2 8111//2
f 8111//3 8112//3 8110//3 8109//3
f 8109//4 8110//4 8106//4 8105//4
f 8107//5 8111//5 8109//5 8105//5
f 8112//6 8108//6 8106//6 8110//6
f 8113//1 8114//1 8116//1 8115//1
f 8115//2 8116//2 8120//2 8119//2
f 8119//3 8120//3 8118//3 8117//3
f 8117//4 8118//4 8114//4 8113//4
f 8115//5 8119//5 8117//5 8113//5
f 8120//6 8116//6 8114//6 8118//6
f 8153//1 8154//1 8156//1 8155//1
f 8155//2 8156//2 8160//2 8159//2
f 8159//3 8160//3 8158//3 8157//3
f 8157//4 8158//4 8154//4 8153//4
f 8155//5 8159//5 8157//5 8153//5
f 8160//6 8156//6 8154//6 8158//6
f 8161//1 8162//1 8164//1 8163//1
f 8163//2 8164//2 8168//2 8167//2
f 8167//3 8168//3 8166//3 8165//3
f 8165//4 8166//4 8162//4 8161//4
f 8163//5 8167//5 8165//5 8161//5
f 8168//6 8164//6 8162//6 8166//6
f 8201//1 8202//1 8204//1 8203//1
f 8203//2 8204//2 8208//2 8207//2
f 8207//3 8208//3 8206//3 8205//3
f 8205//4 8206//4 8202//4 8201//4
f 8203//5 8207//5 8205//5 8201//5
f 8208//6 8204//6 8202//6 8206//6
f 8209//1 8210//1 8212//1 8211//1
f 8211//2 8212//2 8216//2 8215//2
f 8215//3 8216//3 8214//3 8213//3
f 8213//4 8214//4 8210//4 8209//4
f 8211//5 8215//5 8213//5 8209//5
f 8216//6 8212//6 8210//6 8214//6
f 8249//1 8250//1 8252//1 8251//1
f 8251//2 8252//2 8256//2 8255//2
f 8255//3 8256//3 8254//3 8253//3
f 8253//4 8254//4 8250//4 8249//4
f 8251//5 8255//5 8253//5 8249//5
f 8256//6 8252//6 8250//6 8254//6
f 8257//1 8258//1 8260//1 8259//1
f 8259//2 8260//2 8264//2 8263//2
f 8263//3 8264//3 8262//3 8261//3
f 8261//4 8262//4 8258//4 8257//4
f 8259//5 8263//5 8261//5 8257//5
f 8264//6 8260//6 8258//6 8262//6
f 8297//1 8298//1 8300//1 8299//1
f 8299//2 8300//2 8304//2 8303//2
f 8303//3 8304//3 8302//3 8301//3
f 8301//4 8302//4 8298//4 8297//4
f 8299//5 8303//5 8301//5 8297//5
f 8304//6 8300//6 8298//6 8302//6
f 8305//1 8306//1 8308//1 8307//1
f 8307//2 8308//2 8312//2 8311//2
f 8311//3 8312//3 8310//3 8309//3
f 8309//4 8310//4 8306//4 8305//4
f 8307//5 8311//5 8309//5 8305//5
f 8312//6 8308//6 8306//6 8310//6
usemtl MAT_PalletWood
f 8329//1 8330//1 8332//1 8331//1
f 8331//2 8332//2 8336//2 8335//2
f 8335//3 8336//3 8334//3 8333//3
f 8333//4 8334//4 8330//4 8329//4
f 8331//5 8335//5 8333//5 8329//5
f 8336//6 8332//6 8330//6 8334//6
f 8337//1 8338//1 8340//1 8339//1
f 8339//2 8340//2 8344//2 8343//2
f 8343//3 8344//3 8342//3 8341//3
f 8341//4 8342//4 8338//4 8337//4
f 8339//5 8343//5 8341//5 8337//5
f 8344//6 8340//6 8338//6 8342//6
f 8345//1 8346//1 8348//1 8347//1
f 8347//2 8348//2 8352//2 8351//2
f 8351//3 8352//3 8350//3 8349//3
f 8349//4 8350//4 8346//4 8345//4
f 8347//5 8351//5 8349//5 8345//5
f 8352//6 8348//6 8346//6 8350//6
f 8353//1 8354//1 8356//1 8355//1
f 8355//2 8356//2 8360//2 8359//2
f 8359//3 8360//3 8358//3 8357//3
f 8357//4 8358//4 8354//4 8353//4
f 8355//5 8359//5 8357//5 8353//5
f 8360//6 8356//6 8354//6 8358//6
f 8361//1 8362//1 8364//1 8363//1
f 8363//2 8364//2 8368//2 8367//2
f 8367//3 8368//3 8366//3 8365//3
f 8365//4 8366//4 8362//4 8361//4
f 8363//5 8367//5 8365//5 8361//5
f 8368//6 8364//6 8362//6 8366//6
f 8369//1 8370//1 8372//1 8371//1
f 8371//2 8372//2 8376//2 8375//2
f 8375//3 8376//3 8374//3 8373//3
f 8373//4 8374//4 8370//4 8369//4
f 8371//5 8375//5 8373//5 8369//5
f 8376//6 8372//6 8370//6 8374//6
f 8377//1 8378//1 8380//1 8379//1
f 8379//2 8380//2 8384//2 8383//2
f 8383//3 8384//3 8382//3 8381//3
f 8381//4 8382//4 8378//4 8377//4
f 8379//5 8383//5 8381//5 8377//5
f 8384//6 8380//6 8378//6 8382//6
f 8385//1 8386//1 8388//1 8387//1
f 8387//2 8388//2 8392//2 8391//2
f 8391//3 8392//3 8390//3 8389//3
f 8389//4 8390//4 8386//4 8385//4
f 8387//5 8391//5 8389//5 8385//5
f 8392//6 8388//6 8386//6 8390//6
f 8393//1 8394//1 8396//1 8395//1
f 8395//2 8396//2 8400//2 8399//2
f 8399//3 8400//3 8398//3 8397//3
f 8397//4 8398//4 8394//4 8393//4
f 8395//5 8399//5 8397//5 8393//5
f 8400//6 8396//6 8394//6 8398//6
f 8401//1 8402//1 8404//1 8403//1
f 8403//2 8404//2 8408//2 8407//2
f 8407//3 8408//3 8406//3 8405//3
f 8405//4 8406//4 8402//4 8401//4
f 8403//5 8407//5 8405//5 8401//5
f 8408//6 8404//6 8402//6 8406//6
f 8409//1 8410//1 8412//1 8411//1
f 8411//2 8412//2 8416//2 8415//2
f 8415//3 8416//3 8414//3 8413//3
f 8413//4 8414//4 8410//4 8409//4
f 8411//5 8415//5 8413//5 8409//5
f 8416//6 8412//6 8410//6 8414//6
f 8417//1 8418//1 8420//1 8419//1
f 8419//2 8420//2 8424//2 8423//2
f 8423//3 8424//3 8422//3 8421//3
f 8421//4 8422//4 8418//4 8417//4
f 8419//5 8423//5 8421//5 8417//5
f 8424//6 8420//6 8418//6 8422//6
f 8425//1 8426//1 8428//1 8427//1
f 8427//2 8428//2 8432//2 8431//2
f 8431//3 8432//3 8430//3 8429//3
f 8429//4 8430//4 8426//4 8425//4
f 8427//5 8431//5 8429//5 8425//5
f 8432//6 8428//6 8426//6 8430//6
f 8433//1 8434//1 8436//1 8435//1
f 8435//2 8436//2 8440//2 8439//2
f 8439//3 8440//3 8438//3 8437//3
f 8437//4 8438//4 8434//4 8433//4
f 8435//5 8439//5 8437//5 8433//5
f 8440//6 8436//6 8434//6 8438//6
f 8441//1 8442//1 8444//1 8443//1
f 8443//2 8444//2 8448//2 8447//2
f 8447//3 8448//3 8446//3 8445//3
f 8445//4 8446//4 8442//4 8441//4
f 8443//5 8447//5 8445//5 8441//5
f 8448//6 8444//6 8442//6 8446//6
f 8449//1 8450//1 8452//1 8451//1
f 8451//2 8452//2 8456//2 8455//2
f 8455//3 8456//3 8454//3 8453//3
f 8453//4 8454//4 8450//4 8449//4
f 8451//5 8455//5 8453//5 8449//5
f 8456//6 8452//6 8450//6 8454//6
f 8457//1 8458//1 8460//1 8459//1
f 8459//2 8460//2 8464//2 8463//2
f 8463//3 8464//3 8462//3 8461//3
f 8461//4 8462//4 8458//4 8457//4
f 8459//5 8463//5 8461//5 8457//5
f 8464//6 8460//6 8458//6 8462//6
f 8465//1 8466//1 8468//1 8467//1
f 8467//2 8468//2 8472//2 8471//2
f 8471//3 8472//3 8470//3 8469//3
f 8469//4 8470//4 8466//4 8465//4
f 8467//5 8471//5 8469//5 8465//5
f 8472//6 8468//6 8466//6 8470//6
f 8473//1 8474//1 8476//1 8475//1
f 8475//2 8476//2 8480//2 8479//2
f 8479//3 8480//3 8478//3 8477//3
f 8477//4 8478//4 8474//4 8473//4
f 8475//5 8479//5 8477//5 8473//5
f 8480//6 8476//6 8474//6 8478//6
f 8481//1 8482//1 8484//1 8483//1
f 8483//2 8484//2 8488//2 8487//2
f 8487//3 8488//3 8486//3 8485//3
f 8485//4 8486//4 8482//4 8481//4
f 8483//5 8487//5 8485//5 8481//5
f 8488//6 8484//6 8482//6 8486//6
f 8497//1 8498//1 8500//1 8499//1
f 8499//2 8500//2 8504//2 8503//2
f 8503//3 8504//3 8502//3 8501//3
f 8501//4 8502//4 8498//4 8497//4
f 8499//5 8503//5 8501//5 8497//5
f 8504//6 8500//6 8498//6 8502//6
f 8505//1 8506//1 8508//1 8507//1
f 8507//2 8508//2 8512//2 8511//2
f 8511//3 8512//3 8510//3 8509//3
f 8509//4 8510//4 8506//4 8505//4
f 8507//5 8511//5 8509//5 8505//5
f 8512//6 8508//6 8506//6 8510//6
f 8513//1 8514//1 8516//1 8515//1
f 8515//2 8516//2 8520//2 8519//2
f 8519//3 8520//3 8518//3 8517//3
f 8517//4 8518//4 8514//4 8513//4
f 8515//5 8519//5 8517//5 8513//5
f 8520//6 8516//6 8514//6 8518//6
f 8521//1 8522//1 8524//1 8523//1
f 8523//2 8524//2 8528//2 8527//2
f 8527//3 8528//3 8526//3 8525//3
f 8525//4 8526//4 8522//4 8521//4
f 8523//5 8527//5 8525//5 8521//5
f 8528//6 8524//6 8522//6 8526//6
f 8529//1 8530//1 8532//1 8531//1
f 8531//2 8532//2 8536//2 8535//2
f 8535//3 8536//3 8534//3 8533//3
f 8533//4 8534//4 8530//4 8529//4
f 8531//5 8535//5 8533//5 8529//5
f 8536//6 8532//6 8530//6 8534//6
f 8537//1 8538//1 8540//1 8539//1
f 8539//2 8540//2 8544//2 8543//2
f 8543//3 8544//3 8542//3 8541//3
f 8541//4 8542//4 8538//4 8537//4
f 8539//5 8543//5 8541//5 8537//5
f 8544//6 8540//6 8538//6 8542//6
f 8545//1 8546//1 8548//1 8547//1
f 8547//2 8548//2 8552//2 8551//2
f 8551//3 8552//3 8550//3 8549//3
f 8549//4 8550//4 8546//4 8545//4
f 8547//5 8551//5 8549//5 8545//5
f 8552//6 8548//6 8546//6 8550//6
f 8553//1 8554//1 8556//1 8555//1
f 8555//2 8556//2 8560//2 8559//2
f 8559//3 8560//3 8558//3 8557//3
f 8557//4 8558//4 8554//4 8553//4
f 8555//5 8559//5 8557//5 8553//5
f 8560//6 8556//6 8554//6 8558//6
f 8561//1 8562//1 8564//1 8563//1
f 8563//2 8564//2 8568//2 8567//2
f 8567//3 8568//3 8566//3 8565//3
f 8565//4 8566//4 8562//4 8561//4
f 8563//5 8567//5 8565//5 8561//5
f 8568//6 8564//6 8562//6 8566//6
f 8569//1 8570//1 8572//1 8571//1
f 8571//2 8572//2 8576//2 8575//2
f 8575//3 8576//3 8574//3 8573//3
f 8573//4 8574//4 8570//4 8569//4
f 8571//5 8575//5 8573//5 8569//5
f 8576//6 8572//6 8570//6 8574//6
f 8577//1 8578//1 8580//1 8579//1
f 8579//2 8580//2 8584//2 8583//2
f 8583//3 8584//3 8582//3 8581//3
f 8581//4 8582//4 8578//4 8577//4
f 8579//5 8583//5 8581//5 8577//5
f 8584//6 8580//6 8578//6 8582//6
f 8585//1 8586//1 8588//1 8587//1
f 8587//2 8588//2 8592//2 8591//2
f 8591//3 8592//3 8590//3 8589//3
f 8589//4 8590//4 8586//4 8585//4
f 8587//5 8591//5 8589//5 8585//5
f 8592//6 8588//6 8586//6 8590//6
f 8593//1 8594//1 8596//1 8595//1
f 8595//2 8596//2 8600//2 8599//2
f 8599//3 8600//3 8598//3 8597//3
f 8597//4 8598//4 8594//4 8593//4
f 8595//5 8599//5 8597//5 8593//5
f 8600//6 8596//6 8594//6 8598//6
f 8601//1 8602//1 8604//1 8603//1
f 8603//2 8604//2 8608//2 8607//2
f 8607//3 8608//3 8606//3 8605//3
f 8605//4 8606//4 8602//4 8601//4
f 8603//5 8607//5 8605//5 8601//5
f 8608//6 8604//6 8602//6 8606//6
f 8609//1 8610//1 8612//1 8611//1
f 8611//2 8612//2 8616//2 8615//2
f 8615//3 8616//3 8614//3 8613//3
f 8613//4 8614//4 8610//4 8609//4
f 8611//5 8615//5 8613//5 8609//5
f 8616//6 8612//6 8610//6 8614//6
f 8625//1 8626//1 8628//1 8627//1
f 8627//2 8628//2 8632//2 8631//2
f 8631//3 8632//3 8630//3 8629//3
f 8629//4 8630//4 8626//4 8625//4
f 8627//5 8631//5 8629//5 8625//5
f 8632//6 8628//6 8626//6 8630//6
f 8633//1 8634//1 8636//1 8635//1
f 8635//2 8636//2 8640//2 8639//2
f 8639//3 8640//3 8638//3 8637//3
f 8637//4 8638//4 8634//4 8633//4
f 8635//5 8639//5 8637//5 8633//5
f 8640//6 8636//6 8634//6 8638//6
f 8641//1 8642//1 8644//1 8643//1
f 8643//2 8644//2 8648//2 8647//2
f 8647//3 8648//3 8646//3 8645//3
f 8645//4 8646//4 8642//4 8641//4
f 8643//5 8647//5 8645//5 8641//5
f 8648//6 8644//6 8642//6 8646//6
f 8649//1 8650//1 8652//1 8651//1
f 8651//2 8652//2 8656//2 8655//2
f 8655//3 8656//3 8654//3 8653//3
f 8653//4 8654//4 8650//4 8649//4
f 8651//5 8655//5 8653//5 8649//5
f 8656//6 8652//6 8650//6 8654//6
f 8657//1 8658//1 8660//1 8659//1
f 8659//2 8660//2 8664//2 8663//2
f 8663//3 8664//3 8662//3 8661//3
f 8661//4 8662//4 8658//4 8657//4
f 8659//5 8663//5 8661//5 8657//5
f 8664//6 8660//6 8658//6 8662//6
f 8665//1 8666//1 8668//1 8667//1
f 8667//2 8668//2 8672//2 8671//2
f 8671//3 8672//3 8670//3 8669//3
f 8669//4 8670//4 8666//4 8665//4
f 8667//5 8671//5 8669//5 8665//5
f 8672//6 8668//6 8666//6 8670//6
f 8673//1 8674//1 8676//1 8675//1
f 8675//2 8676//2 8680//2 8679//2
f 8679//3 8680//3 8678//3 8677//3
f 8677//4 8678//4 8674//4 8673//4
f 8675//5 8679//5 8677//5 8673//5
f 8680//6 8676//6 8674//6 8678//6
f 8681//1 8682//1 8684//1 8683//1
f 8683//2 8684//2 8688//2 8687//2
f 8687//3 8688//3 8686//3 8685//3
f 8685//4 8686//4 8682//4 8681//4
f 8683//5 8687//5 8685//5 8681//5
f 8688//6 8684//6 8682//6 8686//6
f 8689//1 8690//1 8692//1 8691//1
f 8691//2 8692//2 8696//2 8695//2
f 8695//3 8696//3 8694//3 8693//3
f 8693//4 8694//4 8690//4 8689//4
f 8691//5 8695//5 8693//5 8689//5
f 8696//6 8692//6 8690//6 8694//6
f 8697//1 8698//1 8700//1 8699//1
f 8699//2 8700//2 8704//2 8703//2
f 8703//3 8704//3 8702//3 8701//3
f 8701//4 8702//4 8698//4 8697//4
f 8699//5 8703//5 8701//5 8697//5
f 8704//6 8700//6 8698//6 8702//6
f 8713//1 8714//1 8716//1 8715//1
f 8715//2 8716//2 8720//2 8719//2
f 8719//3 8720//3 8718//3 8717//3
f 8717//4 8718//4 8714//4 8713//4
f 8715//5 8719//5 8717//5 8713//5
f 8720//6 8716//6 8714//6 8718//6
f 8721//1 8722//1 8724//1 8723//1
f 8723//2 8724//2 8728//2 8727//2
f 8727//3 8728//3 8726//3 8725//3
f 8725//4 8726//4 8722//4 8721//4
f 8723//5 8727//5 8725//5 8721//5
f 8728//6 8724//6 8722//6 8726//6
f 8729//1 8730//1 8732//1 8731//1
f 8731//2 8732//2 8736//2 8735//2
f 8735//3 8736//3 8734//3 8733//3
f 8733//4 8734//4 8730//4 8729//4
f 8731//5 8735//5 8733//5 8729//5
f 8736//6 8732//6 8730//6 8734//6
f 8737//1 8738//1 8740//1 8739//1
f 8739//2 8740//2 8744//2 8743//2
f 8743//3 8744//3 8742//3 8741//3
f 8741//4 8742//4 8738//4 8737//4
f 8739//5 8743//5 8741//5 8737//5
f 8744//6 8740//6 8738//6 8742//6
f 8745//1 8746//1 8748//1 8747//1
f 8747//2 8748//2 8752//2 8751//2
f 8751//3 8752//3 8750//3 8749//3
f 8749//4 8750//4 8746//4 8745//4
f 8747//5 8751//5 8749//5 8745//5
f 8752//6 8748//6 8746//6 8750//6
f 8753//1 8754//1 8756//1 8755//1
f 8755//2 8756//2 8760//2 8759//2
f 8759//3 8760//3 8758//3 8757//3
f 8757//4 8758//4 8754//4 8753//4
f 8755//5 8759//5 8757//5 8753//5
f 8760//6 8756//6 8754//6 8758//6
f 8761//1 8762//1 8764//1 8763//1
f 8763//2 8764//2 8768//2 8767//2
f 8767//3 8768//3 8766//3 8765//3
f 8765//4 8766//4 8762//4 8761//4
f 8763//5 8767//5 8765//5 8761//5
f 8768//6 8764//6 8762//6 8766//6
f 8769//1 8770//1 8772//1 8771//1
f 8771//2 8772//2 8776//2 8775//2
f 8775//3 8776//3 8774//3 8773//3
f 8773//4 8774//4 8770//4 8769//4
f 8771//5 8775//5 8773//5 8769//5
f 8776//6 8772//6 8770//6 8774//6
f 8777//1 8778//1 8780//1 8779//1
f 8779//2 8780//2 8784//2 8783//2
f 8783//3 8784//3 8782//3 8781//3
f 8781//4 8782//4 8778//4 8777//4
f 8779//5 8783//5 8781//5 8777//5
f 8784//6 8780//6 8778//6 8782//6
f 8785//1 8786//1 8788//1 8787//1
f 8787//2 8788//2 8792//2 8791//2
f 8791//3 8792//3 8790//3 8789//3
f 8789//4 8790//4 8786//4 8785//4
f 8787//5 8791//5 8789//5 8785//5
f 8792//6 8788//6 8786//6 8790//6
usemtl MAT_ShelfBoard
f 8617//1 8618//1 8620//1 8619//1
f 8619//2 8620//2 8624//2 8623//2
f 8623//3 8624//3 8622//3 8621//3
f 8621//4 8622//4 8618//4 8617//4
f 8619//5 8623//5 8621//5 8617//5
f 8624//6 8620//6 8618//6 8622//6
f 8705//1 8706//1 8708//1 8707//1
f 8707//2 8708//2 8712//2 8711//2
f 8711//3 8712//3 8710//3 8709//3
f 8709//4 8710//4 8706//4 8705//4
f 8707//5 8711//5 8709//5 8705//5
f 8712//6 8708//6 8706//6 8710//6
usemtl MAT_Wood
f 8793//1 8794//1 8796//1 8795//1
f 8795//2 8796//2 8800//2 8799//2
f 8799//3 8800//3 8798//3 8797//3
f 8797//4 8798//4 8794//4 8793//4
f 8795//5 8799//5 8797//5 8793//5
f 8800//6 8796//6 8794//6 8798//6
f 8801//1 8802//1 8804//1 8803//1
f 8803//2 8804//2 8808//2 8807//2
f 8807//3 8808//3 8806//3 8805//3
f 8805//4 8806//4 8802//4 8801//4
f 8803//5 8807//5 8805//5 8801//5
f 8808//6 8804//6 8802//6 8806//6
f 8809//1 8810//1 8812//1 8811//1
f 8811//2 8812//2 8816//2 8815//2
f 8815//3 8816//3 8814//3 8813//3
f 8813//4 8814//4 8810//4 8809//4
f 8811//5 8815//5 8813//5 8809//5
f 8816//6 8812//6 8810//6 8814//6
f 8817//1 8818//1 8820//1 8819//1
f 8819//2 8820//2 8824//2 8823//2
f 8823//3 8824//3 8822//3 8821//3
f 8821//4 8822//4 8818//4 8817//4
f 8819//5 8823//5 8821//5 8817//5
f 8824//6 8820//6 8818//6 8822//6
f 8825//1 8826//1 8828//1 8827//1
f 8827//2 8828//2 8832//2 8831//2
f 8831//3 8832//3 8830//3 8829//3
f 8829//4 8830//4 8826//4 8825//4
f 8827//5 8831//5 8829//5 8825//5
f 8832//6 8828//6 8826//6 8830//6
f 8833//1 8834//1 8836//1 8835//1
f 8835//2 8836//2 8840//2 8839//2
f 8839//3 8840//3 8838//3 8837//3
f 8837//4 8838//4 8834//4 8833//4
f 8835//5 8839//5 8837//5 8833//5
f 8840//6 8836//6 8834//6 8838//6
f 8841//1 8842//1 8844//1 8843//1
f 8843//2 8844//2 8848//2 8847//2
f 8847//3 8848//3 8846//3 8845//3
f 8845//4 8846//4 8842//4 8841//4
f 8843//5 8847//5 8845//5 8841//5
f 8848//6 8844//6 8842//6 8846//6
f 8849//1 8850//1 8852//1 8851//1
f 8851//2 8852//2 8856//2 8855//2
f 8855//3 8856//3 8854//3 8853//3
f 8853//4 8854//4 8850//4 8849//4
f 8851//5 8855//5 8853//5 8849//5
f 8856//6 8852//6 8850//6 8854//6
f 8857//1 8858//1 8860//1 8859//1
f 8859//2 8860//2 8864//2 8863//2
f 8863//3 8864//3 8862//3 8861//3
f 8861//4 8862//4 8858//4 8857//4
f 8859//5 8863//5 8861//5 8857//5
f 8864//6 8860//6 8858//6 8862//6
f 8865//1 8866//1 8868//1 8867//1
f 8867//2 8868//2 8872//2 8871//2
f 8871//3 8872//3 8870//3 8869//3
f 8869//4 8870//4 8866//4 8865//4
f 8867//5 8871//5 8869//5 8865//5
f 8872//6 8868//6 8866//6 8870//6
f 8881//1 8882//1 8884//1 8883//1
f 8883//2 8884//2 8888//2 8887//2
f 8887//3 8888//3 8886//3 8885//3
f 8885//4 8886//4 8882//4 8881//4
f 8883//5 8887//5 8885//5 8881//5
f 8888//6 8884//6 8882//6 8886//6
f 8889//1 8890//1 8892//1 8891//1
f 8891//2 8892//2 8896//2 8895//2
f 8895//3 8896//3 8894//3 8893//3
f 8893//4 8894//4 8890//4 8889//4
f 8891//5 8895//5 8893//5 8889//5
f 8896//6 8892//6 8890//6 8894//6
f 8897//1 8898//1 8900//1 8899//1
f 8899//2 8900//2 8904//2 8903//2
f 8903//3 8904//3 8902//3 8901//3
f 8901//4 8902//4 8898//4 8897//4
f 8899//5 8903//5 8901//5 8897//5
f 8904//6 8900//6 8898//6 8902//6
f 8905//1 8906//1 8908//1 8907//1
f 8907//2 8908//2 8912//2 8911//2
f 8911//3 8912//3 8910//3 8909//3
f 8909//4 8910//4 8906//4 8905//4
f 8907//5 8911//5 8909//5 8905//5
f 8912//6 8908//6 8906//6 8910//6
f 8913//1 8914//1 8916//1 8915//1
f 8915//2 8916//2 8920//2 8919//2
f 8919//3 8920//3 8918//3 8917//3
f 8917//4 8918//4 8914//4 8913//4
f 8915//5 8919//5 8917//5 8913//5
f 8920//6 8916//6 8914//6 8918//6
f 8921//1 8922//1 8924//1 8923//1
f 8923//2 8924//2 8928//2 8927//2
f 8927//3 8928//3 8926//3 8925//3
f 8925//4 8926//4 8922//4 8921//4
f 8923//5 8927//5 8925//5 8921//5
f 8928//6 8924//6 8922//6 8926//6
f 8929//1 8930//1 8932//1 8931//1
f 8931//2 8932//2 8936//2 8935//2
f 8935//3 8936//3 8934//3 8933//3
f 8933//4 8934//4 8930//4 8929//4
f 8931//5 8935//5 8933//5 8929//5
f 8936//6 8932//6 8930//6 8934//6
f 8937//1 8938//1 8940//1 8939//1
f 8939//2 8940//2 8944//2 8943//2
f 8943//3 8944//3 8942//3 8941//3
f 8941//4 8942//4 8938//4 8937//4
f 8939//5 8943//5 8941//5 8937//5
f 8944//6 8940//6 8938//6 8942//6
f 8945//1 8946//1 8948//1 8947//1
f 8947//2 8948//2 8952//2 8951//2
f 8951//3 8952//3 8950//3 8949//3
f 8949//4 8950//4 8946//4 8945//4
f 8947//5 8951//5 8949//5 8945//5
f 8952//6 8948//6 8946//6 8950//6
f 8953//1 8954//1 8956//1 8955//1
f 8955//2 8956//2 8960//2 8959//2
f 8959//3 8960//3 8958//3 8957//3
f 8957//4 8958//4 8954//4 8953//4
f 8955//5 8959//5 8957//5 8953//5
f 8960//6 8956//6 8954//6 8958//6
f 8977//1 8978//1 8980//1 8979//1
f 8979//2 8980//2 8984//2 8983//2
f 8983//3 8984//3 8982//3 8981//3
f 8981//4 8982//4 8978//4 8977//4
f 8979//5 8983//5 8981//5 8977//5
f 8984//6 8980//6 8978//6 8982//6
f 8985//1 8986//1 8988//1 8987//1
f 8987//2 8988//2 8992//2 8991//2
f 8991//3 8992//3 8990//3 8989//3
f 8989//4 8990//4 8986//4 8985//4
f 8987//5 8991//5 8989//5 8985//5
f 8992//6 8988//6 8986//6 8990//6
f 8993//1 8994//1 8996//1 8995//1
f 8995//2 8996//2 9000//2 8999//2
f 8999//3 9000//3 8998//3 8997//3
f 8997//4 8998//4 8994//4 8993//4
f 8995//5 8999//5 8997//5 8993//5
f 9000//6 8996//6 8994//6 8998//6
f 9001//1 9002//1 9004//1 9003//1
f 9003//2 9004//2 9008//2 9007//2
f 9007//3 9008//3 9006//3 9005//3
f 9005//4 9006//4 9002//4 9001//4
f 9003//5 9007//5 9005//5 9001//5
f 9008//6 9004//6 9002//6 9006//6
f 9009//1 9010//1 9012//1 9011//1
f 9011//2 9012//2 9016//2 9015//2
f 9015//3 9016//3 9014//3 9013//3
f 9013//4 9014//4 9010//4 9009//4
f 9011//5 9015//5 9013//5 9009//5
f 9016//6 9012//6 9010//6 9014//6
f 9017//1 9018//1 9020//1 9019//1
f 9019//2 9020//2 9024//2 9023//2
f 9023//3 9024//3 9022//3 9021//3
f 9021//4 9022//4 9018//4 9017//4
f 9019//5 9023//5 9021//5 9017//5
f 9024//6 9020//6 9018//6 9022//6
f 9025//1 9026//1 9028//1 9027//1
f 9027//2 9028//2 9032//2 9031//2
f 9031//3 9032//3 9030//3 9029//3
f 9029//4 9030//4 9026//4 9025//4
f 9027//5 9031//5 9029//5 9025//5
f 9032//6 9028//6 9026//6 9030//6
f 9033//1 9034//1 9036//1 9035//1
f 9035//2 9036//2 9040//2 9039//2
f 9039//3 9040//3 9038//3 9037//3
f 9037//4 9038//4 9034//4 9033//4
f 9035//5 9039//5 9037//5 9033//5
f 9040//6 9036//6 9034//6 9038//6
f 9041//1 9042//1 9044//1 9043//1
f 9043//2 9044//2 9048//2 9047//2
f 9047//3 9048//3 9046//3 9045//3
f 9045//4 9046//4 9042//4 9041//4
f 9043//5 9047//5 9045//5 9041//5
f 9048//6 9044//6 9042//6 9046//6
f 9049//1 9050//1 9052//1 9051//1
f 9051//2 9052//2 9056//2 9055//2
f 9055//3 9056//3 9054//3 9053//3
f 9053//4 9054//4 9050//4 9049//4
f 9051//5 9055//5 9053//5 9049//5
f 9056//6 9052//6 9050//6 9054//6
f 9065//1 9066//1 9068//1 9067//1
f 9067//2 9068//2 9072//2 9071//2
f 9071//3 9072//3 9070//3 9069//3
f 9069//4 9070//4 9066//4 9065//4
f 9067//5 9071//5 9069//5 9065//5
f 9072//6 9068//6 9066//6 9070//6
f 9073//1 9074//1 9076//1 9075//1
f 9075//2 9076//2 9080//2 9079//2
f 9079//3 9080//3 9078//3 9077//3
f 9077//4 9078//4 9074//4 9073//4
f 9075//5 9079//5 9077//5 9073//5
f 9080//6 9076//6 9074//6 9078//6
f 9081//1 9082//1 9084//1 9083//1
f 9083//2 9084//2 9088//2 9087//2
f 9087//3 9088//3 9086//3 9085//3
f 9085//4 9086//4 9082//4 9081//4
f 9083//5 9087//5 9085//5 9081//5
f 9088//6 9084//6 9082//6 9086//6
f 9089//1 9090//1 9092//1 9091//1
f 9091//2 9092//2 9096//2 9095//2
f 9095//3 9096//3 9094//3 9093//3
f 9093//4 9094//4 9090//4 9089//4
f 9091//5 9095//5 9093//5 9089//5
f 9096//6 9092//6 9090//6 9094//6
f 9097//1 9098//1 9100//1 9099//1
f 9099//2 9100//2 9104//2 9103//2
f 9103//3 9104//3 9102//3 9101//3
f 9101//4 9102//4 9098//4 9097//4
f 9099//5 9103//5 9101//5 9097//5
f 9104//6 9100//6 9098//6 9102//6
f 9105//1 9106//1 9108//1 9107//1
f 9107//2 9108//2 9112//2 9111//2
f 9111//3 9112//3 9110//3 9109//3
f 9109//4 9110//4 9106//4 9105//4
f 9107//5 9111//5 9109//5 9105//5
f 9112//6 9108//6 9106//6 9110//6
f 9113//1 9114//1 9116//1 9115//1
f 9115//2 9116//2 9120//2 9119//2
f 9119//3 9120//3 9118//3 9117//3
f 9117//4 9118//4 9114//4 9113//4
f 9115//5 9119//5 9117//5 9113//5
f 9120//6 9116//6 9114//6 9118//6
f 9121//1 9122//1 9124//1 9123//1
f 9123//2 9124//2 9128//2 9127//2
f 9127//3 9128//3 9126//3 9125//3
f 9125//4 9126//4 9122//4 9121//4
f 9123//5 9127//5 9125//5 9121//5
f 9128//6 9124//6 9122//6 9126//6
f 9129//1 9130//1 9132//1 9131//1
f 9131//2 9132//2 9136//2 9135//2
f 9135//3 9136//3 9134//3 9133//3
f 9133//4 9134//4 9130//4 9129//4
f 9131//5 9135//5 9133//5 9129//5
f 9136//6 9132//6 9130//6 9134//6
f 9137//1 9138//1 9140//1 9139//1
f 9139//2 9140//2 9144//2 9143//2
f 9143//3 9144//3 9142//3 9141//3
f 9141//4 9142//4 9138//4 9137//4
f 9139//5 9143//5 9141//5 9137//5
f 9144//6 9140//6 9138//6 9142//6
f 9145//1 9146//1 9148//1 9147//1
f 9147//2 9148//2 9152//2 9151//2
f 9151//3 9152//3 9150//3 9149//3
f 9149//4 9150//4 9146//4 9145//4
f 9147//5 9151//5 9149//5 9145//5
f 9152//6 9148//6 9146//6 9150//6
f 9153//1 9154//1 9156//1 9155//1
f 9155//2 9156//2 9160//2 9159//2
f 9159//3 9160//3 9158//3 9157//3
f 9157//4 9158//4 9154//4 9153//4
f 9155//5 9159//5 9157//5 9153//5
f 9160//6 9156//6 9154//6 9158//6
f 9161//1 9162//1 9164//1 9163//1
f 9163//2 9164//2 9168//2 9167//2
f 9167//3 9168//3 9166//3 9165//3
f 9165//4 9166//4 9162//4 9161//4
f 9163//5 9167//5 9165//5 9161//5
f 9168//6 9164//6 9162//6 9166//6
f 9169//1 9170//1 9172//1 9171//1
f 9171//2 9172//2 9176//2 9175//2
f 9175//3 9176//3 9174//3 9173//3
f 9173//4 9174//4 9170//4 9169//4
f 9171//5 9175//5 9173//5 9169//5
f 9176//6 9172//6 9170//6 9174//6
f 9177//1 9178//1 9180//1 9179//1
f 9179//2 9180//2 9184//2 9183//2
f 9183//3 9184//3 9182//3 9181//3
f 9181//4 9182//4 9178//4 9177//4
f 9179//5 9183//5 9181//5 9177//5
f 9184//6 9180//6 9178//6 9182//6
f 9185//1 9186//1 9188//1 9187//1
f 9187//2 9188//2 9192//2 9191//2
f 9191//3 9192//3 9190//3 9189//3
f 9189//4 9190//4 9186//4 9185//4
f 9187//5 9191//5 9189//5 9185//5
f 9192//6 9188//6 9186//6 9190//6
f 9193//1 9194//1 9196//1 9195//1
f 9195//2 9196//2 9200//2 9199//2
f 9199//3 9200//3 9198//3 9197//3
f 9197//4 9198//4 9194//4 9193//4
f 9195//5 9199//5 9197//5 9193//5
f 9200//6 9196//6 9194//6 9198//6
f 9201//1 9202//1 9204//1 9203//1
f 9203//2 9204//2 9208//2 9207//2
f 9207//3 9208//3 9206//3 9205//3
f 9205//4 9206//4 9202//4 9201//4
f 9203//5 9207//5 9205//5 9201//5
f 9208//6 9204//6 9202//6 9206//6
f 9209//1 9210//1 9212//1 9211//1
f 9211//2 9212//2 9216//2 9215//2
f 9215//3 9216//3 9214//3 9213//3
f 9213//4 9214//4 9210//4 9209//4
f 9211//5 9215//5 9213//5 9209//5
f 9216//6 9212//6 9210//6 9214//6
f 9217//1 9218//1 9220//1 9219//1
f 9219//2 9220//2 9224//2 9223//2
f 9223//3 9224//3 9222//3 9221//3
f 9221//4 9222//4 9218//4 9217//4
f 9219//5 9223//5 9221//5 9217//5
f 9224//6 9220//6 9218//6 9222//6
f 9225//1 9226//1 9228//1 9227//1
f 9227//2 9228//2 9232//2 9231//2
f 9231//3 9232//3 9230//3 9229//3
f 9229//4 9230//4 9226//4 9225//4
f 9227//5 9231//5 9229//5 9225//5
f 9232//6 9228//6 9226//6 9230//6
f 9233//1 9234//1 9236//1 9235//1
f 9235//2 9236//2 9240//2 9239//2
f 9239//3 9240//3 9238//3 9237//3
f 9237//4 9238//4 9234//4 9233//4
f 9235//5 9239//5 9237//5 9233//5
f 9240//6 9236//6 9234//6 9238//6
f 9241//1 9242//1 9244//1 9243//1
f 9243//2 9244//2 9248//2 9247//2
f 9247//3 9248//3 9246//3 9245//3
f 9245//4 9246//4 9242//4 9241//4
f 9243//5 9247//5 9245//5 9241//5
f 9248//6 9244//6 9242//6 9246//6
f 9249//1 9250//1 9252//1 9251//1
f 9251//2 9252//2 9256//2 9255//2
f 9255//3 9256//3 9254//3 9253//3
f 9253//4 9254//4 9250//4 9249//4
f 9251//5 9255//5 9253//5 9249//5
f 9256//6 9252//6 9250//6 9254//6
f 9257//1 9258//1 9260//1 9259//1
f 9259//2 9260//2 9264//2 9263//2
f 9263//3 9264//3 9262//3 9261//3
f 9261//4 9262//4 9258//4 9257//4
f 9259//5 9263//5 9261//5 9257//5
f 9264//6 9260//6 9258//6 9262//6
f 9265//1 9266//1 9268//1 9267//1
f 9267//2 9268//2 9272//2 9271//2
f 9271//3 9272//3 9270//3 9269//3
f 9269//4 9270//4 9266//4 9265//4
f 9267//5 9271//5 9269//5 9265//5
f 9272//6 9268//6 9266//6 9270//6
f 9273//1 9274//1 9276//1 9275//1
f 9275//2 9276//2 9280//2 9279//2
f 9279//3 9280//3 9278//3 9277//3
f 9277//4 9278//4 9274//4 9273//4
f 9275//5 9279//5 9277//5 9273//5
f 9280//6 9276//6 9274//6 9278//6
f 9281//1 9282//1 9284//1 9283//1
f 9283//2 9284//2 9288//2 9287//2
f 9287//3 9288//3 9286//3 9285//3
f 9285//4 9286//4 9282//4 9281//4
f 9283//5 9287//5 9285//5 9281//5
f 9288//6 9284//6 9282//6 9286//6
usemtl MAT_Cardboard
f 8873//1 8874//1 8876//1 8875//1
f 8875//2 8876//2 8880//2 8879//2
f 8879//3 8880//3 8878//3 8877//3
f 8877//4 8878//4 8874//4 8873//4
f 8875//5 8879//5 8877//5 8873//5
f 8880//6 8876//6 8874//6 8878//6
f 8961//1 8962//1 8964//1 8963//1
f 8963//2 8964//2 8968//2 8967//2
f 8967//3 8968//3 8966//3 8965//3
f 8965//4 8966//4 8962//4 8961//4
f 8963//5 8967//5 8965//5 8961//5
f 8968//6 8964//6 8962//6 8966//6
f 9057//1 9058//1 9060//1 9059//1
f 9059//2 9060//2 9064//2 9063//2
f 9063//3 9064//3 9062//3 9061//3
f 9061//4 9062//4 9058//4 9057//4
f 9059//5 9063//5 9061//5 9057//5
f 9064//6 9060//6 9058//6 9062//6
f 9289//1 9290//1 9292//1 9291//1
f 9291//2 9292//2 9296//2 9295//2
f 9295//3 9296//3 9294//3 9293//3
f 9293//4 9294//4 9290//4 9289//4
f 9291//5 9295//5 9293//5 9289//5
f 9296//6 9292//6 9290//6 9294//6
usemtl MAT_PaperLabel
f 8969//1 8970//1 8972//1 8971//1
f 8971//2 8972//2 8976//2 8975//2
f 8975//3 8976//3 8974//3 8973//3
f 8973//4 8974//4 8970//4 8969//4
f 8971//5 8975//5 8973//5 8969//5
f 8976//6 8972//6 8970//6 8974//6
usemtl MAT_TankShell
f 9297//177 9298//177 9300//177 9299//177
f 9299//178 9300//178 9302//178 9301//178
f 9301//179 9302//179 9304//179 9303//179
f 9303//180 9304//180 9306//180 9305//180
f 9305//181 9306//181 9308//181 9307//181
f 9307//182 9308//182 9310//182 9309//182
f 9309//183 9310//183 9312//183 9311//183
f 9311//184 9312//184 9314//184 9313//184
f 9313//185 9314//185 9316//185 9315//185
f 9315//186 9316//186 9318//186 9317//186
f 9317//187 9318//187 9320//187 9319//187
f 9319//188 9320//188 9322//188 9321//188
f 9321//189 9322//189 9324//189 9323//189
f 9323//190 9324//190 9326//190 9325//190
f 9325//191 9326//191 9328//191 9327//191
f 9327//192 9328//192 9330//192 9329//192
f 9329//193 9330//193 9332//193 9331//193
f 9331//194 9332//194 9334//194 9333//194
f 9333//195 9334//195 9336//195 9335//195
f 9335//196 9336//196 9338//196 9337//196
f 9337//197 9338//197 9340//197 9339//197
f 9339//198 9340//198 9342//198 9341//198
f 9341//199 9342//199 9344//199 9343//199
f 9343//200 9344//200 9346//200 9345//200
f 9345//201 9346//201 9348//201 9347//201
f 9347//202 9348//202 9350//202 9349//202
f 9349//203 9350//203 9352//203 9351//203
f 9351//204 9352//204 9354//204 9353//204
f 9353//205 9354//205 9356//205 9355//205
f 9355//206 9356//206 9358//206 9357//206
f 9300//6 9298//6 9360//6 9358//6 9356//6 9354//6 9352//6 9350//6 9348//6 9346//6 9344//6 9342//6 9340//6 9338//6 9336//6 9334//6 9332//6 9330//6 9328//6 9326//6 9324//6 9322//6 9320//6 9318//6 9316//6 9314//6 9312//6 9310//6 9308//6 9306//6 9304//6 9302//6
f 9357//207 9358//207 9360//207 9359//207
f 9359//208 9360//208 9298//208 9297//208
f 9297//5 9299//5 9301//5 9303//5 9305//5 9307//5 9309//5 9311//5 9313//5 9315//5 9317//5 9319//5 9321//5 9323//5 9325//5 9327//5 9329//5 9331//5 9333//5 9335//5 9337//5 9339//5 9341//5 9343//5 9345//5 9347//5 9349//5 9351//5 9353//5 9355//5 9357//5 9359//5
f 9385//177 9386//177 9388//177 9387//177
f 9387//178 9388//178 9390//178 9389//178
f 9389//179 9390//179 9392//179 9391//179
f 9391//180 9392//180 9394//180 9393//180
f 9393//181 9394//181 9396//181 9395//181
f 9395//182 9396//182 9398//182 9397//182
f 9397//183 9398//183 9400//183 9399//183
f 9399//184 9400//184 9402//184 9401//184
f 9401//185 9402//185 9404//185 9403//185
f 9403//186 9404//186 9406//186 9405//186
f 9405//187 9406//187 9408//187 9407//187
f 9407//188 9408//188 9410//188 9409//188
f 9409//189 9410//189 9412//189 9411//189
f 9411//190 9412//190 9414//190 9413//190
f 9413//191 9414//191 9416//191 9415//191
f 9415//192 9416//192 9418//192 9417//192
f 9417//193 9418//193 9420//193 9419//193
f 9419//194 9420//194 9422//194 9421//194
f 9421//195 9422//195 9424//195 9423//195
f 9423//196 9424//196 9426//196 9425//196
f 9425//197 9426//197 9428//197 9427//197
f 9427//198 9428//198 9430//198 9429//198
f 9429//199 9430//199 9432//199 9431//199
f 9431//200 9432//200 9434//200 9433//200
f 9433//201 9434//201 9436//201 9435//201
f 9435//202 9436//202 9438//202 9437//202
f 9437//203 9438//203 9440//203 9439//203
f 9439//204 9440//204 9442//204 9441//204
f 9441//205 9442//205 9444//205 9443//205
f 9443//206 9444//206 9446//206 9445//206
f 9388//6 9386//6 9448//6 9446//6 9444//6 9442//6 9440//6 9438//6 9436//6 9434//6 9432//6 9430//6 9428//6 9426//6 9424//6 9422//6 9420//6 9418//6 9416//6 9414//6 9412//6 9410//6 9408//6 9406//6 9404//6 9402//6 9400//6 9398//6 9396//6 9394//6 9392//6 9390//6
f 9445//207 9446//207 9448//207 9447//207
f 9447//208 9448//208 9386//208 9385//208
f 9385//5 9387//5 9389//5 9391//5 9393//5 9395//5 9397//5 9399//5 9401//5 9403//5 9405//5 9407//5 9409//5 9411//5 9413//5 9415//5 9417//5 9419//5 9421//5 9423//5 9425//5 9427//5 9429//5 9431//5 9433//5 9435//5 9437//5 9439//5 9441//5 9443//5 9445//5 9447//5
f 9473//177 9474//177 9476//177 9475//177
f 9475//178 9476//178 9478//178 9477//178
f 9477//179 9478//179 9480//179 9479//179
f 9479//180 9480//180 9482//180 9481//180
f 9481//181 9482//181 9484//181 9483//181
f 9483//182 9484//182 9486//182 9485//182
f 9485//183 9486//183 9488//183 9487//183
f 9487//184 9488//184 9490//184 9489//184
f 9489//185 9490//185 9492//185 9491//185
f 9491//186 9492//186 9494//186 9493//186
f 9493//187 9494//187 9496//187 9495//187
f 9495//188 9496//188 9498//188 9497//188
f 9497//189 9498//189 9500//189 9499//189
f 9499//190 9500//190 9502//190 9501//190
f 9501//191 9502//191 9504//191 9503//191
f 9503//192 9504//192 9506//192 9505//192
f 9505//193 9506//193 9508//193 9507//193
f 9507//194 9508//194 9510//194 9509//194
f 9509//195 9510//195 9512//195 9511//195
f 9511//196 9512//196 9514//196 9513//196
f 9513//197 9514//197 9516//197 9515//197
f 9515//198 9516//198 9518//198 9517//198
f 9517//199 9518//199 9520//199 9519//199
f 9519//200 9520//200 9522//200 9521//200
f 9521//201 9522//201 9524//201 9523//201
f 9523//202 9524//202 9526//202 9525//202
f 9525//203 9526//203 9528//203 9527//203
f 9527//204 9528//204 9530//204 9529//204
f 9529//205 9530//205 9532//205 9531//205
f 9531//206 9532//206 9534//206 9533//206
f 9476//6 9474//6 9536//6 9534//6 9532//6 9530//6 9528//6 9526//6 9524//6 9522//6 9520//6 9518//6 9516//6 9514//6 9512//6 9510//6 9508//6 9506//6 9504//6 9502//6 9500//6 9498//6 9496//6 9494//6 9492//6 9490//6 9488//6 9486//6 9484//6 9482//6 9480//6 9478//6
f 9533//207 9534//207 9536//207 9535//207
f 9535//208 9536//208 9474//208 9473//208
f 9473//5 9475//5 9477//5 9479//5 9481//5 9483//5 9485//5 9487//5 9489//5 9491//5 9493//5 9495//5 9497//5 9499//5 9501//5 9503//5 9505//5 9507//5 9509//5 9511//5 9513//5 9515//5 9517//5 9519//5 9521//5 9523//5 9525//5 9527//5 9529//5 9531//5 9533//5 9535//5
f 9561//177 9562//177 9564//177 9563//177
f 9563//178 9564//178 9566//178 9565//178
f 9565//179 9566//179 9568//179 9567//179
f 9567//180 9568//180 9570//180 9569//180
f 9569//181 9570//181 9572//181 9571//181
f 9571//182 9572//182 9574//182 9573//182
f 9573//183 9574//183 9576//183 9575//183
f 9575//184 9576//184 9578//184 9577//184
f 9577//185 9578//185 9580//185 9579//185
f 9579//186 9580//186 9582//186 9581//186
f 9581//187 9582//187 9584//187 9583//187
f 9583//188 9584//188 9586//188 9585//188
f 9585//189 9586//189 9588//189 9587//189
f 9587//190 9588//190 9590//190 9589//190
f 9589//191 9590//191 9592//191 9591//191
f 9591//192 9592//192 9594//192 9593//192
f 9593//193 9594//193 9596//193 9595//193
f 9595//194 9596//194 9598//194 9597//194
f 9597//195 9598//195 9600//195 9599//195
f 9599//196 9600//196 9602//196 9601//196
f 9601//197 9602//197 9604//197 9603//197
f 9603//198 9604//198 9606//198 9605//198
f 9605//199 9606//199 9608//199 9607//199
f 9607//200 9608//200 9610//200 9609//200
f 9609//201 9610//201 9612//201 9611//201
f 9611//202 9612//202 9614//202 9613//202
f 9613//203 9614//203 9616//203 9615//203
f 9615//204 9616//204 9618//204 9617//204
f 9617//205 9618//205 9620//205 9619//205
f 9619//206 9620//206 9622//206 9621//206
f 9564//6 9562//6 9624//6 9622//6 9620//6 9618//6 9616//6 9614//6 9612//6 9610//6 9608//6 9606//6 9604//6 9602//6 9600//6 9598//6 9596//6 9594//6 9592//6 9590//6 9588//6 9586//6 9584//6 9582//6 9580//6 9578//6 9576//6 9574//6 9572//6 9570//6 9568//6 9566//6
f 9621//207 9622//207 9624//207 9623//207
f 9623//208 9624//208 9562//208 9561//208
f 9561//5 9563//5 9565//5 9567//5 9569//5 9571//5 9573//5 9575//5 9577//5 9579//5 9581//5 9583//5 9585//5 9587//5 9589//5 9591//5 9593//5 9595//5 9597//5 9599//5 9601//5 9603//5 9605//5 9607//5 9609//5 9611//5 9613//5 9615//5 9617//5 9619//5 9621//5 9623//5
usemtl MAT_TankNozzle
f 9361//49 9362//49 9364//49 9363//49
f 9363//50 9364//50 9366//50 9365//50
f 9365//51 9366//51 9368//51 9367//51
f 9367//52 9368//52 9370//52 9369//52
f 9369//53 9370//53 9372//53 9371//53
f 9371//54 9372//54 9374//54 9373//54
f 9373//55 9374//55 9376//55 9375//55
f 9375//56 9376//56 9378//56 9377//56
f 9377//57 9378//57 9380//57 9379//57
f 9379//58 9380//58 9382//58 9381//58
f 9364//6 9362//6 9384//6 9382//6 9380//6 9378//6 9376//6 9374//6 9372//6 9370//6 9368//6 9366//6
f 9381//59 9382//59 9384//59 9383//59
f 9383//60 9384//60 9362//60 9361//60
f 9361//5 9363//5 9365//5 9367//5 9369//5 9371//5 9373//5 9375//5 9377//5 9379//5 9381//5 9383//5
f 9449//89 9450//89 9452//89 9451//89
f 9451//90 9452//90 9454//90 9453//90
f 9453//91 9454//91 9456//91 9455//91
f 9455//92 9456//92 9458//92 9457//92
f 9457//93 9458//93 9460//93 9459//93
f 9459//94 9460//94 9462//94 9461//94
f 9461//95 9462//95 9464//95 9463//95
f 9463//96 9464//96 9466//96 9465//96
f 9465//97 9466//97 9468//97 9467//97
f 9467//98 9468//98 9470//98 9469//98
f 9452//4 9450//4 9472//4 9470//4 9468//4 9466//4 9464//4 9462//4 9460//4 9458//4 9456//4 9454//4
f 9469//99 9470//99 9472//99 9471//99
f 9471//100 9472//100 9450//100 9449//100
f 9449//2 9451//2 9453//2 9455//2 9457//2 9459//2 9461//2 9463//2 9465//2 9467//2 9469//2 9471//2
f 9537//89 9538//89 9540//89 9539//89
f 9539//90 9540//90 9542//90 9541//90
f 9541//91 9542//91 9544//91 9543//91
f 9543//92 9544//92 9546//92 9545//92
f 9545//93 9546//93 9548//93 9547//93
f 9547//94 9548//94 9550//94 9549//94
f 9549//95 9550//95 9552//95 9551//95
f 9551//96 9552//96 9554//96 9553//96
f 9553//97 9554//97 9556//97 9555//97
f 9555//98 9556//98 9558//98 9557//98
f 9540//4 9538//4 9560//4 9558//4 9556//4 9554//4 9552//4 9550//4 9548//4 9546//4 9544//4 9542//4
f 9557//99 9558//99 9560//99 9559//99
f 9559//100 9560//100 9538//100 9537//100
f 9537//2 9539//2 9541//2 9543//2 9545//2 9547//2 9549//2 9551//2 9553//2 9555//2 9557//2 9559//2
f 9625//89 9626//89 9628//89 9627//89
f 9627//90 9628//90 9630//90 9629//90
f 9629//91 9630//91 9632//91 9631//91
f 9631//92 9632//92 9634//92 9633//92
f 9633//93 9634//93 9636//93 9635//93
f 9635//94 9636//94 9638//94 9637//94
f 9637//95 9638//95 9640//95 9639//95
f 9639//96 9640//96 9642//96 9641//96
f 9641//97 9642//97 9644//97 9643//97
f 9643//98 9644//98 9646//98 9645//98
f 9628//4 9626//4 9648//4 9646//4 9644//4 9642//4 9640//4 9638//4 9636//4 9634//4 9632//4 9630//4
f 9645//99 9646//99 9648//99 9647//99
f 9647//100 9648//100 9626//100 9625//100
f 9625//2 9627//2 9629//2 9631//2 9633//2 9635//2 9637//2 9639//2 9641//2 9643//2 9645//2 9647//2
usemtl MAT_CabinetDoor.001
f 9649//1 9650//1 9652//1 9651//1
f 9651//2 9652//2 9656//2 9655//2
f 9655//3 9656//3 9654//3 9653//3
f 9653//4 9654//4 9650//4 9649//4
f 9651//5 9655//5 9653//5 9649//5
f 9656//6 9652//6 9650//6 9654//6
