# Blender 5.1.2
# www.blender.org
mtllib inspection_facility_visual.mtl
o HELIOS_factory_visual
v 1.900000 -33.349998 0.000000
v 1.900000 -33.349998 1.200000
v 2.100000 -33.349998 0.000000
v 2.100000 -33.349998 1.200000
v 1.900000 -33.650002 0.000000
v 1.900000 -33.650002 1.200000
v 2.100000 -33.650002 0.000000
v 2.100000 -33.650002 1.200000
v 1.900000 -36.349998 0.000000
v 1.900000 -36.349998 1.200000
v 2.100000 -36.349998 0.000000
v 2.100000 -36.349998 1.200000
v 1.900000 -36.650002 0.000000
v 1.900000 -36.650002 1.200000
v 2.100000 -36.650002 0.000000
v 2.100000 -36.650002 1.200000
v 1.900000 -33.349998 0.000000
v 1.900000 -33.349998 1.200000
v 2.100000 -33.349998 0.000000
v 2.100000 -33.349998 1.200000
v 1.900000 -33.650002 0.000000
v 1.900000 -33.650002 1.200000
v 2.100000 -33.650002 0.000000
v 2.100000 -33.650002 1.200000
v 2.120000 -33.349998 0.160000
v 2.120000 -33.349998 0.200000
v 2.180000 -33.349998 0.160000
v 2.180000 -33.349998 0.200000
v 2.120000 -33.650002 0.160000
v 2.120000 -33.650002 0.200000
v 2.180000 -33.650002 0.160000
v 2.180000 -33.650002 0.200000
v 2.120000 -33.349998 0.330000
v 2.120000 -33.349998 0.370000
v 2.180000 -33.349998 0.330000
v 2.180000 -33.349998 0.370000
v 2.120000 -33.650002 0.330000
v 2.120000 -33.650002 0.370000
v 2.180000 -33.650002 0.330000
v 2.180000 -33.650002 0.370000
v 1.900000 -36.349998 0.000000
v 1.900000 -36.349998 1.200000
v 2.100000 -36.349998 0.000000
v 2.100000 -36.349998 1.200000
v 1.900000 -36.650002 0.000000
v 1.900000 -36.650002 1.200000
v 2.100000 -36.650002 0.000000
v 2.100000 -36.650002 1.200000
v 2.120000 -36.349998 0.160000
v 2.120000 -36.349998 0.200000
v 2.180000 -36.349998 0.160000
v 2.180000 -36.349998 0.200000
v 2.120000 -36.650002 0.160000
v 2.120000 -36.650002 0.200000
v 2.180000 -36.650002 0.160000
v 2.180000 -36.650002 0.200000
v 2.120000 -36.349998 0.330000
v 2.120000 -36.349998 0.370000
v 2.180000 -36.349998 0.330000
v 2.180000 -36.349998 0.370000
v 2.120000 -36.650002 0.330000
v 2.120000 -36.650002 0.370000
v 2.180000 -36.650002 0.330000
v 2.180000 -36.650002 0.370000
v 1.600000 -20.996433 0.875000
v 1.600000 -20.996433 0.925000
v 2.400000 -20.996433 0.875000
v 2.400000 -20.996433 0.925000
v 1.600000 -23.396435 0.875000
v 1.600000 -23.396435 0.925000
v 2.400000 -23.396435 0.875000
v 2.400000 -23.396435 0.925000
v 1.620000 -21.066433 0.000000
v 1.620000 -21.066433 0.900000
v 1.680000 -21.066433 0.000000
v 1.680000 -21.066433 0.900000
v 1.620000 -21.126434 0.000000
v 1.620000 -21.126434 0.900000
v 1.680000 -21.126434 0.000000
v 1.680000 -21.126434 0.900000
v 2.320000 -21.066433 0.000000
v 2.320000 -21.066433 0.900000
v 2.380000 -21.066433 0.000000
v 2.380000 -21.066433 0.900000
v 2.320000 -21.126434 0.000000
v 2.320000 -21.126434 0.900000
v 2.380000 -21.126434 0.000000
v 2.380000 -21.126434 0.900000
v 1.620000 -23.266434 0.000000
v 1.620000 -23.266434 0.900000
v 1.680000 -23.266434 0.000000
v 1.680000 -23.266434 0.900000
v 1.620000 -23.326435 0.000000
v 1.620000 -23.326435 0.900000
v 1.680000 -23.326435 0.000000
v 1.680000 -23.326435 0.900000
v 2.320000 -23.266434 0.000000
v 2.320000 -23.266434 0.900000
v 2.380000 -23.266434 0.000000
v 2.380000 -23.266434 0.900000
v 2.320000 -23.326435 0.000000
v 2.320000 -23.326435 0.900000
v 2.380000 -23.326435 0.000000
v 2.380000 -23.326435 0.900000
v 2.275000 -21.296434 0.950000
v 2.275000 -21.296434 1.190000
v 2.425000 -21.296434 0.950000
v 2.425000 -21.296434 1.190000
v 2.275000 -21.496435 0.950000
v 2.275000 -21.496435 1.190000
v 2.425000 -21.496435 0.950000
v 2.425000 -21.496435 1.190000
v 1.600000 -26.198051 0.875000
v 1.600000 -26.198051 0.925000
v 2.400000 -26.198051 0.875000
v 2.400000 -26.198051 0.925000
v 1.600000 -28.598053 0.875000
v 1.600000 -28.598053 0.925000
v 2.400000 -28.598053 0.875000
v 2.400000 -28.598053 0.925000
v 1.620000 -26.268051 0.000000
v 1.620000 -26.268051 0.900000
v 1.680000 -26.268051 0.000000
v 1.680000 -26.268051 0.900000
v 1.620000 -26.328053 0.000000
v 1.620000 -26.328053 0.900000
v 1.680000 -26.328053 0.000000
v 1.680000 -26.328053 0.900000
v 2.320000 -26.268051 0.000000
v 2.320000 -26.268051 0.900000
v 2.380000 -26.268051 0.000000
v 2.380000 -26.268051 0.900000
v 2.320000 -26.328053 0.000000
v 2.320000 -26.328053 0.900000
v 2.380000 -26.328053 0.000000
v 2.380000 -26.328053 0.900000
v 1.620000 -28.468052 0.000000
v 1.620000 -28.468052 0.900000
v 1.680000 -28.468052 0.000000
v 1.680000 -28.468052 0.900000
v 1.620000 -28.528053 0.000000
v 1.620000 -28.528053 0.900000
v 1.680000 -28.528053 0.000000
v 1.680000 -28.528053 0.900000
v 2.320000 -28.468052 0.000000
v 2.320000 -28.468052 0.900000
v 2.380000 -28.468052 0.000000
v 2.380000 -28.468052 0.900000
v 2.320000 -28.528053 0.000000
v 2.320000 -28.528053 0.900000
v 2.380000 -28.528053 0.000000
v 2.380000 -28.528053 0.900000
v 2.275000 -26.498053 0.950000
v 2.275000 -26.498053 1.190000
v 2.425000 -26.498053 0.950000
v 2.425000 -26.498053 1.190000
v 2.275000 -26.698053 0.950000
v 2.275000 -26.698053 1.190000
v 2.425000 -26.698053 0.950000
v 2.425000 -26.698053 1.190000
v 18.049999 -20.150000 0.000000
v 18.049999 -20.150000 1.900000
v 18.549999 -20.150000 0.000000
v 18.549999 -20.150000 1.900000
v 18.049999 -20.850000 0.000000
v 18.049999 -20.850000 1.900000
v 18.549999 -20.850000 0.000000
v 18.549999 -20.850000 1.900000
v 18.070000 -20.850000 0.020000
v 18.070000 -20.850000 1.880000
v 18.529999 -20.850000 0.020000
v 18.529999 -20.850000 1.880000
v 18.070000 -20.870001 0.020000
v 18.070000 -20.870001 1.880000
v 18.529999 -20.870001 0.020000
v 18.529999 -20.870001 1.880000
v 18.049999 -28.150000 0.000000
v 18.049999 -28.150000 1.900000
v 18.549999 -28.150000 0.000000
v 18.549999 -28.150000 1.900000
v 18.049999 -28.850000 0.000000
v 18.049999 -28.850000 1.900000
v 18.549999 -28.850000 0.000000
v 18.549999 -28.850000 1.900000
v 18.070000 -28.850000 0.020000
v 18.070000 -28.850000 1.880000
v 18.529999 -28.850000 0.020000
v 18.529999 -28.850000 1.880000
v 18.070000 -28.870001 0.020000
v 18.070000 -28.870001 1.880000
v 18.529999 -28.870001 0.020000
v 18.529999 -28.870001 1.880000
v 5.050000 -27.400000 0.450000
v 5.050000 -27.400000 1.250000
v 5.950000 -27.400000 0.450000
v 5.950000 -27.400000 1.250000
v 5.050000 -28.600000 0.450000
v 5.050000 -28.600000 1.250000
v 5.950000 -28.600000 0.450000
v 5.950000 -28.600000 1.250000
v 5.070000 -27.420000 0.000000
v 5.070000 -27.420000 0.800000
v 5.130000 -27.420000 0.000000
v 5.130000 -27.420000 0.800000
v 5.070000 -27.480001 0.000000
v 5.070000 -27.480001 0.800000
v 5.130000 -27.480001 0.000000
v 5.130000 -27.480001 0.800000
v 5.870000 -27.420000 0.000000
v 5.870000 -27.420000 0.800000
v 5.930000 -27.420000 0.000000
v 5.930000 -27.420000 0.800000
v 5.870000 -27.480001 0.000000
v 5.870000 -27.480001 0.800000
v 5.930000 -27.480001 0.000000
v 5.930000 -27.480001 0.800000
v 5.070000 -28.519999 0.000000
v 5.070000 -28.519999 0.800000
v 5.130000 -28.519999 0.000000
v 5.130000 -28.519999 0.800000
v 5.070000 -28.580000 0.000000
v 5.070000 -28.580000 0.800000
v 5.130000 -28.580000 0.000000
v 5.130000 -28.580000 0.800000
v 5.870000 -28.519999 0.000000
v 5.870000 -28.519999 0.800000
v 5.930000 -28.519999 0.000000
v 5.930000 -28.519999 0.800000
v 5.870000 -28.580000 0.000000
v 5.870000 -28.580000 0.800000
v 5.930000 -28.580000 0.000000
v 5.930000 -28.580000 0.800000
v 22.475000 -18.000000 2.580000
v 22.425001 -18.000000 2.580000
v 22.475000 -18.030615 2.573910
v 22.425001 -18.030615 2.573910
v 22.475000 -18.056568 2.556569
v 22.425001 -18.056568 2.556569
v 22.475000 -18.073910 2.530615
v 22.425001 -18.073910 2.530615
v 22.475000 -18.080000 2.500000
v 22.425001 -18.080000 2.500000
v 22.475000 -18.073910 2.469385
v 22.425001 -18.073910 2.469385
v 22.475000 -18.056568 2.443431
v 22.425001 -18.056568 2.443431
v 22.475000 -18.030615 2.426090
v 22.425001 -18.030615 2.426090
v 22.475000 -18.000000 2.420000
v 22.425001 -18.000000 2.420000
v 22.475000 -17.969385 2.426090
v 22.425001 -17.969385 2.426090
v 22.475000 -17.943432 2.443431
v 22.425001 -17.943432 2.443431
v 22.475000 -17.926090 2.469385
v 22.425001 -17.926090 2.469385
v 22.475000 -17.920000 2.500000
v 22.425001 -17.920000 2.500000
v 22.475000 -17.926090 2.530615
v 22.425001 -17.926090 2.530615
v 22.475000 -17.943432 2.556569
v 22.425001 -17.943432 2.556569
v 22.475000 -17.969385 2.573910
v 22.425001 -17.969385 2.573910
v 22.426502 -18.000000 2.570000
v 22.421501 -18.000000 2.570000
v 22.426502 -18.026789 2.564672
v 22.421501 -18.026789 2.564672
v 22.426502 -18.049498 2.549497
v 22.421501 -18.049498 2.549497
v 22.426502 -18.064672 2.526788
v 22.421501 -18.064672 2.526788
v 22.426502 -18.070000 2.500000
v 22.421501 -18.070000 2.500000
v 22.426502 -18.064672 2.473212
v 22.421501 -18.064672 2.473212
v 22.426502 -18.049498 2.450503
v 22.421501 -18.049498 2.450503
v 22.426502 -18.026789 2.435328
v 22.421501 -18.026789 2.435328
v 22.426502 -18.000000 2.430000
v 22.421501 -18.000000 2.430000
v 22.426502 -17.973211 2.435328
v 22.421501 -17.973211 2.435328
v 22.426502 -17.950502 2.450503
v 22.421501 -17.950502 2.450503
v 22.426502 -17.935328 2.473212
v 22.421501 -17.935328 2.473212
v 22.426502 -17.930000 2.500000
v 22.421501 -17.930000 2.500000
v 22.426502 -17.935328 2.526788
v 22.421501 -17.935328 2.526788
v 22.426502 -17.950502 2.549497
v 22.421501 -17.950502 2.549497
v 22.426502 -17.973211 2.564672
v 22.421501 -17.973211 2.564672
v 22.453751 -18.125000 2.425000
v 22.446251 -18.125000 2.425000
v 22.453751 -18.125000 2.575000
v 22.446251 -18.125000 2.575000
v 22.453751 -18.275002 2.425000
v 22.446251 -18.275002 2.425000
v 22.453751 -18.275002 2.575000
v 22.446251 -18.275002 2.575000
v 36.205002 -11.000000 2.200000
v 36.205002 -11.000000 2.800000
v 36.113274 -11.461134 2.200000
v 36.113274 -11.461134 2.800000
v 35.852062 -11.852064 2.200000
v 35.852062 -11.852064 2.800000
v 35.461132 -12.113275 2.200000
v 35.461132 -12.113275 2.800000
v 35.000000 -12.205000 2.200000
v 35.000000 -12.205000 2.800000
v 34.538868 -12.113275 2.200000
v 34.538868 -12.113275 2.800000
v 34.147938 -11.852064 2.200000
v 34.147938 -11.852064 2.800000
v 33.886726 -11.461134 2.200000
v 33.886726 -11.461134 2.800000
v 33.794998 -11.000000 2.200000
v 33.794998 -11.000000 2.800000
v 33.886726 -10.538866 2.200000
v 33.886726 -10.538866 2.800000
v 34.147938 -10.147936 2.200000
v 34.147938 -10.147936 2.800000
v 34.538868 -9.886725 2.200000
v 34.538868 -9.886725 2.800000
v 35.000000 -9.795000 2.200000
v 35.000000 -9.795000 2.800000
v 35.461132 -9.886725 2.200000
v 35.461132 -9.886725 2.800000
v 35.852062 -10.147936 2.200000
v 35.852062 -10.147936 2.800000
v 36.113274 -10.538866 2.200000
v 36.113274 -10.538866 2.800000
v 0.000000 0.000000 0.139086
v 0.000000 0.000000 6.139086
v 0.250000 0.000000 0.139086
v 0.250000 0.000000 6.139086
v 0.000000 -23.500000 0.139086
v 0.000000 -23.500000 6.139086
v 0.250000 -23.500000 0.139086
v 0.250000 -23.500000 6.139086
v 0.000000 -23.500000 0.125706
v 0.000000 -23.500000 3.325706
v 0.250000 -23.500000 0.125706
v 0.250000 -23.500000 3.325706
v 0.000000 -26.500000 0.125706
v 0.000000 -26.500000 3.325706
v 0.250000 -26.500000 0.125706
v 0.250000 -26.500000 3.325706
v 0.000000 -26.500000 0.139086
v 0.000000 -26.500000 6.139086
v 0.250000 -26.500000 0.139086
v 0.250000 -26.500000 6.139086
v 0.000000 -60.000000 0.139086
v 0.000000 -60.000000 6.139086
v 0.250000 -60.000000 0.139086
v 0.250000 -60.000000 6.139086
v 40.063705 0.000000 0.139086
v 40.063705 0.000000 6.139086
v 40.313705 0.000000 0.139086
v 40.313705 0.000000 6.139086
v 40.063705 -60.000000 0.139086
v 40.063705 -60.000000 6.139086
v 40.313705 -60.000000 0.139086
v 40.313705 -60.000000 6.139086
v 40.313705 -2.500000 4.389085
v 40.313705 -2.500000 5.889085
v 40.313705 -5.500000 5.889085
v 40.313705 -5.500000 4.389085
v 40.063705 -5.500000 5.889085
v 40.063705 -2.500000 4.389085
v 40.063705 -2.500000 5.889085
v 40.063705 -5.500000 4.389085
v 40.313705 -8.500000 4.389085
v 40.313705 -11.500000 4.389085
v 40.313705 -11.500000 5.889085
v 40.313705 -8.500000 5.889085
v 40.063705 -8.500000 4.389085
v 40.063705 -11.500000 4.389085
v 40.063705 -8.500000 5.889085
v 40.063705 -11.500000 5.889085
v 40.313705 -14.500000 4.389085
v 40.313705 -17.500000 4.389085
v 40.313705 -17.500000 5.889085
v 40.313705 -14.500000 5.889085
v 40.063705 -14.500000 4.389085
v 40.063705 -17.500000 4.389085
v 40.063705 -14.500000 5.889085
v 40.063705 -17.500000 5.889085
v 0.000000 0.000000 0.139086
v 0.000000 0.000000 6.139086
v 19.250000 0.000000 0.139086
v 19.250000 0.000000 6.139086
v 0.000000 -0.250000 0.139086
v 0.000000 -0.250000 6.139086
v 19.250000 -0.250000 0.139086
v 19.250000 -0.250000 6.139086
v 19.250000 0.000000 2.939085
v 19.250000 0.000000 6.139085
v 22.250000 0.000000 2.939085
v 22.250000 0.000000 6.139085
v 19.250000 -0.250000 2.939085
v 19.250000 -0.250000 6.139085
v 22.250000 -0.250000 2.939085
v 22.250000 -0.250000 6.139085
v 22.250000 0.000000 0.139086
v 22.250000 0.000000 6.139086
v 40.000000 0.000000 0.139086
v 40.000000 0.000000 6.139086
v 22.250000 -0.250000 0.139086
v 22.250000 -0.250000 6.139086
v 40.000000 -0.250000 0.139086
v 40.000000 -0.250000 6.139086
v 0.000000 -59.750000 0.139086
v 0.000000 -59.750000 6.139086
v 19.250000 -59.750000 0.139086
v 19.250000 -59.750000 6.139086
v 0.000000 -60.000000 0.139086
v 0.000000 -60.000000 6.139086
v 19.250000 -60.000000 0.139086
v 19.250000 -60.000000 6.139086
v 19.250000 -59.750000 2.939085
v 19.250000 -59.750000 6.139085
v 22.250000 -59.750000 2.939085
v 22.250000 -59.750000 6.139085
v 19.250000 -60.000000 2.939085
v 19.250000 -60.000000 6.139085
v 22.250000 -60.000000 2.939085
v 22.250000 -60.000000 6.139085
v 22.250000 -59.750000 0.139086
v 22.250000 -59.750000 6.139086
v 40.000000 -59.750000 0.139086
v 40.000000 -59.750000 6.139086
v 22.250000 -60.000000 0.139086
v 22.250000 -60.000000 6.139086
v 40.000000 -60.000000 0.139086
v 40.000000 -60.000000 6.139086
v 19.500000 -0.250000 0.139086
v 19.500000 -0.250000 6.139086
v 19.700001 -0.250000 0.139086
v 19.700001 -0.250000 6.139086
v 19.500000 -6.500000 0.139086
v 19.500000 -6.500000 6.139086
v 19.700001 -6.500000 0.139086
v 19.700001 -6.500000 6.139086
v 19.500000 -9.500000 0.139086
v 19.500000 -9.500000 6.139086
v 19.700001 -9.500000 0.139086
v 19.700001 -9.500000 6.139086
v 19.500000 -23.500000 0.139086
v 19.500000 -23.500000 6.139086
v 19.700001 -23.500000 0.139086
v 19.700001 -23.500000 6.139086
v 19.500000 -36.750000 0.139086
v 19.500000 -36.750000 6.139086
v 19.700001 -36.750000 0.139086
v 19.700001 -36.750000 6.139086
v 19.500000 -59.750000 0.139086
v 19.500000 -59.750000 6.139086
v 19.700001 -59.750000 0.139086
v 19.700001 -59.750000 6.139086
v 19.700001 -50.170193 6.139086
v 19.700001 -46.690189 6.139086
v 19.700001 -46.690189 0.139086
v 19.700001 -50.170193 0.139086
v 19.500000 -46.690189 6.139086
v 19.500000 -50.170193 6.139086
v 19.500000 -50.170193 0.139086
v 19.500000 -46.690189 0.139086
v 22.900000 -0.250000 0.139086
v 22.900000 -0.250000 6.139086
v 23.100000 -0.250000 0.139086
v 23.100000 -0.250000 6.139086
v 22.900000 -8.750000 0.139086
v 22.900000 -8.750000 6.139086
v 23.100000 -8.750000 0.139086
v 23.100000 -8.750000 6.139086
v 22.900000 -11.250000 0.139086
v 22.900000 -11.250000 6.139086
v 23.100000 -11.250000 0.139086
v 23.100000 -11.250000 6.139086
v 22.900000 -26.750000 0.139086
v 22.900000 -26.750000 6.139086
v 23.100000 -26.750000 0.139086
v 23.100000 -26.750000 6.139086
v 22.900000 -29.250002 0.139086
v 22.900000 -29.250002 6.139086
v 23.100000 -29.250002 0.139086
v 23.100000 -29.250002 6.139086
v 22.900000 -39.300003 0.139086
v 22.900000 -39.300003 6.139086
v 23.100000 -39.300003 0.139086
v 23.100000 -39.300003 6.139086
v 22.900000 -8.750000 2.939085
v 22.900000 -8.750000 6.139085
v 23.100000 -8.750000 2.939085
v 23.100000 -8.750000 6.139085
v 22.900000 -11.250000 2.939085
v 22.900000 -11.250000 6.139085
v 23.100000 -11.250000 2.939085
v 23.100000 -11.250000 6.139085
v 22.900000 -26.750000 2.939085
v 22.900000 -26.750000 6.139085
v 23.100000 -26.750000 2.939085
v 23.100000 -26.750000 6.139085
v 22.900000 -29.250000 2.939085
v 22.900000 -29.250000 6.139085
v 23.100000 -29.250000 2.939085
v 23.100000 -29.250000 6.139085
v 23.039064 -39.500000 0.139086
v 23.039064 -39.500000 6.139086
v 28.839064 -39.500000 0.139086
v 28.839064 -39.500000 6.139086
v 23.039064 -39.699997 0.139086
v 23.039064 -39.699997 6.139086
v 28.839064 -39.699997 0.139086
v 28.839064 -39.699997 6.139086
v 28.750000 -39.500000 2.939085
v 28.750000 -39.500000 6.139085
v 30.750000 -39.500000 2.939085
v 30.750000 -39.500000 6.139085
v 28.750000 -39.699997 2.939085
v 28.750000 -39.699997 6.139085
v 30.750000 -39.699997 2.939085
v 30.750000 -39.699997 6.139085
v 30.750000 -39.500000 0.139086
v 30.750000 -39.500000 6.139086
v 39.750000 -39.500000 0.139086
v 39.750000 -39.500000 6.139086
v 30.750000 -39.699997 0.139086
v 30.750000 -39.699997 6.139086
v 39.750000 -39.699997 0.139086
v 39.750000 -39.699997 6.139086
v 22.879139 -49.500000 0.139086
v 22.879139 -49.500000 6.139086
v 28.679138 -49.500000 0.139086
v 28.679138 -49.500000 6.139086
v 22.879139 -49.699997 0.139086
v 22.879139 -49.699997 6.139086
v 28.679138 -49.699997 0.139086
v 28.679138 -49.699997 6.139086
v 28.750000 -49.500000 2.939085
v 28.750000 -49.500000 6.139085
v 30.549999 -49.500000 2.939085
v 30.549999 -49.500000 6.139085
v 28.750000 -49.699997 2.939085
v 28.750000 -49.699997 6.139085
v 30.549999 -49.699997 2.939085
v 30.549999 -49.699997 6.139085
v 30.550001 -49.500000 0.139086
v 30.550001 -49.500000 6.139086
v 39.750000 -49.500000 0.139086
v 39.750000 -49.500000 6.139086
v 30.550001 -49.699997 0.139086
v 30.550001 -49.699997 6.139086
v 39.750000 -49.699997 0.139086
v 39.750000 -49.699997 6.139086
v 22.884857 -39.500000 0.139086
v 22.884857 -39.500000 6.139086
v 23.084858 -39.500000 0.139086
v 23.084858 -39.500000 6.139086
v 22.884857 -43.750000 0.139086
v 22.884857 -43.750000 6.139086
v 23.084858 -43.750000 0.139086
v 23.084858 -43.750000 6.139086
v 22.900000 -43.750000 2.939085
v 22.900000 -43.750000 6.139085
v 23.100000 -43.750000 2.939085
v 23.100000 -43.750000 6.139085
v 22.900000 -45.750000 2.939085
v 22.900000 -45.750000 6.139085
v 23.100000 -45.750000 2.939085
v 23.100000 -45.750000 6.139085
v 22.900000 -45.750000 0.139086
v 22.900000 -45.750000 6.139086
v 23.100000 -45.750000 0.139086
v 23.100000 -45.750000 6.139086
v 22.900000 -49.500000 0.139086
v 22.900000 -49.500000 6.139086
v 23.100000 -49.500000 0.139086
v 23.100000 -49.500000 6.139086
v 22.900000 -49.500000 0.139086
v 22.900000 -49.500000 6.139086
v 23.100000 -49.500000 0.139086
v 23.100000 -49.500000 6.139086
v 22.900000 -53.750000 0.139086
v 22.900000 -53.750000 6.139086
v 23.100000 -53.750000 0.139086
v 23.100000 -53.750000 6.139086
v 22.900000 -53.750000 2.939085
v 22.900000 -53.750000 6.139085
v 23.100000 -53.750000 2.939085
v 23.100000 -53.750000 6.139085
v 22.900000 -55.750000 2.939085
v 22.900000 -55.750000 6.139085
v 23.100000 -55.750000 2.939085
v 23.100000 -55.750000 6.139085
v 22.900000 -55.750000 0.139086
v 22.900000 -55.750000 6.139086
v 23.100000 -55.750000 0.139086
v 23.100000 -55.750000 6.139086
v 22.900000 -59.750000 0.139086
v 22.900000 -59.750000 6.139086
v 23.100000 -59.750000 0.139086
v 23.100000 -59.750000 6.139086
v 0.250000 -18.500000 0.139086
v 0.250000 -18.500000 6.139086
v 19.500000 -18.500000 0.139086
v 19.500000 -18.500000 6.139086
v 0.250000 -18.700001 0.139086
v 0.250000 -18.700001 6.139086
v 19.500000 -18.700001 0.139086
v 19.500000 -18.700001 6.139086
v 0.250000 -31.000000 0.139086
v 0.250000 -31.000000 6.139086
v 19.500000 -31.000000 0.139086
v 19.500000 -31.000000 6.139086
v 0.250000 -31.200001 0.139086
v 0.250000 -31.200001 6.139086
v 19.500000 -31.200001 0.139086
v 19.500000 -31.200001 6.139086
v 0.250000 -39.500000 0.139086
v 0.250000 -39.500000 6.139086
v 19.500000 -39.500000 0.139086
v 19.500000 -39.500000 6.139086
v 0.250000 -39.699997 0.139086
v 0.250000 -39.699997 6.139086
v 19.500000 -39.699997 0.139086
v 19.500000 -39.699997 6.139086
v 19.500000 -26.500000 0.139086
v 19.500000 -26.500000 6.139086
v 19.700001 -26.500000 0.139086
v 19.700001 -26.500000 6.139086
v 19.500000 -33.250000 0.139086
v 19.500000 -33.250000 6.139086
v 19.700001 -33.250000 0.139086
v 19.700001 -33.250000 6.139086
v 22.940001 -8.670000 2.939085
v 22.940001 -8.670000 3.019085
v 23.059999 -8.670000 2.939085
v 23.059999 -8.670000 3.019085
v 22.940001 -11.330000 2.939085
v 22.940001 -11.330000 3.019085
v 23.059999 -11.330000 2.939085
v 23.059999 -11.330000 3.019085
v 22.940001 -8.670000 0.139086
v 22.940001 -8.670000 2.939085
v 23.059999 -8.670000 0.139086
v 23.059999 -8.670000 2.939085
v 22.940001 -8.750000 0.139086
v 22.940001 -8.750000 2.939085
v 23.059999 -8.750000 0.139086
v 23.059999 -8.750000 2.939085
v 22.940001 -11.250000 0.139086
v 22.940001 -11.250000 2.939085
v 23.059999 -11.250000 0.139086
v 23.059999 -11.250000 2.939085
v 22.940001 -11.330000 0.139086
v 22.940001 -11.330000 2.939085
v 23.059999 -11.330000 0.139086
v 23.059999 -11.330000 2.939085
v 22.940001 -26.670000 2.939085
v 22.940001 -26.670000 3.019085
v 23.059999 -26.670000 2.939085
v 23.059999 -26.670000 3.019085
v 22.940001 -29.330000 2.939085
v 22.940001 -29.330000 3.019085
v 23.059999 -29.330000 2.939085
v 23.059999 -29.330000 3.019085
v 22.940001 -26.669998 0.139086
v 22.940001 -26.669998 2.939085
v 23.059999 -26.669998 0.139086
v 23.059999 -26.669998 2.939085
v 22.940001 -26.750000 0.139086
v 22.940001 -26.750000 2.939085
v 23.059999 -26.750000 0.139086
v 23.059999 -26.750000 2.939085
v 22.940001 -29.250000 0.139086
v 22.940001 -29.250000 2.939085
v 23.059999 -29.250000 0.139086
v 23.059999 -29.250000 2.939085
v 22.940001 -29.330002 0.139086
v 22.940001 -29.330002 2.939085
v 23.059999 -29.330002 0.139086
v 23.059999 -29.330002 2.939085
v 28.670000 -39.439999 2.939085
v 28.670000 -39.439999 3.019085
v 30.830000 -39.439999 2.939085
v 30.830000 -39.439999 3.019085
v 28.670000 -39.560001 2.939085
v 28.670000 -39.560001 3.019085
v 30.830000 -39.560001 2.939085
v 30.830000 -39.560001 3.019085
v 28.669998 -39.439999 0.139086
v 28.669998 -39.439999 2.939085
v 28.750000 -39.439999 0.139086
v 28.750000 -39.439999 2.939085
v 28.669998 -39.560001 0.139086
v 28.669998 -39.560001 2.939085
v 28.750000 -39.560001 0.139086
v 28.750000 -39.560001 2.939085
v 30.750000 -39.439999 0.139086
v 30.750000 -39.439999 2.939085
v 30.830002 -39.439999 0.139086
v 30.830002 -39.439999 2.939085
v 30.750000 -39.560001 0.139086
v 30.750000 -39.560001 2.939085
v 30.830002 -39.560001 0.139086
v 30.830002 -39.560001 2.939085
v 22.940001 -43.669998 2.939085
v 22.940001 -43.669998 3.019085
v 23.059999 -43.669998 2.939085
v 23.059999 -43.669998 3.019085
v 22.940001 -45.830002 2.939085
v 22.940001 -45.830002 3.019085
v 23.059999 -45.830002 2.939085
v 23.059999 -45.830002 3.019085
v 22.940001 -43.669998 0.139086
v 22.940001 -43.669998 2.939085
v 23.059999 -43.669998 0.139086
v 23.059999 -43.669998 2.939085
v 22.940001 -43.750000 0.139086
v 22.940001 -43.750000 2.939085
v 23.059999 -43.750000 0.139086
v 23.059999 -43.750000 2.939085
v 22.940001 -45.750000 0.139086
v 22.940001 -45.750000 2.939085
v 23.059999 -45.750000 0.139086
v 23.059999 -45.750000 2.939085
v 22.940001 -45.830002 0.139086
v 22.940001 -45.830002 2.939085
v 23.059999 -45.830002 0.139086
v 23.059999 -45.830002 2.939085
v 28.670000 -49.439999 2.939085
v 28.670000 -49.439999 3.019085
v 30.629999 -49.439999 2.939085
v 30.629999 -49.439999 3.019085
v 28.670000 -49.560001 2.939085
v 28.670000 -49.560001 3.019085
v 30.629999 -49.560001 2.939085
v 30.629999 -49.560001 3.019085
v 28.669998 -49.439999 0.139086
v 28.669998 -49.439999 2.939085
v 28.750000 -49.439999 0.139086
v 28.750000 -49.439999 2.939085
v 28.669998 -49.560001 0.139086
v 28.669998 -49.560001 2.939085
v 28.750000 -49.560001 0.139086
v 28.750000 -49.560001 2.939085
v 30.549999 -49.439999 0.139086
v 30.549999 -49.439999 2.939085
v 30.630001 -49.439999 0.139086
v 30.630001 -49.439999 2.939085
v 30.549999 -49.560001 0.139086
v 30.549999 -49.560001 2.939085
v 30.630001 -49.560001 0.139086
v 30.630001 -49.560001 2.939085
v 22.940001 -53.669998 2.939085
v 22.940001 -53.669998 3.019085
v 23.059999 -53.669998 2.939085
v 23.059999 -53.669998 3.019085
v 22.940001 -55.830002 2.939085
v 22.940001 -55.830002 3.019085
v 23.059999 -55.830002 2.939085
v 23.059999 -55.830002 3.019085
v 22.940001 -53.669998 0.139086
v 22.940001 -53.669998 2.939085
v 23.059999 -53.669998 0.139086
v 23.059999 -53.669998 2.939085
v 22.940001 -53.750000 0.139086
v 22.940001 -53.750000 2.939085
v 23.059999 -53.750000 0.139086
v 23.059999 -53.750000 2.939085
v 22.940001 -55.750000 0.139086
v 22.940001 -55.750000 2.939085
v 23.059999 -55.750000 0.139086
v 23.059999 -55.750000 2.939085
v 22.940001 -55.830002 0.139086
v 22.940001 -55.830002 2.939085
v 23.059999 -55.830002 0.139086
v 23.059999 -55.830002 2.939085
v 19.440001 -6.420000 0.139086
v 19.440001 -6.420000 2.939085
v 19.559999 -6.420000 0.139086
v 19.559999 -6.420000 2.939085
v 19.440001 -6.500000 0.139086
v 19.440001 -6.500000 2.939085
v 19.559999 -6.500000 0.139086
v 19.559999 -6.500000 2.939085
v 19.440001 -9.500000 0.139086
v 19.440001 -9.500000 2.939085
v 19.559999 -9.500000 0.139086
v 19.559999 -9.500000 2.939085
v 19.440001 -9.580000 0.139086
v 19.440001 -9.580000 2.939085
v 19.559999 -9.580000 0.139086
v 19.559999 -9.580000 2.939085
v 19.440001 -23.419998 0.139086
v 19.440001 -23.419998 2.939085
v 19.559999 -23.419998 0.139086
v 19.559999 -23.419998 2.939085
v 19.440001 -23.500000 0.139086
v 19.440001 -23.500000 2.939085
v 19.559999 -23.500000 0.139086
v 19.559999 -23.500000 2.939085
v 19.440001 -26.500000 0.139086
v 19.440001 -26.500000 2.939085
v 19.559999 -26.500000 0.139086
v 19.559999 -26.500000 2.939085
v 19.440001 -26.580002 0.139086
v 19.440001 -26.580002 2.939085
v 19.559999 -26.580002 0.139086
v 19.559999 -26.580002 2.939085
v -0.060000 -23.420000 6.139085
v -0.060000 -23.420000 6.219085
v 0.060000 -23.420000 6.139085
v 0.060000 -23.420000 6.219085
v -0.060000 -26.580000 6.139085
v -0.060000 -26.580000 6.219085
v 0.060000 -26.580000 6.139085
v 0.060000 -26.580000 6.219085
v -0.060000 -23.419998 0.139086
v -0.060000 -23.419998 6.139086
v 0.060000 -23.419998 0.139086
v 0.060000 -23.419998 6.139086
v -0.060000 -23.500000 0.139086
v -0.060000 -23.500000 6.139086
v 0.060000 -23.500000 0.139086
v 0.060000 -23.500000 6.139086
v -0.060000 -26.500000 0.139086
v -0.060000 -26.500000 6.139086
v 0.060000 -26.500000 0.139086
v 0.060000 -26.500000 6.139086
v -0.060000 -26.580002 0.139086
v -0.060000 -26.580002 6.139086
v 0.060000 -26.580002 0.139086
v 0.060000 -26.580002 6.139086
v 19.440001 -33.169998 0.139086
v 19.440001 -33.169998 2.939085
v 19.559999 -33.169998 0.139086
v 19.559999 -33.169998 2.939085
v 19.440001 -33.250000 0.139086
v 19.440001 -33.250000 2.939085
v 19.559999 -33.250000 0.139086
v 19.559999 -33.250000 2.939085
v 19.440001 -36.750000 0.139086
v 19.440001 -36.750000 2.939085
v 19.559999 -36.750000 0.139086
v 19.559999 -36.750000 2.939085
v 19.440001 -36.830002 0.139086
v 19.440001 -36.830002 2.939085
v 19.559999 -36.830002 0.139086
v 19.559999 -36.830002 2.939085
v 19.170000 -59.689999 2.939085
v 19.170000 -59.689999 3.019085
v 22.330000 -59.689999 2.939085
v 22.330000 -59.689999 3.019085
v 19.170000 -59.810001 2.939085
v 19.170000 -59.810001 3.019085
v 22.330000 -59.810001 2.939085
v 22.330000 -59.810001 3.019085
v 19.169998 -59.689999 0.139086
v 19.169998 -59.689999 2.939085
v 19.250000 -59.689999 0.139086
v 19.250000 -59.689999 2.939085
v 19.169998 -59.810001 0.139086
v 19.169998 -59.810001 2.939085
v 19.250000 -59.810001 0.139086
v 19.250000 -59.810001 2.939085
v 22.250000 -59.689999 0.139086
v 22.250000 -59.689999 2.939085
v 22.330002 -59.689999 0.139086
v 22.330002 -59.689999 2.939085
v 22.250000 -59.810001 0.139086
v 22.250000 -59.810001 2.939085
v 22.330002 -59.810001 0.139086
v 22.330002 -59.810001 2.939085
v 19.170000 0.060000 2.939085
v 19.170000 0.060000 3.019085
v 22.330000 0.060000 2.939085
v 22.330000 0.060000 3.019085
v 19.170000 -0.060000 2.939085
v 19.170000 -0.060000 3.019085
v 22.330000 -0.060000 2.939085
v 22.330000 -0.060000 3.019085
v 19.169998 0.060000 0.139086
v 19.169998 0.060000 2.939085
v 19.250000 0.060000 0.139086
v 19.250000 0.060000 2.939085
v 19.169998 -0.060000 0.139086
v 19.169998 -0.060000 2.939085
v 19.250000 -0.060000 0.139086
v 19.250000 -0.060000 2.939085
v 22.250000 0.060000 0.139086
v 22.250000 0.060000 2.939085
v 22.330002 0.060000 0.139086
v 22.330002 0.060000 2.939085
v 22.250000 -0.060000 0.139086
v 22.250000 -0.060000 2.939085
v 22.330002 -0.060000 0.139086
v 22.330002 -0.060000 2.939085
v 19.260000 0.025000 0.149086
v 19.260000 0.025000 2.929085
v 22.240000 0.025000 0.149086
v 22.240000 0.025000 2.929085
v 19.260000 -0.025000 0.149086
v 19.260000 -0.025000 2.929085
v 22.240000 -0.025000 0.149086
v 22.240000 -0.025000 2.929085
v 0.250000 -0.250000 0.139086
v 0.250000 -0.250000 6.139086
v 0.650000 -0.250000 0.139086
v 0.650000 -0.250000 6.139086
v 0.250000 -0.650000 0.139086
v 0.250000 -0.650000 6.139086
v 0.650000 -0.650000 0.139086
v 0.650000 -0.650000 6.139086
v 9.800000 -0.250000 0.139086
v 9.800000 -0.250000 6.139086
v 10.200000 -0.250000 0.139086
v 10.200000 -0.250000 6.139086
v 9.800000 -0.650000 0.139086
v 9.800000 -0.650000 6.139086
v 10.200000 -0.650000 0.139086
v 10.200000 -0.650000 6.139086
v 19.799999 -0.250000 0.139086
v 19.799999 -0.250000 6.139086
v 20.200001 -0.250000 0.139086
v 20.200001 -0.250000 6.139086
v 19.799999 -0.650000 0.139086
v 19.799999 -0.650000 6.139086
v 20.200001 -0.650000 0.139086
v 20.200001 -0.650000 6.139086
v 29.799999 -0.250000 0.139086
v 29.799999 -0.250000 6.139086
v 30.200001 -0.250000 0.139086
v 30.200001 -0.250000 6.139086
v 29.799999 -0.650000 0.139086
v 29.799999 -0.650000 6.139086
v 30.200001 -0.650000 0.139086
v 30.200001 -0.650000 6.139086
v 39.349998 -0.250000 0.139086
v 39.349998 -0.250000 6.139086
v 39.750000 -0.250000 0.139086
v 39.750000 -0.250000 6.139086
v 39.349998 -0.650000 0.139086
v 39.349998 -0.650000 6.139086
v 39.750000 -0.650000 0.139086
v 39.750000 -0.650000 6.139086
v 0.250000 -9.800000 0.139086
v 0.250000 -9.800000 6.139086
v 0.650000 -9.800000 0.139086
v 0.650000 -9.800000 6.139086
v 0.250000 -10.200000 0.139086
v 0.250000 -10.200000 6.139086
v 0.650000 -10.200000 0.139086
v 0.650000 -10.200000 6.139086
v 19.799999 -9.800000 0.139086
v 19.799999 -9.800000 6.139086
v 20.200001 -9.800000 0.139086
v 20.200001 -9.800000 6.139086
v 19.799999 -10.200000 0.139086
v 19.799999 -10.200000 6.139086
v 20.200001 -10.200000 0.139086
v 20.200001 -10.200000 6.139086
v 29.799999 -9.800000 0.139086
v 29.799999 -9.800000 6.139086
v 30.200001 -9.800000 0.139086
v 30.200001 -9.800000 6.139086
v 29.799999 -10.200000 0.139086
v 29.799999 -10.200000 6.139086
v 30.200001 -10.200000 0.139086
v 30.200001 -10.200000 6.139086
v 39.349998 -9.800000 0.139086
v 39.349998 -9.800000 6.139086
v 39.750000 -9.800000 0.139086
v 39.750000 -9.800000 6.139086
v 39.349998 -10.200000 0.139086
v 39.349998 -10.200000 6.139086
v 39.750000 -10.200000 0.139086
v 39.750000 -10.200000 6.139086
v 0.250000 -19.799999 0.139086
v 0.250000 -19.799999 6.139086
v 0.650000 -19.799999 0.139086
v 0.650000 -19.799999 6.139086
v 0.250000 -20.200001 0.139086
v 0.250000 -20.200001 6.139086
v 0.650000 -20.200001 0.139086
v 0.650000 -20.200001 6.139086
v 9.800000 -19.799999 0.139086
v 9.800000 -19.799999 6.139086
v 10.200000 -19.799999 0.139086
v 10.200000 -19.799999 6.139086
v 9.800000 -20.200001 0.139086
v 9.800000 -20.200001 6.139086
v 10.200000 -20.200001 0.139086
v 10.200000 -20.200001 6.139086
v 19.799999 -19.799999 0.139086
v 19.799999 -19.799999 6.139086
v 20.200001 -19.799999 0.139086
v 20.200001 -19.799999 6.139086
v 19.799999 -20.200001 0.139086
v 19.799999 -20.200001 6.139086
v 20.200001 -20.200001 0.139086
v 20.200001 -20.200001 6.139086
v 33.311893 -19.799999 0.139086
v 33.311893 -19.799999 6.139086
v 33.711895 -19.799999 0.139086
v 33.711895 -19.799999 6.139086
v 33.311893 -20.200001 0.139086
v 33.311893 -20.200001 6.139086
v 33.711895 -20.200001 0.139086
v 33.711895 -20.200001 6.139086
v 39.349998 -19.799999 0.139086
v 39.349998 -19.799999 6.139086
v 39.750000 -19.799999 0.139086
v 39.750000 -19.799999 6.139086
v 39.349998 -20.200001 0.139086
v 39.349998 -20.200001 6.139086
v 39.750000 -20.200001 0.139086
v 39.750000 -20.200001 6.139086
v 0.250000 -29.799999 0.139086
v 0.250000 -29.799999 6.139086
v 0.650000 -29.799999 0.139086
v 0.650000 -29.799999 6.139086
v 0.250000 -30.200001 0.139086
v 0.250000 -30.200001 6.139086
v 0.650000 -30.200001 0.139086
v 0.650000 -30.200001 6.139086
v 9.800000 -29.799999 0.139086
v 9.800000 -29.799999 6.139086
v 10.200000 -29.799999 0.139086
v 10.200000 -29.799999 6.139086
v 9.800000 -30.200001 0.139086
v 9.800000 -30.200001 6.139086
v 10.200000 -30.200001 0.139086
v 10.200000 -30.200001 6.139086
v 19.799999 -29.799999 0.139086
v 19.799999 -29.799999 6.139086
v 20.200001 -29.799999 0.139086
v 20.200001 -29.799999 6.139086
v 19.799999 -30.200001 0.139086
v 19.799999 -30.200001 6.139086
v 20.200001 -30.200001 0.139086
v 20.200001 -30.200001 6.139086
v 29.799999 -29.799999 0.139086
v 29.799999 -29.799999 6.139086
v 30.200001 -29.799999 0.139086
v 30.200001 -29.799999 6.139086
v 29.799999 -30.200001 0.139086
v 29.799999 -30.200001 6.139086
v 30.200001 -30.200001 0.139086
v 30.200001 -30.200001 6.139086
v 39.349998 -29.799999 0.139086
v 39.349998 -29.799999 6.139086
v 39.750000 -29.799999 0.139086
v 39.750000 -29.799999 6.139086
v 39.349998 -30.200001 0.139086
v 39.349998 -30.200001 6.139086
v 39.750000 -30.200001 0.139086
v 39.750000 -30.200001 6.139086
v 0.250000 -39.799999 0.139086
v 0.250000 -39.799999 6.139086
v 0.650000 -39.799999 0.139086
v 0.650000 -39.799999 6.139086
v 0.250000 -40.200001 0.139086
v 0.250000 -40.200001 6.139086
v 0.650000 -40.200001 0.139086
v 0.650000 -40.200001 6.139086
v 9.800000 -39.799999 0.139086
v 9.800000 -39.799999 6.139086
v 10.200000 -39.799999 0.139086
v 10.200000 -39.799999 6.139086
v 9.800000 -40.200001 0.139086
v 9.800000 -40.200001 6.139086
v 10.200000 -40.200001 0.139086
v 10.200000 -40.200001 6.139086
v 19.799999 -39.799999 0.139086
v 19.799999 -39.799999 6.139086
v 20.200001 -39.799999 0.139086
v 20.200001 -39.799999 6.139086
v 19.799999 -40.200001 0.139086
v 19.799999 -40.200001 6.139086
v 20.200001 -40.200001 0.139086
v 20.200001 -40.200001 6.139086
v 39.349998 -39.799999 0.139086
v 39.349998 -39.799999 6.139086
v 39.750000 -39.799999 0.139086
v 39.750000 -39.799999 6.139086
v 39.349998 -40.200001 0.139086
v 39.349998 -40.200001 6.139086
v 39.750000 -40.200001 0.139086
v 39.750000 -40.200001 6.139086
v 0.250000 -49.799999 0.139086
v 0.250000 -49.799999 6.139086
v 0.650000 -49.799999 0.139086
v 0.650000 -49.799999 6.139086
v 0.250000 -50.200001 0.139086
v 0.250000 -50.200001 6.139086
v 0.650000 -50.200001 0.139086
v 0.650000 -50.200001 6.139086
v 9.800000 -49.799999 0.139086
v 9.800000 -49.799999 6.139086
v 10.200000 -49.799999 0.139086
v 10.200000 -49.799999 6.139086
v 9.800000 -50.200001 0.139086
v 9.800000 -50.200001 6.139086
v 10.200000 -50.200001 0.139086
v 10.200000 -50.200001 6.139086
v 39.349998 -49.799999 0.139086
v 39.349998 -49.799999 6.139086
v 39.750000 -49.799999 0.139086
v 39.750000 -49.799999 6.139086
v 39.349998 -50.200001 0.139086
v 39.349998 -50.200001 6.139086
v 39.750000 -50.200001 0.139086
v 39.750000 -50.200001 6.139086
v 0.250000 -59.349998 0.139086
v 0.250000 -59.349998 6.139086
v 0.650000 -59.349998 0.139086
v 0.650000 -59.349998 6.139086
v 0.250000 -59.750000 0.139086
v 0.250000 -59.750000 6.139086
v 0.650000 -59.750000 0.139086
v 0.650000 -59.750000 6.139086
v 9.800000 -59.349998 0.139086
v 9.800000 -59.349998 6.139086
v 10.200000 -59.349998 0.139086
v 10.200000 -59.349998 6.139086
v 9.800000 -59.750000 0.139086
v 9.800000 -59.750000 6.139086
v 10.200000 -59.750000 0.139086
v 10.200000 -59.750000 6.139086
v 19.307392 -59.621902 0.139086
v 19.307392 -59.621902 6.139086
v 19.707394 -59.621902 0.139086
v 19.707394 -59.621902 6.139086
v 19.307392 -60.021904 0.139086
v 19.307392 -60.021904 6.139086
v 19.707394 -60.021904 0.139086
v 19.707394 -60.021904 6.139086
v 29.799999 -59.349998 0.139086
v 29.799999 -59.349998 6.139086
v 30.200001 -59.349998 0.139086
v 30.200001 -59.349998 6.139086
v 29.799999 -59.750000 0.139086
v 29.799999 -59.750000 6.139086
v 30.200001 -59.750000 0.139086
v 30.200001 -59.750000 6.139086
v 39.349998 -59.349998 0.139086
v 39.349998 -59.349998 6.139086
v 39.750000 -59.349998 0.139086
v 39.750000 -59.349998 6.139086
v 39.349998 -59.750000 0.139086
v 39.349998 -59.750000 6.139086
v 39.750000 -59.750000 0.139086
v 39.750000 -59.750000 6.139086
v 0.500000 -31.825001 0.139086
v 0.500000 -31.825001 0.144085
v 19.500000 -31.825001 0.139086
v 19.500000 -31.825001 0.144085
v 0.500000 -31.924999 0.139086
v 0.500000 -31.924999 0.144085
v 19.500000 -31.924999 0.139086
v 19.500000 -31.924999 0.144085
v 9.990000 -3.900000 1.239086
v 9.990000 -3.900000 1.439086
v 10.010000 -3.900000 1.239086
v 10.010000 -3.900000 1.439086
v 9.990000 -4.100000 1.239086
v 9.990000 -4.100000 1.439086
v 10.010000 -4.100000 1.239086
v 10.010000 -4.100000 1.439086
v 19.500000 -4.900000 0.141585
v 19.500000 -4.900000 0.146585
v 19.700001 -4.900000 0.141585
v 19.700001 -4.900000 0.146585
v 19.500000 -5.100000 0.141585
v 19.500000 -5.100000 0.146585
v 19.700001 -5.100000 0.141585
v 19.700001 -5.100000 0.146585
v 19.500000 -9.900000 0.141585
v 19.500000 -9.900000 0.146585
v 19.700001 -9.900000 0.141585
v 19.700001 -9.900000 0.146585
v 19.500000 -10.100000 0.141585
v 19.500000 -10.100000 0.146585
v 19.700001 -10.100000 0.141585
v 19.700001 -10.100000 0.146585
v 19.500000 -14.900000 0.141585
v 19.500000 -14.900000 0.146585
v 19.700001 -14.900000 0.141585
v 19.700001 -14.900000 0.146585
v 19.500000 -15.100000 0.141585
v 19.500000 -15.100000 0.146585
v 19.700001 -15.100000 0.141585
v 19.700001 -15.100000 0.146585
v 19.500000 -19.900000 0.141585
v 19.500000 -19.900000 0.146585
v 19.700001 -19.900000 0.141585
v 19.700001 -19.900000 0.146585
v 19.500000 -20.100000 0.141585
v 19.500000 -20.100000 0.146585
v 19.700001 -20.100000 0.141585
v 19.700001 -20.100000 0.146585
v 19.500000 -29.900000 0.141585
v 19.500000 -29.900000 0.146585
v 19.700001 -29.900000 0.141585
v 19.700001 -29.900000 0.146585
v 19.500000 -30.100000 0.141585
v 19.500000 -30.100000 0.146585
v 19.700001 -30.100000 0.141585
v 19.700001 -30.100000 0.146585
v 19.500000 -39.900002 0.141585
v 19.500000 -39.900002 0.146585
v 19.700001 -39.900002 0.141585
v 19.700001 -39.900002 0.146585
v 19.500000 -40.099998 0.141585
v 19.500000 -40.099998 0.146585
v 19.700001 -40.099998 0.141585
v 19.700001 -40.099998 0.146585
v 19.500000 -44.900002 0.141585
v 19.500000 -44.900002 0.146585
v 19.700001 -44.900002 0.141585
v 19.700001 -44.900002 0.146585
v 19.500000 -45.099998 0.141585
v 19.500000 -45.099998 0.146585
v 19.700001 -45.099998 0.141585
v 19.700001 -45.099998 0.146585
v 19.500000 -54.900002 0.141585
v 19.500000 -54.900002 0.146585
v 19.700001 -54.900002 0.141585
v 19.700001 -54.900002 0.146585
v 19.500000 -55.099998 0.141585
v 19.500000 -55.099998 0.146585
v 19.700001 -55.099998 0.141585
v 19.700001 -55.099998 0.146585
v 0.000000 0.000000 0.141585
v 0.000000 0.000000 0.146585
v 0.500000 0.000000 0.141585
v 0.500000 0.000000 0.146585
v 0.000000 -0.500000 0.141585
v 0.000000 -0.500000 0.146585
v 0.500000 -0.500000 0.141585
v 0.500000 -0.500000 0.146585
v 26.957731 -15.250000 -0.100000
v 26.957731 -15.250000 0.000000
v 27.857733 -15.250000 -0.100000
v 27.857733 -15.250000 0.000000
v 26.957731 -16.750000 -0.100000
v 26.957731 -16.750000 0.000000
v 27.857733 -16.750000 -0.100000
v 27.857733 -16.750000 0.000000
v 27.007732 -15.300000 0.100000
v 27.007732 -15.300000 0.140000
v 27.807732 -15.300000 0.100000
v 27.807732 -15.300000 0.140000
v 27.007732 -16.700001 0.100000
v 27.007732 -16.700001 0.140000
v 27.807732 -16.700001 0.100000
v 27.807732 -16.700001 0.140000
v 27.557732 -16.200001 0.350000
v 27.557732 -16.200001 0.490000
v 27.637733 -16.200001 0.350000
v 27.637733 -16.200001 0.490000
v 27.557732 -16.360001 0.350000
v 27.557732 -16.360001 0.490000
v 27.637733 -16.360001 0.350000
v 27.637733 -16.360001 0.490000
v 26.957731 -19.250000 -0.100000
v 26.957731 -19.250000 0.000000
v 27.857733 -19.250000 -0.100000
v 27.857733 -19.250000 0.000000
v 26.957731 -20.750000 -0.100000
v 26.957731 -20.750000 0.000000
v 27.857733 -20.750000 -0.100000
v 27.857733 -20.750000 0.000000
v 27.007732 -19.299999 0.100000
v 27.007732 -19.299999 0.140000
v 27.807732 -19.299999 0.100000
v 27.807732 -19.299999 0.140000
v 27.007732 -20.700001 0.100000
v 27.007732 -20.700001 0.140000
v 27.807732 -20.700001 0.100000
v 27.807732 -20.700001 0.140000
v 27.217731 -19.889999 0.120000
v 27.217731 -19.889999 0.440000
v 27.597733 -19.889999 0.120000
v 27.597733 -19.889999 0.440000
v 27.217731 -20.110001 0.120000
v 27.217731 -20.110001 0.440000
v 27.597733 -20.110001 0.120000
v 27.597733 -20.110001 0.440000
v 26.957731 -23.250000 -0.100000
v 26.957731 -23.250000 0.000000
v 27.857733 -23.250000 -0.100000
v 27.857733 -23.250000 0.000000
v 26.957731 -24.750000 -0.100000
v 26.957731 -24.750000 0.000000
v 27.857733 -24.750000 -0.100000
v 27.857733 -24.750000 0.000000
v 27.007732 -23.299999 0.100000
v 27.007732 -23.299999 0.140000
v 27.807732 -23.299999 0.100000
v 27.807732 -23.299999 0.140000
v 27.007732 -24.700001 0.100000
v 27.007732 -24.700001 0.140000
v 27.807732 -24.700001 0.100000
v 27.807732 -24.700001 0.140000
v 23.549999 -15.250000 -0.100000
v 23.549999 -15.250000 0.000000
v 24.450001 -15.250000 -0.100000
v 24.450001 -15.250000 0.000000
v 23.549999 -16.750000 -0.100000
v 23.549999 -16.750000 0.000000
v 24.450001 -16.750000 -0.100000
v 24.450001 -16.750000 0.000000
v 23.600000 -15.300000 0.100000
v 23.600000 -15.300000 0.140000
v 24.400000 -15.300000 0.100000
v 24.400000 -15.300000 0.140000
v 23.600000 -16.700001 0.100000
v 23.600000 -16.700001 0.140000
v 24.400000 -16.700001 0.100000
v 24.400000 -16.700001 0.140000
v 24.150000 -16.200001 0.350000
v 24.150000 -16.200001 0.490000
v 24.230001 -16.200001 0.350000
v 24.230001 -16.200001 0.490000
v 24.150000 -16.360001 0.350000
v 24.150000 -16.360001 0.490000
v 24.230001 -16.360001 0.350000
v 24.230001 -16.360001 0.490000
v 23.549999 -19.250000 -0.100000
v 23.549999 -19.250000 0.000000
v 24.450001 -19.250000 -0.100000
v 24.450001 -19.250000 0.000000
v 23.549999 -20.750000 -0.100000
v 23.549999 -20.750000 0.000000
v 24.450001 -20.750000 -0.100000
v 24.450001 -20.750000 0.000000
v 23.600000 -19.299999 0.100000
v 23.600000 -19.299999 0.140000
v 24.400000 -19.299999 0.100000
v 24.400000 -19.299999 0.140000
v 23.600000 -20.700001 0.100000
v 23.600000 -20.700001 0.140000
v 24.400000 -20.700001 0.100000
v 24.400000 -20.700001 0.140000
v 23.809999 -19.889999 0.120000
v 23.809999 -19.889999 0.440000
v 24.190001 -19.889999 0.120000
v 24.190001 -19.889999 0.440000
v 23.809999 -20.110001 0.120000
v 23.809999 -20.110001 0.440000
v 24.190001 -20.110001 0.120000
v 24.190001 -20.110001 0.440000
v 24.150000 -20.200001 0.350000
v 24.150000 -20.200001 0.490000
v 24.230001 -20.200001 0.350000
v 24.230001 -20.200001 0.490000
v 24.150000 -20.360001 0.350000
v 24.150000 -20.360001 0.490000
v 24.230001 -20.360001 0.350000
v 24.230001 -20.360001 0.490000
v 23.549999 -23.250000 -0.100000
v 23.549999 -23.250000 0.000000
v 24.450001 -23.250000 -0.100000
v 24.450001 -23.250000 0.000000
v 23.549999 -24.750000 -0.100000
v 23.549999 -24.750000 0.000000
v 24.450001 -24.750000 -0.100000
v 24.450001 -24.750000 0.000000
v 23.600000 -23.299999 0.100000
v 23.600000 -23.299999 0.140000
v 24.400000 -23.299999 0.100000
v 24.400000 -23.299999 0.140000
v 23.600000 -24.700001 0.100000
v 23.600000 -24.700001 0.140000
v 24.400000 -24.700001 0.100000
v 24.400000 -24.700001 0.140000
v 23.809999 -23.889999 0.120000
v 23.809999 -23.889999 0.440000
v 24.190001 -23.889999 0.120000
v 24.190001 -23.889999 0.440000
v 23.809999 -24.110001 0.120000
v 23.809999 -24.110001 0.440000
v 24.190001 -24.110001 0.120000
v 24.190001 -24.110001 0.440000
v 27.547731 -15.500000 0.260000
v 27.547731 -15.500000 0.300000
v 27.528976 -15.570000 0.260000
v 27.528976 -15.570000 0.300000
v 27.477732 -15.621243 0.260000
v 27.477732 -15.621243 0.300000
v 27.407732 -15.640000 0.260000
v 27.407732 -15.640000 0.300000
v 27.337732 -15.621243 0.260000
v 27.337732 -15.621243 0.300000
v 27.286488 -15.570000 0.260000
v 27.286488 -15.570000 0.300000
v 27.267733 -15.500000 0.260000
v 27.267733 -15.500000 0.300000
v 27.286488 -15.430000 0.260000
v 27.286488 -15.430000 0.300000
v 27.337732 -15.378757 0.260000
v 27.337732 -15.378757 0.300000
v 27.407732 -15.360000 0.260000
v 27.407732 -15.360000 0.300000
v 27.477732 -15.378757 0.260000
v 27.477732 -15.378757 0.300000
v 27.528976 -15.430000 0.260000
v 27.528976 -15.430000 0.300000
v 27.667732 -15.780000 0.500000
v 27.667732 -15.780000 0.540000
v 27.651655 -15.840000 0.500000
v 27.651655 -15.840000 0.540000
v 27.607731 -15.883923 0.500000
v 27.607731 -15.883923 0.540000
v 27.547731 -15.900000 0.500000
v 27.547731 -15.900000 0.540000
v 27.487732 -15.883923 0.500000
v 27.487732 -15.883923 0.540000
v 27.443808 -15.840000 0.500000
v 27.443808 -15.840000 0.540000
v 27.427731 -15.780000 0.500000
v 27.427731 -15.780000 0.540000
v 27.443808 -15.719999 0.500000
v 27.443808 -15.719999 0.540000
v 27.487732 -15.676077 0.500000
v 27.487732 -15.676077 0.540000
v 27.547731 -15.660000 0.500000
v 27.547731 -15.660000 0.540000
v 27.607731 -15.676077 0.500000
v 27.607731 -15.676077 0.540000
v 27.651655 -15.719999 0.500000
v 27.651655 -15.719999 0.540000
v 27.627731 -15.780000 0.440000
v 27.627731 -15.780000 1.800000
v 27.617014 -15.820000 0.440000
v 27.617014 -15.820000 1.800000
v 27.587732 -15.849281 0.440000
v 27.587732 -15.849281 1.800000
v 27.547731 -15.860000 0.440000
v 27.547731 -15.860000 1.800000
v 27.507730 -15.849281 0.440000
v 27.507730 -15.849281 1.800000
v 27.478449 -15.820000 0.440000
v 27.478449 -15.820000 1.800000
v 27.467731 -15.780000 0.440000
v 27.467731 -15.780000 1.800000
v 27.478449 -15.740000 0.440000
v 27.478449 -15.740000 1.800000
v 27.507730 -15.710718 0.440000
v 27.507730 -15.710718 1.800000
v 27.547731 -15.700000 0.440000
v 27.547731 -15.700000 1.800000
v 27.587732 -15.710718 0.440000
v 27.587732 -15.710718 1.800000
v 27.617014 -15.740000 0.440000
v 27.617014 -15.740000 1.800000
v 27.597733 -16.280001 0.140000
v 27.597733 -16.280001 0.200000
v 27.583269 -16.352711 0.140000
v 27.583269 -16.352711 0.200000
v 27.542082 -16.414351 0.140000
v 27.542082 -16.414351 0.200000
v 27.480442 -16.455538 0.140000
v 27.480442 -16.455538 0.200000
v 27.407732 -16.470001 0.140000
v 27.407732 -16.470001 0.200000
v 27.335022 -16.455538 0.140000
v 27.335022 -16.455538 0.200000
v 27.273382 -16.414351 0.140000
v 27.273382 -16.414351 0.200000
v 27.232195 -16.352711 0.140000
v 27.232195 -16.352711 0.200000
v 27.217731 -16.280001 0.140000
v 27.217731 -16.280001 0.200000
v 27.232195 -16.207291 0.140000
v 27.232195 -16.207291 0.200000
v 27.273382 -16.145651 0.140000
v 27.273382 -16.145651 0.200000
v 27.335022 -16.104464 0.140000
v 27.335022 -16.104464 0.200000
v 27.407732 -16.090000 0.140000
v 27.407732 -16.090000 0.200000
v 27.480442 -16.104464 0.140000
v 27.480442 -16.104464 0.200000
v 27.542082 -16.145651 0.140000
v 27.542082 -16.145651 0.200000
v 27.583269 -16.207291 0.140000
v 27.583269 -16.207291 0.200000
v 27.547731 -19.500000 0.260000
v 27.547731 -19.500000 0.300000
v 27.528976 -19.570000 0.260000
v 27.528976 -19.570000 0.300000
v 27.477732 -19.621244 0.260000
v 27.477732 -19.621244 0.300000
v 27.407732 -19.639999 0.260000
v 27.407732 -19.639999 0.300000
v 27.337732 -19.621244 0.260000
v 27.337732 -19.621244 0.300000
v 27.286488 -19.570000 0.260000
v 27.286488 -19.570000 0.300000
v 27.267733 -19.500000 0.260000
v 27.267733 -19.500000 0.300000
v 27.286488 -19.430000 0.260000
v 27.286488 -19.430000 0.300000
v 27.337732 -19.378756 0.260000
v 27.337732 -19.378756 0.300000
v 27.407732 -19.360001 0.260000
v 27.407732 -19.360001 0.300000
v 27.477732 -19.378756 0.260000
v 27.477732 -19.378756 0.300000
v 27.528976 -19.430000 0.260000
v 27.528976 -19.430000 0.300000
v 27.667732 -19.780001 0.500000
v 27.667732 -19.780001 0.540000
v 27.651655 -19.840000 0.500000
v 27.651655 -19.840000 0.540000
v 27.607731 -19.883924 0.500000
v 27.607731 -19.883924 0.540000
v 27.547731 -19.900002 0.500000
v 27.547731 -19.900002 0.540000
v 27.487732 -19.883924 0.500000
v 27.487732 -19.883924 0.540000
v 27.443808 -19.840000 0.500000
v 27.443808 -19.840000 0.540000
v 27.427731 -19.780001 0.500000
v 27.427731 -19.780001 0.540000
v 27.443808 -19.720001 0.500000
v 27.443808 -19.720001 0.540000
v 27.487732 -19.676077 0.500000
v 27.487732 -19.676077 0.540000
v 27.547731 -19.660000 0.500000
v 27.547731 -19.660000 0.540000
v 27.607731 -19.676077 0.500000
v 27.607731 -19.676077 0.540000
v 27.651655 -19.720001 0.500000
v 27.651655 -19.720001 0.540000
v 27.627731 -19.780001 0.440000
v 27.627731 -19.780001 1.800000
v 27.617014 -19.820002 0.440000
v 27.617014 -19.820002 1.800000
v 27.587732 -19.849283 0.440000
v 27.587732 -19.849283 1.800000
v 27.547731 -19.860001 0.440000
v 27.547731 -19.860001 1.800000
v 27.507730 -19.849283 0.440000
v 27.507730 -19.849283 1.800000
v 27.478449 -19.820002 0.440000
v 27.478449 -19.820002 1.800000
v 27.467731 -19.780001 0.440000
v 27.467731 -19.780001 1.800000
v 27.478449 -19.740000 0.440000
v 27.478449 -19.740000 1.800000
v 27.507730 -19.710718 0.440000
v 27.507730 -19.710718 1.800000
v 27.547731 -19.700001 0.440000
v 27.547731 -19.700001 1.800000
v 27.587732 -19.710718 0.440000
v 27.587732 -19.710718 1.800000
v 27.617014 -19.740000 0.440000
v 27.617014 -19.740000 1.800000
v 27.597733 -20.280001 0.140000
v 27.597733 -20.280001 0.200000
v 27.583269 -20.352711 0.140000
v 27.583269 -20.352711 0.200000
v 27.542082 -20.414351 0.140000
v 27.542082 -20.414351 0.200000
v 27.480442 -20.455538 0.140000
v 27.480442 -20.455538 0.200000
v 27.407732 -20.470001 0.140000
v 27.407732 -20.470001 0.200000
v 27.335022 -20.455538 0.140000
v 27.335022 -20.455538 0.200000
v 27.273382 -20.414351 0.140000
v 27.273382 -20.414351 0.200000
v 27.232195 -20.352711 0.140000
v 27.232195 -20.352711 0.200000
v 27.217731 -20.280001 0.140000
v 27.217731 -20.280001 0.200000
v 27.232195 -20.207291 0.140000
v 27.232195 -20.207291 0.200000
v 27.273382 -20.145651 0.140000
v 27.273382 -20.145651 0.200000
v 27.335022 -20.104464 0.140000
v 27.335022 -20.104464 0.200000
v 27.407732 -20.090000 0.140000
v 27.407732 -20.090000 0.200000
v 27.480442 -20.104464 0.140000
v 27.480442 -20.104464 0.200000
v 27.542082 -20.145651 0.140000
v 27.542082 -20.145651 0.200000
v 27.583269 -20.207291 0.140000
v 27.583269 -20.207291 0.200000
v 27.547731 -23.500000 0.260000
v 27.547731 -23.500000 0.300000
v 27.528976 -23.570000 0.260000
v 27.528976 -23.570000 0.300000
v 27.477732 -23.621244 0.260000
v 27.477732 -23.621244 0.300000
v 27.407732 -23.639999 0.260000
v 27.407732 -23.639999 0.300000
v 27.337732 -23.621244 0.260000
v 27.337732 -23.621244 0.300000
v 27.286488 -23.570000 0.260000
v 27.286488 -23.570000 0.300000
v 27.267733 -23.500000 0.260000
v 27.267733 -23.500000 0.300000
v 27.286488 -23.430000 0.260000
v 27.286488 -23.430000 0.300000
v 27.337732 -23.378756 0.260000
v 27.337732 -23.378756 0.300000
v 27.407732 -23.360001 0.260000
v 27.407732 -23.360001 0.300000
v 27.477732 -23.378756 0.260000
v 27.477732 -23.378756 0.300000
v 27.528976 -23.430000 0.260000
v 27.528976 -23.430000 0.300000
v 27.667732 -23.780001 0.500000
v 27.667732 -23.780001 0.540000
v 27.651655 -23.840000 0.500000
v 27.651655 -23.840000 0.540000
v 27.607731 -23.883924 0.500000
v 27.607731 -23.883924 0.540000
v 27.547731 -23.900002 0.500000
v 27.547731 -23.900002 0.540000
v 27.487732 -23.883924 0.500000
v 27.487732 -23.883924 0.540000
v 27.443808 -23.840000 0.500000
v 27.443808 -23.840000 0.540000
v 27.427731 -23.780001 0.500000
v 27.427731 -23.780001 0.540000
v 27.443808 -23.720001 0.500000
v 27.443808 -23.720001 0.540000
v 27.487732 -23.676077 0.500000
v 27.487732 -23.676077 0.540000
v 27.547731 -23.660000 0.500000
v 27.547731 -23.660000 0.540000
v 27.607731 -23.676077 0.500000
v 27.607731 -23.676077 0.540000
v 27.651655 -23.720001 0.500000
v 27.651655 -23.720001 0.540000
v 27.597733 -24.280001 0.140000
v 27.597733 -24.280001 0.200000
v 27.583269 -24.352711 0.140000
v 27.583269 -24.352711 0.200000
v 27.542082 -24.414351 0.140000
v 27.542082 -24.414351 0.200000
v 27.480442 -24.455538 0.140000
v 27.480442 -24.455538 0.200000
v 27.407732 -24.470001 0.140000
v 27.407732 -24.470001 0.200000
v 27.335022 -24.455538 0.140000
v 27.335022 -24.455538 0.200000
v 27.273382 -24.414351 0.140000
v 27.273382 -24.414351 0.200000
v 27.232195 -24.352711 0.140000
v 27.232195 -24.352711 0.200000
v 27.217731 -24.280001 0.140000
v 27.217731 -24.280001 0.200000
v 27.232195 -24.207291 0.140000
v 27.232195 -24.207291 0.200000
v 27.273382 -24.145651 0.140000
v 27.273382 -24.145651 0.200000
v 27.335022 -24.104464 0.140000
v 27.335022 -24.104464 0.200000
v 27.407732 -24.090000 0.140000
v 27.407732 -24.090000 0.200000
v 27.480442 -24.104464 0.140000
v 27.480442 -24.104464 0.200000
v 27.542082 -24.145651 0.140000
v 27.542082 -24.145651 0.200000
v 27.583269 -24.207291 0.140000
v 27.583269 -24.207291 0.200000
v 27.597733 -24.280001 0.640000
v 27.597733 -24.280001 0.700000
v 27.583269 -24.352711 0.640000
v 27.583269 -24.352711 0.700000
v 27.542082 -24.414351 0.640000
v 27.542082 -24.414351 0.700000
v 27.480442 -24.455538 0.640000
v 27.480442 -24.455538 0.700000
v 27.407732 -24.470001 0.640000
v 27.407732 -24.470001 0.700000
v 27.335022 -24.455538 0.640000
v 27.335022 -24.455538 0.700000
v 27.273382 -24.414351 0.640000
v 27.273382 -24.414351 0.700000
v 27.232195 -24.352711 0.640000
v 27.232195 -24.352711 0.700000
v 27.217731 -24.280001 0.640000
v 27.217731 -24.280001 0.700000
v 27.232195 -24.207291 0.640000
v 27.232195 -24.207291 0.700000
v 27.273382 -24.145651 0.640000
v 27.273382 -24.145651 0.700000
v 27.335022 -24.104464 0.640000
v 27.335022 -24.104464 0.700000
v 27.407732 -24.090000 0.640000
v 27.407732 -24.090000 0.700000
v 27.480442 -24.104464 0.640000
v 27.480442 -24.104464 0.700000
v 27.542082 -24.145651 0.640000
v 27.542082 -24.145651 0.700000
v 27.583269 -24.207291 0.640000
v 27.583269 -24.207291 0.700000
v 23.900000 -15.510000 0.280000
v 23.900000 -15.230000 0.280000
v 23.913397 -15.510000 0.230000
v 23.913397 -15.230000 0.230000
v 23.950001 -15.510000 0.193397
v 23.950001 -15.230000 0.193397
v 24.000000 -15.510000 0.180000
v 24.000000 -15.230000 0.180000
v 24.049999 -15.510000 0.193397
v 24.049999 -15.230000 0.193397
v 24.086603 -15.510000 0.230000
v 24.086603 -15.230000 0.230000
v 24.100000 -15.510000 0.280000
v 24.100000 -15.230000 0.280000
v 24.086603 -15.510000 0.330000
v 24.086603 -15.230000 0.330000
v 24.049999 -15.510000 0.366603
v 24.049999 -15.230000 0.366603
v 24.000000 -15.510000 0.380000
v 24.000000 -15.230000 0.380000
v 23.950001 -15.510000 0.366603
v 23.950001 -15.230000 0.366603
v 23.913397 -15.510000 0.330000
v 23.913397 -15.230000 0.330000
v 24.260000 -15.780000 0.500000
v 24.260000 -15.780000 0.540000
v 24.243923 -15.840000 0.500000
v 24.243923 -15.840000 0.540000
v 24.199999 -15.883923 0.500000
v 24.199999 -15.883923 0.540000
v 24.139999 -15.900000 0.500000
v 24.139999 -15.900000 0.540000
v 24.080000 -15.883923 0.500000
v 24.080000 -15.883923 0.540000
v 24.036076 -15.840000 0.500000
v 24.036076 -15.840000 0.540000
v 24.019999 -15.780000 0.500000
v 24.019999 -15.780000 0.540000
v 24.036076 -15.719999 0.500000
v 24.036076 -15.719999 0.540000
v 24.080000 -15.676077 0.500000
v 24.080000 -15.676077 0.540000
v 24.139999 -15.660000 0.500000
v 24.139999 -15.660000 0.540000
v 24.199999 -15.676077 0.500000
v 24.199999 -15.676077 0.540000
v 24.243923 -15.719999 0.500000
v 24.243923 -15.719999 0.540000
v 24.190001 -16.280001 0.140000
v 24.190001 -16.280001 0.200000
v 24.175537 -16.352711 0.140000
v 24.175537 -16.352711 0.200000
v 24.134350 -16.414351 0.140000
v 24.134350 -16.414351 0.200000
v 24.072710 -16.455538 0.140000
v 24.072710 -16.455538 0.200000
v 24.000000 -16.470001 0.140000
v 24.000000 -16.470001 0.200000
v 23.927290 -16.455538 0.140000
v 23.927290 -16.455538 0.200000
v 23.865650 -16.414351 0.140000
v 23.865650 -16.414351 0.200000
v 23.824463 -16.352711 0.140000
v 23.824463 -16.352711 0.200000
v 23.809999 -16.280001 0.140000
v 23.809999 -16.280001 0.200000
v 23.824463 -16.207291 0.140000
v 23.824463 -16.207291 0.200000
v 23.865650 -16.145651 0.140000
v 23.865650 -16.145651 0.200000
v 23.927290 -16.104464 0.140000
v 23.927290 -16.104464 0.200000
v 24.000000 -16.090000 0.140000
v 24.000000 -16.090000 0.200000
v 24.072710 -16.104464 0.140000
v 24.072710 -16.104464 0.200000
v 24.134350 -16.145651 0.140000
v 24.134350 -16.145651 0.200000
v 24.175537 -16.207291 0.140000
v 24.175537 -16.207291 0.200000
v 24.139999 -19.500000 0.260000
v 24.139999 -19.500000 0.300000
v 24.121244 -19.570000 0.260000
v 24.121244 -19.570000 0.300000
v 24.070000 -19.621244 0.260000
v 24.070000 -19.621244 0.300000
v 24.000000 -19.639999 0.260000
v 24.000000 -19.639999 0.300000
v 23.930000 -19.621244 0.260000
v 23.930000 -19.621244 0.300000
v 23.878756 -19.570000 0.260000
v 23.878756 -19.570000 0.300000
v 23.860001 -19.500000 0.260000
v 23.860001 -19.500000 0.300000
v 23.878756 -19.430000 0.260000
v 23.878756 -19.430000 0.300000
v 23.930000 -19.378756 0.260000
v 23.930000 -19.378756 0.300000
v 24.000000 -19.360001 0.260000
v 24.000000 -19.360001 0.300000
v 24.070000 -19.378756 0.260000
v 24.070000 -19.378756 0.300000
v 24.121244 -19.430000 0.260000
v 24.121244 -19.430000 0.300000
v 23.900000 -19.510000 0.280000
v 23.900000 -19.230001 0.280000
v 23.913397 -19.510000 0.230000
v 23.913397 -19.230001 0.230000
v 23.950001 -19.510000 0.193397
v 23.950001 -19.230001 0.193397
v 24.000000 -19.510000 0.180000
v 24.000000 -19.230001 0.180000
v 24.049999 -19.510000 0.193397
v 24.049999 -19.230001 0.193397
v 24.086603 -19.510000 0.230000
v 24.086603 -19.230001 0.230000
v 24.100000 -19.510000 0.280000
v 24.100000 -19.230001 0.280000
v 24.086603 -19.510000 0.330000
v 24.086603 -19.230001 0.330000
v 24.049999 -19.510000 0.366603
v 24.049999 -19.230001 0.366603
v 24.000000 -19.510000 0.380000
v 24.000000 -19.230001 0.380000
v 23.950001 -19.510000 0.366603
v 23.950001 -19.230001 0.366603
v 23.913397 -19.510000 0.330000
v 23.913397 -19.230001 0.330000
v 24.260000 -19.780001 0.500000
v 24.260000 -19.780001 0.540000
v 24.243923 -19.840000 0.500000
v 24.243923 -19.840000 0.540000
v 24.199999 -19.883924 0.500000
v 24.199999 -19.883924 0.540000
v 24.139999 -19.900002 0.500000
v 24.139999 -19.900002 0.540000
v 24.080000 -19.883924 0.500000
v 24.080000 -19.883924 0.540000
v 24.036076 -19.840000 0.500000
v 24.036076 -19.840000 0.540000
v 24.019999 -19.780001 0.500000
v 24.019999 -19.780001 0.540000
v 24.036076 -19.720001 0.500000
v 24.036076 -19.720001 0.540000
v 24.080000 -19.676077 0.500000
v 24.080000 -19.676077 0.540000
v 24.139999 -19.660000 0.500000
v 24.139999 -19.660000 0.540000
v 24.199999 -19.676077 0.500000
v 24.199999 -19.676077 0.540000
v 24.243923 -19.720001 0.500000
v 24.243923 -19.720001 0.540000
v 24.190001 -20.280001 0.140000
v 24.190001 -20.280001 0.200000
v 24.175537 -20.352711 0.140000
v 24.175537 -20.352711 0.200000
v 24.134350 -20.414351 0.140000
v 24.134350 -20.414351 0.200000
v 24.072710 -20.455538 0.140000
v 24.072710 -20.455538 0.200000
v 24.000000 -20.470001 0.140000
v 24.000000 -20.470001 0.200000
v 23.927290 -20.455538 0.140000
v 23.927290 -20.455538 0.200000
v 23.865650 -20.414351 0.140000
v 23.865650 -20.414351 0.200000
v 23.824463 -20.352711 0.140000
v 23.824463 -20.352711 0.200000
v 23.809999 -20.280001 0.140000
v 23.809999 -20.280001 0.200000
v 23.824463 -20.207291 0.140000
v 23.824463 -20.207291 0.200000
v 23.865650 -20.145651 0.140000
v 23.865650 -20.145651 0.200000
v 23.927290 -20.104464 0.140000
v 23.927290 -20.104464 0.200000
v 24.000000 -20.090000 0.140000
v 24.000000 -20.090000 0.200000
v 24.072710 -20.104464 0.140000
v 24.072710 -20.104464 0.200000
v 24.134350 -20.145651 0.140000
v 24.134350 -20.145651 0.200000
v 24.175537 -20.207291 0.140000
v 24.175537 -20.207291 0.200000
v 24.190001 -24.280001 0.140000
v 24.190001 -24.280001 0.200000
v 24.175537 -24.352711 0.140000
v 24.175537 -24.352711 0.200000
v 24.134350 -24.414351 0.140000
v 24.134350 -24.414351 0.200000
v 24.072710 -24.455538 0.140000
v 24.072710 -24.455538 0.200000
v 24.000000 -24.470001 0.140000
v 24.000000 -24.470001 0.200000
v 23.927290 -24.455538 0.140000
v 23.927290 -24.455538 0.200000
v 23.865650 -24.414351 0.140000
v 23.865650 -24.414351 0.200000
v 23.824463 -24.352711 0.140000
v 23.824463 -24.352711 0.200000
v 23.809999 -24.280001 0.140000
v 23.809999 -24.280001 0.200000
v 23.824463 -24.207291 0.140000
v 23.824463 -24.207291 0.200000
v 23.865650 -24.145651 0.140000
v 23.865650 -24.145651 0.200000
v 23.927290 -24.104464 0.140000
v 23.927290 -24.104464 0.200000
v 24.000000 -24.090000 0.140000
v 24.000000 -24.090000 0.200000
v 24.072710 -24.104464 0.140000
v 24.072710 -24.104464 0.200000
v 24.134350 -24.145651 0.140000
v 24.134350 -24.145651 0.200000
v 24.175537 -24.207291 0.140000
v 24.175537 -24.207291 0.200000
v 24.190001 -24.280001 0.640000
v 24.190001 -24.280001 0.700000
v 24.175537 -24.352711 0.640000
v 24.175537 -24.352711 0.700000
v 24.134350 -24.414351 0.640000
v 24.134350 -24.414351 0.700000
v 24.072710 -24.455538 0.640000
v 24.072710 -24.455538 0.700000
v 24.000000 -24.470001 0.640000
v 24.000000 -24.470001 0.700000
v 23.927290 -24.455538 0.640000
v 23.927290 -24.455538 0.700000
v 23.865650 -24.414351 0.640000
v 23.865650 -24.414351 0.700000
v 23.824463 -24.352711 0.640000
v 23.824463 -24.352711 0.700000
v 23.809999 -24.280001 0.640000
v 23.809999 -24.280001 0.700000
v 23.824463 -24.207291 0.640000
v 23.824463 -24.207291 0.700000
v 23.865650 -24.145651 0.640000
v 23.865650 -24.145651 0.700000
v 23.927290 -24.104464 0.640000
v 23.927290 -24.104464 0.700000
v 24.000000 -24.090000 0.640000
v 24.000000 -24.090000 0.700000
v 24.072710 -24.104464 0.640000
v 24.072710 -24.104464 0.700000
v 24.134350 -24.145651 0.640000
v 24.134350 -24.145651 0.700000
v 24.175537 -24.207291 0.640000
v 24.175537 -24.207291 0.700000
v 27.217731 -15.890000 0.120000
v 27.217731 -15.890000 0.440000
v 27.597733 -15.890000 0.120000
v 27.597733 -15.890000 0.440000
v 27.217731 -16.110001 0.120000
v 27.217731 -16.110001 0.440000
v 27.597733 -16.110001 0.120000
v 27.597733 -16.110001 0.440000
v 27.557732 -20.200001 0.350000
v 27.557732 -20.200001 0.490000
v 27.637733 -20.200001 0.350000
v 27.637733 -20.200001 0.490000
v 27.557732 -20.360001 0.350000
v 27.557732 -20.360001 0.490000
v 27.637733 -20.360001 0.350000
v 27.637733 -20.360001 0.490000
v 27.217731 -23.889999 0.120000
v 27.217731 -23.889999 0.440000
v 27.597733 -23.889999 0.120000
v 27.597733 -23.889999 0.440000
v 27.217731 -24.110001 0.120000
v 27.217731 -24.110001 0.440000
v 27.597733 -24.110001 0.120000
v 27.597733 -24.110001 0.440000
v 27.557732 -24.200001 0.350000
v 27.557732 -24.200001 0.490000
v 27.637733 -24.200001 0.350000
v 27.637733 -24.200001 0.490000
v 27.557732 -24.360001 0.350000
v 27.557732 -24.360001 0.490000
v 27.637733 -24.360001 0.350000
v 27.637733 -24.360001 0.490000
v 23.809999 -15.890000 0.120000
v 23.809999 -15.890000 0.440000
v 24.190001 -15.890000 0.120000
v 24.190001 -15.890000 0.440000
v 23.809999 -16.110001 0.120000
v 23.809999 -16.110001 0.440000
v 24.190001 -16.110001 0.120000
v 24.190001 -16.110001 0.440000
v 24.150000 -24.200001 0.350000
v 24.150000 -24.200001 0.490000
v 24.230001 -24.200001 0.350000
v 24.230001 -24.200001 0.490000
v 24.150000 -24.360001 0.350000
v 24.150000 -24.360001 0.490000
v 24.230001 -24.360001 0.350000
v 24.230001 -24.360001 0.490000
v 27.587732 -15.780000 0.420000
v 27.587732 -15.780000 0.540000
v 27.574030 -15.848883 0.420000
v 27.574030 -15.848883 0.540000
v 27.535011 -15.907279 0.420000
v 27.535011 -15.907279 0.540000
v 27.476616 -15.946298 0.420000
v 27.476616 -15.946298 0.540000
v 27.407732 -15.960000 0.420000
v 27.407732 -15.960000 0.540000
v 27.338848 -15.946298 0.420000
v 27.338848 -15.946298 0.540000
v 27.280453 -15.907279 0.420000
v 27.280453 -15.907279 0.540000
v 27.241434 -15.848883 0.420000
v 27.241434 -15.848883 0.540000
v 27.227732 -15.780000 0.420000
v 27.227732 -15.780000 0.540000
v 27.241434 -15.711117 0.420000
v 27.241434 -15.711117 0.540000
v 27.280453 -15.652720 0.420000
v 27.280453 -15.652720 0.540000
v 27.338848 -15.613702 0.420000
v 27.338848 -15.613702 0.540000
v 27.407732 -15.599999 0.420000
v 27.407732 -15.599999 0.540000
v 27.476616 -15.613702 0.420000
v 27.476616 -15.613702 0.540000
v 27.535011 -15.652720 0.420000
v 27.535011 -15.652720 0.540000
v 27.574030 -15.711117 0.420000
v 27.574030 -15.711117 0.540000
v 27.587732 -16.280001 0.140000
v 27.587732 -16.280001 0.640000
v 27.578922 -16.335625 0.140000
v 27.578922 -16.335625 0.640000
v 27.553354 -16.385801 0.140000
v 27.553354 -16.385801 0.640000
v 27.513533 -16.425623 0.140000
v 27.513533 -16.425623 0.640000
v 27.463356 -16.451191 0.140000
v 27.463356 -16.451191 0.640000
v 27.407732 -16.460001 0.140000
v 27.407732 -16.460001 0.640000
v 27.352108 -16.451191 0.140000
v 27.352108 -16.451191 0.640000
v 27.301931 -16.425623 0.140000
v 27.301931 -16.425623 0.640000
v 27.262110 -16.385801 0.140000
v 27.262110 -16.385801 0.640000
v 27.236542 -16.335625 0.140000
v 27.236542 -16.335625 0.640000
v 27.227732 -16.280001 0.140000
v 27.227732 -16.280001 0.640000
v 27.236542 -16.224377 0.140000
v 27.236542 -16.224377 0.640000
v 27.262110 -16.174200 0.140000
v 27.262110 -16.174200 0.640000
v 27.301931 -16.134378 0.140000
v 27.301931 -16.134378 0.640000
v 27.352108 -16.108810 0.140000
v 27.352108 -16.108810 0.640000
v 27.407732 -16.100000 0.140000
v 27.407732 -16.100000 0.640000
v 27.463356 -16.108810 0.140000
v 27.463356 -16.108810 0.640000
v 27.513533 -16.134378 0.140000
v 27.513533 -16.134378 0.640000
v 27.553354 -16.174200 0.140000
v 27.553354 -16.174200 0.640000
v 27.578922 -16.224377 0.140000
v 27.578922 -16.224377 0.640000
v 27.597733 -16.280001 0.640000
v 27.597733 -16.280001 0.700000
v 27.583269 -16.352711 0.640000
v 27.583269 -16.352711 0.700000
v 27.542082 -16.414351 0.640000
v 27.542082 -16.414351 0.700000
v 27.480442 -16.455538 0.640000
v 27.480442 -16.455538 0.700000
v 27.407732 -16.470001 0.640000
v 27.407732 -16.470001 0.700000
v 27.335022 -16.455538 0.640000
v 27.335022 -16.455538 0.700000
v 27.273382 -16.414351 0.640000
v 27.273382 -16.414351 0.700000
v 27.232195 -16.352711 0.640000
v 27.232195 -16.352711 0.700000
v 27.217731 -16.280001 0.640000
v 27.217731 -16.280001 0.700000
v 27.232195 -16.207291 0.640000
v 27.232195 -16.207291 0.700000
v 27.273382 -16.145651 0.640000
v 27.273382 -16.145651 0.700000
v 27.335022 -16.104464 0.640000
v 27.335022 -16.104464 0.700000
v 27.407732 -16.090000 0.640000
v 27.407732 -16.090000 0.700000
v 27.480442 -16.104464 0.640000
v 27.480442 -16.104464 0.700000
v 27.542082 -16.145651 0.640000
v 27.542082 -16.145651 0.700000
v 27.583269 -16.207291 0.640000
v 27.583269 -16.207291 0.700000
v 27.587732 -19.780001 0.420000
v 27.587732 -19.780001 0.540000
v 27.574030 -19.848885 0.420000
v 27.574030 -19.848885 0.540000
v 27.535011 -19.907280 0.420000
v 27.535011 -19.907280 0.540000
v 27.476616 -19.946299 0.420000
v 27.476616 -19.946299 0.540000
v 27.407732 -19.960001 0.420000
v 27.407732 -19.960001 0.540000
v 27.338848 -19.946299 0.420000
v 27.338848 -19.946299 0.540000
v 27.280453 -19.907280 0.420000
v 27.280453 -19.907280 0.540000
v 27.241434 -19.848885 0.420000
v 27.241434 -19.848885 0.540000
v 27.227732 -19.780001 0.420000
v 27.227732 -19.780001 0.540000
v 27.241434 -19.711117 0.420000
v 27.241434 -19.711117 0.540000
v 27.280453 -19.652721 0.420000
v 27.280453 -19.652721 0.540000
v 27.338848 -19.613703 0.420000
v 27.338848 -19.613703 0.540000
v 27.407732 -19.600000 0.420000
v 27.407732 -19.600000 0.540000
v 27.476616 -19.613703 0.420000
v 27.476616 -19.613703 0.540000
v 27.535011 -19.652721 0.420000
v 27.535011 -19.652721 0.540000
v 27.574030 -19.711117 0.420000
v 27.574030 -19.711117 0.540000
v 27.587732 -20.280001 0.140000
v 27.587732 -20.280001 0.640000
v 27.578922 -20.335625 0.140000
v 27.578922 -20.335625 0.640000
v 27.553354 -20.385801 0.140000
v 27.553354 -20.385801 0.640000
v 27.513533 -20.425623 0.140000
v 27.513533 -20.425623 0.640000
v 27.463356 -20.451191 0.140000
v 27.463356 -20.451191 0.640000
v 27.407732 -20.460001 0.140000
v 27.407732 -20.460001 0.640000
v 27.352108 -20.451191 0.140000
v 27.352108 -20.451191 0.640000
v 27.301931 -20.425623 0.140000
v 27.301931 -20.425623 0.640000
v 27.262110 -20.385801 0.140000
v 27.262110 -20.385801 0.640000
v 27.236542 -20.335625 0.140000
v 27.236542 -20.335625 0.640000
v 27.227732 -20.280001 0.140000
v 27.227732 -20.280001 0.640000
v 27.236542 -20.224377 0.140000
v 27.236542 -20.224377 0.640000
v 27.262110 -20.174200 0.140000
v 27.262110 -20.174200 0.640000
v 27.301931 -20.134378 0.140000
v 27.301931 -20.134378 0.640000
v 27.352108 -20.108810 0.140000
v 27.352108 -20.108810 0.640000
v 27.407732 -20.100000 0.140000
v 27.407732 -20.100000 0.640000
v 27.463356 -20.108810 0.140000
v 27.463356 -20.108810 0.640000
v 27.513533 -20.134378 0.140000
v 27.513533 -20.134378 0.640000
v 27.553354 -20.174200 0.140000
v 27.553354 -20.174200 0.640000
v 27.578922 -20.224377 0.140000
v 27.578922 -20.224377 0.640000
v 27.597733 -20.280001 0.640000
v 27.597733 -20.280001 0.700000
v 27.583269 -20.352711 0.640000
v 27.583269 -20.352711 0.700000
v 27.542082 -20.414351 0.640000
v 27.542082 -20.414351 0.700000
v 27.480442 -20.455538 0.640000
v 27.480442 -20.455538 0.700000
v 27.407732 -20.470001 0.640000
v 27.407732 -20.470001 0.700000
v 27.335022 -20.455538 0.640000
v 27.335022 -20.455538 0.700000
v 27.273382 -20.414351 0.640000
v 27.273382 -20.414351 0.700000
v 27.232195 -20.352711 0.640000
v 27.232195 -20.352711 0.700000
v 27.217731 -20.280001 0.640000
v 27.217731 -20.280001 0.700000
v 27.232195 -20.207291 0.640000
v 27.232195 -20.207291 0.700000
v 27.273382 -20.145651 0.640000
v 27.273382 -20.145651 0.700000
v 27.335022 -20.104464 0.640000
v 27.335022 -20.104464 0.700000
v 27.407732 -20.090000 0.640000
v 27.407732 -20.090000 0.700000
v 27.480442 -20.104464 0.640000
v 27.480442 -20.104464 0.700000
v 27.542082 -20.145651 0.640000
v 27.542082 -20.145651 0.700000
v 27.583269 -20.207291 0.640000
v 27.583269 -20.207291 0.700000
v 27.587732 -23.780001 0.420000
v 27.587732 -23.780001 0.540000
v 27.574030 -23.848885 0.420000
v 27.574030 -23.848885 0.540000
v 27.535011 -23.907280 0.420000
v 27.535011 -23.907280 0.540000
v 27.476616 -23.946299 0.420000
v 27.476616 -23.946299 0.540000
v 27.407732 -23.960001 0.420000
v 27.407732 -23.960001 0.540000
v 27.338848 -23.946299 0.420000
v 27.338848 -23.946299 0.540000
v 27.280453 -23.907280 0.420000
v 27.280453 -23.907280 0.540000
v 27.241434 -23.848885 0.420000
v 27.241434 -23.848885 0.540000
v 27.227732 -23.780001 0.420000
v 27.227732 -23.780001 0.540000
v 27.241434 -23.711117 0.420000
v 27.241434 -23.711117 0.540000
v 27.280453 -23.652721 0.420000
v 27.280453 -23.652721 0.540000
v 27.338848 -23.613703 0.420000
v 27.338848 -23.613703 0.540000
v 27.407732 -23.600000 0.420000
v 27.407732 -23.600000 0.540000
v 27.476616 -23.613703 0.420000
v 27.476616 -23.613703 0.540000
v 27.535011 -23.652721 0.420000
v 27.535011 -23.652721 0.540000
v 27.574030 -23.711117 0.420000
v 27.574030 -23.711117 0.540000
v 27.627731 -23.780001 0.440000
v 27.627731 -23.780001 1.800000
v 27.617014 -23.820002 0.440000
v 27.617014 -23.820002 1.800000
v 27.587732 -23.849283 0.440000
v 27.587732 -23.849283 1.800000
v 27.547731 -23.860001 0.440000
v 27.547731 -23.860001 1.800000
v 27.507730 -23.849283 0.440000
v 27.507730 -23.849283 1.800000
v 27.478449 -23.820002 0.440000
v 27.478449 -23.820002 1.800000
v 27.467731 -23.780001 0.440000
v 27.467731 -23.780001 1.800000
v 27.478449 -23.740000 0.440000
v 27.478449 -23.740000 1.800000
v 27.507730 -23.710718 0.440000
v 27.507730 -23.710718 1.800000
v 27.547731 -23.700001 0.440000
v 27.547731 -23.700001 1.800000
v 27.587732 -23.710718 0.440000
v 27.587732 -23.710718 1.800000
v 27.617014 -23.740000 0.440000
v 27.617014 -23.740000 1.800000
v 27.587732 -24.280001 0.140000
v 27.587732 -24.280001 0.640000
v 27.578922 -24.335625 0.140000
v 27.578922 -24.335625 0.640000
v 27.553354 -24.385801 0.140000
v 27.553354 -24.385801 0.640000
v 27.513533 -24.425623 0.140000
v 27.513533 -24.425623 0.640000
v 27.463356 -24.451191 0.140000
v 27.463356 -24.451191 0.640000
v 27.407732 -24.460001 0.140000
v 27.407732 -24.460001 0.640000
v 27.352108 -24.451191 0.140000
v 27.352108 -24.451191 0.640000
v 27.301931 -24.425623 0.140000
v 27.301931 -24.425623 0.640000
v 27.262110 -24.385801 0.140000
v 27.262110 -24.385801 0.640000
v 27.236542 -24.335625 0.140000
v 27.236542 -24.335625 0.640000
v 27.227732 -24.280001 0.140000
v 27.227732 -24.280001 0.640000
v 27.236542 -24.224377 0.140000
v 27.236542 -24.224377 0.640000
v 27.262110 -24.174200 0.140000
v 27.262110 -24.174200 0.640000
v 27.301931 -24.134378 0.140000
v 27.301931 -24.134378 0.640000
v 27.352108 -24.108810 0.140000
v 27.352108 -24.108810 0.640000
v 27.407732 -24.100000 0.140000
v 27.407732 -24.100000 0.640000
v 27.463356 -24.108810 0.140000
v 27.463356 -24.108810 0.640000
v 27.513533 -24.134378 0.140000
v 27.513533 -24.134378 0.640000
v 27.553354 -24.174200 0.140000
v 27.553354 -24.174200 0.640000
v 27.578922 -24.224377 0.140000
v 27.578922 -24.224377 0.640000
v 24.180000 -15.780000 0.420000
v 24.180000 -15.780000 0.540000
v 24.166298 -15.848883 0.420000
v 24.166298 -15.848883 0.540000
v 24.127279 -15.907279 0.420000
v 24.127279 -15.907279 0.540000
v 24.068884 -15.946298 0.420000
v 24.068884 -15.946298 0.540000
v 24.000000 -15.960000 0.420000
v 24.000000 -15.960000 0.540000
v 23.931116 -15.946298 0.420000
v 23.931116 -15.946298 0.540000
v 23.872721 -15.907279 0.420000
v 23.872721 -15.907279 0.540000
v 23.833702 -15.848883 0.420000
v 23.833702 -15.848883 0.540000
v 23.820000 -15.780000 0.420000
v 23.820000 -15.780000 0.540000
v 23.833702 -15.711117 0.420000
v 23.833702 -15.711117 0.540000
v 23.872721 -15.652720 0.420000
v 23.872721 -15.652720 0.540000
v 23.931116 -15.613702 0.420000
v 23.931116 -15.613702 0.540000
v 24.000000 -15.599999 0.420000
v 24.000000 -15.599999 0.540000
v 24.068884 -15.613702 0.420000
v 24.068884 -15.613702 0.540000
v 24.127279 -15.652720 0.420000
v 24.127279 -15.652720 0.540000
v 24.166298 -15.711117 0.420000
v 24.166298 -15.711117 0.540000
v 24.139999 -15.500000 0.260000
v 24.139999 -15.500000 0.300000
v 24.121244 -15.570000 0.260000
v 24.121244 -15.570000 0.300000
v 24.070000 -15.621243 0.260000
v 24.070000 -15.621243 0.300000
v 24.000000 -15.640000 0.260000
v 24.000000 -15.640000 0.300000
v 23.930000 -15.621243 0.260000
v 23.930000 -15.621243 0.300000
v 23.878756 -15.570000 0.260000
v 23.878756 -15.570000 0.300000
v 23.860001 -15.500000 0.260000
v 23.860001 -15.500000 0.300000
v 23.878756 -15.430000 0.260000
v 23.878756 -15.430000 0.300000
v 23.930000 -15.378757 0.260000
v 23.930000 -15.378757 0.300000
v 24.000000 -15.360000 0.260000
v 24.000000 -15.360000 0.300000
v 24.070000 -15.378757 0.260000
v 24.070000 -15.378757 0.300000
v 24.121244 -15.430000 0.260000
v 24.121244 -15.430000 0.300000
v 24.219999 -15.780000 0.440000
v 24.219999 -15.780000 1.800000
v 24.209282 -15.820000 0.440000
v 24.209282 -15.820000 1.800000
v 24.180000 -15.849281 0.440000
v 24.180000 -15.849281 1.800000
v 24.139999 -15.860000 0.440000
v 24.139999 -15.860000 1.800000
v 24.099998 -15.849281 0.440000
v 24.099998 -15.849281 1.800000
v 24.070717 -15.820000 0.440000
v 24.070717 -15.820000 1.800000
v 24.059999 -15.780000 0.440000
v 24.059999 -15.780000 1.800000
v 24.070717 -15.740000 0.440000
v 24.070717 -15.740000 1.800000
v 24.099998 -15.710718 0.440000
v 24.099998 -15.710718 1.800000
v 24.139999 -15.700000 0.440000
v 24.139999 -15.700000 1.800000
v 24.180000 -15.710718 0.440000
v 24.180000 -15.710718 1.800000
v 24.209282 -15.740000 0.440000
v 24.209282 -15.740000 1.800000
v 24.180000 -16.280001 0.140000
v 24.180000 -16.280001 0.640000
v 24.171190 -16.335625 0.140000
v 24.171190 -16.335625 0.640000
v 24.145622 -16.385801 0.140000
v 24.145622 -16.385801 0.640000
v 24.105801 -16.425623 0.140000
v 24.105801 -16.425623 0.640000
v 24.055624 -16.451191 0.140000
v 24.055624 -16.451191 0.640000
v 24.000000 -16.460001 0.140000
v 24.000000 -16.460001 0.640000
v 23.944376 -16.451191 0.140000
v 23.944376 -16.451191 0.640000
v 23.894199 -16.425623 0.140000
v 23.894199 -16.425623 0.640000
v 23.854378 -16.385801 0.140000
v 23.854378 -16.385801 0.640000
v 23.828810 -16.335625 0.140000
v 23.828810 -16.335625 0.640000
v 23.820000 -16.280001 0.140000
v 23.820000 -16.280001 0.640000
v 23.828810 -16.224377 0.140000
v 23.828810 -16.224377 0.640000
v 23.854378 -16.174200 0.140000
v 23.854378 -16.174200 0.640000
v 23.894199 -16.134378 0.140000
v 23.894199 -16.134378 0.640000
v 23.944376 -16.108810 0.140000
v 23.944376 -16.108810 0.640000
v 24.000000 -16.100000 0.140000
v 24.000000 -16.100000 0.640000
v 24.055624 -16.108810 0.140000
v 24.055624 -16.108810 0.640000
v 24.105801 -16.134378 0.140000
v 24.105801 -16.134378 0.640000
v 24.145622 -16.174200 0.140000
v 24.145622 -16.174200 0.640000
v 24.171190 -16.224377 0.140000
v 24.171190 -16.224377 0.640000
v 24.190001 -16.280001 0.640000
v 24.190001 -16.280001 0.700000
v 24.175537 -16.352711 0.640000
v 24.175537 -16.352711 0.700000
v 24.134350 -16.414351 0.640000
v 24.134350 -16.414351 0.700000
v 24.072710 -16.455538 0.640000
v 24.072710 -16.455538 0.700000
v 24.000000 -16.470001 0.640000
v 24.000000 -16.470001 0.700000
v 23.927290 -16.455538 0.640000
v 23.927290 -16.455538 0.700000
v 23.865650 -16.414351 0.640000
v 23.865650 -16.414351 0.700000
v 23.824463 -16.352711 0.640000
v 23.824463 -16.352711 0.700000
v 23.809999 -16.280001 0.640000
v 23.809999 -16.280001 0.700000
v 23.824463 -16.207291 0.640000
v 23.824463 -16.207291 0.700000
v 23.865650 -16.145651 0.640000
v 23.865650 -16.145651 0.700000
v 23.927290 -16.104464 0.640000
v 23.927290 -16.104464 0.700000
v 24.000000 -16.090000 0.640000
v 24.000000 -16.090000 0.700000
v 24.072710 -16.104464 0.640000
v 24.072710 -16.104464 0.700000
v 24.134350 -16.145651 0.640000
v 24.134350 -16.145651 0.700000
v 24.175537 -16.207291 0.640000
v 24.175537 -16.207291 0.700000
v 24.180000 -19.780001 0.420000
v 24.180000 -19.780001 0.540000
v 24.166298 -19.848885 0.420000
v 24.166298 -19.848885 0.540000
v 24.127279 -19.907280 0.420000
v 24.127279 -19.907280 0.540000
v 24.068884 -19.946299 0.420000
v 24.068884 -19.946299 0.540000
v 24.000000 -19.960001 0.420000
v 24.000000 -19.960001 0.540000
v 23.931116 -19.946299 0.420000
v 23.931116 -19.946299 0.540000
v 23.872721 -19.907280 0.420000
v 23.872721 -19.907280 0.540000
v 23.833702 -19.848885 0.420000
v 23.833702 -19.848885 0.540000
v 23.820000 -19.780001 0.420000
v 23.820000 -19.780001 0.540000
v 23.833702 -19.711117 0.420000
v 23.833702 -19.711117 0.540000
v 23.872721 -19.652721 0.420000
v 23.872721 -19.652721 0.540000
v 23.931116 -19.613703 0.420000
v 23.931116 -19.613703 0.540000
v 24.000000 -19.600000 0.420000
v 24.000000 -19.600000 0.540000
v 24.068884 -19.613703 0.420000
v 24.068884 -19.613703 0.540000
v 24.127279 -19.652721 0.420000
v 24.127279 -19.652721 0.540000
v 24.166298 -19.711117 0.420000
v 24.166298 -19.711117 0.540000
v 24.219999 -19.780001 0.440000
v 24.219999 -19.780001 1.800000
v 24.209282 -19.820002 0.440000
v 24.209282 -19.820002 1.800000
v 24.180000 -19.849283 0.440000
v 24.180000 -19.849283 1.800000
v 24.139999 -19.860001 0.440000
v 24.139999 -19.860001 1.800000
v 24.099998 -19.849283 0.440000
v 24.099998 -19.849283 1.800000
v 24.070717 -19.820002 0.440000
v 24.070717 -19.820002 1.800000
v 24.059999 -19.780001 0.440000
v 24.059999 -19.780001 1.800000
v 24.070717 -19.740000 0.440000
v 24.070717 -19.740000 1.800000
v 24.099998 -19.710718 0.440000
v 24.099998 -19.710718 1.800000
v 24.139999 -19.700001 0.440000
v 24.139999 -19.700001 1.800000
v 24.180000 -19.710718 0.440000
v 24.180000 -19.710718 1.800000
v 24.209282 -19.740000 0.440000
v 24.209282 -19.740000 1.800000
v 24.180000 -20.280001 0.140000
v 24.180000 -20.280001 0.640000
v 24.171190 -20.335625 0.140000
v 24.171190 -20.335625 0.640000
v 24.145622 -20.385801 0.140000
v 24.145622 -20.385801 0.640000
v 24.105801 -20.425623 0.140000
v 24.105801 -20.425623 0.640000
v 24.055624 -20.451191 0.140000
v 24.055624 -20.451191 0.640000
v 24.000000 -20.460001 0.140000
v 24.000000 -20.460001 0.640000
v 23.944376 -20.451191 0.140000
v 23.944376 -20.451191 0.640000
v 23.894199 -20.425623 0.140000
v 23.894199 -20.425623 0.640000
v 23.854378 -20.385801 0.140000
v 23.854378 -20.385801 0.640000
v 23.828810 -20.335625 0.140000
v 23.828810 -20.335625 0.640000
v 23.820000 -20.280001 0.140000
v 23.820000 -20.280001 0.640000
v 23.828810 -20.224377 0.140000
v 23.828810 -20.224377 0.640000
v 23.854378 -20.174200 0.140000
v 23.854378 -20.174200 0.640000
v 23.894199 -20.134378 0.140000
v 23.894199 -20.134378 0.640000
v 23.944376 -20.108810 0.140000
v 23.944376 -20.108810 0.640000
v 24.000000 -20.100000 0.140000
v 24.000000 -20.100000 0.640000
v 24.055624 -20.108810 0.140000
v 24.055624 -20.108810 0.640000
v 24.105801 -20.134378 0.140000
v 24.105801 -20.134378 0.640000
v 24.145622 -20.174200 0.140000
v 24.145622 -20.174200 0.640000
v 24.171190 -20.224377 0.140000
v 24.171190 -20.224377 0.640000
v 24.190001 -20.280001 0.640000
v 24.190001 -20.280001 0.700000
v 24.175537 -20.352711 0.640000
v 24.175537 -20.352711 0.700000
v 24.134350 -20.414351 0.640000
v 24.134350 -20.414351 0.700000
v 24.072710 -20.455538 0.640000
v 24.072710 -20.455538 0.700000
v 24.000000 -20.470001 0.640000
v 24.000000 -20.470001 0.700000
v 23.927290 -20.455538 0.640000
v 23.927290 -20.455538 0.700000
v 23.865650 -20.414351 0.640000
v 23.865650 -20.414351 0.700000
v 23.824463 -20.352711 0.640000
v 23.824463 -20.352711 0.700000
v 23.809999 -20.280001 0.640000
v 23.809999 -20.280001 0.700000
v 23.824463 -20.207291 0.640000
v 23.824463 -20.207291 0.700000
v 23.865650 -20.145651 0.640000
v 23.865650 -20.145651 0.700000
v 23.927290 -20.104464 0.640000
v 23.927290 -20.104464 0.700000
v 24.000000 -20.090000 0.640000
v 24.000000 -20.090000 0.700000
v 24.072710 -20.104464 0.640000
v 24.072710 -20.104464 0.700000
v 24.134350 -20.145651 0.640000
v 24.134350 -20.145651 0.700000
v 24.175537 -20.207291 0.640000
v 24.175537 -20.207291 0.700000
v 24.180000 -23.780001 0.420000
v 24.180000 -23.780001 0.540000
v 24.166298 -23.848885 0.420000
v 24.166298 -23.848885 0.540000
v 24.127279 -23.907280 0.420000
v 24.127279 -23.907280 0.540000
v 24.068884 -23.946299 0.420000
v 24.068884 -23.946299 0.540000
v 24.000000 -23.960001 0.420000
v 24.000000 -23.960001 0.540000
v 23.931116 -23.946299 0.420000
v 23.931116 -23.946299 0.540000
v 23.872721 -23.907280 0.420000
v 23.872721 -23.907280 0.540000
v 23.833702 -23.848885 0.420000
v 23.833702 -23.848885 0.540000
v 23.820000 -23.780001 0.420000
v 23.820000 -23.780001 0.540000
v 23.833702 -23.711117 0.420000
v 23.833702 -23.711117 0.540000
v 23.872721 -23.652721 0.420000
v 23.872721 -23.652721 0.540000
v 23.931116 -23.613703 0.420000
v 23.931116 -23.613703 0.540000
v 24.000000 -23.600000 0.420000
v 24.000000 -23.600000 0.540000
v 24.068884 -23.613703 0.420000
v 24.068884 -23.613703 0.540000
v 24.127279 -23.652721 0.420000
v 24.127279 -23.652721 0.540000
v 24.166298 -23.711117 0.420000
v 24.166298 -23.711117 0.540000
v 24.139999 -23.500000 0.260000
v 24.139999 -23.500000 0.300000
v 24.121244 -23.570000 0.260000
v 24.121244 -23.570000 0.300000
v 24.070000 -23.621244 0.260000
v 24.070000 -23.621244 0.300000
v 24.000000 -23.639999 0.260000
v 24.000000 -23.639999 0.300000
v 23.930000 -23.621244 0.260000
v 23.930000 -23.621244 0.300000
v 23.878756 -23.570000 0.260000
v 23.878756 -23.570000 0.300000
v 23.860001 -23.500000 0.260000
v 23.860001 -23.500000 0.300000
v 23.878756 -23.430000 0.260000
v 23.878756 -23.430000 0.300000
v 23.930000 -23.378756 0.260000
v 23.930000 -23.378756 0.300000
v 24.000000 -23.360001 0.260000
v 24.000000 -23.360001 0.300000
v 24.070000 -23.378756 0.260000
v 24.070000 -23.378756 0.300000
v 24.121244 -23.430000 0.260000
v 24.121244 -23.430000 0.300000
v 23.900000 -23.510000 0.280000
v 23.900000 -23.230001 0.280000
v 23.913397 -23.510000 0.230000
v 23.913397 -23.230001 0.230000
v 23.950001 -23.510000 0.193397
v 23.950001 -23.230001 0.193397
v 24.000000 -23.510000 0.180000
v 24.000000 -23.230001 0.180000
v 24.049999 -23.510000 0.193397
v 24.049999 -23.230001 0.193397
v 24.086603 -23.510000 0.230000
v 24.086603 -23.230001 0.230000
v 24.100000 -23.510000 0.280000
v 24.100000 -23.230001 0.280000
v 24.086603 -23.510000 0.330000
v 24.086603 -23.230001 0.330000
v 24.049999 -23.510000 0.366603
v 24.049999 -23.230001 0.366603
v 24.000000 -23.510000 0.380000
v 24.000000 -23.230001 0.380000
v 23.950001 -23.510000 0.366603
v 23.950001 -23.230001 0.366603
v 23.913397 -23.510000 0.330000
v 23.913397 -23.230001 0.330000
v 24.260000 -23.780001 0.500000
v 24.260000 -23.780001 0.540000
v 24.243923 -23.840000 0.500000
v 24.243923 -23.840000 0.540000
v 24.199999 -23.883924 0.500000
v 24.199999 -23.883924 0.540000
v 24.139999 -23.900002 0.500000
v 24.139999 -23.900002 0.540000
v 24.080000 -23.883924 0.500000
v 24.080000 -23.883924 0.540000
v 24.036076 -23.840000 0.500000
v 24.036076 -23.840000 0.540000
v 24.019999 -23.780001 0.500000
v 24.019999 -23.780001 0.540000
v 24.036076 -23.720001 0.500000
v 24.036076 -23.720001 0.540000
v 24.080000 -23.676077 0.500000
v 24.080000 -23.676077 0.540000
v 24.139999 -23.660000 0.500000
v 24.139999 -23.660000 0.540000
v 24.199999 -23.676077 0.500000
v 24.199999 -23.676077 0.540000
v 24.243923 -23.720001 0.500000
v 24.243923 -23.720001 0.540000
v 24.219999 -23.780001 0.440000
v 24.219999 -23.780001 1.800000
v 24.209282 -23.820002 0.440000
v 24.209282 -23.820002 1.800000
v 24.180000 -23.849283 0.440000
v 24.180000 -23.849283 1.800000
v 24.139999 -23.860001 0.440000
v 24.139999 -23.860001 1.800000
v 24.099998 -23.849283 0.440000
v 24.099998 -23.849283 1.800000
v 24.070717 -23.820002 0.440000
v 24.070717 -23.820002 1.800000
v 24.059999 -23.780001 0.440000
v 24.059999 -23.780001 1.800000
v 24.070717 -23.740000 0.440000
v 24.070717 -23.740000 1.800000
v 24.099998 -23.710718 0.440000
v 24.099998 -23.710718 1.800000
v 24.139999 -23.700001 0.440000
v 24.139999 -23.700001 1.800000
v 24.180000 -23.710718 0.440000
v 24.180000 -23.710718 1.800000
v 24.209282 -23.740000 0.440000
v 24.209282 -23.740000 1.800000
v 24.180000 -24.280001 0.140000
v 24.180000 -24.280001 0.640000
v 24.171190 -24.335625 0.140000
v 24.171190 -24.335625 0.640000
v 24.145622 -24.385801 0.140000
v 24.145622 -24.385801 0.640000
v 24.105801 -24.425623 0.140000
v 24.105801 -24.425623 0.640000
v 24.055624 -24.451191 0.140000
v 24.055624 -24.451191 0.640000
v 24.000000 -24.460001 0.140000
v 24.000000 -24.460001 0.640000
v 23.944376 -24.451191 0.140000
v 23.944376 -24.451191 0.640000
v 23.894199 -24.425623 0.140000
v 23.894199 -24.425623 0.640000
v 23.854378 -24.385801 0.140000
v 23.854378 -24.385801 0.640000
v 23.828810 -24.335625 0.140000
v 23.828810 -24.335625 0.640000
v 23.820000 -24.280001 0.140000
v 23.820000 -24.280001 0.640000
v 23.828810 -24.224377 0.140000
v 23.828810 -24.224377 0.640000
v 23.854378 -24.174200 0.140000
v 23.854378 -24.174200 0.640000
v 23.894199 -24.134378 0.140000
v 23.894199 -24.134378 0.640000
v 23.944376 -24.108810 0.140000
v 23.944376 -24.108810 0.640000
v 24.000000 -24.100000 0.140000
v 24.000000 -24.100000 0.640000
v 24.055624 -24.108810 0.140000
v 24.055624 -24.108810 0.640000
v 24.105801 -24.134378 0.140000
v 24.105801 -24.134378 0.640000
v 24.145622 -24.174200 0.140000
v 24.145622 -24.174200 0.640000
v 24.171190 -24.224377 0.140000
v 24.171190 -24.224377 0.640000
v 22.724998 -1.925000 0.000000
v 22.724998 -1.925000 3.600000
v 22.875000 -1.925000 0.000000
v 22.875000 -1.925000 3.600000
v 22.724998 -2.075000 0.000000
v 22.724998 -2.075000 3.600000
v 22.875000 -2.075000 0.000000
v 22.875000 -2.075000 3.600000
v 21.900000 -1.940000 2.220000
v 21.900000 -1.940000 2.340000
v 23.699999 -1.940000 2.220000
v 23.699999 -1.940000 2.340000
v 21.900000 -2.060000 2.220000
v 21.900000 -2.060000 2.340000
v 23.699999 -2.060000 2.220000
v 23.699999 -2.060000 2.340000
v 22.049999 -1.940000 3.520000
v 22.049999 -1.940000 3.640000
v 23.549999 -1.940000 3.520000
v 23.549999 -1.940000 3.640000
v 22.049999 -2.060000 3.520000
v 22.049999 -2.060000 3.640000
v 23.549999 -2.060000 3.520000
v 23.549999 -2.060000 3.640000
v 22.724998 -5.925000 0.000000
v 22.724998 -5.925000 3.600000
v 22.875000 -5.925000 0.000000
v 22.875000 -5.925000 3.600000
v 22.724998 -6.075000 0.000000
v 22.724998 -6.075000 3.600000
v 22.875000 -6.075000 0.000000
v 22.875000 -6.075000 3.600000
v 21.900000 -5.940000 2.220000
v 21.900000 -5.940000 2.340000
v 23.699999 -5.940000 2.220000
v 23.699999 -5.940000 2.340000
v 21.900000 -6.060000 2.220000
v 21.900000 -6.060000 2.340000
v 23.699999 -6.060000 2.220000
v 23.699999 -6.060000 2.340000
v 22.049999 -5.940000 3.520000
v 22.049999 -5.940000 3.640000
v 23.549999 -5.940000 3.520000
v 23.549999 -5.940000 3.640000
v 22.049999 -6.060000 3.520000
v 22.049999 -6.060000 3.640000
v 23.549999 -6.060000 3.520000
v 23.549999 -6.060000 3.640000
v 22.049999 -9.940000 3.520000
v 22.049999 -9.940000 3.640000
v 23.549999 -9.940000 3.520000
v 23.549999 -9.940000 3.640000
v 22.049999 -10.060000 3.520000
v 22.049999 -10.060000 3.640000
v 23.549999 -10.060000 3.520000
v 23.549999 -10.060000 3.640000
v 22.724998 -13.925000 0.000000
v 22.724998 -13.925000 3.600000
v 22.875000 -13.925000 0.000000
v 22.875000 -13.925000 3.600000
v 22.724998 -14.075000 0.000000
v 22.724998 -14.075000 3.600000
v 22.875000 -14.075000 0.000000
v 22.875000 -14.075000 3.600000
v 21.900000 -13.940000 2.220000
v 21.900000 -13.940000 2.340000
v 23.699999 -13.940000 2.220000
v 23.699999 -13.940000 2.340000
v 21.900000 -14.060000 2.220000
v 21.900000 -14.060000 2.340000
v 23.699999 -14.060000 2.220000
v 23.699999 -14.060000 2.340000
v 22.049999 -13.940000 3.520000
v 22.049999 -13.940000 3.640000
v 23.549999 -13.940000 3.520000
v 23.549999 -13.940000 3.640000
v 22.049999 -14.060000 3.520000
v 22.049999 -14.060000 3.640000
v 23.549999 -14.060000 3.520000
v 23.549999 -14.060000 3.640000
v 22.724998 -17.924999 0.000000
v 22.724998 -17.924999 3.600000
v 22.875000 -17.924999 0.000000
v 22.875000 -17.924999 3.600000
v 22.724998 -18.075001 0.000000
v 22.724998 -18.075001 3.600000
v 22.875000 -18.075001 0.000000
v 22.875000 -18.075001 3.600000
v 21.900000 -17.940001 2.220000
v 21.900000 -17.940001 2.340000
v 23.699999 -17.940001 2.220000
v 23.699999 -17.940001 2.340000
v 21.900000 -18.059999 2.220000
v 21.900000 -18.059999 2.340000
v 23.699999 -18.059999 2.220000
v 23.699999 -18.059999 2.340000
v 22.049999 -17.940001 3.520000
v 22.049999 -17.940001 3.640000
v 23.549999 -17.940001 3.520000
v 23.549999 -17.940001 3.640000
v 22.049999 -18.059999 3.520000
v 22.049999 -18.059999 3.640000
v 23.549999 -18.059999 3.520000
v 23.549999 -18.059999 3.640000
v 22.724998 -21.924999 0.000000
v 22.724998 -21.924999 3.600000
v 22.875000 -21.924999 0.000000
v 22.875000 -21.924999 3.600000
v 22.724998 -22.075001 0.000000
v 22.724998 -22.075001 3.600000
v 22.875000 -22.075001 0.000000
v 22.875000 -22.075001 3.600000
v 21.900000 -21.940001 2.220000
v 21.900000 -21.940001 2.340000
v 23.699999 -21.940001 2.220000
v 23.699999 -21.940001 2.340000
v 21.900000 -22.059999 2.220000
v 21.900000 -22.059999 2.340000
v 23.699999 -22.059999 2.220000
v 23.699999 -22.059999 2.340000
v 22.049999 -21.940001 3.520000
v 22.049999 -21.940001 3.640000
v 23.549999 -21.940001 3.520000
v 23.549999 -21.940001 3.640000
v 22.049999 -22.059999 3.520000
v 22.049999 -22.059999 3.640000
v 23.549999 -22.059999 3.520000
v 23.549999 -22.059999 3.640000
v 22.724998 -25.924999 0.000000
v 22.724998 -25.924999 3.600000
v 22.875000 -25.924999 0.000000
v 22.875000 -25.924999 3.600000
v 22.724998 -26.075001 0.000000
v 22.724998 -26.075001 3.600000
v 22.875000 -26.075001 0.000000
v 22.875000 -26.075001 3.600000
v 21.900000 -25.940001 2.220000
v 21.900000 -25.940001 2.340000
v 23.699999 -25.940001 2.220000
v 23.699999 -25.940001 2.340000
v 21.900000 -26.059999 2.220000
v 21.900000 -26.059999 2.340000
v 23.699999 -26.059999 2.220000
v 23.699999 -26.059999 2.340000
v 22.049999 -25.940001 3.520000
v 22.049999 -25.940001 3.640000
v 23.549999 -25.940001 3.520000
v 23.549999 -25.940001 3.640000
v 22.049999 -26.059999 3.520000
v 22.049999 -26.059999 3.640000
v 23.549999 -26.059999 3.520000
v 23.549999 -26.059999 3.640000
v 22.724998 -29.924999 0.000000
v 22.724998 -29.924999 3.600000
v 22.875000 -29.924999 0.000000
v 22.875000 -29.924999 3.600000
v 22.724998 -30.075001 0.000000
v 22.724998 -30.075001 3.600000
v 22.875000 -30.075001 0.000000
v 22.875000 -30.075001 3.600000
v 21.900000 -29.940001 2.220000
v 21.900000 -29.940001 2.340000
v 23.699999 -29.940001 2.220000
v 23.699999 -29.940001 2.340000
v 21.900000 -30.059999 2.220000
v 21.900000 -30.059999 2.340000
v 23.699999 -30.059999 2.220000
v 23.699999 -30.059999 2.340000
v 22.049999 -29.940001 3.520000
v 22.049999 -29.940001 3.640000
v 23.549999 -29.940001 3.520000
v 23.549999 -29.940001 3.640000
v 22.049999 -30.059999 3.520000
v 22.049999 -30.059999 3.640000
v 23.549999 -30.059999 3.520000
v 23.549999 -30.059999 3.640000
v 22.724998 -33.924999 0.000000
v 22.724998 -33.924999 3.600000
v 22.875000 -33.924999 0.000000
v 22.875000 -33.924999 3.600000
v 22.724998 -34.075001 0.000000
v 22.724998 -34.075001 3.600000
v 22.875000 -34.075001 0.000000
v 22.875000 -34.075001 3.600000
v 21.900000 -33.939999 2.220000
v 21.900000 -33.939999 2.340000
v 23.699999 -33.939999 2.220000
v 23.699999 -33.939999 2.340000
v 21.900000 -34.060001 2.220000
v 21.900000 -34.060001 2.340000
v 23.699999 -34.060001 2.220000
v 23.699999 -34.060001 2.340000
v 22.049999 -33.939999 3.520000
v 22.049999 -33.939999 3.640000
v 23.549999 -33.939999 3.520000
v 23.549999 -33.939999 3.640000
v 22.049999 -34.060001 3.520000
v 22.049999 -34.060001 3.640000
v 23.549999 -34.060001 3.520000
v 23.549999 -34.060001 3.640000
v 24.000000 -15.309999 0.280000
v 23.299999 -15.309999 0.280000
v 24.000000 -15.299281 0.240000
v 23.299999 -15.299281 0.240000
v 24.000000 -15.270000 0.210718
v 23.299999 -15.270000 0.210718
v 24.000000 -15.230000 0.200000
v 23.299999 -15.230000 0.200000
v 24.000000 -15.190000 0.210718
v 23.299999 -15.190000 0.210718
v 24.000000 -15.160718 0.240000
v 23.299999 -15.160718 0.240000
v 24.000000 -15.150000 0.280000
v 23.299999 -15.150000 0.280000
v 24.000000 -15.160718 0.320000
v 23.299999 -15.160718 0.320000
v 24.000000 -15.190000 0.349282
v 23.299999 -15.190000 0.349282
v 24.000000 -15.230000 0.360000
v 23.299999 -15.230000 0.360000
v 24.000000 -15.270000 0.349282
v 23.299999 -15.270000 0.349282
v 24.000000 -15.299281 0.320000
v 23.299999 -15.299281 0.320000
v 23.379999 -15.230000 0.800000
v 23.379999 -15.230000 0.280000
v 23.369282 -15.190000 0.800000
v 23.369282 -15.190000 0.280000
v 23.340000 -15.160718 0.800000
v 23.340000 -15.160717 0.280000
v 23.299999 -15.150000 0.800000
v 23.299999 -15.150000 0.280000
v 23.259998 -15.160718 0.800000
v 23.259998 -15.160717 0.280000
v 23.230717 -15.190000 0.800000
v 23.230717 -15.190000 0.280000
v 23.219999 -15.230000 0.800000
v 23.219999 -15.230000 0.280000
v 23.230717 -15.270000 0.800000
v 23.230717 -15.270000 0.280000
v 23.259998 -15.299282 0.800000
v 23.259998 -15.299281 0.280000
v 23.299999 -15.309999 0.800000
v 23.299999 -15.309999 0.280000
v 23.340000 -15.299282 0.800000
v 23.340000 -15.299281 0.280000
v 23.369282 -15.270000 0.800000
v 23.369282 -15.270000 0.280000
v 24.140001 -15.860000 1.800000
v 23.600000 -15.860000 1.800000
v 24.140001 -15.849281 1.760000
v 23.600000 -15.849281 1.760000
v 24.140001 -15.820000 1.730718
v 23.600000 -15.820000 1.730718
v 24.140001 -15.780000 1.720000
v 23.600000 -15.780000 1.720000
v 24.140001 -15.740000 1.730718
v 23.600000 -15.740000 1.730718
v 24.140001 -15.710718 1.760000
v 23.600000 -15.710718 1.760000
v 24.140001 -15.700000 1.800000
v 23.600000 -15.700000 1.800000
v 24.140001 -15.710718 1.840000
v 23.600000 -15.710718 1.840000
v 24.140001 -15.740000 1.869282
v 23.600000 -15.740000 1.869282
v 24.140001 -15.780000 1.880000
v 23.600000 -15.780000 1.880000
v 24.140001 -15.820000 1.869282
v 23.600000 -15.820000 1.869282
v 24.140001 -15.849281 1.840000
v 23.600000 -15.849281 1.840000
v 24.000000 -19.309999 0.280000
v 23.299999 -19.309999 0.280000
v 24.000000 -19.299282 0.240000
v 23.299999 -19.299282 0.240000
v 24.000000 -19.270000 0.210718
v 23.299999 -19.270000 0.210718
v 24.000000 -19.230000 0.200000
v 23.299999 -19.230000 0.200000
v 24.000000 -19.189999 0.210718
v 23.299999 -19.189999 0.210718
v 24.000000 -19.160717 0.240000
v 23.299999 -19.160717 0.240000
v 24.000000 -19.150000 0.280000
v 23.299999 -19.150000 0.280000
v 24.000000 -19.160717 0.320000
v 23.299999 -19.160717 0.320000
v 24.000000 -19.189999 0.349282
v 23.299999 -19.189999 0.349282
v 24.000000 -19.230000 0.360000
v 23.299999 -19.230000 0.360000
v 24.000000 -19.270000 0.349282
v 23.299999 -19.270000 0.349282
v 24.000000 -19.299282 0.320000
v 23.299999 -19.299282 0.320000
v 23.379999 -19.230000 0.800000
v 23.379999 -19.230000 0.280000
v 23.369282 -19.189999 0.800000
v 23.369282 -19.189999 0.280000
v 23.340000 -19.160717 0.800000
v 23.340000 -19.160717 0.280000
v 23.299999 -19.150000 0.800000
v 23.299999 -19.150000 0.280000
v 23.259998 -19.160717 0.800000
v 23.259998 -19.160717 0.280000
v 23.230717 -19.189999 0.800000
v 23.230717 -19.189999 0.280000
v 23.219999 -19.230000 0.800000
v 23.219999 -19.230000 0.280000
v 23.230717 -19.270000 0.800000
v 23.230717 -19.270000 0.280000
v 23.259998 -19.299282 0.800000
v 23.259998 -19.299282 0.280000
v 23.299999 -19.309999 0.800000
v 23.299999 -19.309999 0.280000
v 23.340000 -19.299282 0.800000
v 23.340000 -19.299282 0.280000
v 23.369282 -19.270000 0.800000
v 23.369282 -19.270000 0.280000
v 24.140001 -19.860001 1.800000
v 23.600000 -19.860001 1.800000
v 24.140001 -19.849283 1.760000
v 23.600000 -19.849283 1.760000
v 24.140001 -19.820002 1.730718
v 23.600000 -19.820002 1.730718
v 24.140001 -19.780001 1.720000
v 23.600000 -19.780001 1.720000
v 24.140001 -19.740000 1.730718
v 23.600000 -19.740000 1.730718
v 24.140001 -19.710718 1.760000
v 23.600000 -19.710718 1.760000
v 24.140001 -19.700001 1.800000
v 23.600000 -19.700001 1.800000
v 24.140001 -19.710718 1.840000
v 23.600000 -19.710718 1.840000
v 24.140001 -19.740000 1.869282
v 23.600000 -19.740000 1.869282
v 24.140001 -19.780001 1.880000
v 23.600000 -19.780001 1.880000
v 24.140001 -19.820002 1.869282
v 23.600000 -19.820002 1.869282
v 24.140001 -19.849283 1.840000
v 23.600000 -19.849283 1.840000
v 24.000000 -23.309999 0.280000
v 23.299999 -23.309999 0.280000
v 24.000000 -23.299282 0.240000
v 23.299999 -23.299282 0.240000
v 24.000000 -23.270000 0.210718
v 23.299999 -23.270000 0.210718
v 24.000000 -23.230000 0.200000
v 23.299999 -23.230000 0.200000
v 24.000000 -23.189999 0.210718
v 23.299999 -23.189999 0.210718
v 24.000000 -23.160717 0.240000
v 23.299999 -23.160717 0.240000
v 24.000000 -23.150000 0.280000
v 23.299999 -23.150000 0.280000
v 24.000000 -23.160717 0.320000
v 23.299999 -23.160717 0.320000
v 24.000000 -23.189999 0.349282
v 23.299999 -23.189999 0.349282
v 24.000000 -23.230000 0.360000
v 23.299999 -23.230000 0.360000
v 24.000000 -23.270000 0.349282
v 23.299999 -23.270000 0.349282
v 24.000000 -23.299282 0.320000
v 23.299999 -23.299282 0.320000
v 23.379999 -23.230000 0.800000
v 23.379999 -23.230000 0.280000
v 23.369282 -23.189999 0.800000
v 23.369282 -23.189999 0.280000
v 23.340000 -23.160717 0.800000
v 23.340000 -23.160717 0.280000
v 23.299999 -23.150000 0.800000
v 23.299999 -23.150000 0.280000
v 23.259998 -23.160717 0.800000
v 23.259998 -23.160717 0.280000
v 23.230717 -23.189999 0.800000
v 23.230717 -23.189999 0.280000
v 23.219999 -23.230000 0.800000
v 23.219999 -23.230000 0.280000
v 23.230717 -23.270000 0.800000
v 23.230717 -23.270000 0.280000
v 23.259998 -23.299282 0.800000
v 23.259998 -23.299282 0.280000
v 23.299999 -23.309999 0.800000
v 23.299999 -23.309999 0.280000
v 23.340000 -23.299282 0.800000
v 23.340000 -23.299282 0.280000
v 23.369282 -23.270000 0.800000
v 23.369282 -23.270000 0.280000
v 24.140001 -23.860001 1.800000
v 23.600000 -23.860001 1.800000
v 24.140001 -23.849283 1.760000
v 23.600000 -23.849283 1.760000
v 24.140001 -23.820002 1.730718
v 23.600000 -23.820002 1.730718
v 24.140001 -23.780001 1.720000
v 23.600000 -23.780001 1.720000
v 24.140001 -23.740000 1.730718
v 23.600000 -23.740000 1.730718
v 24.140001 -23.710718 1.760000
v 23.600000 -23.710718 1.760000
v 24.140001 -23.700001 1.800000
v 23.600000 -23.700001 1.800000
v 24.140001 -23.710718 1.840000
v 23.600000 -23.710718 1.840000
v 24.140001 -23.740000 1.869282
v 23.600000 -23.740000 1.869282
v 24.140001 -23.780001 1.880000
v 23.600000 -23.780001 1.880000
v 24.140001 -23.820002 1.869282
v 23.600000 -23.820002 1.869282
v 24.140001 -23.849283 1.840000
v 23.600000 -23.849283 1.840000
v 22.711000 -2.000000 2.457901
v 22.711000 -37.000000 2.457899
v 22.694923 -2.000000 2.397901
v 22.694923 -37.000000 2.397899
v 22.650999 -2.000000 2.353978
v 22.650999 -37.000000 2.353976
v 22.591000 -2.000000 2.337901
v 22.591000 -37.000000 2.337899
v 22.531000 -2.000000 2.353978
v 22.531000 -37.000000 2.353976
v 22.487076 -2.000000 2.397901
v 22.487076 -37.000000 2.397899
v 22.470999 -2.000000 2.457901
v 22.470999 -37.000000 2.457899
v 22.487076 -2.000000 2.517901
v 22.487076 -37.000000 2.517899
v 22.531000 -2.000000 2.561824
v 22.531000 -37.000000 2.561822
v 22.591000 -2.000000 2.577901
v 22.591000 -37.000000 2.577899
v 22.650999 -2.000000 2.561824
v 22.650999 -37.000000 2.561822
v 22.694923 -2.000000 2.517901
v 22.694923 -37.000000 2.517899
v 22.580000 -2.000000 3.720001
v 22.580000 -37.000000 3.719999
v 22.569283 -2.000000 3.680001
v 22.569283 -37.000000 3.679999
v 22.540001 -2.000000 3.650719
v 22.540001 -37.000000 3.650717
v 22.500000 -2.000000 3.640001
v 22.500000 -37.000000 3.639999
v 22.459999 -2.000000 3.650719
v 22.459999 -37.000000 3.650717
v 22.430717 -2.000000 3.680001
v 22.430717 -37.000000 3.679999
v 22.420000 -2.000000 3.720001
v 22.420000 -37.000000 3.719999
v 22.430717 -2.000000 3.760001
v 22.430717 -37.000000 3.759999
v 22.459999 -2.000000 3.789283
v 22.459999 -37.000000 3.789281
v 22.500000 -2.000000 3.800001
v 22.500000 -37.000000 3.799999
v 22.540001 -2.000000 3.789283
v 22.540001 -37.000000 3.789281
v 22.569283 -2.000000 3.760001
v 22.569283 -37.000000 3.759999
v 23.400000 -14.500000 0.800000
v 23.400000 -25.500000 0.800000
v 23.386602 -14.500000 0.750000
v 23.386602 -25.500000 0.750000
v 23.349998 -14.500000 0.713398
v 23.349998 -25.500000 0.713397
v 23.299999 -14.500000 0.700000
v 23.299999 -25.500000 0.700000
v 23.250000 -14.500000 0.713398
v 23.250000 -25.500000 0.713397
v 23.213396 -14.500000 0.750000
v 23.213396 -25.500000 0.750000
v 23.199999 -14.500000 0.800000
v 23.199999 -25.500000 0.800000
v 23.213396 -14.500000 0.850000
v 23.213396 -25.500000 0.850000
v 23.250000 -14.500000 0.886603
v 23.250000 -25.500000 0.886602
v 23.299999 -14.500000 0.900000
v 23.299999 -25.500000 0.900000
v 23.349998 -14.500000 0.886603
v 23.349998 -25.500000 0.886602
v 23.386602 -14.500000 0.850000
v 23.386602 -25.500000 0.850000
v 27.665405 -14.500000 1.800000
v 27.665405 -25.500000 1.800000
v 27.654688 -14.500000 1.760000
v 27.654688 -25.500000 1.760000
v 27.625406 -14.500000 1.730718
v 27.625406 -25.500000 1.730718
v 27.585405 -14.500000 1.720000
v 27.585405 -25.500000 1.720000
v 27.545404 -14.500000 1.730718
v 27.545404 -25.500000 1.730718
v 27.516123 -14.500000 1.760000
v 27.516123 -25.500000 1.760000
v 27.505405 -14.500000 1.800000
v 27.505405 -25.500000 1.800000
v 27.516123 -14.500000 1.840000
v 27.516123 -25.500000 1.840000
v 27.545404 -14.500000 1.869282
v 27.545404 -25.500000 1.869282
v 27.585405 -14.500000 1.880000
v 27.585405 -25.500000 1.880000
v 27.625406 -14.500000 1.869282
v 27.625406 -25.500000 1.869282
v 27.654688 -14.500000 1.840000
v 27.654688 -25.500000 1.840000
v 23.680000 -14.500000 1.800000
v 23.680000 -25.500000 1.800000
v 23.669283 -14.500000 1.760000
v 23.669283 -25.500000 1.760000
v 23.640001 -14.500000 1.730718
v 23.640001 -25.500000 1.730718
v 23.600000 -14.500000 1.720000
v 23.600000 -25.500000 1.720000
v 23.559999 -14.500000 1.730718
v 23.559999 -25.500000 1.730718
v 23.530718 -14.500000 1.760000
v 23.530718 -25.500000 1.760000
v 23.520000 -14.500000 1.800000
v 23.520000 -25.500000 1.800000
v 23.530718 -14.500000 1.840000
v 23.530718 -25.500000 1.840000
v 23.559999 -14.500000 1.869282
v 23.559999 -25.500000 1.869282
v 23.600000 -14.500000 1.880000
v 23.600000 -25.500000 1.880000
v 23.640001 -14.500000 1.869282
v 23.640001 -25.500000 1.869282
v 23.669283 -14.500000 1.840000
v 23.669283 -25.500000 1.840000
v 33.400002 -5.100000 3.409492
v 23.091000 -5.100000 3.409492
v 33.400002 -5.086603 3.359492
v 23.091000 -5.086602 3.359492
v 33.400002 -5.050000 3.322890
v 23.091000 -5.050000 3.322889
v 33.400002 -5.000000 3.309492
v 23.091000 -5.000000 3.309492
v 33.400002 -4.950000 3.322890
v 23.091000 -4.950000 3.322889
v 33.400002 -4.913398 3.359492
v 23.091000 -4.913397 3.359492
v 33.400002 -4.900000 3.409492
v 23.091000 -4.900000 3.409492
v 33.400002 -4.913398 3.459492
v 23.091000 -4.913397 3.459492
v 33.400002 -4.950000 3.496095
v 23.091000 -4.950000 3.496094
v 33.400002 -5.000000 3.509492
v 23.091000 -5.000000 3.509492
v 33.400002 -5.050000 3.496095
v 23.091000 -5.050000 3.496094
v 33.400002 -5.086603 3.459492
v 23.091000 -5.086602 3.459492
v 23.091000 -5.100000 2.457900
v 22.591000 -5.100000 2.457900
v 23.091000 -5.086603 2.407900
v 22.591000 -5.086603 2.407900
v 23.091000 -5.050000 2.371298
v 22.591000 -5.050000 2.371298
v 23.091000 -5.000000 2.357900
v 22.591000 -5.000000 2.357900
v 23.091000 -4.950000 2.371298
v 22.591000 -4.950000 2.371298
v 23.091000 -4.913397 2.407900
v 22.591000 -4.913397 2.407900
v 23.091000 -4.900000 2.457900
v 22.591000 -4.900000 2.457900
v 23.091000 -4.913397 2.507900
v 22.591000 -4.913397 2.507900
v 23.091000 -4.950000 2.544502
v 22.591000 -4.950000 2.544502
v 23.091000 -5.000000 2.557900
v 22.591000 -5.000000 2.557900
v 23.091000 -5.050000 2.544502
v 22.591000 -5.050000 2.544502
v 23.091000 -5.086603 2.507900
v 22.591000 -5.086603 2.507900
v 33.400002 -11.100000 2.488277
v 23.091000 -11.099999 2.488276
v 33.400002 -11.086603 2.438277
v 23.091000 -11.086602 2.438276
v 33.400002 -11.050000 2.401674
v 23.091000 -11.050000 2.401674
v 33.400002 -11.000000 2.388277
v 23.091000 -11.000000 2.388276
v 33.400002 -10.950000 2.401674
v 23.091000 -10.950000 2.401674
v 33.400002 -10.913398 2.438277
v 23.091000 -10.913397 2.438276
v 33.400002 -10.900001 2.488277
v 23.091000 -10.900000 2.488276
v 33.400002 -10.913398 2.538277
v 23.091000 -10.913397 2.538276
v 33.400002 -10.950000 2.574879
v 23.091000 -10.950000 2.574879
v 33.400002 -11.000000 2.588277
v 23.091000 -11.000000 2.588276
v 33.400002 -11.050000 2.574879
v 23.091000 -11.050000 2.574879
v 33.400002 -11.086603 2.538277
v 23.091000 -11.086602 2.538276
v 23.091000 -11.100000 2.457900
v 22.591000 -11.100000 2.457900
v 23.091000 -11.086602 2.407900
v 22.591000 -11.086602 2.407900
v 23.091000 -11.050000 2.371298
v 22.591000 -11.050000 2.371298
v 23.091000 -11.000000 2.357900
v 22.591000 -11.000000 2.357900
v 23.091000 -10.950000 2.371298
v 22.591000 -10.950000 2.371298
v 23.091000 -10.913398 2.407900
v 22.591000 -10.913398 2.407900
v 23.091000 -10.900000 2.457900
v 22.591000 -10.900000 2.457900
v 23.091000 -10.913398 2.507900
v 22.591000 -10.913398 2.507900
v 23.091000 -10.950000 2.544502
v 22.591000 -10.950000 2.544502
v 23.091000 -11.000000 2.557900
v 22.591000 -11.000000 2.557900
v 23.091000 -11.050000 2.544502
v 22.591000 -11.050000 2.544502
v 23.091000 -11.086602 2.507900
v 22.591000 -11.086602 2.507900
v 23.091000 -5.100000 2.457900
v 22.591000 -5.100000 2.457900
v 23.091000 -5.086603 2.407900
v 22.591000 -5.086603 2.407900
v 23.091000 -5.050000 2.371298
v 22.591000 -5.050000 2.371298
v 23.091000 -5.000000 2.357900
v 22.591000 -5.000000 2.357900
v 23.091000 -4.950000 2.371298
v 22.591000 -4.950000 2.371298
v 23.091000 -4.913397 2.407900
v 22.591000 -4.913397 2.407900
v 23.091000 -4.900000 2.457900
v 22.591000 -4.900000 2.457900
v 23.091000 -4.913397 2.507900
v 22.591000 -4.913397 2.507900
v 23.091000 -4.950000 2.544502
v 22.591000 -4.950000 2.544502
v 23.091000 -5.000000 2.557900
v 22.591000 -5.000000 2.557900
v 23.091000 -5.050000 2.544502
v 22.591000 -5.050000 2.544502
v 23.091000 -5.086603 2.507900
v 22.591000 -5.086603 2.507900
v 23.091000 -11.100000 2.457900
v 22.591000 -11.100000 2.457900
v 23.091000 -11.086602 2.407900
v 22.591000 -11.086602 2.407900
v 23.091000 -11.050000 2.371298
v 22.591000 -11.050000 2.371298
v 23.091000 -11.000000 2.357900
v 22.591000 -11.000000 2.357900
v 23.091000 -10.950000 2.371298
v 22.591000 -10.950000 2.371298
v 23.091000 -10.913398 2.407900
v 22.591000 -10.913398 2.407900
v 23.091000 -10.900000 2.457900
v 22.591000 -10.900000 2.457900
v 23.091000 -10.913398 2.507900
v 22.591000 -10.913398 2.507900
v 23.091000 -10.950000 2.544502
v 22.591000 -10.950000 2.544502
v 23.091000 -11.000000 2.557900
v 22.591000 -11.000000 2.557900
v 23.091000 -11.050000 2.544502
v 22.591000 -11.050000 2.544502
v 23.091000 -11.086602 2.507900
v 22.591000 -11.086602 2.507900
v 22.470999 -5.860000 2.317900
v 22.470999 -5.860000 2.597900
v 22.711000 -5.860000 2.317900
v 22.711000 -5.860000 2.597900
v 22.470999 -6.140000 2.317900
v 22.470999 -6.140000 2.597900
v 22.711000 -6.140000 2.317900
v 22.711000 -6.140000 2.597900
v 22.791000 -6.000000 2.642900
v 22.791000 -6.000000 2.672900
v 22.764204 -6.100000 2.642900
v 22.764204 -6.100000 2.672900
v 22.691000 -6.173205 2.642900
v 22.691000 -6.173205 2.672900
v 22.591000 -6.200000 2.642900
v 22.591000 -6.200000 2.672900
v 22.490999 -6.173205 2.642900
v 22.490999 -6.173205 2.672900
v 22.417795 -6.100000 2.642900
v 22.417795 -6.100000 2.672900
v 22.390999 -6.000000 2.642900
v 22.390999 -6.000000 2.672900
v 22.417795 -5.900000 2.642900
v 22.417795 -5.900000 2.672900
v 22.490999 -5.826795 2.642900
v 22.490999 -5.826795 2.672900
v 22.591000 -5.800000 2.642900
v 22.591000 -5.800000 2.672900
v 22.691000 -5.826795 2.642900
v 22.691000 -5.826795 2.672900
v 22.764204 -5.900000 2.642900
v 22.764204 -5.900000 2.672900
v 22.615999 -6.000000 2.597900
v 22.615999 -6.000000 2.837900
v 22.612650 -6.012500 2.597900
v 22.612650 -6.012500 2.837900
v 22.603500 -6.021651 2.597900
v 22.603500 -6.021651 2.837900
v 22.591000 -6.025000 2.597900
v 22.591000 -6.025000 2.837900
v 22.578499 -6.021651 2.597900
v 22.578499 -6.021651 2.837900
v 22.569349 -6.012500 2.597900
v 22.569349 -6.012500 2.837900
v 22.566000 -6.000000 2.597900
v 22.566000 -6.000000 2.837900
v 22.569349 -5.987500 2.597900
v 22.569349 -5.987500 2.837900
v 22.578499 -5.978349 2.597900
v 22.578499 -5.978349 2.837900
v 22.591000 -5.975000 2.597900
v 22.591000 -5.975000 2.837900
v 22.603500 -5.978349 2.597900
v 22.603500 -5.978349 2.837900
v 22.612650 -5.987500 2.597900
v 22.612650 -5.987500 2.837900
v 22.470999 -11.860000 2.317900
v 22.470999 -11.860000 2.597900
v 22.711000 -11.860000 2.317900
v 22.711000 -11.860000 2.597900
v 22.470999 -12.140000 2.317900
v 22.470999 -12.140000 2.597900
v 22.711000 -12.140000 2.317900
v 22.711000 -12.140000 2.597900
v 22.791000 -12.000000 2.642900
v 22.791000 -12.000000 2.672900
v 22.764204 -12.100000 2.642900
v 22.764204 -12.100000 2.672900
v 22.691000 -12.173205 2.642900
v 22.691000 -12.173205 2.672900
v 22.591000 -12.200000 2.642900
v 22.591000 -12.200000 2.672900
v 22.490999 -12.173205 2.642900
v 22.490999 -12.173205 2.672900
v 22.417795 -12.100000 2.642900
v 22.417795 -12.100000 2.672900
v 22.390999 -12.000000 2.642900
v 22.390999 -12.000000 2.672900
v 22.417795 -11.900000 2.642900
v 22.417795 -11.900000 2.672900
v 22.490999 -11.826795 2.642900
v 22.490999 -11.826795 2.672900
v 22.591000 -11.800000 2.642900
v 22.591000 -11.800000 2.672900
v 22.691000 -11.826795 2.642900
v 22.691000 -11.826795 2.672900
v 22.764204 -11.900000 2.642900
v 22.764204 -11.900000 2.672900
v 22.615999 -12.000000 2.597900
v 22.615999 -12.000000 2.837900
v 22.612650 -12.012500 2.597900
v 22.612650 -12.012500 2.837900
v 22.603500 -12.021650 2.597900
v 22.603500 -12.021650 2.837900
v 22.591000 -12.025000 2.597900
v 22.591000 -12.025000 2.837900
v 22.578499 -12.021650 2.597900
v 22.578499 -12.021650 2.837900
v 22.569349 -12.012500 2.597900
v 22.569349 -12.012500 2.837900
v 22.566000 -12.000000 2.597900
v 22.566000 -12.000000 2.837900
v 22.569349 -11.987500 2.597900
v 22.569349 -11.987500 2.837900
v 22.578499 -11.978350 2.597900
v 22.578499 -11.978350 2.837900
v 22.591000 -11.975000 2.597900
v 22.591000 -11.975000 2.837900
v 22.603500 -11.978350 2.597900
v 22.603500 -11.978350 2.837900
v 22.612650 -11.987500 2.597900
v 22.612650 -11.987500 2.837900
v 22.470999 -17.860001 2.317900
v 22.470999 -17.860001 2.597900
v 22.711000 -17.860001 2.317900
v 22.711000 -17.860001 2.597900
v 22.470999 -18.139999 2.317900
v 22.470999 -18.139999 2.597900
v 22.711000 -18.139999 2.317900
v 22.711000 -18.139999 2.597900
v 22.791000 -18.000000 2.642900
v 22.791000 -18.000000 2.672900
v 22.764204 -18.100000 2.642900
v 22.764204 -18.100000 2.672900
v 22.691000 -18.173204 2.642900
v 22.691000 -18.173204 2.672900
v 22.591000 -18.200001 2.642900
v 22.591000 -18.200001 2.672900
v 22.490999 -18.173204 2.642900
v 22.490999 -18.173204 2.672900
v 22.417795 -18.100000 2.642900
v 22.417795 -18.100000 2.672900
v 22.390999 -18.000000 2.642900
v 22.390999 -18.000000 2.672900
v 22.417795 -17.900000 2.642900
v 22.417795 -17.900000 2.672900
v 22.490999 -17.826796 2.642900
v 22.490999 -17.826796 2.672900
v 22.591000 -17.799999 2.642900
v 22.591000 -17.799999 2.672900
v 22.691000 -17.826796 2.642900
v 22.691000 -17.826796 2.672900
v 22.764204 -17.900000 2.642900
v 22.764204 -17.900000 2.672900
v 22.615999 -18.000000 2.597900
v 22.615999 -18.000000 2.837900
v 22.612650 -18.012501 2.597900
v 22.612650 -18.012501 2.837900
v 22.603500 -18.021650 2.597900
v 22.603500 -18.021650 2.837900
v 22.591000 -18.025000 2.597900
v 22.591000 -18.025000 2.837900
v 22.578499 -18.021650 2.597900
v 22.578499 -18.021650 2.837900
v 22.569349 -18.012501 2.597900
v 22.569349 -18.012501 2.837900
v 22.566000 -18.000000 2.597900
v 22.566000 -18.000000 2.837900
v 22.569349 -17.987499 2.597900
v 22.569349 -17.987499 2.837900
v 22.578499 -17.978350 2.597900
v 22.578499 -17.978350 2.837900
v 22.591000 -17.975000 2.597900
v 22.591000 -17.975000 2.837900
v 22.603500 -17.978350 2.597900
v 22.603500 -17.978350 2.837900
v 22.612650 -17.987499 2.597900
v 22.612650 -17.987499 2.837900
v 22.470999 -23.860001 2.317900
v 22.470999 -23.860001 2.597900
v 22.711000 -23.860001 2.317900
v 22.711000 -23.860001 2.597900
v 22.470999 -24.139999 2.317900
v 22.470999 -24.139999 2.597900
v 22.711000 -24.139999 2.317900
v 22.711000 -24.139999 2.597900
v 22.791000 -24.000000 2.642900
v 22.791000 -24.000000 2.672900
v 22.764204 -24.100000 2.642900
v 22.764204 -24.100000 2.672900
v 22.691000 -24.173204 2.642900
v 22.691000 -24.173204 2.672900
v 22.591000 -24.200001 2.642900
v 22.591000 -24.200001 2.672900
v 22.490999 -24.173204 2.642900
v 22.490999 -24.173204 2.672900
v 22.417795 -24.100000 2.642900
v 22.417795 -24.100000 2.672900
v 22.390999 -24.000000 2.642900
v 22.390999 -24.000000 2.672900
v 22.417795 -23.900000 2.642900
v 22.417795 -23.900000 2.672900
v 22.490999 -23.826796 2.642900
v 22.490999 -23.826796 2.672900
v 22.591000 -23.799999 2.642900
v 22.591000 -23.799999 2.672900
v 22.691000 -23.826796 2.642900
v 22.691000 -23.826796 2.672900
v 22.764204 -23.900000 2.642900
v 22.764204 -23.900000 2.672900
v 22.615999 -24.000000 2.597900
v 22.615999 -24.000000 2.837900
v 22.612650 -24.012501 2.597900
v 22.612650 -24.012501 2.837900
v 22.603500 -24.021650 2.597900
v 22.603500 -24.021650 2.837900
v 22.591000 -24.025000 2.597900
v 22.591000 -24.025000 2.837900
v 22.578499 -24.021650 2.597900
v 22.578499 -24.021650 2.837900
v 22.569349 -24.012501 2.597900
v 22.569349 -24.012501 2.837900
v 22.566000 -24.000000 2.597900
v 22.566000 -24.000000 2.837900
v 22.569349 -23.987499 2.597900
v 22.569349 -23.987499 2.837900
v 22.578499 -23.978350 2.597900
v 22.578499 -23.978350 2.837900
v 22.591000 -23.975000 2.597900
v 22.591000 -23.975000 2.837900
v 22.603500 -23.978350 2.597900
v 22.603500 -23.978350 2.837900
v 22.612650 -23.987499 2.597900
v 22.612650 -23.987499 2.837900
v 22.470999 -29.860001 2.317900
v 22.470999 -29.860001 2.597900
v 22.711000 -29.860001 2.317900
v 22.711000 -29.860001 2.597900
v 22.470999 -30.139999 2.317900
v 22.470999 -30.139999 2.597900
v 22.711000 -30.139999 2.317900
v 22.711000 -30.139999 2.597900
v 22.791000 -30.000000 2.642900
v 22.791000 -30.000000 2.672900
v 22.764204 -30.100000 2.642900
v 22.764204 -30.100000 2.672900
v 22.691000 -30.173204 2.642900
v 22.691000 -30.173204 2.672900
v 22.591000 -30.200001 2.642900
v 22.591000 -30.200001 2.672900
v 22.490999 -30.173204 2.642900
v 22.490999 -30.173204 2.672900
v 22.417795 -30.100000 2.642900
v 22.417795 -30.100000 2.672900
v 22.390999 -30.000000 2.642900
v 22.390999 -30.000000 2.672900
v 22.417795 -29.900000 2.642900
v 22.417795 -29.900000 2.672900
v 22.490999 -29.826796 2.642900
v 22.490999 -29.826796 2.672900
v 22.591000 -29.799999 2.642900
v 22.591000 -29.799999 2.672900
v 22.691000 -29.826796 2.642900
v 22.691000 -29.826796 2.672900
v 22.764204 -29.900000 2.642900
v 22.764204 -29.900000 2.672900
v 22.615999 -30.000000 2.597900
v 22.615999 -30.000000 2.837900
v 22.612650 -30.012501 2.597900
v 22.612650 -30.012501 2.837900
v 22.603500 -30.021650 2.597900
v 22.603500 -30.021650 2.837900
v 22.591000 -30.025000 2.597900
v 22.591000 -30.025000 2.837900
v 22.578499 -30.021650 2.597900
v 22.578499 -30.021650 2.837900
v 22.569349 -30.012501 2.597900
v 22.569349 -30.012501 2.837900
v 22.566000 -30.000000 2.597900
v 22.566000 -30.000000 2.837900
v 22.569349 -29.987499 2.597900
v 22.569349 -29.987499 2.837900
v 22.578499 -29.978350 2.597900
v 22.578499 -29.978350 2.837900
v 22.591000 -29.975000 2.597900
v 22.591000 -29.975000 2.837900
v 22.603500 -29.978350 2.597900
v 22.603500 -29.978350 2.837900
v 22.612650 -29.987499 2.597900
v 22.612650 -29.987499 2.837900
v 27.307732 -15.900000 0.690000
v 27.307732 -15.900000 0.910000
v 27.507732 -15.900000 0.690000
v 27.507732 -15.900000 0.910000
v 27.307732 -16.100000 0.690000
v 27.307732 -16.100000 0.910000
v 27.507732 -16.100000 0.690000
v 27.507732 -16.100000 0.910000
v 27.507732 -16.000000 1.020000
v 27.507732 -16.000000 1.220000
v 27.494335 -16.049999 1.020000
v 27.494335 -16.049999 1.220000
v 27.457731 -16.086603 1.020000
v 27.457731 -16.086603 1.220000
v 27.407732 -16.100000 1.020000
v 27.407732 -16.100000 1.220000
v 27.357733 -16.086603 1.020000
v 27.357733 -16.086603 1.220000
v 27.321129 -16.049999 1.020000
v 27.321129 -16.049999 1.220000
v 27.307732 -16.000000 1.020000
v 27.307732 -16.000000 1.220000
v 27.321129 -15.950000 1.020000
v 27.321129 -15.950000 1.220000
v 27.357733 -15.913398 1.020000
v 27.357733 -15.913398 1.220000
v 27.407732 -15.900000 1.020000
v 27.407732 -15.900000 1.220000
v 27.457731 -15.913398 1.020000
v 27.457731 -15.913398 1.220000
v 27.494335 -15.950000 1.020000
v 27.494335 -15.950000 1.220000
v 27.507732 -20.000000 1.020000
v 27.507732 -20.000000 1.220000
v 27.494335 -20.049999 1.020000
v 27.494335 -20.049999 1.220000
v 27.457731 -20.086603 1.020000
v 27.457731 -20.086603 1.220000
v 27.407732 -20.100000 1.020000
v 27.407732 -20.100000 1.220000
v 27.357733 -20.086603 1.020000
v 27.357733 -20.086603 1.220000
v 27.321129 -20.049999 1.020000
v 27.321129 -20.049999 1.220000
v 27.307732 -20.000000 1.020000
v 27.307732 -20.000000 1.220000
v 27.321129 -19.950001 1.020000
v 27.321129 -19.950001 1.220000
v 27.357733 -19.913397 1.020000
v 27.357733 -19.913397 1.220000
v 27.407732 -19.900000 1.020000
v 27.407732 -19.900000 1.220000
v 27.457731 -19.913397 1.020000
v 27.457731 -19.913397 1.220000
v 27.494335 -19.950001 1.020000
v 27.494335 -19.950001 1.220000
v 24.100000 -16.000000 1.020000
v 24.100000 -16.000000 1.220000
v 24.086603 -16.049999 1.020000
v 24.086603 -16.049999 1.220000
v 24.049999 -16.086603 1.020000
v 24.049999 -16.086603 1.220000
v 24.000000 -16.100000 1.020000
v 24.000000 -16.100000 1.220000
v 23.950001 -16.086603 1.020000
v 23.950001 -16.086603 1.220000
v 23.913397 -16.049999 1.020000
v 23.913397 -16.049999 1.220000
v 23.900000 -16.000000 1.020000
v 23.900000 -16.000000 1.220000
v 23.913397 -15.950000 1.020000
v 23.913397 -15.950000 1.220000
v 23.950001 -15.913398 1.020000
v 23.950001 -15.913398 1.220000
v 24.000000 -15.900000 1.020000
v 24.000000 -15.900000 1.220000
v 24.049999 -15.913398 1.020000
v 24.049999 -15.913398 1.220000
v 24.086603 -15.950000 1.020000
v 24.086603 -15.950000 1.220000
v 23.900000 -19.900000 0.690000
v 23.900000 -19.900000 0.910000
v 24.100000 -19.900000 0.690000
v 24.100000 -19.900000 0.910000
v 23.900000 -20.100000 0.690000
v 23.900000 -20.100000 0.910000
v 24.100000 -20.100000 0.690000
v 24.100000 -20.100000 0.910000
v 24.100000 -20.000000 1.020000
v 24.100000 -20.000000 1.220000
v 24.086603 -20.049999 1.020000
v 24.086603 -20.049999 1.220000
v 24.049999 -20.086603 1.020000
v 24.049999 -20.086603 1.220000
v 24.000000 -20.100000 1.020000
v 24.000000 -20.100000 1.220000
v 23.950001 -20.086603 1.020000
v 23.950001 -20.086603 1.220000
v 23.913397 -20.049999 1.020000
v 23.913397 -20.049999 1.220000
v 23.900000 -20.000000 1.020000
v 23.900000 -20.000000 1.220000
v 23.913397 -19.950001 1.020000
v 23.913397 -19.950001 1.220000
v 23.950001 -19.913397 1.020000
v 23.950001 -19.913397 1.220000
v 24.000000 -19.900000 1.020000
v 24.000000 -19.900000 1.220000
v 24.049999 -19.913397 1.020000
v 24.049999 -19.913397 1.220000
v 24.086603 -19.950001 1.020000
v 24.086603 -19.950001 1.220000
v 22.791000 -18.000000 2.457900
v 22.791000 -18.000000 2.517900
v 22.764204 -18.100000 2.457900
v 22.764204 -18.100000 2.517900
v 22.691000 -18.173204 2.457900
v 22.691000 -18.173204 2.517900
v 22.591000 -18.200001 2.457900
v 22.591000 -18.200001 2.517900
v 22.490999 -18.173204 2.457900
v 22.490999 -18.173204 2.517900
v 22.417795 -18.100000 2.457900
v 22.417795 -18.100000 2.517900
v 22.390999 -18.000000 2.457900
v 22.390999 -18.000000 2.517900
v 22.417795 -17.900000 2.457900
v 22.417795 -17.900000 2.517900
v 22.490999 -17.826796 2.457900
v 22.490999 -17.826796 2.517900
v 22.591000 -17.799999 2.457900
v 22.591000 -17.799999 2.517900
v 22.691000 -17.826796 2.457900
v 22.691000 -17.826796 2.517900
v 22.764204 -17.900000 2.457900
v 22.764204 -17.900000 2.517900
v 27.307732 -19.900000 0.690000
v 27.307732 -19.900000 0.910000
v 27.507732 -19.900000 0.690000
v 27.507732 -19.900000 0.910000
v 27.307732 -20.100000 0.690000
v 27.307732 -20.100000 0.910000
v 27.507732 -20.100000 0.690000
v 27.507732 -20.100000 0.910000
v 23.900000 -15.900000 0.690000
v 23.900000 -15.900000 0.910000
v 24.100000 -15.900000 0.690000
v 24.100000 -15.900000 0.910000
v 23.900000 -16.100000 0.690000
v 23.900000 -16.100000 0.910000
v 24.100000 -16.100000 0.690000
v 24.100000 -16.100000 0.910000
v 25.450001 -30.186176 -0.120000
v 25.450001 -30.186176 0.000000
v 26.549999 -30.186176 -0.120000
v 26.549999 -30.186176 0.000000
v 25.450001 -32.386177 -0.120000
v 25.450001 -32.386177 0.000000
v 26.549999 -32.386177 -0.120000
v 26.549999 -32.386177 0.000000
v 25.500000 -30.236177 0.120000
v 25.500000 -30.236177 0.170000
v 26.500000 -30.236177 0.120000
v 26.500000 -30.236177 0.170000
v 25.500000 -32.336174 0.120000
v 25.500000 -32.336174 0.170000
v 26.500000 -32.336174 0.120000
v 26.500000 -32.336174 0.170000
v 26.219999 -30.836176 0.170000
v 26.219999 -30.836176 0.770000
v 26.209232 -30.904160 0.170000
v 26.209232 -30.904160 0.770000
v 26.177984 -30.965488 0.170000
v 26.177984 -30.965488 0.770000
v 26.129313 -31.014160 0.170000
v 26.129313 -31.014160 0.770000
v 26.067984 -31.045408 0.170000
v 26.067984 -31.045408 0.770000
v 26.000000 -31.056175 0.170000
v 26.000000 -31.056175 0.770000
v 25.932016 -31.045408 0.170000
v 25.932016 -31.045408 0.770000
v 25.870687 -31.014160 0.170000
v 25.870687 -31.014160 0.770000
v 25.822016 -30.965488 0.170000
v 25.822016 -30.965488 0.770000
v 25.790768 -30.904160 0.170000
v 25.790768 -30.904160 0.770000
v 25.780001 -30.836176 0.170000
v 25.780001 -30.836176 0.770000
v 25.790768 -30.768192 0.170000
v 25.790768 -30.768192 0.770000
v 25.822016 -30.706863 0.170000
v 25.822016 -30.706863 0.770000
v 25.870687 -30.658192 0.170000
v 25.870687 -30.658192 0.770000
v 25.932016 -30.626944 0.170000
v 25.932016 -30.626944 0.770000
v 26.000000 -30.616177 0.170000
v 26.000000 -30.616177 0.770000
v 26.067984 -30.626944 0.170000
v 26.067984 -30.626944 0.770000
v 26.129313 -30.658192 0.170000
v 26.129313 -30.658192 0.770000
v 26.177984 -30.706863 0.170000
v 26.177984 -30.706863 0.770000
v 26.209232 -30.768192 0.170000
v 26.209232 -30.768192 0.770000
v 26.230000 -30.836176 0.170000
v 26.230000 -30.836176 0.250000
v 26.212492 -30.924192 0.170000
v 26.212492 -30.924192 0.250000
v 26.162634 -30.998810 0.170000
v 26.162634 -30.998810 0.250000
v 26.088017 -31.048668 0.170000
v 26.088017 -31.048668 0.250000
v 26.000000 -31.066175 0.170000
v 26.000000 -31.066175 0.250000
v 25.911983 -31.048668 0.170000
v 25.911983 -31.048668 0.250000
v 25.837366 -30.998810 0.170000
v 25.837366 -30.998810 0.250000
v 25.787508 -30.924192 0.170000
v 25.787508 -30.924192 0.250000
v 25.770000 -30.836176 0.170000
v 25.770000 -30.836176 0.250000
v 25.787508 -30.748159 0.170000
v 25.787508 -30.748159 0.250000
v 25.837366 -30.673542 0.170000
v 25.837366 -30.673542 0.250000
v 25.911983 -30.623684 0.170000
v 25.911983 -30.623684 0.250000
v 26.000000 -30.606176 0.170000
v 26.000000 -30.606176 0.250000
v 26.088017 -30.623684 0.170000
v 26.088017 -30.623684 0.250000
v 26.162634 -30.673542 0.170000
v 26.162634 -30.673542 0.250000
v 26.212492 -30.748159 0.170000
v 26.212492 -30.748159 0.250000
v 26.230000 -30.836176 0.770000
v 26.230000 -30.836176 0.850000
v 26.212492 -30.924192 0.770000
v 26.212492 -30.924192 0.850000
v 26.162634 -30.998810 0.770000
v 26.162634 -30.998810 0.850000
v 26.088017 -31.048668 0.770000
v 26.088017 -31.048668 0.850000
v 26.000000 -31.066175 0.770000
v 26.000000 -31.066175 0.850000
v 25.911983 -31.048668 0.770000
v 25.911983 -31.048668 0.850000
v 25.837366 -30.998810 0.770000
v 25.837366 -30.998810 0.850000
v 25.787508 -30.924192 0.770000
v 25.787508 -30.924192 0.850000
v 25.770000 -30.836176 0.770000
v 25.770000 -30.836176 0.850000
v 25.787508 -30.748159 0.770000
v 25.787508 -30.748159 0.850000
v 25.837366 -30.673542 0.770000
v 25.837366 -30.673542 0.850000
v 25.911983 -30.623684 0.770000
v 25.911983 -30.623684 0.850000
v 26.000000 -30.606176 0.770000
v 26.000000 -30.606176 0.850000
v 26.088017 -30.623684 0.770000
v 26.088017 -30.623684 0.850000
v 26.162634 -30.673542 0.770000
v 26.162634 -30.673542 0.850000
v 26.212492 -30.748159 0.770000
v 26.212492 -30.748159 0.850000
v 26.170000 -30.726175 0.430000
v 26.170000 -30.726175 0.610000
v 26.289999 -30.726175 0.430000
v 26.289999 -30.726175 0.610000
v 26.170000 -30.946177 0.430000
v 26.170000 -30.946177 0.610000
v 26.289999 -30.946177 0.430000
v 26.289999 -30.946177 0.610000
v 26.120001 -31.286177 0.370000
v 26.120001 -31.286177 0.570000
v 26.103924 -31.346176 0.370000
v 26.103924 -31.346176 0.570000
v 26.059999 -31.390100 0.370000
v 26.059999 -31.390100 0.570000
v 26.000000 -31.406178 0.370000
v 26.000000 -31.406178 0.570000
v 25.940001 -31.390100 0.370000
v 25.940001 -31.390100 0.570000
v 25.896076 -31.346176 0.370000
v 25.896076 -31.346176 0.570000
v 25.879999 -31.286177 0.370000
v 25.879999 -31.286177 0.570000
v 25.896076 -31.226177 0.370000
v 25.896076 -31.226177 0.570000
v 25.940001 -31.182253 0.370000
v 25.940001 -31.182253 0.570000
v 26.000000 -31.166176 0.370000
v 26.000000 -31.166176 0.570000
v 26.059999 -31.182253 0.370000
v 26.059999 -31.182253 0.570000
v 26.103924 -31.226177 0.370000
v 26.103924 -31.226177 0.570000
v 25.674999 -31.361176 0.170000
v 25.674999 -31.361176 0.770000
v 26.325001 -31.361176 0.170000
v 26.325001 -31.361176 0.770000
v 25.674999 -32.011177 0.170000
v 25.674999 -32.011177 0.770000
v 26.325001 -32.011177 0.170000
v 26.325001 -32.011177 0.770000
v 26.250000 -31.686176 1.070000
v 26.250000 -31.686176 1.220000
v 26.230970 -31.781847 1.070000
v 26.230970 -31.781847 1.220000
v 26.176777 -31.862953 1.070000
v 26.176777 -31.862953 1.220000
v 26.095671 -31.917147 1.070000
v 26.095671 -31.917147 1.220000
v 26.000000 -31.936176 1.070000
v 26.000000 -31.936176 1.220000
v 25.904329 -31.917147 1.070000
v 25.904329 -31.917147 1.220000
v 25.823223 -31.862953 1.070000
v 25.823223 -31.862953 1.220000
v 25.769030 -31.781847 1.070000
v 25.769030 -31.781847 1.220000
v 25.750000 -31.686176 1.070000
v 25.750000 -31.686176 1.220000
v 25.769030 -31.590506 1.070000
v 25.769030 -31.590506 1.220000
v 25.823223 -31.509399 1.070000
v 25.823223 -31.509399 1.220000
v 25.904329 -31.455206 1.070000
v 25.904329 -31.455206 1.220000
v 26.000000 -31.436176 1.070000
v 26.000000 -31.436176 1.220000
v 26.095671 -31.455206 1.070000
v 26.095671 -31.455206 1.220000
v 26.176777 -31.509399 1.070000
v 26.176777 -31.509399 1.220000
v 26.230970 -31.590506 1.070000
v 26.230970 -31.590506 1.220000
v 25.825001 -31.841177 0.545000
v 25.825001 -31.841177 0.895000
v 26.174999 -31.841177 0.545000
v 26.174999 -31.841177 0.895000
v 25.825001 -32.191174 0.545000
v 25.825001 -32.191174 0.895000
v 26.174999 -32.191174 0.545000
v 26.174999 -32.191174 0.895000
v 25.450001 -35.170097 -0.120000
v 25.450001 -35.170097 0.000000
v 26.549999 -35.170097 -0.120000
v 26.549999 -35.170097 0.000000
v 25.450001 -37.370094 -0.120000
v 25.450001 -37.370094 0.000000
v 26.549999 -37.370094 -0.120000
v 26.549999 -37.370094 0.000000
v 25.500000 -35.220097 0.120000
v 25.500000 -35.220097 0.170000
v 26.500000 -35.220097 0.120000
v 26.500000 -35.220097 0.170000
v 25.500000 -37.320095 0.120000
v 25.500000 -37.320095 0.170000
v 26.500000 -37.320095 0.120000
v 26.500000 -37.320095 0.170000
v 26.219999 -35.820095 0.170000
v 26.219999 -35.820095 0.770000
v 26.209232 -35.888081 0.170000
v 26.209232 -35.888081 0.770000
v 26.177984 -35.949409 0.170000
v 26.177984 -35.949409 0.770000
v 26.129313 -35.998077 0.170000
v 26.129313 -35.998077 0.770000
v 26.067984 -36.029327 0.170000
v 26.067984 -36.029327 0.770000
v 26.000000 -36.040096 0.170000
v 26.000000 -36.040096 0.770000
v 25.932016 -36.029327 0.170000
v 25.932016 -36.029327 0.770000
v 25.870687 -35.998077 0.170000
v 25.870687 -35.998077 0.770000
v 25.822016 -35.949409 0.170000
v 25.822016 -35.949409 0.770000
v 25.790768 -35.888081 0.170000
v 25.790768 -35.888081 0.770000
v 25.780001 -35.820095 0.170000
v 25.780001 -35.820095 0.770000
v 25.790768 -35.752110 0.170000
v 25.790768 -35.752110 0.770000
v 25.822016 -35.690781 0.170000
v 25.822016 -35.690781 0.770000
v 25.870687 -35.642113 0.170000
v 25.870687 -35.642113 0.770000
v 25.932016 -35.610863 0.170000
v 25.932016 -35.610863 0.770000
v 26.000000 -35.600094 0.170000
v 26.000000 -35.600094 0.770000
v 26.067984 -35.610863 0.170000
v 26.067984 -35.610863 0.770000
v 26.129313 -35.642113 0.170000
v 26.129313 -35.642113 0.770000
v 26.177984 -35.690781 0.170000
v 26.177984 -35.690781 0.770000
v 26.209232 -35.752110 0.170000
v 26.209232 -35.752110 0.770000
v 26.230000 -35.820095 0.170000
v 26.230000 -35.820095 0.250000
v 26.212492 -35.908112 0.170000
v 26.212492 -35.908112 0.250000
v 26.162634 -35.982731 0.170000
v 26.162634 -35.982731 0.250000
v 26.088017 -36.032589 0.170000
v 26.088017 -36.032589 0.250000
v 26.000000 -36.050095 0.170000
v 26.000000 -36.050095 0.250000
v 25.911983 -36.032589 0.170000
v 25.911983 -36.032589 0.250000
v 25.837366 -35.982731 0.170000
v 25.837366 -35.982731 0.250000
v 25.787508 -35.908112 0.170000
v 25.787508 -35.908112 0.250000
v 25.770000 -35.820095 0.170000
v 25.770000 -35.820095 0.250000
v 25.787508 -35.732079 0.170000
v 25.787508 -35.732079 0.250000
v 25.837366 -35.657459 0.170000
v 25.837366 -35.657459 0.250000
v 25.911983 -35.607601 0.170000
v 25.911983 -35.607601 0.250000
v 26.000000 -35.590096 0.170000
v 26.000000 -35.590096 0.250000
v 26.088017 -35.607601 0.170000
v 26.088017 -35.607601 0.250000
v 26.162634 -35.657459 0.170000
v 26.162634 -35.657459 0.250000
v 26.212492 -35.732079 0.170000
v 26.212492 -35.732079 0.250000
v 26.230000 -35.820095 0.770000
v 26.230000 -35.820095 0.850000
v 26.212492 -35.908112 0.770000
v 26.212492 -35.908112 0.850000
v 26.162634 -35.982731 0.770000
v 26.162634 -35.982731 0.850000
v 26.088017 -36.032589 0.770000
v 26.088017 -36.032589 0.850000
v 26.000000 -36.050095 0.770000
v 26.000000 -36.050095 0.850000
v 25.911983 -36.032589 0.770000
v 25.911983 -36.032589 0.850000
v 25.837366 -35.982731 0.770000
v 25.837366 -35.982731 0.850000
v 25.787508 -35.908112 0.770000
v 25.787508 -35.908112 0.850000
v 25.770000 -35.820095 0.770000
v 25.770000 -35.820095 0.850000
v 25.787508 -35.732079 0.770000
v 25.787508 -35.732079 0.850000
v 25.837366 -35.657459 0.770000
v 25.837366 -35.657459 0.850000
v 25.911983 -35.607601 0.770000
v 25.911983 -35.607601 0.850000
v 26.000000 -35.590096 0.770000
v 26.000000 -35.590096 0.850000
v 26.088017 -35.607601 0.770000
v 26.088017 -35.607601 0.850000
v 26.162634 -35.657459 0.770000
v 26.162634 -35.657459 0.850000
v 26.212492 -35.732079 0.770000
v 26.212492 -35.732079 0.850000
v 26.170000 -35.710094 0.430000
v 26.170000 -35.710094 0.610000
v 26.289999 -35.710094 0.430000
v 26.289999 -35.710094 0.610000
v 26.170000 -35.930096 0.430000
v 26.170000 -35.930096 0.610000
v 26.289999 -35.930096 0.430000
v 26.289999 -35.930096 0.610000
v 26.120001 -36.270096 0.370000
v 26.120001 -36.270096 0.570000
v 26.103924 -36.330097 0.370000
v 26.103924 -36.330097 0.570000
v 26.059999 -36.374020 0.370000
v 26.059999 -36.374020 0.570000
v 26.000000 -36.390095 0.370000
v 26.000000 -36.390095 0.570000
v 25.940001 -36.374020 0.370000
v 25.940001 -36.374020 0.570000
v 25.896076 -36.330097 0.370000
v 25.896076 -36.330097 0.570000
v 25.879999 -36.270096 0.370000
v 25.879999 -36.270096 0.570000
v 25.896076 -36.210094 0.370000
v 25.896076 -36.210094 0.570000
v 25.940001 -36.166172 0.370000
v 25.940001 -36.166172 0.570000
v 26.000000 -36.150097 0.370000
v 26.000000 -36.150097 0.570000
v 26.059999 -36.166172 0.370000
v 26.059999 -36.166172 0.570000
v 26.103924 -36.210094 0.370000
v 26.103924 -36.210094 0.570000
v 25.674999 -36.345097 0.170000
v 25.674999 -36.345097 0.770000
v 26.325001 -36.345097 0.170000
v 26.325001 -36.345097 0.770000
v 25.674999 -36.995098 0.170000
v 25.674999 -36.995098 0.770000
v 26.325001 -36.995098 0.170000
v 26.325001 -36.995098 0.770000
v 26.250000 -36.670097 1.070000
v 26.250000 -36.670097 1.220000
v 26.230970 -36.765770 1.070000
v 26.230970 -36.765770 1.220000
v 26.176777 -36.846874 1.070000
v 26.176777 -36.846874 1.220000
v 26.095671 -36.901066 1.070000
v 26.095671 -36.901066 1.220000
v 26.000000 -36.920097 1.070000
v 26.000000 -36.920097 1.220000
v 25.904329 -36.901066 1.070000
v 25.904329 -36.901066 1.220000
v 25.823223 -36.846874 1.070000
v 25.823223 -36.846874 1.220000
v 25.769030 -36.765770 1.070000
v 25.769030 -36.765770 1.220000
v 25.750000 -36.670097 1.070000
v 25.750000 -36.670097 1.220000
v 25.769030 -36.574425 1.070000
v 25.769030 -36.574425 1.220000
v 25.823223 -36.493320 1.070000
v 25.823223 -36.493320 1.220000
v 25.904329 -36.439129 1.070000
v 25.904329 -36.439129 1.220000
v 26.000000 -36.420097 1.070000
v 26.000000 -36.420097 1.220000
v 26.095671 -36.439129 1.070000
v 26.095671 -36.439129 1.220000
v 26.176777 -36.493320 1.070000
v 26.176777 -36.493320 1.220000
v 26.230970 -36.574425 1.070000
v 26.230970 -36.574425 1.220000
v 25.825001 -36.825096 0.545000
v 25.825001 -36.825096 0.895000
v 26.174999 -36.825096 0.545000
v 26.174999 -36.825096 0.895000
v 25.825001 -37.175095 0.545000
v 25.825001 -37.175095 0.895000
v 26.174999 -37.175095 0.545000
v 26.174999 -37.175095 0.895000
v 33.450001 -25.329304 -0.120000
v 33.450001 -25.329304 0.000000
v 34.549999 -25.329304 -0.120000
v 34.549999 -25.329304 0.000000
v 33.450001 -27.529305 -0.120000
v 33.450001 -27.529305 0.000000
v 34.549999 -27.529305 -0.120000
v 34.549999 -27.529305 0.000000
v 33.500000 -25.379305 0.120000
v 33.500000 -25.379305 0.170000
v 34.500000 -25.379305 0.120000
v 34.500000 -25.379305 0.170000
v 33.500000 -27.479303 0.120000
v 33.500000 -27.479303 0.170000
v 34.500000 -27.479303 0.120000
v 34.500000 -27.479303 0.170000
v 34.220001 -25.979303 0.170000
v 34.220001 -25.979303 0.770000
v 34.209232 -26.047287 0.170000
v 34.209232 -26.047287 0.770000
v 34.177982 -26.108616 0.170000
v 34.177982 -26.108616 0.770000
v 34.129314 -26.157288 0.170000
v 34.129314 -26.157288 0.770000
v 34.067986 -26.188536 0.170000
v 34.067986 -26.188536 0.770000
v 34.000000 -26.199303 0.170000
v 34.000000 -26.199303 0.770000
v 33.932014 -26.188536 0.170000
v 33.932014 -26.188536 0.770000
v 33.870686 -26.157288 0.170000
v 33.870686 -26.157288 0.770000
v 33.822018 -26.108616 0.170000
v 33.822018 -26.108616 0.770000
v 33.790768 -26.047287 0.170000
v 33.790768 -26.047287 0.770000
v 33.779999 -25.979303 0.170000
v 33.779999 -25.979303 0.770000
v 33.790768 -25.911320 0.170000
v 33.790768 -25.911320 0.770000
v 33.822018 -25.849991 0.170000
v 33.822018 -25.849991 0.770000
v 33.870686 -25.801319 0.170000
v 33.870686 -25.801319 0.770000
v 33.932014 -25.770071 0.170000
v 33.932014 -25.770071 0.770000
v 34.000000 -25.759304 0.170000
v 34.000000 -25.759304 0.770000
v 34.067986 -25.770071 0.170000
v 34.067986 -25.770071 0.770000
v 34.129314 -25.801319 0.170000
v 34.129314 -25.801319 0.770000
v 34.177982 -25.849991 0.170000
v 34.177982 -25.849991 0.770000
v 34.209232 -25.911320 0.170000
v 34.209232 -25.911320 0.770000
v 34.230000 -25.979303 0.170000
v 34.230000 -25.979303 0.250000
v 34.212494 -26.067320 0.170000
v 34.212494 -26.067320 0.250000
v 34.162636 -26.141937 0.170000
v 34.162636 -26.141937 0.250000
v 34.088017 -26.191795 0.170000
v 34.088017 -26.191795 0.250000
v 34.000000 -26.209303 0.170000
v 34.000000 -26.209303 0.250000
v 33.911983 -26.191795 0.170000
v 33.911983 -26.191795 0.250000
v 33.837364 -26.141937 0.170000
v 33.837364 -26.141937 0.250000
v 33.787506 -26.067320 0.170000
v 33.787506 -26.067320 0.250000
v 33.770000 -25.979303 0.170000
v 33.770000 -25.979303 0.250000
v 33.787506 -25.891287 0.170000
v 33.787506 -25.891287 0.250000
v 33.837364 -25.816669 0.170000
v 33.837364 -25.816669 0.250000
v 33.911983 -25.766811 0.170000
v 33.911983 -25.766811 0.250000
v 34.000000 -25.749304 0.170000
v 34.000000 -25.749304 0.250000
v 34.088017 -25.766811 0.170000
v 34.088017 -25.766811 0.250000
v 34.162636 -25.816669 0.170000
v 34.162636 -25.816669 0.250000
v 34.212494 -25.891287 0.170000
v 34.212494 -25.891287 0.250000
v 34.230000 -25.979303 0.770000
v 34.230000 -25.979303 0.850000
v 34.212494 -26.067320 0.770000
v 34.212494 -26.067320 0.850000
v 34.162636 -26.141937 0.770000
v 34.162636 -26.141937 0.850000
v 34.088017 -26.191795 0.770000
v 34.088017 -26.191795 0.850000
v 34.000000 -26.209303 0.770000
v 34.000000 -26.209303 0.850000
v 33.911983 -26.191795 0.770000
v 33.911983 -26.191795 0.850000
v 33.837364 -26.141937 0.770000
v 33.837364 -26.141937 0.850000
v 33.787506 -26.067320 0.770000
v 33.787506 -26.067320 0.850000
v 33.770000 -25.979303 0.770000
v 33.770000 -25.979303 0.850000
v 33.787506 -25.891287 0.770000
v 33.787506 -25.891287 0.850000
v 33.837364 -25.816669 0.770000
v 33.837364 -25.816669 0.850000
v 33.911983 -25.766811 0.770000
v 33.911983 -25.766811 0.850000
v 34.000000 -25.749304 0.770000
v 34.000000 -25.749304 0.850000
v 34.088017 -25.766811 0.770000
v 34.088017 -25.766811 0.850000
v 34.162636 -25.816669 0.770000
v 34.162636 -25.816669 0.850000
v 34.212494 -25.891287 0.770000
v 34.212494 -25.891287 0.850000
v 34.169998 -25.869303 0.430000
v 34.169998 -25.869303 0.610000
v 34.290001 -25.869303 0.430000
v 34.290001 -25.869303 0.610000
v 34.169998 -26.089304 0.430000
v 34.169998 -26.089304 0.610000
v 34.290001 -26.089304 0.430000
v 34.290001 -26.089304 0.610000
v 34.119999 -26.429304 0.370000
v 34.119999 -26.429304 0.570000
v 34.103924 -26.489304 0.370000
v 34.103924 -26.489304 0.570000
v 34.060001 -26.533228 0.370000
v 34.060001 -26.533228 0.570000
v 34.000000 -26.549305 0.370000
v 34.000000 -26.549305 0.570000
v 33.939999 -26.533228 0.370000
v 33.939999 -26.533228 0.570000
v 33.896076 -26.489304 0.370000
v 33.896076 -26.489304 0.570000
v 33.880001 -26.429304 0.370000
v 33.880001 -26.429304 0.570000
v 33.896076 -26.369305 0.370000
v 33.896076 -26.369305 0.570000
v 33.939999 -26.325380 0.370000
v 33.939999 -26.325380 0.570000
v 34.000000 -26.309303 0.370000
v 34.000000 -26.309303 0.570000
v 34.060001 -26.325380 0.370000
v 34.060001 -26.325380 0.570000
v 34.103924 -26.369305 0.370000
v 34.103924 -26.369305 0.570000
v 33.674999 -26.504303 0.170000
v 33.674999 -26.504303 0.770000
v 34.325001 -26.504303 0.170000
v 34.325001 -26.504303 0.770000
v 33.674999 -27.154305 0.170000
v 33.674999 -27.154305 0.770000
v 34.325001 -27.154305 0.170000
v 34.325001 -27.154305 0.770000
v 34.250000 -26.829304 1.070000
v 34.250000 -26.829304 1.220000
v 34.230968 -26.924974 1.070000
v 34.230968 -26.924974 1.220000
v 34.176777 -27.006081 1.070000
v 34.176777 -27.006081 1.220000
v 34.095673 -27.060274 1.070000
v 34.095673 -27.060274 1.220000
v 34.000000 -27.079304 1.070000
v 34.000000 -27.079304 1.220000
v 33.904327 -27.060274 1.070000
v 33.904327 -27.060274 1.220000
v 33.823223 -27.006081 1.070000
v 33.823223 -27.006081 1.220000
v 33.769032 -26.924974 1.070000
v 33.769032 -26.924974 1.220000
v 33.750000 -26.829304 1.070000
v 33.750000 -26.829304 1.220000
v 33.769032 -26.733633 1.070000
v 33.769032 -26.733633 1.220000
v 33.823223 -26.652527 1.070000
v 33.823223 -26.652527 1.220000
v 33.904327 -26.598333 1.070000
v 33.904327 -26.598333 1.220000
v 34.000000 -26.579304 1.070000
v 34.000000 -26.579304 1.220000
v 34.095673 -26.598333 1.070000
v 34.095673 -26.598333 1.220000
v 34.176777 -26.652527 1.070000
v 34.176777 -26.652527 1.220000
v 34.230968 -26.733633 1.070000
v 34.230968 -26.733633 1.220000
v 33.825001 -26.984304 0.545000
v 33.825001 -26.984304 0.895000
v 34.174999 -26.984304 0.545000
v 34.174999 -26.984304 0.895000
v 33.825001 -27.334303 0.545000
v 33.825001 -27.334303 0.895000
v 34.174999 -27.334303 0.545000
v 34.174999 -27.334303 0.895000
v 33.450001 -30.900000 -0.120000
v 33.450001 -30.900000 0.000000
v 34.549999 -30.900000 -0.120000
v 34.549999 -30.900000 0.000000
v 33.450001 -33.099998 -0.120000
v 33.450001 -33.099998 0.000000
v 34.549999 -33.099998 -0.120000
v 34.549999 -33.099998 0.000000
v 33.500000 -30.950001 0.120000
v 33.500000 -30.950001 0.170000
v 34.500000 -30.950001 0.120000
v 34.500000 -30.950001 0.170000
v 33.500000 -33.049999 0.120000
v 33.500000 -33.049999 0.170000
v 34.500000 -33.049999 0.120000
v 34.500000 -33.049999 0.170000
v 34.220001 -31.549999 0.170000
v 34.220001 -31.549999 0.770000
v 34.209232 -31.617983 0.170000
v 34.209232 -31.617983 0.770000
v 34.177982 -31.679312 0.170000
v 34.177982 -31.679312 0.770000
v 34.129314 -31.727983 0.170000
v 34.129314 -31.727983 0.770000
v 34.067986 -31.759232 0.170000
v 34.067986 -31.759232 0.770000
v 34.000000 -31.769999 0.170000
v 34.000000 -31.769999 0.770000
v 33.932014 -31.759232 0.170000
v 33.932014 -31.759232 0.770000
v 33.870686 -31.727983 0.170000
v 33.870686 -31.727983 0.770000
v 33.822018 -31.679312 0.170000
v 33.822018 -31.679312 0.770000
v 33.790768 -31.617983 0.170000
v 33.790768 -31.617983 0.770000
v 33.779999 -31.549999 0.170000
v 33.779999 -31.549999 0.770000
v 33.790768 -31.482016 0.170000
v 33.790768 -31.482016 0.770000
v 33.822018 -31.420687 0.170000
v 33.822018 -31.420687 0.770000
v 33.870686 -31.372015 0.170000
v 33.870686 -31.372015 0.770000
v 33.932014 -31.340767 0.170000
v 33.932014 -31.340767 0.770000
v 34.000000 -31.330000 0.170000
v 34.000000 -31.330000 0.770000
v 34.067986 -31.340767 0.170000
v 34.067986 -31.340767 0.770000
v 34.129314 -31.372015 0.170000
v 34.129314 -31.372015 0.770000
v 34.177982 -31.420687 0.170000
v 34.177982 -31.420687 0.770000
v 34.209232 -31.482016 0.170000
v 34.209232 -31.482016 0.770000
v 34.230000 -31.549999 0.170000
v 34.230000 -31.549999 0.250000
v 34.212494 -31.638016 0.170000
v 34.212494 -31.638016 0.250000
v 34.162636 -31.712633 0.170000
v 34.162636 -31.712633 0.250000
v 34.088017 -31.762491 0.170000
v 34.088017 -31.762491 0.250000
v 34.000000 -31.779999 0.170000
v 34.000000 -31.779999 0.250000
v 33.911983 -31.762491 0.170000
v 33.911983 -31.762491 0.250000
v 33.837364 -31.712633 0.170000
v 33.837364 -31.712633 0.250000
v 33.787506 -31.638016 0.170000
v 33.787506 -31.638016 0.250000
v 33.770000 -31.549999 0.170000
v 33.770000 -31.549999 0.250000
v 33.787506 -31.461983 0.170000
v 33.787506 -31.461983 0.250000
v 33.837364 -31.387365 0.170000
v 33.837364 -31.387365 0.250000
v 33.911983 -31.337507 0.170000
v 33.911983 -31.337507 0.250000
v 34.000000 -31.320000 0.170000
v 34.000000 -31.320000 0.250000
v 34.088017 -31.337507 0.170000
v 34.088017 -31.337507 0.250000
v 34.162636 -31.387365 0.170000
v 34.162636 -31.387365 0.250000
v 34.212494 -31.461983 0.170000
v 34.212494 -31.461983 0.250000
v 34.230000 -31.549999 0.770000
v 34.230000 -31.549999 0.850000
v 34.212494 -31.638016 0.770000
v 34.212494 -31.638016 0.850000
v 34.162636 -31.712633 0.770000
v 34.162636 -31.712633 0.850000
v 34.088017 -31.762491 0.770000
v 34.088017 -31.762491 0.850000
v 34.000000 -31.779999 0.770000
v 34.000000 -31.779999 0.850000
v 33.911983 -31.762491 0.770000
v 33.911983 -31.762491 0.850000
v 33.837364 -31.712633 0.770000
v 33.837364 -31.712633 0.850000
v 33.787506 -31.638016 0.770000
v 33.787506 -31.638016 0.850000
v 33.770000 -31.549999 0.770000
v 33.770000 -31.549999 0.850000
v 33.787506 -31.461983 0.770000
v 33.787506 -31.461983 0.850000
v 33.837364 -31.387365 0.770000
v 33.837364 -31.387365 0.850000
v 33.911983 -31.337507 0.770000
v 33.911983 -31.337507 0.850000
v 34.000000 -31.320000 0.770000
v 34.000000 -31.320000 0.850000
v 34.088017 -31.337507 0.770000
v 34.088017 -31.337507 0.850000
v 34.162636 -31.387365 0.770000
v 34.162636 -31.387365 0.850000
v 34.212494 -31.461983 0.770000
v 34.212494 -31.461983 0.850000
v 34.169998 -31.439999 0.430000
v 34.169998 -31.439999 0.610000
v 34.290001 -31.439999 0.430000
v 34.290001 -31.439999 0.610000
v 34.169998 -31.660000 0.430000
v 34.169998 -31.660000 0.610000
v 34.290001 -31.660000 0.430000
v 34.290001 -31.660000 0.610000
v 34.119999 -32.000000 0.370000
v 34.119999 -32.000000 0.570000
v 34.103924 -32.060001 0.370000
v 34.103924 -32.060001 0.570000
v 34.060001 -32.103924 0.370000
v 34.060001 -32.103924 0.570000
v 34.000000 -32.119999 0.370000
v 34.000000 -32.119999 0.570000
v 33.939999 -32.103924 0.370000
v 33.939999 -32.103924 0.570000
v 33.896076 -32.060001 0.370000
v 33.896076 -32.060001 0.570000
v 33.880001 -32.000000 0.370000
v 33.880001 -32.000000 0.570000
v 33.896076 -31.940001 0.370000
v 33.896076 -31.940001 0.570000
v 33.939999 -31.896076 0.370000
v 33.939999 -31.896076 0.570000
v 34.000000 -31.879999 0.370000
v 34.000000 -31.879999 0.570000
v 34.060001 -31.896076 0.370000
v 34.060001 -31.896076 0.570000
v 34.103924 -31.940001 0.370000
v 34.103924 -31.940001 0.570000
v 33.674999 -32.075001 0.170000
v 33.674999 -32.075001 0.770000
v 34.325001 -32.075001 0.170000
v 34.325001 -32.075001 0.770000
v 33.674999 -32.725002 0.170000
v 33.674999 -32.725002 0.770000
v 34.325001 -32.725002 0.170000
v 34.325001 -32.725002 0.770000
v 34.250000 -32.400002 1.070000
v 34.250000 -32.400002 1.220000
v 34.230968 -32.495674 1.070000
v 34.230968 -32.495674 1.220000
v 34.176777 -32.576778 1.070000
v 34.176777 -32.576778 1.220000
v 34.095673 -32.630970 1.070000
v 34.095673 -32.630970 1.220000
v 34.000000 -32.650002 1.070000
v 34.000000 -32.650002 1.220000
v 33.904327 -32.630970 1.070000
v 33.904327 -32.630970 1.220000
v 33.823223 -32.576778 1.070000
v 33.823223 -32.576778 1.220000
v 33.769032 -32.495674 1.070000
v 33.769032 -32.495674 1.220000
v 33.750000 -32.400002 1.070000
v 33.750000 -32.400002 1.220000
v 33.769032 -32.304329 1.070000
v 33.769032 -32.304329 1.220000
v 33.823223 -32.223225 1.070000
v 33.823223 -32.223225 1.220000
v 33.904327 -32.169033 1.070000
v 33.904327 -32.169033 1.220000
v 34.000000 -32.150002 1.070000
v 34.000000 -32.150002 1.220000
v 34.095673 -32.169033 1.070000
v 34.095673 -32.169033 1.220000
v 34.176777 -32.223225 1.070000
v 34.176777 -32.223225 1.220000
v 34.230968 -32.304329 1.070000
v 34.230968 -32.304329 1.220000
v 33.825001 -32.555000 0.545000
v 33.825001 -32.555000 0.895000
v 34.174999 -32.555000 0.545000
v 34.174999 -32.555000 0.895000
v 33.825001 -32.904999 0.545000
v 33.825001 -32.904999 0.895000
v 34.174999 -32.904999 0.545000
v 34.174999 -32.904999 0.895000
v 25.450001 -30.186176 -0.120000
v 25.450001 -30.186176 0.000000
v 26.549999 -30.186176 -0.120000
v 26.549999 -30.186176 0.000000
v 25.450001 -32.386177 -0.120000
v 25.450001 -32.386177 0.000000
v 26.549999 -32.386177 -0.120000
v 26.549999 -32.386177 0.000000
v 25.500000 -30.236177 0.120000
v 25.500000 -30.236177 0.170000
v 26.500000 -30.236177 0.120000
v 26.500000 -30.236177 0.170000
v 25.500000 -32.336178 0.120000
v 25.500000 -32.336178 0.170000
v 26.500000 -32.336178 0.120000
v 26.500000 -32.336178 0.170000
v 26.219999 -30.836176 0.170000
v 26.219999 -30.836176 0.770000
v 26.209232 -30.904160 0.170000
v 26.209232 -30.904160 0.770000
v 26.177984 -30.965488 0.170000
v 26.177984 -30.965488 0.770000
v 26.129313 -31.014160 0.170000
v 26.129313 -31.014160 0.770000
v 26.067984 -31.045408 0.170000
v 26.067984 -31.045408 0.770000
v 26.000000 -31.056175 0.170000
v 26.000000 -31.056175 0.770000
v 25.932016 -31.045408 0.170000
v 25.932016 -31.045408 0.770000
v 25.870687 -31.014160 0.170000
v 25.870687 -31.014160 0.770000
v 25.822016 -30.965488 0.170000
v 25.822016 -30.965488 0.770000
v 25.790768 -30.904160 0.170000
v 25.790768 -30.904160 0.770000
v 25.780001 -30.836176 0.170000
v 25.780001 -30.836176 0.770000
v 25.790768 -30.768192 0.170000
v 25.790768 -30.768192 0.770000
v 25.822016 -30.706863 0.170000
v 25.822016 -30.706863 0.770000
v 25.870687 -30.658192 0.170000
v 25.870687 -30.658192 0.770000
v 25.932016 -30.626944 0.170000
v 25.932016 -30.626944 0.770000
v 26.000000 -30.616177 0.170000
v 26.000000 -30.616177 0.770000
v 26.067984 -30.626944 0.170000
v 26.067984 -30.626944 0.770000
v 26.129313 -30.658192 0.170000
v 26.129313 -30.658192 0.770000
v 26.177984 -30.706863 0.170000
v 26.177984 -30.706863 0.770000
v 26.209232 -30.768192 0.170000
v 26.209232 -30.768192 0.770000
v 26.230000 -30.836176 0.170000
v 26.230000 -30.836176 0.250000
v 26.212492 -30.924192 0.170000
v 26.212492 -30.924192 0.250000
v 26.162634 -30.998810 0.170000
v 26.162634 -30.998810 0.250000
v 26.088017 -31.048668 0.170000
v 26.088017 -31.048668 0.250000
v 26.000000 -31.066175 0.170000
v 26.000000 -31.066175 0.250000
v 25.911983 -31.048668 0.170000
v 25.911983 -31.048668 0.250000
v 25.837366 -30.998810 0.170000
v 25.837366 -30.998810 0.250000
v 25.787508 -30.924192 0.170000
v 25.787508 -30.924192 0.250000
v 25.770000 -30.836176 0.170000
v 25.770000 -30.836176 0.250000
v 25.787508 -30.748159 0.170000
v 25.787508 -30.748159 0.250000
v 25.837366 -30.673542 0.170000
v 25.837366 -30.673542 0.250000
v 25.911983 -30.623684 0.170000
v 25.911983 -30.623684 0.250000
v 26.000000 -30.606176 0.170000
v 26.000000 -30.606176 0.250000
v 26.088017 -30.623684 0.170000
v 26.088017 -30.623684 0.250000
v 26.162634 -30.673542 0.170000
v 26.162634 -30.673542 0.250000
v 26.212492 -30.748159 0.170000
v 26.212492 -30.748159 0.250000
v 26.230000 -30.836176 0.770000
v 26.230000 -30.836176 0.850000
v 26.212492 -30.924192 0.770000
v 26.212492 -30.924192 0.850000
v 26.162634 -30.998810 0.770000
v 26.162634 -30.998810 0.850000
v 26.088017 -31.048668 0.770000
v 26.088017 -31.048668 0.850000
v 26.000000 -31.066175 0.770000
v 26.000000 -31.066175 0.850000
v 25.911983 -31.048668 0.770000
v 25.911983 -31.048668 0.850000
v 25.837366 -30.998810 0.770000
v 25.837366 -30.998810 0.850000
v 25.787508 -30.924192 0.770000
v 25.787508 -30.924192 0.850000
v 25.770000 -30.836176 0.770000
v 25.770000 -30.836176 0.850000
v 25.787508 -30.748159 0.770000
v 25.787508 -30.748159 0.850000
v 25.837366 -30.673542 0.770000
v 25.837366 -30.673542 0.850000
v 25.911983 -30.623684 0.770000
v 25.911983 -30.623684 0.850000
v 26.000000 -30.606176 0.770000
v 26.000000 -30.606176 0.850000
v 26.088017 -30.623684 0.770000
v 26.088017 -30.623684 0.850000
v 26.162634 -30.673542 0.770000
v 26.162634 -30.673542 0.850000
v 26.212492 -30.748159 0.770000
v 26.212492 -30.748159 0.850000
v 26.170000 -30.726175 0.430000
v 26.170000 -30.726175 0.610000
v 26.289999 -30.726175 0.430000
v 26.289999 -30.726175 0.610000
v 26.170000 -30.946177 0.430000
v 26.170000 -30.946177 0.610000
v 26.289999 -30.946177 0.430000
v 26.289999 -30.946177 0.610000
v 26.120001 -31.286177 0.370000
v 26.120001 -31.286177 0.570000
v 26.103924 -31.346176 0.370000
v 26.103924 -31.346176 0.570000
v 26.059999 -31.390100 0.370000
v 26.059999 -31.390100 0.570000
v 26.000000 -31.406178 0.370000
v 26.000000 -31.406178 0.570000
v 25.940001 -31.390100 0.370000
v 25.940001 -31.390100 0.570000
v 25.896076 -31.346176 0.370000
v 25.896076 -31.346176 0.570000
v 25.879999 -31.286177 0.370000
v 25.879999 -31.286177 0.570000
v 25.896076 -31.226177 0.370000
v 25.896076 -31.226177 0.570000
v 25.940001 -31.182253 0.370000
v 25.940001 -31.182253 0.570000
v 26.000000 -31.166176 0.370000
v 26.000000 -31.166176 0.570000
v 26.059999 -31.182253 0.370000
v 26.059999 -31.182253 0.570000
v 26.103924 -31.226177 0.370000
v 26.103924 -31.226177 0.570000
v 25.674999 -31.361176 0.170000
v 25.674999 -31.361176 0.770000
v 26.325001 -31.361176 0.170000
v 26.325001 -31.361176 0.770000
v 25.674999 -32.011177 0.170000
v 25.674999 -32.011177 0.770000
v 26.325001 -32.011177 0.170000
v 26.325001 -32.011177 0.770000
v 26.250000 -31.686176 1.070000
v 26.250000 -31.686176 1.220000
v 26.230970 -31.781847 1.070000
v 26.230970 -31.781847 1.220000
v 26.176777 -31.862953 1.070000
v 26.176777 -31.862953 1.220000
v 26.095671 -31.917147 1.070000
v 26.095671 -31.917147 1.220000
v 26.000000 -31.936176 1.070000
v 26.000000 -31.936176 1.220000
v 25.904329 -31.917147 1.070000
v 25.904329 -31.917147 1.220000
v 25.823223 -31.862953 1.070000
v 25.823223 -31.862953 1.220000
v 25.769030 -31.781847 1.070000
v 25.769030 -31.781847 1.220000
v 25.750000 -31.686176 1.070000
v 25.750000 -31.686176 1.220000
v 25.769030 -31.590506 1.070000
v 25.769030 -31.590506 1.220000
v 25.823223 -31.509399 1.070000
v 25.823223 -31.509399 1.220000
v 25.904329 -31.455206 1.070000
v 25.904329 -31.455206 1.220000
v 26.000000 -31.436176 1.070000
v 26.000000 -31.436176 1.220000
v 26.095671 -31.455206 1.070000
v 26.095671 -31.455206 1.220000
v 26.176777 -31.509399 1.070000
v 26.176777 -31.509399 1.220000
v 26.230970 -31.590506 1.070000
v 26.230970 -31.590506 1.220000
v 25.825001 -31.841175 0.545000
v 25.825001 -31.841175 0.895000
v 26.174999 -31.841175 0.545000
v 26.174999 -31.841175 0.895000
v 25.825001 -32.191174 0.545000
v 25.825001 -32.191174 0.895000
v 26.174999 -32.191174 0.545000
v 26.174999 -32.191174 0.895000
v 25.450001 -35.170097 -0.120000
v 25.450001 -35.170097 0.000000
v 26.549999 -35.170097 -0.120000
v 26.549999 -35.170097 0.000000
v 25.450001 -37.370094 -0.120000
v 25.450001 -37.370094 0.000000
v 26.549999 -37.370094 -0.120000
v 26.549999 -37.370094 0.000000
v 25.500000 -35.220097 0.120000
v 25.500000 -35.220097 0.170000
v 26.500000 -35.220097 0.120000
v 26.500000 -35.220097 0.170000
v 25.500000 -37.320095 0.120000
v 25.500000 -37.320095 0.170000
v 26.500000 -37.320095 0.120000
v 26.500000 -37.320095 0.170000
v 26.219999 -35.820095 0.170000
v 26.219999 -35.820095 0.770000
v 26.209232 -35.888081 0.170000
v 26.209232 -35.888081 0.770000
v 26.177984 -35.949409 0.170000
v 26.177984 -35.949409 0.770000
v 26.129313 -35.998077 0.170000
v 26.129313 -35.998077 0.770000
v 26.067984 -36.029327 0.170000
v 26.067984 -36.029327 0.770000
v 26.000000 -36.040096 0.170000
v 26.000000 -36.040096 0.770000
v 25.932016 -36.029327 0.170000
v 25.932016 -36.029327 0.770000
v 25.870687 -35.998077 0.170000
v 25.870687 -35.998077 0.770000
v 25.822016 -35.949409 0.170000
v 25.822016 -35.949409 0.770000
v 25.790768 -35.888081 0.170000
v 25.790768 -35.888081 0.770000
v 25.780001 -35.820095 0.170000
v 25.780001 -35.820095 0.770000
v 25.790768 -35.752110 0.170000
v 25.790768 -35.752110 0.770000
v 25.822016 -35.690781 0.170000
v 25.822016 -35.690781 0.770000
v 25.870687 -35.642113 0.170000
v 25.870687 -35.642113 0.770000
v 25.932016 -35.610863 0.170000
v 25.932016 -35.610863 0.770000
v 26.000000 -35.600094 0.170000
v 26.000000 -35.600094 0.770000
v 26.067984 -35.610863 0.170000
v 26.067984 -35.610863 0.770000
v 26.129313 -35.642113 0.170000
v 26.129313 -35.642113 0.770000
v 26.177984 -35.690781 0.170000
v 26.177984 -35.690781 0.770000
v 26.209232 -35.752110 0.170000
v 26.209232 -35.752110 0.770000
v 26.230000 -35.820095 0.170000
v 26.230000 -35.820095 0.250000
v 26.212492 -35.908112 0.170000
v 26.212492 -35.908112 0.250000
v 26.162634 -35.982731 0.170000
v 26.162634 -35.982731 0.250000
v 26.088017 -36.032589 0.170000
v 26.088017 -36.032589 0.250000
v 26.000000 -36.050095 0.170000
v 26.000000 -36.050095 0.250000
v 25.911983 -36.032589 0.170000
v 25.911983 -36.032589 0.250000
v 25.837366 -35.982731 0.170000
v 25.837366 -35.982731 0.250000
v 25.787508 -35.908112 0.170000
v 25.787508 -35.908112 0.250000
v 25.770000 -35.820095 0.170000
v 25.770000 -35.820095 0.250000
v 25.787508 -35.732079 0.170000
v 25.787508 -35.732079 0.250000
v 25.837366 -35.657459 0.170000
v 25.837366 -35.657459 0.250000
v 25.911983 -35.607601 0.170000
v 25.911983 -35.607601 0.250000
v 26.000000 -35.590096 0.170000
v 26.000000 -35.590096 0.250000
v 26.088017 -35.607601 0.170000
v 26.088017 -35.607601 0.250000
v 26.162634 -35.657459 0.170000
v 26.162634 -35.657459 0.250000
v 26.212492 -35.732079 0.170000
v 26.212492 -35.732079 0.250000
v 26.230000 -35.820095 0.770000
v 26.230000 -35.820095 0.850000
v 26.212492 -35.908112 0.770000
v 26.212492 -35.908112 0.850000
v 26.162634 -35.982731 0.770000
v 26.162634 -35.982731 0.850000
v 26.088017 -36.032589 0.770000
v 26.088017 -36.032589 0.850000
v 26.000000 -36.050095 0.770000
v 26.000000 -36.050095 0.850000
v 25.911983 -36.032589 0.770000
v 25.911983 -36.032589 0.850000
v 25.837366 -35.982731 0.770000
v 25.837366 -35.982731 0.850000
v 25.787508 -35.908112 0.770000
v 25.787508 -35.908112 0.850000
v 25.770000 -35.820095 0.770000
v 25.770000 -35.820095 0.850000
v 25.787508 -35.732079 0.770000
v 25.787508 -35.732079 0.850000
v 25.837366 -35.657459 0.770000
v 25.837366 -35.657459 0.850000
v 25.911983 -35.607601 0.770000
v 25.911983 -35.607601 0.850000
v 26.000000 -35.590096 0.770000
v 26.000000 -35.590096 0.850000
v 26.088017 -35.607601 0.770000
v 26.088017 -35.607601 0.850000
v 26.162634 -35.657459 0.770000
v 26.162634 -35.657459 0.850000
v 26.212492 -35.732079 0.770000
v 26.212492 -35.732079 0.850000
v 26.170000 -35.710094 0.430000
v 26.170000 -35.710094 0.610000
v 26.289999 -35.710094 0.430000
v 26.289999 -35.710094 0.610000
v 26.170000 -35.930096 0.430000
v 26.170000 -35.930096 0.610000
v 26.289999 -35.930096 0.430000
v 26.289999 -35.930096 0.610000
v 26.120001 -36.270096 0.370000
v 26.120001 -36.270096 0.570000
v 26.103924 -36.330097 0.370000
v 26.103924 -36.330097 0.570000
v 26.059999 -36.374020 0.370000
v 26.059999 -36.374020 0.570000
v 26.000000 -36.390095 0.370000
v 26.000000 -36.390095 0.570000
v 25.940001 -36.374020 0.370000
v 25.940001 -36.374020 0.570000
v 25.896076 -36.330097 0.370000
v 25.896076 -36.330097 0.570000
v 25.879999 -36.270096 0.370000
v 25.879999 -36.270096 0.570000
v 25.896076 -36.210094 0.370000
v 25.896076 -36.210094 0.570000
v 25.940001 -36.166172 0.370000
v 25.940001 -36.166172 0.570000
v 26.000000 -36.150097 0.370000
v 26.000000 -36.150097 0.570000
v 26.059999 -36.166172 0.370000
v 26.059999 -36.166172 0.570000
v 26.103924 -36.210094 0.370000
v 26.103924 -36.210094 0.570000
v 25.674999 -36.345097 0.170000
v 25.674999 -36.345097 0.770000
v 26.325001 -36.345097 0.170000
v 26.325001 -36.345097 0.770000
v 25.674999 -36.995098 0.170000
v 25.674999 -36.995098 0.770000
v 26.325001 -36.995098 0.170000
v 26.325001 -36.995098 0.770000
v 26.250000 -36.670097 1.070000
v 26.250000 -36.670097 1.220000
v 26.230970 -36.765770 1.070000
v 26.230970 -36.765770 1.220000
v 26.176777 -36.846874 1.070000
v 26.176777 -36.846874 1.220000
v 26.095671 -36.901066 1.070000
v 26.095671 -36.901066 1.220000
v 26.000000 -36.920097 1.070000
v 26.000000 -36.920097 1.220000
v 25.904329 -36.901066 1.070000
v 25.904329 -36.901066 1.220000
v 25.823223 -36.846874 1.070000
v 25.823223 -36.846874 1.220000
v 25.769030 -36.765770 1.070000
v 25.769030 -36.765770 1.220000
v 25.750000 -36.670097 1.070000
v 25.750000 -36.670097 1.220000
v 25.769030 -36.574425 1.070000
v 25.769030 -36.574425 1.220000
v 25.823223 -36.493320 1.070000
v 25.823223 -36.493320 1.220000
v 25.904329 -36.439129 1.070000
v 25.904329 -36.439129 1.220000
v 26.000000 -36.420097 1.070000
v 26.000000 -36.420097 1.220000
v 26.095671 -36.439129 1.070000
v 26.095671 -36.439129 1.220000
v 26.176777 -36.493320 1.070000
v 26.176777 -36.493320 1.220000
v 26.230970 -36.574425 1.070000
v 26.230970 -36.574425 1.220000
v 25.825001 -36.825096 0.545000
v 25.825001 -36.825096 0.895000
v 26.174999 -36.825096 0.545000
v 26.174999 -36.825096 0.895000
v 25.825001 -37.175095 0.545000
v 25.825001 -37.175095 0.895000
v 26.174999 -37.175095 0.545000
v 26.174999 -37.175095 0.895000
v 33.450001 -25.329304 -0.120000
v 33.450001 -25.329304 0.000000
v 34.549999 -25.329304 -0.120000
v 34.549999 -25.329304 0.000000
v 33.450001 -27.529305 -0.120000
v 33.450001 -27.529305 0.000000
v 34.549999 -27.529305 -0.120000
v 34.549999 -27.529305 0.000000
v 33.500000 -25.379305 0.120000
v 33.500000 -25.379305 0.170000
v 34.500000 -25.379305 0.120000
v 34.500000 -25.379305 0.170000
v 33.500000 -27.479303 0.120000
v 33.500000 -27.479303 0.170000
v 34.500000 -27.479303 0.120000
v 34.500000 -27.479303 0.170000
v 34.220001 -25.979303 0.170000
v 34.220001 -25.979303 0.770000
v 34.209232 -26.047287 0.170000
v 34.209232 -26.047287 0.770000
v 34.177982 -26.108616 0.170000
v 34.177982 -26.108616 0.770000
v 34.129314 -26.157288 0.170000
v 34.129314 -26.157288 0.770000
v 34.067986 -26.188536 0.170000
v 34.067986 -26.188536 0.770000
v 34.000000 -26.199303 0.170000
v 34.000000 -26.199303 0.770000
v 33.932014 -26.188536 0.170000
v 33.932014 -26.188536 0.770000
v 33.870686 -26.157288 0.170000
v 33.870686 -26.157288 0.770000
v 33.822018 -26.108616 0.170000
v 33.822018 -26.108616 0.770000
v 33.790768 -26.047287 0.170000
v 33.790768 -26.047287 0.770000
v 33.779999 -25.979303 0.170000
v 33.779999 -25.979303 0.770000
v 33.790768 -25.911320 0.170000
v 33.790768 -25.911320 0.770000
v 33.822018 -25.849991 0.170000
v 33.822018 -25.849991 0.770000
v 33.870686 -25.801319 0.170000
v 33.870686 -25.801319 0.770000
v 33.932014 -25.770071 0.170000
v 33.932014 -25.770071 0.770000
v 34.000000 -25.759304 0.170000
v 34.000000 -25.759304 0.770000
v 34.067986 -25.770071 0.170000
v 34.067986 -25.770071 0.770000
v 34.129314 -25.801319 0.170000
v 34.129314 -25.801319 0.770000
v 34.177982 -25.849991 0.170000
v 34.177982 -25.849991 0.770000
v 34.209232 -25.911320 0.170000
v 34.209232 -25.911320 0.770000
v 34.230000 -25.979303 0.170000
v 34.230000 -25.979303 0.250000
v 34.212494 -26.067320 0.170000
v 34.212494 -26.067320 0.250000
v 34.162636 -26.141937 0.170000
v 34.162636 -26.141937 0.250000
v 34.088017 -26.191795 0.170000
v 34.088017 -26.191795 0.250000
v 34.000000 -26.209303 0.170000
v 34.000000 -26.209303 0.250000
v 33.911983 -26.191795 0.170000
v 33.911983 -26.191795 0.250000
v 33.837364 -26.141937 0.170000
v 33.837364 -26.141937 0.250000
v 33.787506 -26.067320 0.170000
v 33.787506 -26.067320 0.250000
v 33.770000 -25.979303 0.170000
v 33.770000 -25.979303 0.250000
v 33.787506 -25.891287 0.170000
v 33.787506 -25.891287 0.250000
v 33.837364 -25.816669 0.170000
v 33.837364 -25.816669 0.250000
v 33.911983 -25.766811 0.170000
v 33.911983 -25.766811 0.250000
v 34.000000 -25.749304 0.170000
v 34.000000 -25.749304 0.250000
v 34.088017 -25.766811 0.170000
v 34.088017 -25.766811 0.250000
v 34.162636 -25.816669 0.170000
v 34.162636 -25.816669 0.250000
v 34.212494 -25.891287 0.170000
v 34.212494 -25.891287 0.250000
v 34.230000 -25.979303 0.770000
v 34.230000 -25.979303 0.850000
v 34.212494 -26.067320 0.770000
v 34.212494 -26.067320 0.850000
v 34.162636 -26.141937 0.770000
v 34.162636 -26.141937 0.850000
v 34.088017 -26.191795 0.770000
v 34.088017 -26.191795 0.850000
v 34.000000 -26.209303 0.770000
v 34.000000 -26.209303 0.850000
v 33.911983 -26.191795 0.770000
v 33.911983 -26.191795 0.850000
v 33.837364 -26.141937 0.770000
v 33.837364 -26.141937 0.850000
v 33.787506 -26.067320 0.770000
v 33.787506 -26.067320 0.850000
v 33.770000 -25.979303 0.770000
v 33.770000 -25.979303 0.850000
v 33.787506 -25.891287 0.770000
v 33.787506 -25.891287 0.850000
v 33.837364 -25.816669 0.770000
v 33.837364 -25.816669 0.850000
v 33.911983 -25.766811 0.770000
v 33.911983 -25.766811 0.850000
v 34.000000 -25.749304 0.770000
v 34.000000 -25.749304 0.850000
v 34.088017 -25.766811 0.770000
v 34.088017 -25.766811 0.850000
v 34.162636 -25.816669 0.770000
v 34.162636 -25.816669 0.850000
v 34.212494 -25.891287 0.770000
v 34.212494 -25.891287 0.850000
v 34.169998 -25.869303 0.430000
v 34.169998 -25.869303 0.610000
v 34.290001 -25.869303 0.430000
v 34.290001 -25.869303 0.610000
v 34.169998 -26.089304 0.430000
v 34.169998 -26.089304 0.610000
v 34.290001 -26.089304 0.430000
v 34.290001 -26.089304 0.610000
v 34.119999 -26.429304 0.370000
v 34.119999 -26.429304 0.570000
v 34.103924 -26.489304 0.370000
v 34.103924 -26.489304 0.570000
v 34.060001 -26.533228 0.370000
v 34.060001 -26.533228 0.570000
v 34.000000 -26.549305 0.370000
v 34.000000 -26.549305 0.570000
v 33.939999 -26.533228 0.370000
v 33.939999 -26.533228 0.570000
v 33.896076 -26.489304 0.370000
v 33.896076 -26.489304 0.570000
v 33.880001 -26.429304 0.370000
v 33.880001 -26.429304 0.570000
v 33.896076 -26.369305 0.370000
v 33.896076 -26.369305 0.570000
v 33.939999 -26.325380 0.370000
v 33.939999 -26.325380 0.570000
v 34.000000 -26.309303 0.370000
v 34.000000 -26.309303 0.570000
v 34.060001 -26.325380 0.370000
v 34.060001 -26.325380 0.570000
v 34.103924 -26.369305 0.370000
v 34.103924 -26.369305 0.570000
v 33.674999 -26.504303 0.170000
v 33.674999 -26.504303 0.770000
v 34.325001 -26.504303 0.170000
v 34.325001 -26.504303 0.770000
v 33.674999 -27.154305 0.170000
v 33.674999 -27.154305 0.770000
v 34.325001 -27.154305 0.170000
v 34.325001 -27.154305 0.770000
v 34.250000 -26.829304 1.070000
v 34.250000 -26.829304 1.220000
v 34.230968 -26.924974 1.070000
v 34.230968 -26.924974 1.220000
v 34.176777 -27.006081 1.070000
v 34.176777 -27.006081 1.220000
v 34.095673 -27.060274 1.070000
v 34.095673 -27.060274 1.220000
v 34.000000 -27.079304 1.070000
v 34.000000 -27.079304 1.220000
v 33.904327 -27.060274 1.070000
v 33.904327 -27.060274 1.220000
v 33.823223 -27.006081 1.070000
v 33.823223 -27.006081 1.220000
v 33.769032 -26.924974 1.070000
v 33.769032 -26.924974 1.220000
v 33.750000 -26.829304 1.070000
v 33.750000 -26.829304 1.220000
v 33.769032 -26.733633 1.070000
v 33.769032 -26.733633 1.220000
v 33.823223 -26.652527 1.070000
v 33.823223 -26.652527 1.220000
v 33.904327 -26.598333 1.070000
v 33.904327 -26.598333 1.220000
v 34.000000 -26.579304 1.070000
v 34.000000 -26.579304 1.220000
v 34.095673 -26.598333 1.070000
v 34.095673 -26.598333 1.220000
v 34.176777 -26.652527 1.070000
v 34.176777 -26.652527 1.220000
v 34.230968 -26.733633 1.070000
v 34.230968 -26.733633 1.220000
v 33.825001 -26.984304 0.545000
v 33.825001 -26.984304 0.895000
v 34.174999 -26.984304 0.545000
v 34.174999 -26.984304 0.895000
v 33.825001 -27.334303 0.545000
v 33.825001 -27.334303 0.895000
v 34.174999 -27.334303 0.545000
v 34.174999 -27.334303 0.895000
v 33.450001 -30.900000 -0.120000
v 33.450001 -30.900000 0.000000
v 34.549999 -30.900000 -0.120000
v 34.549999 -30.900000 0.000000
v 33.450001 -33.099998 -0.120000
v 33.450001 -33.099998 0.000000
v 34.549999 -33.099998 -0.120000
v 34.549999 -33.099998 0.000000
v 33.500000 -30.950001 0.120000
v 33.500000 -30.950001 0.170000
v 34.500000 -30.950001 0.120000
v 34.500000 -30.950001 0.170000
v 33.500000 -33.049999 0.120000
v 33.500000 -33.049999 0.170000
v 34.500000 -33.049999 0.120000
v 34.500000 -33.049999 0.170000
v 34.220001 -31.549999 0.170000
v 34.220001 -31.549999 0.770000
v 34.209232 -31.617983 0.170000
v 34.209232 -31.617983 0.770000
v 34.177982 -31.679312 0.170000
v 34.177982 -31.679312 0.770000
v 34.129314 -31.727983 0.170000
v 34.129314 -31.727983 0.770000
v 34.067986 -31.759232 0.170000
v 34.067986 -31.759232 0.770000
v 34.000000 -31.769999 0.170000
v 34.000000 -31.769999 0.770000
v 33.932014 -31.759232 0.170000
v 33.932014 -31.759232 0.770000
v 33.870686 -31.727983 0.170000
v 33.870686 -31.727983 0.770000
v 33.822018 -31.679312 0.170000
v 33.822018 -31.679312 0.770000
v 33.790768 -31.617983 0.170000
v 33.790768 -31.617983 0.770000
v 33.779999 -31.549999 0.170000
v 33.779999 -31.549999 0.770000
v 33.790768 -31.482016 0.170000
v 33.790768 -31.482016 0.770000
v 33.822018 -31.420687 0.170000
v 33.822018 -31.420687 0.770000
v 33.870686 -31.372015 0.170000
v 33.870686 -31.372015 0.770000
v 33.932014 -31.340767 0.170000
v 33.932014 -31.340767 0.770000
v 34.000000 -31.330000 0.170000
v 34.000000 -31.330000 0.770000
v 34.067986 -31.340767 0.170000
v 34.067986 -31.340767 0.770000
v 34.129314 -31.372015 0.170000
v 34.129314 -31.372015 0.770000
v 34.177982 -31.420687 0.170000
v 34.177982 -31.420687 0.770000
v 34.209232 -31.482016 0.170000
v 34.209232 -31.482016 0.770000
v 34.230000 -31.549999 0.170000
v 34.230000 -31.549999 0.250000
v 34.212494 -31.638016 0.170000
v 34.212494 -31.638016 0.250000
v 34.162636 -31.712633 0.170000
v 34.162636 -31.712633 0.250000
v 34.088017 -31.762491 0.170000
v 34.088017 -31.762491 0.250000
v 34.000000 -31.779999 0.170000
v 34.000000 -31.779999 0.250000
v 33.911983 -31.762491 0.170000
v 33.911983 -31.762491 0.250000
v 33.837364 -31.712633 0.170000
v 33.837364 -31.712633 0.250000
v 33.787506 -31.638016 0.170000
v 33.787506 -31.638016 0.250000
v 33.770000 -31.549999 0.170000
v 33.770000 -31.549999 0.250000
v 33.787506 -31.461983 0.170000
v 33.787506 -31.461983 0.250000
v 33.837364 -31.387365 0.170000
v 33.837364 -31.387365 0.250000
v 33.911983 -31.337507 0.170000
v 33.911983 -31.337507 0.250000
v 34.000000 -31.320000 0.170000
v 34.000000 -31.320000 0.250000
v 34.088017 -31.337507 0.170000
v 34.088017 -31.337507 0.250000
v 34.162636 -31.387365 0.170000
v 34.162636 -31.387365 0.250000
v 34.212494 -31.461983 0.170000
v 34.212494 -31.461983 0.250000
v 34.230000 -31.549999 0.770000
v 34.230000 -31.549999 0.850000
v 34.212494 -31.638016 0.770000
v 34.212494 -31.638016 0.850000
v 34.162636 -31.712633 0.770000
v 34.162636 -31.712633 0.850000
v 34.088017 -31.762491 0.770000
v 34.088017 -31.762491 0.850000
v 34.000000 -31.779999 0.770000
v 34.000000 -31.779999 0.850000
v 33.911983 -31.762491 0.770000
v 33.911983 -31.762491 0.850000
v 33.837364 -31.712633 0.770000
v 33.837364 -31.712633 0.850000
v 33.787506 -31.638016 0.770000
v 33.787506 -31.638016 0.850000
v 33.770000 -31.549999 0.770000
v 33.770000 -31.549999 0.850000
v 33.787506 -31.461983 0.770000
v 33.787506 -31.461983 0.850000
v 33.837364 -31.387365 0.770000
v 33.837364 -31.387365 0.850000
v 33.911983 -31.337507 0.770000
v 33.911983 -31.337507 0.850000
v 34.000000 -31.320000 0.770000
v 34.000000 -31.320000 0.850000
v 34.088017 -31.337507 0.770000
v 34.088017 -31.337507 0.850000
v 34.162636 -31.387365 0.770000
v 34.162636 -31.387365 0.850000
v 34.212494 -31.461983 0.770000
v 34.212494 -31.461983 0.850000
v 34.169998 -31.439999 0.430000
v 34.169998 -31.439999 0.610000
v 34.290001 -31.439999 0.430000
v 34.290001 -31.439999 0.610000
v 34.169998 -31.660000 0.430000
v 34.169998 -31.660000 0.610000
v 34.290001 -31.660000 0.430000
v 34.290001 -31.660000 0.610000
v 34.119999 -32.000000 0.370000
v 34.119999 -32.000000 0.570000
v 34.103924 -32.060001 0.370000
v 34.103924 -32.060001 0.570000
v 34.060001 -32.103924 0.370000
v 34.060001 -32.103924 0.570000
v 34.000000 -32.119999 0.370000
v 34.000000 -32.119999 0.570000
v 33.939999 -32.103924 0.370000
v 33.939999 -32.103924 0.570000
v 33.896076 -32.060001 0.370000
v 33.896076 -32.060001 0.570000
v 33.880001 -32.000000 0.370000
v 33.880001 -32.000000 0.570000
v 33.896076 -31.940001 0.370000
v 33.896076 -31.940001 0.570000
v 33.939999 -31.896076 0.370000
v 33.939999 -31.896076 0.570000
v 34.000000 -31.879999 0.370000
v 34.000000 -31.879999 0.570000
v 34.060001 -31.896076 0.370000
v 34.060001 -31.896076 0.570000
v 34.103924 -31.940001 0.370000
v 34.103924 -31.940001 0.570000
v 33.674999 -32.075001 0.170000
v 33.674999 -32.075001 0.770000
v 34.325001 -32.075001 0.170000
v 34.325001 -32.075001 0.770000
v 33.674999 -32.725002 0.170000
v 33.674999 -32.725002 0.770000
v 34.325001 -32.725002 0.170000
v 34.325001 -32.725002 0.770000
v 34.250000 -32.400002 1.070000
v 34.250000 -32.400002 1.220000
v 34.230968 -32.495674 1.070000
v 34.230968 -32.495674 1.220000
v 34.176777 -32.576778 1.070000
v 34.176777 -32.576778 1.220000
v 34.095673 -32.630970 1.070000
v 34.095673 -32.630970 1.220000
v 34.000000 -32.650002 1.070000
v 34.000000 -32.650002 1.220000
v 33.904327 -32.630970 1.070000
v 33.904327 -32.630970 1.220000
v 33.823223 -32.576778 1.070000
v 33.823223 -32.576778 1.220000
v 33.769032 -32.495674 1.070000
v 33.769032 -32.495674 1.220000
v 33.750000 -32.400002 1.070000
v 33.750000 -32.400002 1.220000
v 33.769032 -32.304329 1.070000
v 33.769032 -32.304329 1.220000
v 33.823223 -32.223225 1.070000
v 33.823223 -32.223225 1.220000
v 33.904327 -32.169033 1.070000
v 33.904327 -32.169033 1.220000
v 34.000000 -32.150002 1.070000
v 34.000000 -32.150002 1.220000
v 34.095673 -32.169033 1.070000
v 34.095673 -32.169033 1.220000
v 34.176777 -32.223225 1.070000
v 34.176777 -32.223225 1.220000
v 34.230968 -32.304329 1.070000
v 34.230968 -32.304329 1.220000
v 33.825001 -32.555000 0.545000
v 33.825001 -32.555000 0.895000
v 34.174999 -32.555000 0.545000
v 34.174999 -32.555000 0.895000
v 33.825001 -32.904999 0.545000
v 33.825001 -32.904999 0.895000
v 34.174999 -32.904999 0.545000
v 34.174999 -32.904999 0.895000
v 31.785242 -40.879482 0.000000
v 31.785242 -40.879482 2.100000
v 32.585243 -40.879482 0.000000
v 32.585243 -40.879482 2.100000
v 31.785242 -41.479481 0.000000
v 31.785242 -41.479481 2.100000
v 32.585243 -41.479481 0.000000
v 32.585243 -41.479481 2.100000
v 31.805243 -41.479485 0.020000
v 31.805243 -41.479485 2.080000
v 32.565243 -41.479485 0.020000
v 32.565243 -41.479485 2.080000
v 31.805243 -41.499481 0.020000
v 31.805243 -41.499481 2.080000
v 32.565243 -41.499481 0.020000
v 32.565243 -41.499481 2.080000
v 32.445244 -41.489483 0.960000
v 32.445244 -41.489483 1.140000
v 32.485245 -41.489483 0.960000
v 32.485245 -41.489483 1.140000
v 32.445244 -41.529484 0.960000
v 32.445244 -41.529484 1.140000
v 32.485245 -41.529484 0.960000
v 32.485245 -41.529484 1.140000
v 31.965242 -41.489483 1.323000
v 31.965242 -41.489483 1.701000
v 32.405243 -41.489483 1.323000
v 32.405243 -41.489483 1.701000
v 31.965242 -41.499485 1.323000
v 31.965242 -41.499485 1.701000
v 32.405243 -41.499485 1.323000
v 32.405243 -41.499485 1.701000
v 32.090244 -41.494484 1.155000
v 32.090244 -41.494484 1.170000
v 32.082920 -41.512161 1.155000
v 32.082920 -41.512161 1.170000
v 32.065243 -41.519485 1.155000
v 32.065243 -41.519485 1.170000
v 32.047565 -41.512161 1.155000
v 32.047565 -41.512161 1.170000
v 32.040241 -41.494484 1.155000
v 32.040241 -41.494484 1.170000
v 32.047565 -41.476807 1.155000
v 32.047565 -41.476807 1.170000
v 32.065243 -41.469482 1.155000
v 32.065243 -41.469482 1.170000
v 32.082920 -41.476807 1.155000
v 32.082920 -41.476807 1.170000
v 32.150246 -41.494484 1.155000
v 32.150246 -41.494484 1.170000
v 32.142921 -41.512161 1.155000
v 32.142921 -41.512161 1.170000
v 32.125244 -41.519485 1.155000
v 32.125244 -41.519485 1.170000
v 32.107567 -41.512161 1.155000
v 32.107567 -41.512161 1.170000
v 32.100243 -41.494484 1.155000
v 32.100243 -41.494484 1.170000
v 32.107567 -41.476807 1.155000
v 32.107567 -41.476807 1.170000
v 32.125244 -41.469482 1.155000
v 32.125244 -41.469482 1.170000
v 32.142921 -41.476807 1.155000
v 32.142921 -41.476807 1.170000
v 31.785242 -40.879482 2.110000
v 31.785242 -40.879482 2.290000
v 32.585243 -40.879482 2.110000
v 32.585243 -40.879482 2.290000
v 31.785242 -41.479481 2.110000
v 31.785242 -41.479481 2.290000
v 32.585243 -41.479481 2.110000
v 32.585243 -41.479481 2.290000
v 31.825241 -40.919483 0.010000
v 31.825241 -40.919483 0.070000
v 32.545242 -40.919483 0.010000
v 32.545242 -40.919483 0.070000
v 31.825241 -41.439480 0.010000
v 31.825241 -41.439480 0.070000
v 32.545242 -41.439480 0.010000
v 32.545242 -41.439480 0.070000
v 32.635242 -40.879482 0.000000
v 32.635242 -40.879482 2.100000
v 33.435246 -40.879482 0.000000
v 33.435246 -40.879482 2.100000
v 32.635242 -41.479481 0.000000
v 32.635242 -41.479481 2.100000
v 33.435246 -41.479481 0.000000
v 33.435246 -41.479481 2.100000
v 32.655243 -41.479485 0.020000
v 32.655243 -41.479485 2.080000
v 33.415245 -41.479485 0.020000
v 33.415245 -41.479485 2.080000
v 32.655243 -41.499481 0.020000
v 32.655243 -41.499481 2.080000
v 33.415245 -41.499481 0.020000
v 33.415245 -41.499481 2.080000
v 33.295242 -41.489483 0.960000
v 33.295242 -41.489483 1.140000
v 33.335243 -41.489483 0.960000
v 33.335243 -41.489483 1.140000
v 33.295242 -41.529484 0.960000
v 33.295242 -41.529484 1.140000
v 33.335243 -41.529484 0.960000
v 33.335243 -41.529484 1.140000
v 32.815243 -41.489483 1.323000
v 32.815243 -41.489483 1.701000
v 33.255245 -41.489483 1.323000
v 33.255245 -41.489483 1.701000
v 32.815243 -41.499485 1.323000
v 32.815243 -41.499485 1.701000
v 33.255245 -41.499485 1.323000
v 33.255245 -41.499485 1.701000
v 32.940243 -41.494484 1.155000
v 32.940243 -41.494484 1.170000
v 32.932919 -41.512161 1.155000
v 32.932919 -41.512161 1.170000
v 32.915241 -41.519485 1.155000
v 32.915241 -41.519485 1.170000
v 32.897564 -41.512161 1.155000
v 32.897564 -41.512161 1.170000
v 32.890240 -41.494484 1.155000
v 32.890240 -41.494484 1.170000
v 32.897564 -41.476807 1.155000
v 32.897564 -41.476807 1.170000
v 32.915241 -41.469482 1.155000
v 32.915241 -41.469482 1.170000
v 32.932919 -41.476807 1.155000
v 32.932919 -41.476807 1.170000
v 33.000244 -41.494484 1.155000
v 33.000244 -41.494484 1.170000
v 32.992920 -41.512161 1.155000
v 32.992920 -41.512161 1.170000
v 32.975243 -41.519485 1.155000
v 32.975243 -41.519485 1.170000
v 32.957565 -41.512161 1.155000
v 32.957565 -41.512161 1.170000
v 32.950241 -41.494484 1.155000
v 32.950241 -41.494484 1.170000
v 32.957565 -41.476807 1.155000
v 32.957565 -41.476807 1.170000
v 32.975243 -41.469482 1.155000
v 32.975243 -41.469482 1.170000
v 32.992920 -41.476807 1.155000
v 32.992920 -41.476807 1.170000
v 32.635242 -40.879482 2.110000
v 32.635242 -40.879482 2.290000
v 33.435246 -40.879482 2.110000
v 33.435246 -40.879482 2.290000
v 32.635242 -41.479481 2.110000
v 32.635242 -41.479481 2.290000
v 33.435246 -41.479481 2.110000
v 33.435246 -41.479481 2.290000
v 32.675243 -40.919483 0.010000
v 32.675243 -40.919483 0.070000
v 33.395245 -40.919483 0.010000
v 33.395245 -40.919483 0.070000
v 32.675243 -41.439480 0.010000
v 32.675243 -41.439480 0.070000
v 33.395245 -41.439480 0.010000
v 33.395245 -41.439480 0.070000
v 33.485241 -40.879482 0.000000
v 33.485241 -40.879482 2.100000
v 34.285244 -40.879482 0.000000
v 34.285244 -40.879482 2.100000
v 33.485241 -41.479481 0.000000
v 33.485241 -41.479481 2.100000
v 34.285244 -41.479481 0.000000
v 34.285244 -41.479481 2.100000
v 33.505241 -41.479485 0.020000
v 33.505241 -41.479485 2.080000
v 34.265244 -41.479485 0.020000
v 34.265244 -41.479485 2.080000
v 33.505241 -41.499481 0.020000
v 33.505241 -41.499481 2.080000
v 34.265244 -41.499481 0.020000
v 34.265244 -41.499481 2.080000
v 34.145241 -41.489483 0.960000
v 34.145241 -41.489483 1.140000
v 34.185242 -41.489483 0.960000
v 34.185242 -41.489483 1.140000
v 34.145241 -41.529484 0.960000
v 34.145241 -41.529484 1.140000
v 34.185242 -41.529484 0.960000
v 34.185242 -41.529484 1.140000
v 33.665241 -41.489483 1.323000
v 33.665241 -41.489483 1.701000
v 34.105244 -41.489483 1.323000
v 34.105244 -41.489483 1.701000
v 33.665241 -41.499485 1.323000
v 33.665241 -41.499485 1.701000
v 34.105244 -41.499485 1.323000
v 34.105244 -41.499485 1.701000
v 33.790245 -41.494484 1.155000
v 33.790245 -41.494484 1.170000
v 33.782921 -41.512161 1.155000
v 33.782921 -41.512161 1.170000
v 33.765244 -41.519485 1.155000
v 33.765244 -41.519485 1.170000
v 33.747566 -41.512161 1.155000
v 33.747566 -41.512161 1.170000
v 33.740242 -41.494484 1.155000
v 33.740242 -41.494484 1.170000
v 33.747566 -41.476807 1.155000
v 33.747566 -41.476807 1.170000
v 33.765244 -41.469482 1.155000
v 33.765244 -41.469482 1.170000
v 33.782921 -41.476807 1.155000
v 33.782921 -41.476807 1.170000
v 33.850243 -41.494484 1.155000
v 33.850243 -41.494484 1.170000
v 33.842918 -41.512161 1.155000
v 33.842918 -41.512161 1.170000
v 33.825241 -41.519485 1.155000
v 33.825241 -41.519485 1.170000
v 33.807564 -41.512161 1.155000
v 33.807564 -41.512161 1.170000
v 33.800240 -41.494484 1.155000
v 33.800240 -41.494484 1.170000
v 33.807564 -41.476807 1.155000
v 33.807564 -41.476807 1.170000
v 33.825241 -41.469482 1.155000
v 33.825241 -41.469482 1.170000
v 33.842918 -41.476807 1.155000
v 33.842918 -41.476807 1.170000
v 33.485241 -40.879482 2.110000
v 33.485241 -40.879482 2.290000
v 34.285244 -40.879482 2.110000
v 34.285244 -40.879482 2.290000
v 33.485241 -41.479481 2.110000
v 33.485241 -41.479481 2.290000
v 34.285244 -41.479481 2.110000
v 34.285244 -41.479481 2.290000
v 33.525242 -40.919483 0.010000
v 33.525242 -40.919483 0.070000
v 34.245243 -40.919483 0.010000
v 34.245243 -40.919483 0.070000
v 33.525242 -41.439480 0.010000
v 33.525242 -41.439480 0.070000
v 34.245243 -41.439480 0.010000
v 34.245243 -41.439480 0.070000
v 34.335239 -40.879482 0.000000
v 34.335239 -40.879482 2.100000
v 35.135242 -40.879482 0.000000
v 35.135242 -40.879482 2.100000
v 34.335239 -41.479481 0.000000
v 34.335239 -41.479481 2.100000
v 35.135242 -41.479481 0.000000
v 35.135242 -41.479481 2.100000
v 34.355240 -41.479485 0.020000
v 34.355240 -41.479485 2.080000
v 35.115242 -41.479485 0.020000
v 35.115242 -41.479485 2.080000
v 34.355240 -41.499481 0.020000
v 34.355240 -41.499481 2.080000
v 35.115242 -41.499481 0.020000
v 35.115242 -41.499481 2.080000
v 34.995243 -41.489483 0.960000
v 34.995243 -41.489483 1.140000
v 35.035244 -41.489483 0.960000
v 35.035244 -41.489483 1.140000
v 34.995243 -41.529484 0.960000
v 34.995243 -41.529484 1.140000
v 35.035244 -41.529484 0.960000
v 35.035244 -41.529484 1.140000
v 34.515240 -41.489483 1.323000
v 34.515240 -41.489483 1.701000
v 34.955242 -41.489483 1.323000
v 34.955242 -41.489483 1.701000
v 34.515240 -41.499485 1.323000
v 34.515240 -41.499485 1.701000
v 34.955242 -41.499485 1.323000
v 34.955242 -41.499485 1.701000
v 34.640244 -41.494484 1.155000
v 34.640244 -41.494484 1.170000
v 34.632919 -41.512161 1.155000
v 34.632919 -41.512161 1.170000
v 34.615242 -41.519485 1.155000
v 34.615242 -41.519485 1.170000
v 34.597565 -41.512161 1.155000
v 34.597565 -41.512161 1.170000
v 34.590240 -41.494484 1.155000
v 34.590240 -41.494484 1.170000
v 34.597565 -41.476807 1.155000
v 34.597565 -41.476807 1.170000
v 34.615242 -41.469482 1.155000
v 34.615242 -41.469482 1.170000
v 34.632919 -41.476807 1.155000
v 34.632919 -41.476807 1.170000
v 34.700245 -41.494484 1.155000
v 34.700245 -41.494484 1.170000
v 34.692921 -41.512161 1.155000
v 34.692921 -41.512161 1.170000
v 34.675243 -41.519485 1.155000
v 34.675243 -41.519485 1.170000
v 34.657566 -41.512161 1.155000
v 34.657566 -41.512161 1.170000
v 34.650242 -41.494484 1.155000
v 34.650242 -41.494484 1.170000
v 34.657566 -41.476807 1.155000
v 34.657566 -41.476807 1.170000
v 34.675243 -41.469482 1.155000
v 34.675243 -41.469482 1.170000
v 34.692921 -41.476807 1.155000
v 34.692921 -41.476807 1.170000
v 34.335239 -40.879482 2.110000
v 34.335239 -40.879482 2.290000
v 35.135242 -40.879482 2.110000
v 35.135242 -40.879482 2.290000
v 34.335239 -41.479481 2.110000
v 34.335239 -41.479481 2.290000
v 35.135242 -41.479481 2.110000
v 35.135242 -41.479481 2.290000
v 34.375240 -40.919483 0.010000
v 34.375240 -40.919483 0.070000
v 35.095242 -40.919483 0.010000
v 35.095242 -40.919483 0.070000
v 34.375240 -41.439480 0.010000
v 34.375240 -41.439480 0.070000
v 35.095242 -41.439480 0.010000
v 35.095242 -41.439480 0.070000
v 35.185242 -40.879482 0.000000
v 35.185242 -40.879482 2.100000
v 35.985245 -40.879482 0.000000
v 35.985245 -40.879482 2.100000
v 35.185242 -41.479481 0.000000
v 35.185242 -41.479481 2.100000
v 35.985245 -41.479481 0.000000
v 35.985245 -41.479481 2.100000
v 35.205242 -41.479485 0.020000
v 35.205242 -41.479485 2.080000
v 35.965244 -41.479485 0.020000
v 35.965244 -41.479485 2.080000
v 35.205242 -41.499481 0.020000
v 35.205242 -41.499481 2.080000
v 35.965244 -41.499481 0.020000
v 35.965244 -41.499481 2.080000
v 35.845242 -41.489483 0.960000
v 35.845242 -41.489483 1.140000
v 35.885242 -41.489483 0.960000
v 35.885242 -41.489483 1.140000
v 35.845242 -41.529484 0.960000
v 35.845242 -41.529484 1.140000
v 35.885242 -41.529484 0.960000
v 35.885242 -41.529484 1.140000
v 35.365242 -41.489483 1.323000
v 35.365242 -41.489483 1.701000
v 35.805244 -41.489483 1.323000
v 35.805244 -41.489483 1.701000
v 35.365242 -41.499485 1.323000
v 35.365242 -41.499485 1.701000
v 35.805244 -41.499485 1.323000
v 35.805244 -41.499485 1.701000
v 35.490246 -41.494484 1.155000
v 35.490246 -41.494484 1.170000
v 35.482922 -41.512161 1.155000
v 35.482922 -41.512161 1.170000
v 35.465244 -41.519485 1.155000
v 35.465244 -41.519485 1.170000
v 35.447567 -41.512161 1.155000
v 35.447567 -41.512161 1.170000
v 35.440243 -41.494484 1.155000
v 35.440243 -41.494484 1.170000
v 35.447567 -41.476807 1.155000
v 35.447567 -41.476807 1.170000
v 35.465244 -41.469482 1.155000
v 35.465244 -41.469482 1.170000
v 35.482922 -41.476807 1.155000
v 35.482922 -41.476807 1.170000
v 35.550243 -41.494484 1.155000
v 35.550243 -41.494484 1.170000
v 35.542919 -41.512161 1.155000
v 35.542919 -41.512161 1.170000
v 35.525242 -41.519485 1.155000
v 35.525242 -41.519485 1.170000
v 35.507565 -41.512161 1.155000
v 35.507565 -41.512161 1.170000
v 35.500240 -41.494484 1.155000
v 35.500240 -41.494484 1.170000
v 35.507565 -41.476807 1.155000
v 35.507565 -41.476807 1.170000
v 35.525242 -41.469482 1.155000
v 35.525242 -41.469482 1.170000
v 35.542919 -41.476807 1.155000
v 35.542919 -41.476807 1.170000
v 35.185242 -40.879482 2.110000
v 35.185242 -40.879482 2.290000
v 35.985245 -40.879482 2.110000
v 35.985245 -40.879482 2.290000
v 35.185242 -41.479481 2.110000
v 35.185242 -41.479481 2.290000
v 35.985245 -41.479481 2.110000
v 35.985245 -41.479481 2.290000
v 35.225243 -40.919483 0.010000
v 35.225243 -40.919483 0.070000
v 35.945244 -40.919483 0.010000
v 35.945244 -40.919483 0.070000
v 35.225243 -41.439480 0.010000
v 35.225243 -41.439480 0.070000
v 35.945244 -41.439480 0.010000
v 35.945244 -41.439480 0.070000
v 36.035240 -40.879482 0.000000
v 36.035240 -40.879482 2.100000
v 36.835243 -40.879482 0.000000
v 36.835243 -40.879482 2.100000
v 36.035240 -41.479481 0.000000
v 36.035240 -41.479481 2.100000
v 36.835243 -41.479481 0.000000
v 36.835243 -41.479481 2.100000
v 36.055241 -41.479485 0.020000
v 36.055241 -41.479485 2.080000
v 36.815243 -41.479485 0.020000
v 36.815243 -41.479485 2.080000
v 36.055241 -41.499481 0.020000
v 36.055241 -41.499481 2.080000
v 36.815243 -41.499481 0.020000
v 36.815243 -41.499481 2.080000
v 36.695244 -41.489483 0.960000
v 36.695244 -41.489483 1.140000
v 36.735245 -41.489483 0.960000
v 36.735245 -41.489483 1.140000
v 36.695244 -41.529484 0.960000
v 36.695244 -41.529484 1.140000
v 36.735245 -41.529484 0.960000
v 36.735245 -41.529484 1.140000
v 36.215240 -41.489483 1.323000
v 36.215240 -41.489483 1.701000
v 36.655243 -41.489483 1.323000
v 36.655243 -41.489483 1.701000
v 36.215240 -41.499485 1.323000
v 36.215240 -41.499485 1.701000
v 36.655243 -41.499485 1.323000
v 36.655243 -41.499485 1.701000
v 36.340244 -41.494484 1.155000
v 36.340244 -41.494484 1.170000
v 36.332920 -41.512161 1.155000
v 36.332920 -41.512161 1.170000
v 36.315243 -41.519485 1.155000
v 36.315243 -41.519485 1.170000
v 36.297565 -41.512161 1.155000
v 36.297565 -41.512161 1.170000
v 36.290241 -41.494484 1.155000
v 36.290241 -41.494484 1.170000
v 36.297565 -41.476807 1.155000
v 36.297565 -41.476807 1.170000
v 36.315243 -41.469482 1.155000
v 36.315243 -41.469482 1.170000
v 36.332920 -41.476807 1.155000
v 36.332920 -41.476807 1.170000
v 36.400246 -41.494484 1.155000
v 36.400246 -41.494484 1.170000
v 36.392921 -41.512161 1.155000
v 36.392921 -41.512161 1.170000
v 36.375244 -41.519485 1.155000
v 36.375244 -41.519485 1.170000
v 36.357567 -41.512161 1.155000
v 36.357567 -41.512161 1.170000
v 36.350243 -41.494484 1.155000
v 36.350243 -41.494484 1.170000
v 36.357567 -41.476807 1.155000
v 36.357567 -41.476807 1.170000
v 36.375244 -41.469482 1.155000
v 36.375244 -41.469482 1.170000
v 36.392921 -41.476807 1.155000
v 36.392921 -41.476807 1.170000
v 36.035240 -40.879482 2.110000
v 36.035240 -40.879482 2.290000
v 36.835243 -40.879482 2.110000
v 36.835243 -40.879482 2.290000
v 36.035240 -41.479481 2.110000
v 36.035240 -41.479481 2.290000
v 36.835243 -41.479481 2.110000
v 36.835243 -41.479481 2.290000
v 36.075241 -40.919483 0.010000
v 36.075241 -40.919483 0.070000
v 36.795242 -40.919483 0.010000
v 36.795242 -40.919483 0.070000
v 36.075241 -41.439480 0.010000
v 36.075241 -41.439480 0.070000
v 36.795242 -41.439480 0.010000
v 36.795242 -41.439480 0.070000
v 36.885242 -40.879482 0.000000
v 36.885242 -40.879482 2.100000
v 37.685246 -40.879482 0.000000
v 37.685246 -40.879482 2.100000
v 36.885242 -41.479481 0.000000
v 36.885242 -41.479481 2.100000
v 37.685246 -41.479481 0.000000
v 37.685246 -41.479481 2.100000
v 36.905243 -41.479485 0.020000
v 36.905243 -41.479485 2.080000
v 37.665245 -41.479485 0.020000
v 37.665245 -41.479485 2.080000
v 36.905243 -41.499481 0.020000
v 36.905243 -41.499481 2.080000
v 37.665245 -41.499481 0.020000
v 37.665245 -41.499481 2.080000
v 37.545242 -41.489483 0.960000
v 37.545242 -41.489483 1.140000
v 37.585243 -41.489483 0.960000
v 37.585243 -41.489483 1.140000
v 37.545242 -41.529484 0.960000
v 37.545242 -41.529484 1.140000
v 37.585243 -41.529484 0.960000
v 37.585243 -41.529484 1.140000
v 37.065243 -41.489483 1.323000
v 37.065243 -41.489483 1.701000
v 37.505245 -41.489483 1.323000
v 37.505245 -41.489483 1.701000
v 37.065243 -41.499485 1.323000
v 37.065243 -41.499485 1.701000
v 37.505245 -41.499485 1.323000
v 37.505245 -41.499485 1.701000
v 37.190243 -41.494484 1.155000
v 37.190243 -41.494484 1.170000
v 37.182919 -41.512161 1.155000
v 37.182919 -41.512161 1.170000
v 37.165241 -41.519485 1.155000
v 37.165241 -41.519485 1.170000
v 37.147564 -41.512161 1.155000
v 37.147564 -41.512161 1.170000
v 37.140240 -41.494484 1.155000
v 37.140240 -41.494484 1.170000
v 37.147564 -41.476807 1.155000
v 37.147564 -41.476807 1.170000
v 37.165241 -41.469482 1.155000
v 37.165241 -41.469482 1.170000
v 37.182919 -41.476807 1.155000
v 37.182919 -41.476807 1.170000
v 37.250244 -41.494484 1.155000
v 37.250244 -41.494484 1.170000
v 37.242920 -41.512161 1.155000
v 37.242920 -41.512161 1.170000
v 37.225243 -41.519485 1.155000
v 37.225243 -41.519485 1.170000
v 37.207565 -41.512161 1.155000
v 37.207565 -41.512161 1.170000
v 37.200241 -41.494484 1.155000
v 37.200241 -41.494484 1.170000
v 37.207565 -41.476807 1.155000
v 37.207565 -41.476807 1.170000
v 37.225243 -41.469482 1.155000
v 37.225243 -41.469482 1.170000
v 37.242920 -41.476807 1.155000
v 37.242920 -41.476807 1.170000
v 36.885242 -40.879482 2.110000
v 36.885242 -40.879482 2.290000
v 37.685246 -40.879482 2.110000
v 37.685246 -40.879482 2.290000
v 36.885242 -41.479481 2.110000
v 36.885242 -41.479481 2.290000
v 37.685246 -41.479481 2.110000
v 37.685246 -41.479481 2.290000
v 36.925243 -40.919483 0.010000
v 36.925243 -40.919483 0.070000
v 37.645245 -40.919483 0.010000
v 37.645245 -40.919483 0.070000
v 36.925243 -41.439480 0.010000
v 36.925243 -41.439480 0.070000
v 37.645245 -41.439480 0.010000
v 37.645245 -41.439480 0.070000
v 37.735241 -40.879482 0.000000
v 37.735241 -40.879482 2.100000
v 38.535244 -40.879482 0.000000
v 38.535244 -40.879482 2.100000
v 37.735241 -41.479481 0.000000
v 37.735241 -41.479481 2.100000
v 38.535244 -41.479481 0.000000
v 38.535244 -41.479481 2.100000
v 37.755241 -41.479485 0.020000
v 37.755241 -41.479485 2.080000
v 38.515244 -41.479485 0.020000
v 38.515244 -41.479485 2.080000
v 37.755241 -41.499481 0.020000
v 37.755241 -41.499481 2.080000
v 38.515244 -41.499481 0.020000
v 38.515244 -41.499481 2.080000
v 39.217270 -41.610001 0.960000
v 39.217270 -41.610001 1.140000
v 39.257271 -41.610001 0.960000
v 39.257271 -41.610001 1.140000
v 39.217270 -41.650002 0.960000
v 39.217270 -41.650002 1.140000
v 39.257271 -41.650002 0.960000
v 39.257271 -41.650002 1.140000
v 37.915241 -41.489483 1.323000
v 37.915241 -41.489483 1.701000
v 38.355244 -41.489483 1.323000
v 38.355244 -41.489483 1.701000
v 37.915241 -41.499485 1.323000
v 37.915241 -41.499485 1.701000
v 38.355244 -41.499485 1.323000
v 38.355244 -41.499485 1.701000
v 38.040245 -41.494484 1.155000
v 38.040245 -41.494484 1.170000
v 38.032921 -41.512161 1.155000
v 38.032921 -41.512161 1.170000
v 38.015244 -41.519485 1.155000
v 38.015244 -41.519485 1.170000
v 37.997566 -41.512161 1.155000
v 37.997566 -41.512161 1.170000
v 37.990242 -41.494484 1.155000
v 37.990242 -41.494484 1.170000
v 37.997566 -41.476807 1.155000
v 37.997566 -41.476807 1.170000
v 38.015244 -41.469482 1.155000
v 38.015244 -41.469482 1.170000
v 38.032921 -41.476807 1.155000
v 38.032921 -41.476807 1.170000
v 38.100243 -41.494484 1.155000
v 38.100243 -41.494484 1.170000
v 38.092918 -41.512161 1.155000
v 38.092918 -41.512161 1.170000
v 38.075241 -41.519485 1.155000
v 38.075241 -41.519485 1.170000
v 38.057564 -41.512161 1.155000
v 38.057564 -41.512161 1.170000
v 38.050240 -41.494484 1.155000
v 38.050240 -41.494484 1.170000
v 38.057564 -41.476807 1.155000
v 38.057564 -41.476807 1.170000
v 38.075241 -41.469482 1.155000
v 38.075241 -41.469482 1.170000
v 38.092918 -41.476807 1.155000
v 38.092918 -41.476807 1.170000
v 37.735241 -40.879482 2.110000
v 37.735241 -40.879482 2.290000
v 38.535244 -40.879482 2.110000
v 38.535244 -40.879482 2.290000
v 37.735241 -41.479481 2.110000
v 37.735241 -41.479481 2.290000
v 38.535244 -41.479481 2.110000
v 38.535244 -41.479481 2.290000
v 37.775242 -40.919483 0.010000
v 37.775242 -40.919483 0.070000
v 38.495243 -40.919483 0.010000
v 38.495243 -40.919483 0.070000
v 37.775242 -41.439480 0.010000
v 37.775242 -41.439480 0.070000
v 38.495243 -41.439480 0.010000
v 38.495243 -41.439480 0.070000
v 23.650000 -47.700001 0.000000
v 23.650000 -47.700001 2.000000
v 24.350000 -47.700001 0.000000
v 24.350000 -47.700001 2.000000
v 23.650000 -48.200001 0.000000
v 23.650000 -48.200001 2.000000
v 24.350000 -48.200001 0.000000
v 24.350000 -48.200001 2.000000
v 23.700001 -47.680000 1.000000
v 23.700001 -47.680000 1.800000
v 24.299999 -47.680000 1.000000
v 24.299999 -47.680000 1.800000
v 23.700001 -47.699997 1.000000
v 23.700001 -47.699997 1.800000
v 24.299999 -47.699997 1.000000
v 24.299999 -47.699997 1.800000
v 23.865000 -47.680000 1.550000
v 23.865000 -47.680000 1.560000
v 23.860607 -47.690605 1.550000
v 23.860607 -47.690605 1.560000
v 23.850000 -47.695000 1.550000
v 23.850000 -47.695000 1.560000
v 23.839394 -47.690605 1.550000
v 23.839394 -47.690605 1.560000
v 23.835001 -47.680000 1.550000
v 23.835001 -47.680000 1.560000
v 23.839394 -47.669395 1.550000
v 23.839394 -47.669395 1.560000
v 23.850000 -47.665001 1.550000
v 23.850000 -47.665001 1.560000
v 23.860607 -47.669395 1.550000
v 23.860607 -47.669395 1.560000
v 23.965000 -47.680000 1.550000
v 23.965000 -47.680000 1.560000
v 23.960608 -47.690605 1.550000
v 23.960608 -47.690605 1.560000
v 23.950001 -47.695000 1.550000
v 23.950001 -47.695000 1.560000
v 23.939394 -47.690605 1.550000
v 23.939394 -47.690605 1.560000
v 23.935001 -47.680000 1.550000
v 23.935001 -47.680000 1.560000
v 23.939394 -47.669395 1.550000
v 23.939394 -47.669395 1.560000
v 23.950001 -47.665001 1.550000
v 23.950001 -47.665001 1.560000
v 23.960608 -47.669395 1.550000
v 23.960608 -47.669395 1.560000
v 24.064999 -47.680000 1.550000
v 24.064999 -47.680000 1.560000
v 24.060606 -47.690605 1.550000
v 24.060606 -47.690605 1.560000
v 24.049999 -47.695000 1.550000
v 24.049999 -47.695000 1.560000
v 24.039392 -47.690605 1.550000
v 24.039392 -47.690605 1.560000
v 24.035000 -47.680000 1.550000
v 24.035000 -47.680000 1.560000
v 24.039392 -47.669395 1.550000
v 24.039392 -47.669395 1.560000
v 24.049999 -47.665001 1.550000
v 24.049999 -47.665001 1.560000
v 24.060606 -47.669395 1.550000
v 24.060606 -47.669395 1.560000
v 24.164999 -47.680000 1.550000
v 24.164999 -47.680000 1.560000
v 24.160606 -47.690605 1.550000
v 24.160606 -47.690605 1.560000
v 24.150000 -47.695000 1.550000
v 24.150000 -47.695000 1.560000
v 24.139393 -47.690605 1.550000
v 24.139393 -47.690605 1.560000
v 24.135000 -47.680000 1.550000
v 24.135000 -47.680000 1.560000
v 24.139393 -47.669395 1.550000
v 24.139393 -47.669395 1.560000
v 24.150000 -47.665001 1.550000
v 24.150000 -47.665001 1.560000
v 24.160606 -47.669395 1.550000
v 24.160606 -47.669395 1.560000
v 24.234999 -47.680000 1.550000
v 24.234999 -47.680000 1.560000
v 24.230606 -47.690605 1.550000
v 24.230606 -47.690605 1.560000
v 24.219999 -47.695000 1.550000
v 24.219999 -47.695000 1.560000
v 24.209393 -47.690605 1.550000
v 24.209393 -47.690605 1.560000
v 24.205000 -47.680000 1.550000
v 24.205000 -47.680000 1.560000
v 24.209393 -47.669395 1.550000
v 24.209393 -47.669395 1.560000
v 24.219999 -47.665001 1.550000
v 24.219999 -47.665001 1.560000
v 24.230606 -47.669395 1.550000
v 24.230606 -47.669395 1.560000
v 24.040001 -47.680000 1.200000
v 24.040001 -47.680000 1.230000
v 24.032360 -47.703510 1.200000
v 24.032360 -47.703510 1.230000
v 24.012362 -47.718044 1.200000
v 24.012362 -47.718044 1.230000
v 23.987638 -47.718044 1.200000
v 23.987638 -47.718044 1.230000
v 23.967640 -47.703510 1.200000
v 23.967640 -47.703510 1.230000
v 23.959999 -47.680000 1.200000
v 23.959999 -47.680000 1.230000
v 23.967640 -47.656490 1.200000
v 23.967640 -47.656490 1.230000
v 23.987638 -47.641956 1.200000
v 23.987638 -47.641956 1.230000
v 24.012362 -47.641956 1.200000
v 24.012362 -47.641956 1.230000
v 24.032360 -47.656490 1.200000
v 24.032360 -47.656490 1.230000
v 24.400000 -47.700001 0.000000
v 24.400000 -47.700001 2.000000
v 25.100000 -47.700001 0.000000
v 25.100000 -47.700001 2.000000
v 24.400000 -48.200001 0.000000
v 24.400000 -48.200001 2.000000
v 25.100000 -48.200001 0.000000
v 25.100000 -48.200001 2.000000
v 24.450001 -47.680000 1.000000
v 24.450001 -47.680000 1.800000
v 25.049999 -47.680000 1.000000
v 25.049999 -47.680000 1.800000
v 24.450001 -47.699997 1.000000
v 24.450001 -47.699997 1.800000
v 25.049999 -47.699997 1.000000
v 25.049999 -47.699997 1.800000
v 24.615000 -47.680000 1.550000
v 24.615000 -47.680000 1.560000
v 24.610607 -47.690605 1.550000
v 24.610607 -47.690605 1.560000
v 24.600000 -47.695000 1.550000
v 24.600000 -47.695000 1.560000
v 24.589394 -47.690605 1.550000
v 24.589394 -47.690605 1.560000
v 24.585001 -47.680000 1.550000
v 24.585001 -47.680000 1.560000
v 24.589394 -47.669395 1.550000
v 24.589394 -47.669395 1.560000
v 24.600000 -47.665001 1.550000
v 24.600000 -47.665001 1.560000
v 24.610607 -47.669395 1.550000
v 24.610607 -47.669395 1.560000
v 24.715000 -47.680000 1.550000
v 24.715000 -47.680000 1.560000
v 24.710608 -47.690605 1.550000
v 24.710608 -47.690605 1.560000
v 24.700001 -47.695000 1.550000
v 24.700001 -47.695000 1.560000
v 24.689394 -47.690605 1.550000
v 24.689394 -47.690605 1.560000
v 24.685001 -47.680000 1.550000
v 24.685001 -47.680000 1.560000
v 24.689394 -47.669395 1.550000
v 24.689394 -47.669395 1.560000
v 24.700001 -47.665001 1.550000
v 24.700001 -47.665001 1.560000
v 24.710608 -47.669395 1.550000
v 24.710608 -47.669395 1.560000
v 24.814999 -47.680000 1.550000
v 24.814999 -47.680000 1.560000
v 24.810606 -47.690605 1.550000
v 24.810606 -47.690605 1.560000
v 24.799999 -47.695000 1.550000
v 24.799999 -47.695000 1.560000
v 24.789392 -47.690605 1.550000
v 24.789392 -47.690605 1.560000
v 24.785000 -47.680000 1.550000
v 24.785000 -47.680000 1.560000
v 24.789392 -47.669395 1.550000
v 24.789392 -47.669395 1.560000
v 24.799999 -47.665001 1.550000
v 24.799999 -47.665001 1.560000
v 24.810606 -47.669395 1.550000
v 24.810606 -47.669395 1.560000
v 24.914999 -47.680000 1.550000
v 24.914999 -47.680000 1.560000
v 24.910606 -47.690605 1.550000
v 24.910606 -47.690605 1.560000
v 24.900000 -47.695000 1.550000
v 24.900000 -47.695000 1.560000
v 24.889393 -47.690605 1.550000
v 24.889393 -47.690605 1.560000
v 24.885000 -47.680000 1.550000
v 24.885000 -47.680000 1.560000
v 24.889393 -47.669395 1.550000
v 24.889393 -47.669395 1.560000
v 24.900000 -47.665001 1.550000
v 24.900000 -47.665001 1.560000
v 24.910606 -47.669395 1.550000
v 24.910606 -47.669395 1.560000
v 24.984999 -47.680000 1.550000
v 24.984999 -47.680000 1.560000
v 24.980606 -47.690605 1.550000
v 24.980606 -47.690605 1.560000
v 24.969999 -47.695000 1.550000
v 24.969999 -47.695000 1.560000
v 24.959393 -47.690605 1.550000
v 24.959393 -47.690605 1.560000
v 24.955000 -47.680000 1.550000
v 24.955000 -47.680000 1.560000
v 24.959393 -47.669395 1.550000
v 24.959393 -47.669395 1.560000
v 24.969999 -47.665001 1.550000
v 24.969999 -47.665001 1.560000
v 24.980606 -47.669395 1.550000
v 24.980606 -47.669395 1.560000
v 24.790001 -47.680000 1.200000
v 24.790001 -47.680000 1.230000
v 24.782360 -47.703510 1.200000
v 24.782360 -47.703510 1.230000
v 24.762362 -47.718044 1.200000
v 24.762362 -47.718044 1.230000
v 24.737638 -47.718044 1.200000
v 24.737638 -47.718044 1.230000
v 24.717640 -47.703510 1.200000
v 24.717640 -47.703510 1.230000
v 24.709999 -47.680000 1.200000
v 24.709999 -47.680000 1.230000
v 24.717640 -47.656490 1.200000
v 24.717640 -47.656490 1.230000
v 24.737638 -47.641956 1.200000
v 24.737638 -47.641956 1.230000
v 24.762362 -47.641956 1.200000
v 24.762362 -47.641956 1.230000
v 24.782360 -47.656490 1.200000
v 24.782360 -47.656490 1.230000
v 25.150000 -47.700001 0.000000
v 25.150000 -47.700001 2.000000
v 25.850000 -47.700001 0.000000
v 25.850000 -47.700001 2.000000
v 25.150000 -48.200001 0.000000
v 25.150000 -48.200001 2.000000
v 25.850000 -48.200001 0.000000
v 25.850000 -48.200001 2.000000
v 25.200001 -47.680000 1.000000
v 25.200001 -47.680000 1.800000
v 25.799999 -47.680000 1.000000
v 25.799999 -47.680000 1.800000
v 25.200001 -47.699997 1.000000
v 25.200001 -47.699997 1.800000
v 25.799999 -47.699997 1.000000
v 25.799999 -47.699997 1.800000
v 25.365000 -47.680000 1.550000
v 25.365000 -47.680000 1.560000
v 25.360607 -47.690605 1.550000
v 25.360607 -47.690605 1.560000
v 25.350000 -47.695000 1.550000
v 25.350000 -47.695000 1.560000
v 25.339394 -47.690605 1.550000
v 25.339394 -47.690605 1.560000
v 25.335001 -47.680000 1.550000
v 25.335001 -47.680000 1.560000
v 25.339394 -47.669395 1.550000
v 25.339394 -47.669395 1.560000
v 25.350000 -47.665001 1.550000
v 25.350000 -47.665001 1.560000
v 25.360607 -47.669395 1.550000
v 25.360607 -47.669395 1.560000
v 25.465000 -47.680000 1.550000
v 25.465000 -47.680000 1.560000
v 25.460608 -47.690605 1.550000
v 25.460608 -47.690605 1.560000
v 25.450001 -47.695000 1.550000
v 25.450001 -47.695000 1.560000
v 25.439394 -47.690605 1.550000
v 25.439394 -47.690605 1.560000
v 25.435001 -47.680000 1.550000
v 25.435001 -47.680000 1.560000
v 25.439394 -47.669395 1.550000
v 25.439394 -47.669395 1.560000
v 25.450001 -47.665001 1.550000
v 25.450001 -47.665001 1.560000
v 25.460608 -47.669395 1.550000
v 25.460608 -47.669395 1.560000
v 25.564999 -47.680000 1.550000
v 25.564999 -47.680000 1.560000
v 25.560606 -47.690605 1.550000
v 25.560606 -47.690605 1.560000
v 25.549999 -47.695000 1.550000
v 25.549999 -47.695000 1.560000
v 25.539392 -47.690605 1.550000
v 25.539392 -47.690605 1.560000
v 25.535000 -47.680000 1.550000
v 25.535000 -47.680000 1.560000
v 25.539392 -47.669395 1.550000
v 25.539392 -47.669395 1.560000
v 25.549999 -47.665001 1.550000
v 25.549999 -47.665001 1.560000
v 25.560606 -47.669395 1.550000
v 25.560606 -47.669395 1.560000
v 25.664999 -47.680000 1.550000
v 25.664999 -47.680000 1.560000
v 25.660606 -47.690605 1.550000
v 25.660606 -47.690605 1.560000
v 25.650000 -47.695000 1.550000
v 25.650000 -47.695000 1.560000
v 25.639393 -47.690605 1.550000
v 25.639393 -47.690605 1.560000
v 25.635000 -47.680000 1.550000
v 25.635000 -47.680000 1.560000
v 25.639393 -47.669395 1.550000
v 25.639393 -47.669395 1.560000
v 25.650000 -47.665001 1.550000
v 25.650000 -47.665001 1.560000
v 25.660606 -47.669395 1.550000
v 25.660606 -47.669395 1.560000
v 25.734999 -47.680000 1.550000
v 25.734999 -47.680000 1.560000
v 25.730606 -47.690605 1.550000
v 25.730606 -47.690605 1.560000
v 25.719999 -47.695000 1.550000
v 25.719999 -47.695000 1.560000
v 25.709393 -47.690605 1.550000
v 25.709393 -47.690605 1.560000
v 25.705000 -47.680000 1.550000
v 25.705000 -47.680000 1.560000
v 25.709393 -47.669395 1.550000
v 25.709393 -47.669395 1.560000
v 25.719999 -47.665001 1.550000
v 25.719999 -47.665001 1.560000
v 25.730606 -47.669395 1.550000
v 25.730606 -47.669395 1.560000
v 25.540001 -47.680000 1.200000
v 25.540001 -47.680000 1.230000
v 25.532360 -47.703510 1.200000
v 25.532360 -47.703510 1.230000
v 25.512362 -47.718044 1.200000
v 25.512362 -47.718044 1.230000
v 25.487638 -47.718044 1.200000
v 25.487638 -47.718044 1.230000
v 25.467640 -47.703510 1.200000
v 25.467640 -47.703510 1.230000
v 25.459999 -47.680000 1.200000
v 25.459999 -47.680000 1.230000
v 25.467640 -47.656490 1.200000
v 25.467640 -47.656490 1.230000
v 25.487638 -47.641956 1.200000
v 25.487638 -47.641956 1.230000
v 25.512362 -47.641956 1.200000
v 25.512362 -47.641956 1.230000
v 25.532360 -47.656490 1.200000
v 25.532360 -47.656490 1.230000
v 25.900000 -47.700001 0.000000
v 25.900000 -47.700001 2.000000
v 26.600000 -47.700001 0.000000
v 26.600000 -47.700001 2.000000
v 25.900000 -48.200001 0.000000
v 25.900000 -48.200001 2.000000
v 26.600000 -48.200001 0.000000
v 26.600000 -48.200001 2.000000
v 25.950001 -47.680000 1.000000
v 25.950001 -47.680000 1.800000
v 26.549999 -47.680000 1.000000
v 26.549999 -47.680000 1.800000
v 25.950001 -47.699997 1.000000
v 25.950001 -47.699997 1.800000
v 26.549999 -47.699997 1.000000
v 26.549999 -47.699997 1.800000
v 26.115000 -47.680000 1.550000
v 26.115000 -47.680000 1.560000
v 26.110607 -47.690605 1.550000
v 26.110607 -47.690605 1.560000
v 26.100000 -47.695000 1.550000
v 26.100000 -47.695000 1.560000
v 26.089394 -47.690605 1.550000
v 26.089394 -47.690605 1.560000
v 26.085001 -47.680000 1.550000
v 26.085001 -47.680000 1.560000
v 26.089394 -47.669395 1.550000
v 26.089394 -47.669395 1.560000
v 26.100000 -47.665001 1.550000
v 26.100000 -47.665001 1.560000
v 26.110607 -47.669395 1.550000
v 26.110607 -47.669395 1.560000
v 26.215000 -47.680000 1.550000
v 26.215000 -47.680000 1.560000
v 26.210608 -47.690605 1.550000
v 26.210608 -47.690605 1.560000
v 26.200001 -47.695000 1.550000
v 26.200001 -47.695000 1.560000
v 26.189394 -47.690605 1.550000
v 26.189394 -47.690605 1.560000
v 26.185001 -47.680000 1.550000
v 26.185001 -47.680000 1.560000
v 26.189394 -47.669395 1.550000
v 26.189394 -47.669395 1.560000
v 26.200001 -47.665001 1.550000
v 26.200001 -47.665001 1.560000
v 26.210608 -47.669395 1.550000
v 26.210608 -47.669395 1.560000
v 26.314999 -47.680000 1.550000
v 26.314999 -47.680000 1.560000
v 26.310606 -47.690605 1.550000
v 26.310606 -47.690605 1.560000
v 26.299999 -47.695000 1.550000
v 26.299999 -47.695000 1.560000
v 26.289392 -47.690605 1.550000
v 26.289392 -47.690605 1.560000
v 26.285000 -47.680000 1.550000
v 26.285000 -47.680000 1.560000
v 26.289392 -47.669395 1.550000
v 26.289392 -47.669395 1.560000
v 26.299999 -47.665001 1.550000
v 26.299999 -47.665001 1.560000
v 26.310606 -47.669395 1.550000
v 26.310606 -47.669395 1.560000
v 26.414999 -47.680000 1.550000
v 26.414999 -47.680000 1.560000
v 26.410606 -47.690605 1.550000
v 26.410606 -47.690605 1.560000
v 26.400000 -47.695000 1.550000
v 26.400000 -47.695000 1.560000
v 26.389393 -47.690605 1.550000
v 26.389393 -47.690605 1.560000
v 26.385000 -47.680000 1.550000
v 26.385000 -47.680000 1.560000
v 26.389393 -47.669395 1.550000
v 26.389393 -47.669395 1.560000
v 26.400000 -47.665001 1.550000
v 26.400000 -47.665001 1.560000
v 26.410606 -47.669395 1.550000
v 26.410606 -47.669395 1.560000
v 26.484999 -47.680000 1.550000
v 26.484999 -47.680000 1.560000
v 26.480606 -47.690605 1.550000
v 26.480606 -47.690605 1.560000
v 26.469999 -47.695000 1.550000
v 26.469999 -47.695000 1.560000
v 26.459393 -47.690605 1.550000
v 26.459393 -47.690605 1.560000
v 26.455000 -47.680000 1.550000
v 26.455000 -47.680000 1.560000
v 26.459393 -47.669395 1.550000
v 26.459393 -47.669395 1.560000
v 26.469999 -47.665001 1.550000
v 26.469999 -47.665001 1.560000
v 26.480606 -47.669395 1.550000
v 26.480606 -47.669395 1.560000
v 26.290001 -47.680000 1.200000
v 26.290001 -47.680000 1.230000
v 26.282360 -47.703510 1.200000
v 26.282360 -47.703510 1.230000
v 26.262362 -47.718044 1.200000
v 26.262362 -47.718044 1.230000
v 26.237638 -47.718044 1.200000
v 26.237638 -47.718044 1.230000
v 26.217640 -47.703510 1.200000
v 26.217640 -47.703510 1.230000
v 26.209999 -47.680000 1.200000
v 26.209999 -47.680000 1.230000
v 26.217640 -47.656490 1.200000
v 26.217640 -47.656490 1.230000
v 26.237638 -47.641956 1.200000
v 26.237638 -47.641956 1.230000
v 26.262362 -47.641956 1.200000
v 26.262362 -47.641956 1.230000
v 26.282360 -47.656490 1.200000
v 26.282360 -47.656490 1.230000
v 26.650000 -47.700001 0.000000
v 26.650000 -47.700001 2.000000
v 27.350000 -47.700001 0.000000
v 27.350000 -47.700001 2.000000
v 26.650000 -48.200001 0.000000
v 26.650000 -48.200001 2.000000
v 27.350000 -48.200001 0.000000
v 27.350000 -48.200001 2.000000
v 26.700001 -47.680000 1.000000
v 26.700001 -47.680000 1.800000
v 27.299999 -47.680000 1.000000
v 27.299999 -47.680000 1.800000
v 26.700001 -47.699997 1.000000
v 26.700001 -47.699997 1.800000
v 27.299999 -47.699997 1.000000
v 27.299999 -47.699997 1.800000
v 26.865000 -47.680000 1.550000
v 26.865000 -47.680000 1.560000
v 26.860607 -47.690605 1.550000
v 26.860607 -47.690605 1.560000
v 26.850000 -47.695000 1.550000
v 26.850000 -47.695000 1.560000
v 26.839394 -47.690605 1.550000
v 26.839394 -47.690605 1.560000
v 26.835001 -47.680000 1.550000
v 26.835001 -47.680000 1.560000
v 26.839394 -47.669395 1.550000
v 26.839394 -47.669395 1.560000
v 26.850000 -47.665001 1.550000
v 26.850000 -47.665001 1.560000
v 26.860607 -47.669395 1.550000
v 26.860607 -47.669395 1.560000
v 26.965000 -47.680000 1.550000
v 26.965000 -47.680000 1.560000
v 26.960608 -47.690605 1.550000
v 26.960608 -47.690605 1.560000
v 26.950001 -47.695000 1.550000
v 26.950001 -47.695000 1.560000
v 26.939394 -47.690605 1.550000
v 26.939394 -47.690605 1.560000
v 26.935001 -47.680000 1.550000
v 26.935001 -47.680000 1.560000
v 26.939394 -47.669395 1.550000
v 26.939394 -47.669395 1.560000
v 26.950001 -47.665001 1.550000
v 26.950001 -47.665001 1.560000
v 26.960608 -47.669395 1.550000
v 26.960608 -47.669395 1.560000
v 27.064999 -47.680000 1.550000
v 27.064999 -47.680000 1.560000
v 27.060606 -47.690605 1.550000
v 27.060606 -47.690605 1.560000
v 27.049999 -47.695000 1.550000
v 27.049999 -47.695000 1.560000
v 27.039392 -47.690605 1.550000
v 27.039392 -47.690605 1.560000
v 27.035000 -47.680000 1.550000
v 27.035000 -47.680000 1.560000
v 27.039392 -47.669395 1.550000
v 27.039392 -47.669395 1.560000
v 27.049999 -47.665001 1.550000
v 27.049999 -47.665001 1.560000
v 27.060606 -47.669395 1.550000
v 27.060606 -47.669395 1.560000
v 27.164999 -47.680000 1.550000
v 27.164999 -47.680000 1.560000
v 27.160606 -47.690605 1.550000
v 27.160606 -47.690605 1.560000
v 27.150000 -47.695000 1.550000
v 27.150000 -47.695000 1.560000
v 27.139393 -47.690605 1.550000
v 27.139393 -47.690605 1.560000
v 27.135000 -47.680000 1.550000
v 27.135000 -47.680000 1.560000
v 27.139393 -47.669395 1.550000
v 27.139393 -47.669395 1.560000
v 27.150000 -47.665001 1.550000
v 27.150000 -47.665001 1.560000
v 27.160606 -47.669395 1.550000
v 27.160606 -47.669395 1.560000
v 27.234999 -47.680000 1.550000
v 27.234999 -47.680000 1.560000
v 27.230606 -47.690605 1.550000
v 27.230606 -47.690605 1.560000
v 27.219999 -47.695000 1.550000
v 27.219999 -47.695000 1.560000
v 27.209393 -47.690605 1.550000
v 27.209393 -47.690605 1.560000
v 27.205000 -47.680000 1.550000
v 27.205000 -47.680000 1.560000
v 27.209393 -47.669395 1.550000
v 27.209393 -47.669395 1.560000
v 27.219999 -47.665001 1.550000
v 27.219999 -47.665001 1.560000
v 27.230606 -47.669395 1.550000
v 27.230606 -47.669395 1.560000
v 27.040001 -47.680000 1.200000
v 27.040001 -47.680000 1.230000
v 27.032360 -47.703510 1.200000
v 27.032360 -47.703510 1.230000
v 27.012362 -47.718044 1.200000
v 27.012362 -47.718044 1.230000
v 26.987638 -47.718044 1.200000
v 26.987638 -47.718044 1.230000
v 26.967640 -47.703510 1.200000
v 26.967640 -47.703510 1.230000
v 26.959999 -47.680000 1.200000
v 26.959999 -47.680000 1.230000
v 26.967640 -47.656490 1.200000
v 26.967640 -47.656490 1.230000
v 26.987638 -47.641956 1.200000
v 26.987638 -47.641956 1.230000
v 27.012362 -47.641956 1.200000
v 27.012362 -47.641956 1.230000
v 27.032360 -47.656490 1.200000
v 27.032360 -47.656490 1.230000
v 27.400000 -47.700001 0.000000
v 27.400000 -47.700001 2.000000
v 28.100000 -47.700001 0.000000
v 28.100000 -47.700001 2.000000
v 27.400000 -48.200001 0.000000
v 27.400000 -48.200001 2.000000
v 28.100000 -48.200001 0.000000
v 28.100000 -48.200001 2.000000
v 27.450001 -47.680000 1.000000
v 27.450001 -47.680000 1.800000
v 28.049999 -47.680000 1.000000
v 28.049999 -47.680000 1.800000
v 27.450001 -47.699997 1.000000
v 27.450001 -47.699997 1.800000
v 28.049999 -47.699997 1.000000
v 28.049999 -47.699997 1.800000
v 27.615000 -47.680000 1.550000
v 27.615000 -47.680000 1.560000
v 27.610607 -47.690605 1.550000
v 27.610607 -47.690605 1.560000
v 27.600000 -47.695000 1.550000
v 27.600000 -47.695000 1.560000
v 27.589394 -47.690605 1.550000
v 27.589394 -47.690605 1.560000
v 27.585001 -47.680000 1.550000
v 27.585001 -47.680000 1.560000
v 27.589394 -47.669395 1.550000
v 27.589394 -47.669395 1.560000
v 27.600000 -47.665001 1.550000
v 27.600000 -47.665001 1.560000
v 27.610607 -47.669395 1.550000
v 27.610607 -47.669395 1.560000
v 27.715000 -47.680000 1.550000
v 27.715000 -47.680000 1.560000
v 27.710608 -47.690605 1.550000
v 27.710608 -47.690605 1.560000
v 27.700001 -47.695000 1.550000
v 27.700001 -47.695000 1.560000
v 27.689394 -47.690605 1.550000
v 27.689394 -47.690605 1.560000
v 27.685001 -47.680000 1.550000
v 27.685001 -47.680000 1.560000
v 27.689394 -47.669395 1.550000
v 27.689394 -47.669395 1.560000
v 27.700001 -47.665001 1.550000
v 27.700001 -47.665001 1.560000
v 27.710608 -47.669395 1.550000
v 27.710608 -47.669395 1.560000
v 27.814999 -47.680000 1.550000
v 27.814999 -47.680000 1.560000
v 27.810606 -47.690605 1.550000
v 27.810606 -47.690605 1.560000
v 27.799999 -47.695000 1.550000
v 27.799999 -47.695000 1.560000
v 27.789392 -47.690605 1.550000
v 27.789392 -47.690605 1.560000
v 27.785000 -47.680000 1.550000
v 27.785000 -47.680000 1.560000
v 27.789392 -47.669395 1.550000
v 27.789392 -47.669395 1.560000
v 27.799999 -47.665001 1.550000
v 27.799999 -47.665001 1.560000
v 27.810606 -47.669395 1.550000
v 27.810606 -47.669395 1.560000
v 27.914999 -47.680000 1.550000
v 27.914999 -47.680000 1.560000
v 27.910606 -47.690605 1.550000
v 27.910606 -47.690605 1.560000
v 27.900000 -47.695000 1.550000
v 27.900000 -47.695000 1.560000
v 27.889393 -47.690605 1.550000
v 27.889393 -47.690605 1.560000
v 27.885000 -47.680000 1.550000
v 27.885000 -47.680000 1.560000
v 27.889393 -47.669395 1.550000
v 27.889393 -47.669395 1.560000
v 27.900000 -47.665001 1.550000
v 27.900000 -47.665001 1.560000
v 27.910606 -47.669395 1.550000
v 27.910606 -47.669395 1.560000
v 27.984999 -47.680000 1.550000
v 27.984999 -47.680000 1.560000
v 27.980606 -47.690605 1.550000
v 27.980606 -47.690605 1.560000
v 27.969999 -47.695000 1.550000
v 27.969999 -47.695000 1.560000
v 27.959393 -47.690605 1.550000
v 27.959393 -47.690605 1.560000
v 27.955000 -47.680000 1.550000
v 27.955000 -47.680000 1.560000
v 27.959393 -47.669395 1.550000
v 27.959393 -47.669395 1.560000
v 27.969999 -47.665001 1.550000
v 27.969999 -47.665001 1.560000
v 27.980606 -47.669395 1.550000
v 27.980606 -47.669395 1.560000
v 27.790001 -47.680000 1.200000
v 27.790001 -47.680000 1.230000
v 27.782360 -47.703510 1.200000
v 27.782360 -47.703510 1.230000
v 27.762362 -47.718044 1.200000
v 27.762362 -47.718044 1.230000
v 27.737638 -47.718044 1.200000
v 27.737638 -47.718044 1.230000
v 27.717640 -47.703510 1.200000
v 27.717640 -47.703510 1.230000
v 27.709999 -47.680000 1.200000
v 27.709999 -47.680000 1.230000
v 27.717640 -47.656490 1.200000
v 27.717640 -47.656490 1.230000
v 27.737638 -47.641956 1.200000
v 27.737638 -47.641956 1.230000
v 27.762362 -47.641956 1.200000
v 27.762362 -47.641956 1.230000
v 27.782360 -47.656490 1.200000
v 27.782360 -47.656490 1.230000
v 11.540000 -11.464527 0.100000
v 11.540000 -11.464527 1.300000
v 12.460000 -11.464527 0.100000
v 12.460000 -11.464527 1.300000
v 11.540000 -12.584528 0.100000
v 11.540000 -12.584528 1.300000
v 12.460000 -12.584528 0.100000
v 12.460000 -12.584528 1.300000
v 11.450000 -13.350000 0.000000
v 11.450000 -13.350000 0.100000
v 12.550000 -13.350000 0.000000
v 12.550000 -13.350000 0.100000
v 11.450000 -14.650000 0.000000
v 11.450000 -14.650000 0.100000
v 12.550000 -14.650000 0.000000
v 12.550000 -14.650000 0.100000
v 11.540000 -13.466406 0.100000
v 11.540000 -13.466406 1.300000
v 12.460000 -13.466406 0.100000
v 12.460000 -13.466406 1.300000
v 11.540000 -14.586407 0.100000
v 11.540000 -14.586407 1.300000
v 12.460000 -14.586407 0.100000
v 12.460000 -14.586407 1.300000
v 14.950000 -11.350000 0.000000
v 14.950000 -11.350000 0.100000
v 16.049999 -11.350000 0.000000
v 16.049999 -11.350000 0.100000
v 14.950000 -12.650000 0.000000
v 14.950000 -12.650000 0.100000
v 16.049999 -12.650000 0.000000
v 16.049999 -12.650000 0.100000
v 15.040000 -11.440000 0.100000
v 15.040000 -11.440000 1.300000
v 15.960000 -11.440000 0.100000
v 15.960000 -11.440000 1.300000
v 15.040000 -12.560000 0.100000
v 15.040000 -12.560000 1.300000
v 15.960000 -12.560000 0.100000
v 15.960000 -12.560000 1.300000
v 15.000000 -11.400000 0.100000
v 15.000000 -11.400000 1.300000
v 15.040001 -11.400000 0.100000
v 15.040001 -11.400000 1.300000
v 15.000000 -11.440001 0.100000
v 15.000000 -11.440001 1.300000
v 15.040001 -11.440001 0.100000
v 15.040001 -11.440001 1.300000
v 15.000000 -12.559999 0.100000
v 15.000000 -12.559999 1.300000
v 15.040001 -12.559999 0.100000
v 15.040001 -12.559999 1.300000
v 15.000000 -12.600000 0.100000
v 15.000000 -12.600000 1.300000
v 15.040001 -12.600000 0.100000
v 15.040001 -12.600000 1.300000
v 15.959999 -11.400000 0.100000
v 15.959999 -11.400000 1.300000
v 16.000000 -11.400000 0.100000
v 16.000000 -11.400000 1.300000
v 15.959999 -11.440001 0.100000
v 15.959999 -11.440001 1.300000
v 16.000000 -11.440001 0.100000
v 16.000000 -11.440001 1.300000
v 15.959999 -12.559999 0.100000
v 15.959999 -12.559999 1.300000
v 16.000000 -12.559999 0.100000
v 16.000000 -12.559999 1.300000
v 15.959999 -12.600000 0.100000
v 15.959999 -12.600000 1.300000
v 16.000000 -12.600000 0.100000
v 16.000000 -12.600000 1.300000
v 15.000000 -11.400000 0.476000
v 15.000000 -11.400000 0.516000
v 15.040001 -11.400000 0.476000
v 15.040001 -11.400000 0.516000
v 15.000000 -12.600000 0.476000
v 15.000000 -12.600000 0.516000
v 15.040001 -12.600000 0.476000
v 15.040001 -12.600000 0.516000
v 15.000000 -11.400000 0.476000
v 15.000000 -11.400000 0.516000
v 16.000000 -11.400000 0.476000
v 16.000000 -11.400000 0.516000
v 15.000000 -11.440001 0.476000
v 15.000000 -11.440001 0.516000
v 16.000000 -11.440001 0.476000
v 16.000000 -11.440001 0.516000
v 15.000000 -11.400000 0.884000
v 15.000000 -11.400000 0.924000
v 15.040001 -11.400000 0.884000
v 15.040001 -11.400000 0.924000
v 15.000000 -12.600000 0.884000
v 15.000000 -12.600000 0.924000
v 15.040001 -12.600000 0.884000
v 15.040001 -12.600000 0.924000
v 15.000000 -11.400000 0.884000
v 15.000000 -11.400000 0.924000
v 16.000000 -11.400000 0.884000
v 16.000000 -11.400000 0.924000
v 15.000000 -11.440001 0.884000
v 15.000000 -11.440001 0.924000
v 16.000000 -11.440001 0.884000
v 16.000000 -11.440001 0.924000
v 14.850000 -11.940000 0.140000
v 14.850000 -11.940000 0.260000
v 14.990000 -11.940000 0.140000
v 14.990000 -11.940000 0.260000
v 14.850000 -12.060000 0.140000
v 14.850000 -12.060000 0.260000
v 14.990000 -12.060000 0.140000
v 14.990000 -12.060000 0.260000
v 14.770000 -12.000000 0.070000
v 14.770000 -12.000000 0.330000
v 14.764641 -12.020000 0.070000
v 14.764641 -12.020000 0.330000
v 14.750000 -12.034641 0.070000
v 14.750000 -12.034641 0.330000
v 14.730000 -12.040000 0.070000
v 14.730000 -12.040000 0.330000
v 14.709999 -12.034641 0.070000
v 14.709999 -12.034641 0.330000
v 14.695358 -12.020000 0.070000
v 14.695358 -12.020000 0.330000
v 14.690000 -12.000000 0.070000
v 14.690000 -12.000000 0.330000
v 14.695358 -11.980000 0.070000
v 14.695358 -11.980000 0.330000
v 14.709999 -11.965359 0.070000
v 14.709999 -11.965359 0.330000
v 14.730000 -11.960000 0.070000
v 14.730000 -11.960000 0.330000
v 14.750000 -11.965359 0.070000
v 14.750000 -11.965359 0.330000
v 14.764641 -11.980000 0.070000
v 14.764641 -11.980000 0.330000
v 15.600000 -12.000000 1.340000
v 15.600000 -12.000000 1.420000
v 15.580902 -12.058779 1.340000
v 15.580902 -12.058779 1.420000
v 15.530902 -12.095106 1.340000
v 15.530902 -12.095106 1.420000
v 15.469098 -12.095106 1.340000
v 15.469098 -12.095106 1.420000
v 15.419098 -12.058779 1.340000
v 15.419098 -12.058779 1.420000
v 15.400000 -12.000000 1.340000
v 15.400000 -12.000000 1.420000
v 15.419098 -11.941221 1.340000
v 15.419098 -11.941221 1.420000
v 15.469098 -11.904894 1.340000
v 15.469098 -11.904894 1.420000
v 15.530902 -11.904894 1.340000
v 15.530902 -11.904894 1.420000
v 15.580902 -11.941221 1.340000
v 15.580902 -11.941221 1.420000
v 14.950000 -13.350000 0.000000
v 14.950000 -13.350000 0.100000
v 16.049999 -13.350000 0.000000
v 16.049999 -13.350000 0.100000
v 14.950000 -14.650000 0.000000
v 14.950000 -14.650000 0.100000
v 16.049999 -14.650000 0.000000
v 16.049999 -14.650000 0.100000
v 15.040000 -13.440000 0.100000
v 15.040000 -13.440000 1.300000
v 15.960000 -13.440000 0.100000
v 15.960000 -13.440000 1.300000
v 15.040000 -14.560000 0.100000
v 15.040000 -14.560000 1.300000
v 15.960000 -14.560000 0.100000
v 15.960000 -14.560000 1.300000
v 15.000000 -13.400000 0.100000
v 15.000000 -13.400000 1.300000
v 15.040001 -13.400000 0.100000
v 15.040001 -13.400000 1.300000
v 15.000000 -13.440001 0.100000
v 15.000000 -13.440001 1.300000
v 15.040001 -13.440001 0.100000
v 15.040001 -13.440001 1.300000
v 15.000000 -14.559999 0.100000
v 15.000000 -14.559999 1.300000
v 15.040001 -14.559999 0.100000
v 15.040001 -14.559999 1.300000
v 15.000000 -14.600000 0.100000
v 15.000000 -14.600000 1.300000
v 15.040001 -14.600000 0.100000
v 15.040001 -14.600000 1.300000
v 15.959999 -13.400000 0.100000
v 15.959999 -13.400000 1.300000
v 16.000000 -13.400000 0.100000
v 16.000000 -13.400000 1.300000
v 15.959999 -13.440001 0.100000
v 15.959999 -13.440001 1.300000
v 16.000000 -13.440001 0.100000
v 16.000000 -13.440001 1.300000
v 15.959999 -14.559999 0.100000
v 15.959999 -14.559999 1.300000
v 16.000000 -14.559999 0.100000
v 16.000000 -14.559999 1.300000
v 15.959999 -14.600000 0.100000
v 15.959999 -14.600000 1.300000
v 16.000000 -14.600000 0.100000
v 16.000000 -14.600000 1.300000
v 15.000000 -13.400000 0.476000
v 15.000000 -13.400000 0.516000
v 15.040001 -13.400000 0.476000
v 15.040001 -13.400000 0.516000
v 15.000000 -14.600000 0.476000
v 15.000000 -14.600000 0.516000
v 15.040001 -14.600000 0.476000
v 15.040001 -14.600000 0.516000
v 15.000000 -13.400000 0.476000
v 15.000000 -13.400000 0.516000
v 16.000000 -13.400000 0.476000
v 16.000000 -13.400000 0.516000
v 15.000000 -13.440001 0.476000
v 15.000000 -13.440001 0.516000
v 16.000000 -13.440001 0.476000
v 16.000000 -13.440001 0.516000
v 15.000000 -13.400000 0.884000
v 15.000000 -13.400000 0.924000
v 15.040001 -13.400000 0.884000
v 15.040001 -13.400000 0.924000
v 15.000000 -14.600000 0.884000
v 15.000000 -14.600000 0.924000
v 15.040001 -14.600000 0.884000
v 15.040001 -14.600000 0.924000
v 15.000000 -13.400000 0.884000
v 15.000000 -13.400000 0.924000
v 16.000000 -13.400000 0.884000
v 16.000000 -13.400000 0.924000
v 15.000000 -13.440001 0.884000
v 15.000000 -13.440001 0.924000
v 16.000000 -13.440001 0.884000
v 16.000000 -13.440001 0.924000
v 14.850000 -13.940000 0.140000
v 14.850000 -13.940000 0.260000
v 14.990000 -13.940000 0.140000
v 14.990000 -13.940000 0.260000
v 14.850000 -14.060000 0.140000
v 14.850000 -14.060000 0.260000
v 14.990000 -14.060000 0.140000
v 14.990000 -14.060000 0.260000
v 14.770000 -14.000000 0.070000
v 14.770000 -14.000000 0.330000
v 14.764641 -14.020000 0.070000
v 14.764641 -14.020000 0.330000
v 14.750000 -14.034641 0.070000
v 14.750000 -14.034641 0.330000
v 14.730000 -14.040000 0.070000
v 14.730000 -14.040000 0.330000
v 14.709999 -14.034641 0.070000
v 14.709999 -14.034641 0.330000
v 14.695358 -14.020000 0.070000
v 14.695358 -14.020000 0.330000
v 14.690000 -14.000000 0.070000
v 14.690000 -14.000000 0.330000
v 14.695358 -13.980000 0.070000
v 14.695358 -13.980000 0.330000
v 14.709999 -13.965359 0.070000
v 14.709999 -13.965359 0.330000
v 14.730000 -13.960000 0.070000
v 14.730000 -13.960000 0.330000
v 14.750000 -13.965359 0.070000
v 14.750000 -13.965359 0.330000
v 14.764641 -13.980000 0.070000
v 14.764641 -13.980000 0.330000
v 15.600000 -14.000000 1.340000
v 15.600000 -14.000000 1.420000
v 15.580902 -14.058779 1.340000
v 15.580902 -14.058779 1.420000
v 15.530902 -14.095106 1.340000
v 15.530902 -14.095106 1.420000
v 15.469098 -14.095106 1.340000
v 15.469098 -14.095106 1.420000
v 15.419098 -14.058779 1.340000
v 15.419098 -14.058779 1.420000
v 15.400000 -14.000000 1.340000
v 15.400000 -14.000000 1.420000
v 15.419098 -13.941221 1.340000
v 15.419098 -13.941221 1.420000
v 15.469098 -13.904894 1.340000
v 15.469098 -13.904894 1.420000
v 15.530902 -13.904894 1.340000
v 15.530902 -13.904894 1.420000
v 15.580902 -13.941221 1.340000
v 15.580902 -13.941221 1.420000
v 11.450000 -11.350000 0.000000
v 11.450000 -11.350000 0.100000
v 12.550000 -11.350000 0.000000
v 12.550000 -11.350000 0.100000
v 11.450000 -12.650000 0.000000
v 11.450000 -12.650000 0.100000
v 12.550000 -12.650000 0.000000
v 12.550000 -12.650000 0.100000
v 11.450000 -13.350000 0.000000
v 11.450000 -13.350000 0.100000
v 12.550000 -13.350000 0.000000
v 12.550000 -13.350000 0.100000
v 11.450000 -14.650000 0.000000
v 11.450000 -14.650000 0.100000
v 12.550000 -14.650000 0.000000
v 12.550000 -14.650000 0.100000
v 14.950000 -11.350000 0.000000
v 14.950000 -11.350000 0.100000
v 16.049999 -11.350000 0.000000
v 16.049999 -11.350000 0.100000
v 14.950000 -12.650000 0.000000
v 14.950000 -12.650000 0.100000
v 16.049999 -12.650000 0.000000
v 16.049999 -12.650000 0.100000
v 15.040000 -11.440000 0.100000
v 15.040000 -11.440000 1.300000
v 15.960000 -11.440000 0.100000
v 15.960000 -11.440000 1.300000
v 15.040000 -12.560000 0.100000
v 15.040000 -12.560000 1.300000
v 15.960000 -12.560000 0.100000
v 15.960000 -12.560000 1.300000
v 15.000000 -11.400000 0.100000
v 15.000000 -11.400000 1.300000
v 15.040001 -11.400000 0.100000
v 15.040001 -11.400000 1.300000
v 15.000000 -11.440001 0.100000
v 15.000000 -11.440001 1.300000
v 15.040001 -11.440001 0.100000
v 15.040001 -11.440001 1.300000
v 15.000000 -12.559999 0.100000
v 15.000000 -12.559999 1.300000
v 15.040001 -12.559999 0.100000
v 15.040001 -12.559999 1.300000
v 15.000000 -12.600000 0.100000
v 15.000000 -12.600000 1.300000
v 15.040001 -12.600000 0.100000
v 15.040001 -12.600000 1.300000
v 15.959999 -11.400000 0.100000
v 15.959999 -11.400000 1.300000
v 16.000000 -11.400000 0.100000
v 16.000000 -11.400000 1.300000
v 15.959999 -11.440001 0.100000
v 15.959999 -11.440001 1.300000
v 16.000000 -11.440001 0.100000
v 16.000000 -11.440001 1.300000
v 15.959999 -12.559999 0.100000
v 15.959999 -12.559999 1.300000
v 16.000000 -12.559999 0.100000
v 16.000000 -12.559999 1.300000
v 15.959999 -12.600000 0.100000
v 15.959999 -12.600000 1.300000
v 16.000000 -12.600000 0.100000
v 16.000000 -12.600000 1.300000
v 15.000000 -11.400000 0.476000
v 15.000000 -11.400000 0.516000
v 15.040001 -11.400000 0.476000
v 15.040001 -11.400000 0.516000
v 15.000000 -12.600000 0.476000
v 15.000000 -12.600000 0.516000
v 15.040001 -12.600000 0.476000
v 15.040001 -12.600000 0.516000
v 15.000000 -11.400000 0.476000
v 15.000000 -11.400000 0.516000
v 16.000000 -11.400000 0.476000
v 16.000000 -11.400000 0.516000
v 15.000000 -11.440001 0.476000
v 15.000000 -11.440001 0.516000
v 16.000000 -11.440001 0.476000
v 16.000000 -11.440001 0.516000
v 15.000000 -11.400000 0.884000
v 15.000000 -11.400000 0.924000
v 15.040001 -11.400000 0.884000
v 15.040001 -11.400000 0.924000
v 15.000000 -12.600000 0.884000
v 15.000000 -12.600000 0.924000
v 15.040001 -12.600000 0.884000
v 15.040001 -12.600000 0.924000
v 15.000000 -11.400000 0.884000
v 15.000000 -11.400000 0.924000
v 16.000000 -11.400000 0.884000
v 16.000000 -11.400000 0.924000
v 15.000000 -11.440001 0.884000
v 15.000000 -11.440001 0.924000
v 16.000000 -11.440001 0.884000
v 16.000000 -11.440001 0.924000
v 14.850000 -11.940000 0.140000
v 14.850000 -11.940000 0.260000
v 14.990000 -11.940000 0.140000
v 14.990000 -11.940000 0.260000
v 14.850000 -12.060000 0.140000
v 14.850000 -12.060000 0.260000
v 14.990000 -12.060000 0.140000
v 14.990000 -12.060000 0.260000
v 14.860000 -12.040000 0.200000
v 14.599999 -12.040000 0.200000
v 14.860000 -12.034641 0.180000
v 14.599999 -12.034641 0.180000
v 14.860000 -12.020000 0.165359
v 14.599999 -12.020000 0.165359
v 14.860000 -12.000000 0.160000
v 14.599999 -12.000000 0.160000
v 14.860000 -11.980000 0.165359
v 14.599999 -11.980000 0.165359
v 14.860000 -11.965359 0.180000
v 14.599999 -11.965359 0.180000
v 14.860000 -11.960000 0.200000
v 14.599999 -11.960000 0.200000
v 14.860000 -11.965359 0.220000
v 14.599999 -11.965359 0.220000
v 14.860000 -11.980000 0.234641
v 14.599999 -11.980000 0.234641
v 14.860000 -12.000000 0.240000
v 14.599999 -12.000000 0.240000
v 14.860000 -12.020000 0.234641
v 14.599999 -12.020000 0.234641
v 14.860000 -12.034641 0.220000
v 14.599999 -12.034641 0.220000
v 15.600000 -12.000000 1.340000
v 15.600000 -12.000000 1.420000
v 15.580902 -12.058779 1.340000
v 15.580902 -12.058779 1.420000
v 15.530902 -12.095106 1.340000
v 15.530902 -12.095106 1.420000
v 15.469098 -12.095106 1.340000
v 15.469098 -12.095106 1.420000
v 15.419098 -12.058779 1.340000
v 15.419098 -12.058779 1.420000
v 15.400000 -12.000000 1.340000
v 15.400000 -12.000000 1.420000
v 15.419098 -11.941221 1.340000
v 15.419098 -11.941221 1.420000
v 15.469098 -11.904894 1.340000
v 15.469098 -11.904894 1.420000
v 15.530902 -11.904894 1.340000
v 15.530902 -11.904894 1.420000
v 15.580902 -11.941221 1.340000
v 15.580902 -11.941221 1.420000
v 14.950000 -13.350000 0.000000
v 14.950000 -13.350000 0.100000
v 16.049999 -13.350000 0.000000
v 16.049999 -13.350000 0.100000
v 14.950000 -14.650000 0.000000
v 14.950000 -14.650000 0.100000
v 16.049999 -14.650000 0.000000
v 16.049999 -14.650000 0.100000
v 15.040000 -13.440000 0.100000
v 15.040000 -13.440000 1.300000
v 15.960000 -13.440000 0.100000
v 15.960000 -13.440000 1.300000
v 15.040000 -14.560000 0.100000
v 15.040000 -14.560000 1.300000
v 15.960000 -14.560000 0.100000
v 15.960000 -14.560000 1.300000
v 15.000000 -13.400000 0.100000
v 15.000000 -13.400000 1.300000
v 15.040001 -13.400000 0.100000
v 15.040001 -13.400000 1.300000
v 15.000000 -13.440001 0.100000
v 15.000000 -13.440001 1.300000
v 15.040001 -13.440001 0.100000
v 15.040001 -13.440001 1.300000
v 15.000000 -14.559999 0.100000
v 15.000000 -14.559999 1.300000
v 15.040001 -14.559999 0.100000
v 15.040001 -14.559999 1.300000
v 15.000000 -14.600000 0.100000
v 15.000000 -14.600000 1.300000
v 15.040001 -14.600000 0.100000
v 15.040001 -14.600000 1.300000
v 15.959999 -13.400000 0.100000
v 15.959999 -13.400000 1.300000
v 16.000000 -13.400000 0.100000
v 16.000000 -13.400000 1.300000
v 15.959999 -13.440001 0.100000
v 15.959999 -13.440001 1.300000
v 16.000000 -13.440001 0.100000
v 16.000000 -13.440001 1.300000
v 15.959999 -14.559999 0.100000
v 15.959999 -14.559999 1.300000
v 16.000000 -14.559999 0.100000
v 16.000000 -14.559999 1.300000
v 15.959999 -14.600000 0.100000
v 15.959999 -14.600000 1.300000
v 16.000000 -14.600000 0.100000
v 16.000000 -14.600000 1.300000
v 15.000000 -13.400000 0.476000
v 15.000000 -13.400000 0.516000
v 15.040001 -13.400000 0.476000
v 15.040001 -13.400000 0.516000
v 15.000000 -14.600000 0.476000
v 15.000000 -14.600000 0.516000
v 15.040001 -14.600000 0.476000
v 15.040001 -14.600000 0.516000
v 15.000000 -13.400000 0.476000
v 15.000000 -13.400000 0.516000
v 16.000000 -13.400000 0.476000
v 16.000000 -13.400000 0.516000
v 15.000000 -13.440001 0.476000
v 15.000000 -13.440001 0.516000
v 16.000000 -13.440001 0.476000
v 16.000000 -13.440001 0.516000
v 15.000000 -13.400000 0.884000
v 15.000000 -13.400000 0.924000
v 15.040001 -13.400000 0.884000
v 15.040001 -13.400000 0.924000
v 15.000000 -14.600000 0.884000
v 15.000000 -14.600000 0.924000
v 15.040001 -14.600000 0.884000
v 15.040001 -14.600000 0.924000
v 15.000000 -13.400000 0.884000
v 15.000000 -13.400000 0.924000
v 16.000000 -13.400000 0.884000
v 16.000000 -13.400000 0.924000
v 15.000000 -13.440001 0.884000
v 15.000000 -13.440001 0.924000
v 16.000000 -13.440001 0.884000
v 16.000000 -13.440001 0.924000
v 14.850000 -13.940000 0.140000
v 14.850000 -13.940000 0.260000
v 14.990000 -13.940000 0.140000
v 14.990000 -13.940000 0.260000
v 14.850000 -14.060000 0.140000
v 14.850000 -14.060000 0.260000
v 14.990000 -14.060000 0.140000
v 14.990000 -14.060000 0.260000
v 14.860000 -14.040000 0.200000
v 14.599999 -14.040000 0.200000
v 14.860000 -14.034641 0.180000
v 14.599999 -14.034641 0.180000
v 14.860000 -14.020000 0.165359
v 14.599999 -14.020000 0.165359
v 14.860000 -14.000000 0.160000
v 14.599999 -14.000000 0.160000
v 14.860000 -13.980000 0.165359
v 14.599999 -13.980000 0.165359
v 14.860000 -13.965359 0.180000
v 14.599999 -13.965359 0.180000
v 14.860000 -13.960000 0.200000
v 14.599999 -13.960000 0.200000
v 14.860000 -13.965359 0.220000
v 14.599999 -13.965359 0.220000
v 14.860000 -13.980000 0.234641
v 14.599999 -13.980000 0.234641
v 14.860000 -14.000000 0.240000
v 14.599999 -14.000000 0.240000
v 14.860000 -14.020000 0.234641
v 14.599999 -14.020000 0.234641
v 14.860000 -14.034641 0.220000
v 14.599999 -14.034641 0.220000
v 15.600000 -14.000000 1.340000
v 15.600000 -14.000000 1.420000
v 15.580902 -14.058779 1.340000
v 15.580902 -14.058779 1.420000
v 15.530902 -14.095106 1.340000
v 15.530902 -14.095106 1.420000
v 15.469098 -14.095106 1.340000
v 15.469098 -14.095106 1.420000
v 15.419098 -14.058779 1.340000
v 15.419098 -14.058779 1.420000
v 15.400000 -14.000000 1.340000
v 15.400000 -14.000000 1.420000
v 15.419098 -13.941221 1.340000
v 15.419098 -13.941221 1.420000
v 15.469098 -13.904894 1.340000
v 15.469098 -13.904894 1.420000
v 15.530902 -13.904894 1.340000
v 15.530902 -13.904894 1.420000
v 15.580902 -13.941221 1.340000
v 15.580902 -13.941221 1.420000
v 2.695305 -2.932743 0.000000
v 2.695305 -2.932743 2.500000
v 2.795305 -2.932743 0.000000
v 2.795305 -2.932743 2.500000
v 2.695305 -3.032743 0.000000
v 2.695305 -3.032743 2.500000
v 2.795305 -3.032743 0.000000
v 2.795305 -3.032743 2.500000
v 2.695305 -4.032743 0.000000
v 2.695305 -4.032743 2.500000
v 2.795305 -4.032743 0.000000
v 2.795305 -4.032743 2.500000
v 2.695305 -4.132743 0.000000
v 2.695305 -4.132743 2.500000
v 2.795305 -4.132743 0.000000
v 2.795305 -4.132743 2.500000
v 2.775305 -3.532743 0.181966
v 2.775305 -3.532743 2.418034
v 2.771286 -3.547743 0.181966
v 2.771286 -3.547743 2.418034
v 2.760305 -3.558724 0.181966
v 2.760305 -3.558724 2.418034
v 2.745305 -3.562743 0.181966
v 2.745305 -3.562743 2.418034
v 2.730305 -3.558724 0.181966
v 2.730305 -3.558724 2.418034
v 2.719324 -3.547743 0.181966
v 2.719324 -3.547743 2.418034
v 2.715305 -3.532743 0.181966
v 2.715305 -3.532743 2.418034
v 2.719324 -3.517743 0.181966
v 2.719324 -3.517743 2.418034
v 2.730305 -3.506762 0.181966
v 2.730305 -3.506762 2.418034
v 2.745305 -3.502743 0.181966
v 2.745305 -3.502743 2.418034
v 2.760305 -3.506762 0.181966
v 2.760305 -3.506762 2.418034
v 2.771286 -3.517743 0.181966
v 2.771286 -3.517743 2.418034
v 5.295304 -2.932743 0.000000
v 5.295304 -2.932743 2.500000
v 5.395305 -2.932743 0.000000
v 5.395305 -2.932743 2.500000
v 5.295304 -3.032743 0.000000
v 5.295304 -3.032743 2.500000
v 5.395305 -3.032743 0.000000
v 5.395305 -3.032743 2.500000
v 5.295304 -4.032743 0.000000
v 5.295304 -4.032743 2.500000
v 5.395305 -4.032743 0.000000
v 5.395305 -4.032743 2.500000
v 5.295304 -4.132743 0.000000
v 5.295304 -4.132743 2.500000
v 5.395305 -4.132743 0.000000
v 5.395305 -4.132743 2.500000
v 2.745305 -3.032743 1.950000
v 2.745305 -3.032743 2.030000
v 5.345304 -3.032743 1.950000
v 5.345304 -3.032743 2.030000
v 2.745305 -4.032743 1.950000
v 2.745305 -4.032743 2.030000
v 5.345304 -4.032743 1.950000
v 5.345304 -4.032743 2.030000
v 5.295304 -2.932743 0.000000
v 5.295304 -2.932743 2.500000
v 5.395305 -2.932743 0.000000
v 5.395305 -2.932743 2.500000
v 5.295304 -3.032743 0.000000
v 5.295304 -3.032743 2.500000
v 5.395305 -3.032743 0.000000
v 5.395305 -3.032743 2.500000
v 5.295304 -4.032743 0.000000
v 5.295304 -4.032743 2.500000
v 5.395305 -4.032743 0.000000
v 5.395305 -4.032743 2.500000
v 5.295304 -4.132743 0.000000
v 5.295304 -4.132743 2.500000
v 5.395305 -4.132743 0.000000
v 5.395305 -4.132743 2.500000
v 5.375305 -3.532743 0.181966
v 5.375305 -3.532743 2.418034
v 5.371286 -3.547743 0.181966
v 5.371286 -3.547743 2.418034
v 5.360305 -3.558724 0.181966
v 5.360305 -3.558724 2.418034
v 5.345305 -3.562743 0.181966
v 5.345305 -3.562743 2.418034
v 5.330305 -3.558724 0.181966
v 5.330305 -3.558724 2.418034
v 5.319324 -3.547743 0.181966
v 5.319324 -3.547743 2.418034
v 5.315305 -3.532743 0.181966
v 5.315305 -3.532743 2.418034
v 5.319324 -3.517743 0.181966
v 5.319324 -3.517743 2.418034
v 5.330305 -3.506762 0.181966
v 5.330305 -3.506762 2.418034
v 5.345305 -3.502743 0.181966
v 5.345305 -3.502743 2.418034
v 5.360305 -3.506762 0.181966
v 5.360305 -3.506762 2.418034
v 5.371286 -3.517743 0.181966
v 5.371286 -3.517743 2.418034
v 7.895305 -2.932743 0.000000
v 7.895305 -2.932743 2.500000
v 7.995305 -2.932743 0.000000
v 7.995305 -2.932743 2.500000
v 7.895305 -3.032743 0.000000
v 7.895305 -3.032743 2.500000
v 7.995305 -3.032743 0.000000
v 7.995305 -3.032743 2.500000
v 7.895305 -4.032743 0.000000
v 7.895305 -4.032743 2.500000
v 7.995305 -4.032743 0.000000
v 7.995305 -4.032743 2.500000
v 7.895305 -4.132743 0.000000
v 7.895305 -4.132743 2.500000
v 7.995305 -4.132743 0.000000
v 7.995305 -4.132743 2.500000
v 7.895305 -2.932743 0.000000
v 7.895305 -2.932743 2.500000
v 7.995305 -2.932743 0.000000
v 7.995305 -2.932743 2.500000
v 7.895305 -3.032743 0.000000
v 7.895305 -3.032743 2.500000
v 7.995305 -3.032743 0.000000
v 7.995305 -3.032743 2.500000
v 7.895305 -4.032743 0.000000
v 7.895305 -4.032743 2.500000
v 7.995305 -4.032743 0.000000
v 7.995305 -4.032743 2.500000
v 7.895305 -4.132743 0.000000
v 7.895305 -4.132743 2.500000
v 7.995305 -4.132743 0.000000
v 7.995305 -4.132743 2.500000
v 10.495305 -2.932743 0.000000
v 10.495305 -2.932743 2.500000
v 10.595305 -2.932743 0.000000
v 10.595305 -2.932743 2.500000
v 10.495305 -3.032743 0.000000
v 10.495305 -3.032743 2.500000
v 10.595305 -3.032743 0.000000
v 10.595305 -3.032743 2.500000
v 10.495305 -4.032743 0.000000
v 10.495305 -4.032743 2.500000
v 10.595305 -4.032743 0.000000
v 10.595305 -4.032743 2.500000
v 10.495305 -4.132743 0.000000
v 10.495305 -4.132743 2.500000
v 10.595305 -4.132743 0.000000
v 10.595305 -4.132743 2.500000
v 10.495305 -2.932743 0.000000
v 10.495305 -2.932743 2.500000
v 10.595305 -2.932743 0.000000
v 10.595305 -2.932743 2.500000
v 10.495305 -3.032743 0.000000
v 10.495305 -3.032743 2.500000
v 10.595305 -3.032743 0.000000
v 10.595305 -3.032743 2.500000
v 10.495305 -4.032743 0.000000
v 10.495305 -4.032743 2.500000
v 10.595305 -4.032743 0.000000
v 10.595305 -4.032743 2.500000
v 10.495305 -4.132743 0.000000
v 10.495305 -4.132743 2.500000
v 10.595305 -4.132743 0.000000
v 10.595305 -4.132743 2.500000
v 13.095304 -2.932743 0.000000
v 13.095304 -2.932743 2.500000
v 13.195305 -2.932743 0.000000
v 13.195305 -2.932743 2.500000
v 13.095304 -3.032743 0.000000
v 13.095304 -3.032743 2.500000
v 13.195305 -3.032743 0.000000
v 13.195305 -3.032743 2.500000
v 13.095304 -4.032743 0.000000
v 13.095304 -4.032743 2.500000
v 13.195305 -4.032743 0.000000
v 13.195305 -4.032743 2.500000
v 13.095304 -4.132743 0.000000
v 13.095304 -4.132743 2.500000
v 13.195305 -4.132743 0.000000
v 13.195305 -4.132743 2.500000
v 13.095304 -2.932743 0.000000
v 13.095304 -2.932743 2.500000
v 13.195305 -2.932743 0.000000
v 13.195305 -2.932743 2.500000
v 13.095304 -3.032743 0.000000
v 13.095304 -3.032743 2.500000
v 13.195305 -3.032743 0.000000
v 13.195305 -3.032743 2.500000
v 13.095304 -4.032743 0.000000
v 13.095304 -4.032743 2.500000
v 13.195305 -4.032743 0.000000
v 13.195305 -4.032743 2.500000
v 13.095304 -4.132743 0.000000
v 13.095304 -4.132743 2.500000
v 13.195305 -4.132743 0.000000
v 13.195305 -4.132743 2.500000
v 15.695305 -2.932743 0.000000
v 15.695305 -2.932743 2.500000
v 15.795305 -2.932743 0.000000
v 15.795305 -2.932743 2.500000
v 15.695305 -3.032743 0.000000
v 15.695305 -3.032743 2.500000
v 15.795305 -3.032743 0.000000
v 15.795305 -3.032743 2.500000
v 15.695305 -4.032743 0.000000
v 15.695305 -4.032743 2.500000
v 15.795305 -4.032743 0.000000
v 15.795305 -4.032743 2.500000
v 15.695305 -4.132743 0.000000
v 15.695305 -4.132743 2.500000
v 15.795305 -4.132743 0.000000
v 15.795305 -4.132743 2.500000
v 2.655305 -2.892743 0.000000
v 2.655305 -2.892743 0.040000
v 2.835305 -2.892743 0.000000
v 2.835305 -2.892743 0.040000
v 2.655305 -3.072743 0.000000
v 2.655305 -3.072743 0.040000
v 2.835305 -3.072743 0.000000
v 2.835305 -3.072743 0.040000
v 2.655305 -3.992743 0.000000
v 2.655305 -3.992743 0.040000
v 2.835305 -3.992743 0.000000
v 2.835305 -3.992743 0.040000
v 2.655305 -4.172743 0.000000
v 2.655305 -4.172743 0.040000
v 2.835305 -4.172743 0.000000
v 2.835305 -4.172743 0.040000
v 15.655305 -2.892743 0.000000
v 15.655305 -2.892743 0.040000
v 15.835305 -2.892743 0.000000
v 15.835305 -2.892743 0.040000
v 15.655305 -3.072743 0.000000
v 15.655305 -3.072743 0.040000
v 15.835305 -3.072743 0.000000
v 15.835305 -3.072743 0.040000
v 15.655305 -3.992743 0.000000
v 15.655305 -3.992743 0.040000
v 15.835305 -3.992743 0.000000
v 15.835305 -3.992743 0.040000
v 15.655305 -4.172743 0.000000
v 15.655305 -4.172743 0.040000
v 15.835305 -4.172743 0.000000
v 15.835305 -4.172743 0.040000
v 2.743773 -7.174469 0.000000
v 2.743773 -7.174469 2.500000
v 2.843772 -7.174469 0.000000
v 2.843772 -7.174469 2.500000
v 2.743773 -7.274469 0.000000
v 2.743773 -7.274469 2.500000
v 2.843772 -7.274469 0.000000
v 2.843772 -7.274469 2.500000
v 2.743773 -8.274468 0.000000
v 2.743773 -8.274468 2.500000
v 2.843772 -8.274468 0.000000
v 2.843772 -8.274468 2.500000
v 2.743773 -8.374469 0.000000
v 2.743773 -8.374469 2.500000
v 2.843772 -8.374469 0.000000
v 2.843772 -8.374469 2.500000
v 2.823772 -7.774469 0.181966
v 2.823772 -7.774469 2.418034
v 2.819753 -7.789469 0.181966
v 2.819753 -7.789469 2.418034
v 2.808773 -7.800450 0.181966
v 2.808773 -7.800450 2.418034
v 2.793772 -7.804470 0.181966
v 2.793772 -7.804470 2.418034
v 2.778772 -7.800450 0.181966
v 2.778772 -7.800450 2.418034
v 2.767792 -7.789469 0.181966
v 2.767792 -7.789469 2.418034
v 2.763772 -7.774469 0.181966
v 2.763772 -7.774469 2.418034
v 2.767792 -7.759470 0.181966
v 2.767792 -7.759470 2.418034
v 2.778772 -7.748488 0.181966
v 2.778772 -7.748488 2.418034
v 2.793772 -7.744469 0.181966
v 2.793772 -7.744469 2.418034
v 2.808773 -7.748488 0.181966
v 2.808773 -7.748488 2.418034
v 2.819753 -7.759470 0.181966
v 2.819753 -7.759470 2.418034
v 5.343772 -7.174469 0.000000
v 5.343772 -7.174469 2.500000
v 5.443773 -7.174469 0.000000
v 5.443773 -7.174469 2.500000
v 5.343772 -7.274469 0.000000
v 5.343772 -7.274469 2.500000
v 5.443773 -7.274469 0.000000
v 5.443773 -7.274469 2.500000
v 5.343772 -8.274468 0.000000
v 5.343772 -8.274468 2.500000
v 5.443773 -8.274468 0.000000
v 5.443773 -8.274468 2.500000
v 5.343772 -8.374469 0.000000
v 5.343772 -8.374469 2.500000
v 5.443773 -8.374469 0.000000
v 5.443773 -8.374469 2.500000
v 5.343772 -7.174469 0.000000
v 5.343772 -7.174469 2.500000
v 5.443773 -7.174469 0.000000
v 5.443773 -7.174469 2.500000
v 5.343772 -7.274469 0.000000
v 5.343772 -7.274469 2.500000
v 5.443773 -7.274469 0.000000
v 5.443773 -7.274469 2.500000
v 5.343772 -8.274468 0.000000
v 5.343772 -8.274468 2.500000
v 5.443773 -8.274468 0.000000
v 5.443773 -8.274468 2.500000
v 5.343772 -8.374469 0.000000
v 5.343772 -8.374469 2.500000
v 5.443773 -8.374469 0.000000
v 5.443773 -8.374469 2.500000
v 5.423773 -7.774469 0.181966
v 5.423773 -7.774469 2.418034
v 5.419754 -7.789469 0.181966
v 5.419754 -7.789469 2.418034
v 5.408773 -7.800450 0.181966
v 5.408773 -7.800450 2.418034
v 5.393773 -7.804470 0.181966
v 5.393773 -7.804470 2.418034
v 5.378773 -7.800450 0.181966
v 5.378773 -7.800450 2.418034
v 5.367792 -7.789469 0.181966
v 5.367792 -7.789469 2.418034
v 5.363773 -7.774469 0.181966
v 5.363773 -7.774469 2.418034
v 5.367792 -7.759470 0.181966
v 5.367792 -7.759470 2.418034
v 5.378773 -7.748488 0.181966
v 5.378773 -7.748488 2.418034
v 5.393773 -7.744469 0.181966
v 5.393773 -7.744469 2.418034
v 5.408773 -7.748488 0.181966
v 5.408773 -7.748488 2.418034
v 5.419754 -7.759470 0.181966
v 5.419754 -7.759470 2.418034
v 7.943772 -7.174469 0.000000
v 7.943772 -7.174469 2.500000
v 8.043773 -7.174469 0.000000
v 8.043773 -7.174469 2.500000
v 7.943772 -7.274469 0.000000
v 7.943772 -7.274469 2.500000
v 8.043773 -7.274469 0.000000
v 8.043773 -7.274469 2.500000
v 7.943772 -8.274468 0.000000
v 7.943772 -8.274468 2.500000
v 8.043773 -8.274468 0.000000
v 8.043773 -8.274468 2.500000
v 7.943772 -8.374469 0.000000
v 7.943772 -8.374469 2.500000
v 8.043773 -8.374469 0.000000
v 8.043773 -8.374469 2.500000
v 7.943772 -7.174469 0.000000
v 7.943772 -7.174469 2.500000
v 8.043773 -7.174469 0.000000
v 8.043773 -7.174469 2.500000
v 7.943772 -7.274469 0.000000
v 7.943772 -7.274469 2.500000
v 8.043773 -7.274469 0.000000
v 8.043773 -7.274469 2.500000
v 7.943772 -8.274468 0.000000
v 7.943772 -8.274468 2.500000
v 8.043773 -8.274468 0.000000
v 8.043773 -8.274468 2.500000
v 7.943772 -8.374469 0.000000
v 7.943772 -8.374469 2.500000
v 8.043773 -8.374469 0.000000
v 8.043773 -8.374469 2.500000
v 10.543773 -7.174469 0.000000
v 10.543773 -7.174469 2.500000
v 10.643773 -7.174469 0.000000
v 10.643773 -7.174469 2.500000
v 10.543773 -7.274469 0.000000
v 10.543773 -7.274469 2.500000
v 10.643773 -7.274469 0.000000
v 10.643773 -7.274469 2.500000
v 10.543773 -8.274468 0.000000
v 10.543773 -8.274468 2.500000
v 10.643773 -8.274468 0.000000
v 10.643773 -8.274468 2.500000
v 10.543773 -8.374469 0.000000
v 10.543773 -8.374469 2.500000
v 10.643773 -8.374469 0.000000
v 10.643773 -8.374469 2.500000
v 7.993773 -7.274469 1.950000
v 7.993773 -7.274469 2.030000
v 10.593773 -7.274469 1.950000
v 10.593773 -7.274469 2.030000
v 7.993773 -8.274469 1.950000
v 7.993773 -8.274469 2.030000
v 10.593773 -8.274469 1.950000
v 10.593773 -8.274469 2.030000
v 10.543773 -7.174469 0.000000
v 10.543773 -7.174469 2.500000
v 10.643773 -7.174469 0.000000
v 10.643773 -7.174469 2.500000
v 10.543773 -7.274469 0.000000
v 10.543773 -7.274469 2.500000
v 10.643773 -7.274469 0.000000
v 10.643773 -7.274469 2.500000
v 10.543773 -8.274468 0.000000
v 10.543773 -8.274468 2.500000
v 10.643773 -8.274468 0.000000
v 10.643773 -8.274468 2.500000
v 10.543773 -8.374469 0.000000
v 10.543773 -8.374469 2.500000
v 10.643773 -8.374469 0.000000
v 10.643773 -8.374469 2.500000
v 13.143772 -7.174469 0.000000
v 13.143772 -7.174469 2.500000
v 13.243773 -7.174469 0.000000
v 13.243773 -7.174469 2.500000
v 13.143772 -7.274469 0.000000
v 13.143772 -7.274469 2.500000
v 13.243773 -7.274469 0.000000
v 13.243773 -7.274469 2.500000
v 13.143772 -8.274468 0.000000
v 13.143772 -8.274468 2.500000
v 13.243773 -8.274468 0.000000
v 13.243773 -8.274468 2.500000
v 13.143772 -8.374469 0.000000
v 13.143772 -8.374469 2.500000
v 13.243773 -8.374469 0.000000
v 13.243773 -8.374469 2.500000
v 13.143772 -7.174469 0.000000
v 13.143772 -7.174469 2.500000
v 13.243773 -7.174469 0.000000
v 13.243773 -7.174469 2.500000
v 13.143772 -7.274469 0.000000
v 13.143772 -7.274469 2.500000
v 13.243773 -7.274469 0.000000
v 13.243773 -7.274469 2.500000
v 13.143772 -8.274468 0.000000
v 13.143772 -8.274468 2.500000
v 13.243773 -8.274468 0.000000
v 13.243773 -8.274468 2.500000
v 13.143772 -8.374469 0.000000
v 13.143772 -8.374469 2.500000
v 13.243773 -8.374469 0.000000
v 13.243773 -8.374469 2.500000
v 13.223772 -7.774469 0.181966
v 13.223772 -7.774469 2.418034
v 13.219753 -7.789469 0.181966
v 13.219753 -7.789469 2.418034
v 13.208773 -7.800450 0.181966
v 13.208773 -7.800450 2.418034
v 13.193772 -7.804470 0.181966
v 13.193772 -7.804470 2.418034
v 13.178772 -7.800450 0.181966
v 13.178772 -7.800450 2.418034
v 13.167791 -7.789469 0.181966
v 13.167791 -7.789469 2.418034
v 13.163773 -7.774469 0.181966
v 13.163773 -7.774469 2.418034
v 13.167791 -7.759470 0.181966
v 13.167791 -7.759470 2.418034
v 13.178772 -7.748488 0.181966
v 13.178772 -7.748488 2.418034
v 13.193772 -7.744469 0.181966
v 13.193772 -7.744469 2.418034
v 13.208773 -7.748488 0.181966
v 13.208773 -7.748488 2.418034
v 13.219753 -7.759470 0.181966
v 13.219753 -7.759470 2.418034
v 15.743773 -7.174469 0.000000
v 15.743773 -7.174469 2.500000
v 15.843773 -7.174469 0.000000
v 15.843773 -7.174469 2.500000
v 15.743773 -7.274469 0.000000
v 15.743773 -7.274469 2.500000
v 15.843773 -7.274469 0.000000
v 15.843773 -7.274469 2.500000
v 15.743773 -8.274468 0.000000
v 15.743773 -8.274468 2.500000
v 15.843773 -8.274468 0.000000
v 15.843773 -8.274468 2.500000
v 15.743773 -8.374469 0.000000
v 15.743773 -8.374469 2.500000
v 15.843773 -8.374469 0.000000
v 15.843773 -8.374469 2.500000
v 13.193772 -7.274469 1.250000
v 13.193772 -7.274469 1.330000
v 15.793773 -7.274469 1.250000
v 15.793773 -7.274469 1.330000
v 13.193772 -8.274469 1.250000
v 13.193772 -8.274469 1.330000
v 15.793773 -8.274469 1.250000
v 15.793773 -8.274469 1.330000
v 2.703773 -7.134469 0.000000
v 2.703773 -7.134469 0.040000
v 2.883773 -7.134469 0.000000
v 2.883773 -7.134469 0.040000
v 2.703773 -7.314469 0.000000
v 2.703773 -7.314469 0.040000
v 2.883773 -7.314469 0.000000
v 2.883773 -7.314469 0.040000
v 2.703773 -8.234468 0.000000
v 2.703773 -8.234468 0.040000
v 2.883773 -8.234468 0.000000
v 2.883773 -8.234468 0.040000
v 2.703773 -8.414469 0.000000
v 2.703773 -8.414469 0.040000
v 2.883773 -8.414469 0.000000
v 2.883773 -8.414469 0.040000
v 15.703773 -7.134469 0.000000
v 15.703773 -7.134469 0.040000
v 15.883773 -7.134469 0.000000
v 15.883773 -7.134469 0.040000
v 15.703773 -7.314469 0.000000
v 15.703773 -7.314469 0.040000
v 15.883773 -7.314469 0.000000
v 15.883773 -7.314469 0.040000
v 15.703773 -8.234468 0.000000
v 15.703773 -8.234468 0.040000
v 15.883773 -8.234468 0.000000
v 15.883773 -8.234468 0.040000
v 15.703773 -8.414469 0.000000
v 15.703773 -8.414469 0.040000
v 15.883773 -8.414469 0.000000
v 15.883773 -8.414469 0.040000
v 2.695305 -2.932743 0.000000
v 2.695305 -2.932743 2.500000
v 2.795305 -2.932743 0.000000
v 2.795305 -2.932743 2.500000
v 2.695305 -3.032743 0.000000
v 2.695305 -3.032743 2.500000
v 2.795305 -3.032743 0.000000
v 2.795305 -3.032743 2.500000
v 2.695305 -4.032743 0.000000
v 2.695305 -4.032743 2.500000
v 2.795305 -4.032743 0.000000
v 2.795305 -4.032743 2.500000
v 2.695305 -4.132743 0.000000
v 2.695305 -4.132743 2.500000
v 2.795305 -4.132743 0.000000
v 2.795305 -4.132743 2.500000
v 2.775305 -2.934271 -0.117135
v 2.775305 -3.934271 1.882864
v 2.771286 -2.947687 -0.123844
v 2.771286 -3.947687 1.876156
v 2.760305 -2.957509 -0.128754
v 2.760305 -3.957509 1.871246
v 2.745305 -2.961104 -0.130552
v 2.745305 -3.961104 1.869448
v 2.730305 -2.957509 -0.128754
v 2.730305 -3.957509 1.871246
v 2.719324 -2.947687 -0.123844
v 2.719324 -3.947687 1.876156
v 2.715305 -2.934271 -0.117135
v 2.715305 -3.934271 1.882864
v 2.719324 -2.920855 -0.110427
v 2.719324 -3.920855 1.889573
v 2.730305 -2.911033 -0.105516
v 2.730305 -3.911033 1.894484
v 2.745305 -2.907438 -0.103719
v 2.745305 -3.907438 1.896281
v 2.760305 -2.911033 -0.105516
v 2.760305 -3.911033 1.894484
v 2.771286 -2.920855 -0.110427
v 2.771286 -3.920855 1.889573
v 5.295305 -2.932743 0.000000
v 5.295305 -2.932743 2.500000
v 5.395305 -2.932743 0.000000
v 5.395305 -2.932743 2.500000
v 5.295305 -3.032743 0.000000
v 5.295305 -3.032743 2.500000
v 5.395305 -3.032743 0.000000
v 5.395305 -3.032743 2.500000
v 5.295305 -4.032743 0.000000
v 5.295305 -4.032743 2.500000
v 5.395305 -4.032743 0.000000
v 5.395305 -4.032743 2.500000
v 5.295305 -4.132743 0.000000
v 5.295305 -4.132743 2.500000
v 5.395305 -4.132743 0.000000
v 5.395305 -4.132743 2.500000
v 2.745305 -3.032743 0.550000
v 2.745305 -3.032743 0.630000
v 5.345304 -3.032743 0.550000
v 5.345304 -3.032743 0.630000
v 2.745305 -4.032743 0.550000
v 2.745305 -4.032743 0.630000
v 5.345304 -4.032743 0.550000
v 5.345304 -4.032743 0.630000
v 2.745305 -3.032743 1.250000
v 2.745305 -3.032743 1.330000
v 5.345304 -3.032743 1.250000
v 5.345304 -3.032743 1.330000
v 2.745305 -4.032743 1.250000
v 2.745305 -4.032743 1.330000
v 5.345304 -4.032743 1.250000
v 5.345304 -4.032743 1.330000
v 2.745305 -3.032743 1.950000
v 2.745305 -3.032743 2.030000
v 5.345304 -3.032743 1.950000
v 5.345304 -3.032743 2.030000
v 2.745305 -4.032743 1.950000
v 2.745305 -4.032743 2.030000
v 5.345304 -4.032743 1.950000
v 5.345304 -4.032743 2.030000
v 5.295305 -2.932743 0.000000
v 5.295305 -2.932743 2.500000
v 5.395305 -2.932743 0.000000
v 5.395305 -2.932743 2.500000
v 5.295305 -3.032743 0.000000
v 5.295305 -3.032743 2.500000
v 5.395305 -3.032743 0.000000
v 5.395305 -3.032743 2.500000
v 5.295305 -4.032743 0.000000
v 5.295305 -4.032743 2.500000
v 5.395305 -4.032743 0.000000
v 5.395305 -4.032743 2.500000
v 5.295305 -4.132743 0.000000
v 5.295305 -4.132743 2.500000
v 5.395305 -4.132743 0.000000
v 5.395305 -4.132743 2.500000
v 5.375305 -2.934271 -0.117135
v 5.375305 -3.934271 1.882864
v 5.371286 -2.947687 -0.123844
v 5.371286 -3.947687 1.876156
v 5.360305 -2.957509 -0.128754
v 5.360305 -3.957509 1.871246
v 5.345305 -2.961104 -0.130552
v 5.345305 -3.961104 1.869448
v 5.330305 -2.957509 -0.128754
v 5.330305 -3.957509 1.871246
v 5.319324 -2.947687 -0.123844
v 5.319324 -3.947687 1.876156
v 5.315305 -2.934271 -0.117135
v 5.315305 -3.934271 1.882864
v 5.319324 -2.920855 -0.110427
v 5.319324 -3.920855 1.889573
v 5.330305 -2.911033 -0.105516
v 5.330305 -3.911033 1.894484
v 5.345305 -2.907438 -0.103719
v 5.345305 -3.907438 1.896281
v 5.360305 -2.911033 -0.105516
v 5.360305 -3.911033 1.894484
v 5.371286 -2.920855 -0.110427
v 5.371286 -3.920855 1.889573
v 7.895304 -2.932743 0.000000
v 7.895304 -2.932743 2.500000
v 7.995305 -2.932743 0.000000
v 7.995305 -2.932743 2.500000
v 7.895304 -3.032743 0.000000
v 7.895304 -3.032743 2.500000
v 7.995305 -3.032743 0.000000
v 7.995305 -3.032743 2.500000
v 7.895304 -4.032743 0.000000
v 7.895304 -4.032743 2.500000
v 7.995305 -4.032743 0.000000
v 7.995305 -4.032743 2.500000
v 7.895304 -4.132743 0.000000
v 7.895304 -4.132743 2.500000
v 7.995305 -4.132743 0.000000
v 7.995305 -4.132743 2.500000
v 5.345305 -3.032743 0.550000
v 5.345305 -3.032743 0.630000
v 7.945305 -3.032743 0.550000
v 7.945305 -3.032743 0.630000
v 5.345305 -4.032743 0.550000
v 5.345305 -4.032743 0.630000
v 7.945305 -4.032743 0.550000
v 7.945305 -4.032743 0.630000
v 5.345305 -3.032743 1.250000
v 5.345305 -3.032743 1.330000
v 7.945305 -3.032743 1.250000
v 7.945305 -3.032743 1.330000
v 5.345305 -4.032743 1.250000
v 5.345305 -4.032743 1.330000
v 7.945305 -4.032743 1.250000
v 7.945305 -4.032743 1.330000
v 5.345305 -3.032743 1.950000
v 5.345305 -3.032743 2.030000
v 7.945305 -3.032743 1.950000
v 7.945305 -3.032743 2.030000
v 5.345305 -4.032743 1.950000
v 5.345305 -4.032743 2.030000
v 7.945305 -4.032743 1.950000
v 7.945305 -4.032743 2.030000
v 7.895304 -2.932743 0.000000
v 7.895304 -2.932743 2.500000
v 7.995305 -2.932743 0.000000
v 7.995305 -2.932743 2.500000
v 7.895304 -3.032743 0.000000
v 7.895304 -3.032743 2.500000
v 7.995305 -3.032743 0.000000
v 7.995305 -3.032743 2.500000
v 7.895304 -4.032743 0.000000
v 7.895304 -4.032743 2.500000
v 7.995305 -4.032743 0.000000
v 7.995305 -4.032743 2.500000
v 7.895304 -4.132743 0.000000
v 7.895304 -4.132743 2.500000
v 7.995305 -4.132743 0.000000
v 7.995305 -4.132743 2.500000
v 7.975305 -2.934271 -0.117135
v 7.975305 -3.934271 1.882864
v 7.971285 -2.947687 -0.123844
v 7.971285 -3.947687 1.876156
v 7.960304 -2.957509 -0.128754
v 7.960304 -3.957509 1.871246
v 7.945304 -2.961104 -0.130552
v 7.945304 -3.961104 1.869448
v 7.930305 -2.957509 -0.128754
v 7.930305 -3.957509 1.871246
v 7.919323 -2.947687 -0.123844
v 7.919323 -3.947687 1.876156
v 7.915304 -2.934271 -0.117135
v 7.915304 -3.934271 1.882864
v 7.919323 -2.920855 -0.110427
v 7.919323 -3.920855 1.889573
v 7.930305 -2.911033 -0.105516
v 7.930305 -3.911033 1.894484
v 7.945304 -2.907438 -0.103719
v 7.945304 -3.907438 1.896281
v 7.960304 -2.911033 -0.105516
v 7.960304 -3.911033 1.894484
v 7.971285 -2.920855 -0.110427
v 7.971285 -3.920855 1.889573
v 10.495304 -2.932743 0.000000
v 10.495304 -2.932743 2.500000
v 10.595304 -2.932743 0.000000
v 10.595304 -2.932743 2.500000
v 10.495304 -3.032743 0.000000
v 10.495304 -3.032743 2.500000
v 10.595304 -3.032743 0.000000
v 10.595304 -3.032743 2.500000
v 10.495304 -4.032743 0.000000
v 10.495304 -4.032743 2.500000
v 10.595304 -4.032743 0.000000
v 10.595304 -4.032743 2.500000
v 10.495304 -4.132743 0.000000
v 10.495304 -4.132743 2.500000
v 10.595304 -4.132743 0.000000
v 10.595304 -4.132743 2.500000
v 7.945304 -3.032743 0.550000
v 7.945304 -3.032743 0.630000
v 10.545304 -3.032743 0.550000
v 10.545304 -3.032743 0.630000
v 7.945304 -4.032743 0.550000
v 7.945304 -4.032743 0.630000
v 10.545304 -4.032743 0.550000
v 10.545304 -4.032743 0.630000
v 7.945304 -3.032743 1.250000
v 7.945304 -3.032743 1.330000
v 10.545304 -3.032743 1.250000
v 10.545304 -3.032743 1.330000
v 7.945304 -4.032743 1.250000
v 7.945304 -4.032743 1.330000
v 10.545304 -4.032743 1.250000
v 10.545304 -4.032743 1.330000
v 7.945304 -3.032743 1.950000
v 7.945304 -3.032743 2.030000
v 10.545304 -3.032743 1.950000
v 10.545304 -3.032743 2.030000
v 7.945304 -4.032743 1.950000
v 7.945304 -4.032743 2.030000
v 10.545304 -4.032743 1.950000
v 10.545304 -4.032743 2.030000
v 10.495304 -2.932743 0.000000
v 10.495304 -2.932743 2.500000
v 10.595304 -2.932743 0.000000
v 10.595304 -2.932743 2.500000
v 10.495304 -3.032743 0.000000
v 10.495304 -3.032743 2.500000
v 10.595304 -3.032743 0.000000
v 10.595304 -3.032743 2.500000
v 10.495304 -4.032743 0.000000
v 10.495304 -4.032743 2.500000
v 10.595304 -4.032743 0.000000
v 10.595304 -4.032743 2.500000
v 10.495304 -4.132743 0.000000
v 10.495304 -4.132743 2.500000
v 10.595304 -4.132743 0.000000
v 10.595304 -4.132743 2.500000
v 10.575304 -2.934271 -0.117135
v 10.575304 -3.934271 1.882864
v 10.571285 -2.947687 -0.123844
v 10.571285 -3.947687 1.876156
v 10.560305 -2.957509 -0.128754
v 10.560305 -3.957509 1.871246
v 10.545304 -2.961104 -0.130552
v 10.545304 -3.961104 1.869448
v 10.530304 -2.957509 -0.128754
v 10.530304 -3.957509 1.871246
v 10.519323 -2.947687 -0.123844
v 10.519323 -3.947687 1.876156
v 10.515305 -2.934271 -0.117135
v 10.515305 -3.934271 1.882864
v 10.519323 -2.920855 -0.110427
v 10.519323 -3.920855 1.889573
v 10.530304 -2.911033 -0.105516
v 10.530304 -3.911033 1.894484
v 10.545304 -2.907438 -0.103719
v 10.545304 -3.907438 1.896281
v 10.560305 -2.911033 -0.105516
v 10.560305 -3.911033 1.894484
v 10.571285 -2.920855 -0.110427
v 10.571285 -3.920855 1.889573
v 13.095304 -2.932743 0.000000
v 13.095304 -2.932743 2.500000
v 13.195304 -2.932743 0.000000
v 13.195304 -2.932743 2.500000
v 13.095304 -3.032743 0.000000
v 13.095304 -3.032743 2.500000
v 13.195304 -3.032743 0.000000
v 13.195304 -3.032743 2.500000
v 13.095304 -4.032743 0.000000
v 13.095304 -4.032743 2.500000
v 13.195304 -4.032743 0.000000
v 13.195304 -4.032743 2.500000
v 13.095304 -4.132743 0.000000
v 13.095304 -4.132743 2.500000
v 13.195304 -4.132743 0.000000
v 13.195304 -4.132743 2.500000
v 10.545304 -3.032743 0.550000
v 10.545304 -3.032743 0.630000
v 13.145305 -3.032743 0.550000
v 13.145305 -3.032743 0.630000
v 10.545304 -4.032743 0.550000
v 10.545304 -4.032743 0.630000
v 13.145305 -4.032743 0.550000
v 13.145305 -4.032743 0.630000
v 10.545304 -3.032743 1.250000
v 10.545304 -3.032743 1.330000
v 13.145305 -3.032743 1.250000
v 13.145305 -3.032743 1.330000
v 10.545304 -4.032743 1.250000
v 10.545304 -4.032743 1.330000
v 13.145305 -4.032743 1.250000
v 13.145305 -4.032743 1.330000
v 10.545304 -3.032743 1.950000
v 10.545304 -3.032743 2.030000
v 13.145305 -3.032743 1.950000
v 13.145305 -3.032743 2.030000
v 10.545304 -4.032743 1.950000
v 10.545304 -4.032743 2.030000
v 13.145305 -4.032743 1.950000
v 13.145305 -4.032743 2.030000
v 13.095304 -2.932743 0.000000
v 13.095304 -2.932743 2.500000
v 13.195304 -2.932743 0.000000
v 13.195304 -2.932743 2.500000
v 13.095304 -3.032743 0.000000
v 13.095304 -3.032743 2.500000
v 13.195304 -3.032743 0.000000
v 13.195304 -3.032743 2.500000
v 13.095304 -4.032743 0.000000
v 13.095304 -4.032743 2.500000
v 13.195304 -4.032743 0.000000
v 13.195304 -4.032743 2.500000
v 13.095304 -4.132743 0.000000
v 13.095304 -4.132743 2.500000
v 13.195304 -4.132743 0.000000
v 13.195304 -4.132743 2.500000
v 13.175303 -2.934271 -0.117135
v 13.175303 -3.934271 1.882864
v 13.171285 -2.947687 -0.123844
v 13.171285 -3.947687 1.876156
v 13.160304 -2.957509 -0.128754
v 13.160304 -3.957509 1.871246
v 13.145304 -2.961104 -0.130552
v 13.145304 -3.961104 1.869448
v 13.130303 -2.957509 -0.128754
v 13.130303 -3.957509 1.871246
v 13.119323 -2.947687 -0.123844
v 13.119323 -3.947687 1.876156
v 13.115304 -2.934271 -0.117135
v 13.115304 -3.934271 1.882864
v 13.119323 -2.920855 -0.110427
v 13.119323 -3.920855 1.889573
v 13.130303 -2.911033 -0.105516
v 13.130303 -3.911033 1.894484
v 13.145304 -2.907438 -0.103719
v 13.145304 -3.907438 1.896281
v 13.160304 -2.911033 -0.105516
v 13.160304 -3.911033 1.894484
v 13.171285 -2.920855 -0.110427
v 13.171285 -3.920855 1.889573
v 15.695304 -2.932743 0.000000
v 15.695304 -2.932743 2.500000
v 15.795304 -2.932743 0.000000
v 15.795304 -2.932743 2.500000
v 15.695304 -3.032743 0.000000
v 15.695304 -3.032743 2.500000
v 15.795304 -3.032743 0.000000
v 15.795304 -3.032743 2.500000
v 15.695304 -4.032743 0.000000
v 15.695304 -4.032743 2.500000
v 15.795304 -4.032743 0.000000
v 15.795304 -4.032743 2.500000
v 15.695304 -4.132743 0.000000
v 15.695304 -4.132743 2.500000
v 15.795304 -4.132743 0.000000
v 15.795304 -4.132743 2.500000
v 13.145304 -3.032743 0.550000
v 13.145304 -3.032743 0.630000
v 15.745304 -3.032743 0.550000
v 15.745304 -3.032743 0.630000
v 13.145304 -4.032743 0.550000
v 13.145304 -4.032743 0.630000
v 15.745304 -4.032743 0.550000
v 15.745304 -4.032743 0.630000
v 13.145304 -3.032743 1.250000
v 13.145304 -3.032743 1.330000
v 15.745304 -3.032743 1.250000
v 15.745304 -3.032743 1.330000
v 13.145304 -4.032743 1.250000
v 13.145304 -4.032743 1.330000
v 15.745304 -4.032743 1.250000
v 15.745304 -4.032743 1.330000
v 13.145304 -3.032743 1.950000
v 13.145304 -3.032743 2.030000
v 15.745304 -3.032743 1.950000
v 15.745304 -3.032743 2.030000
v 13.145304 -4.032743 1.950000
v 13.145304 -4.032743 2.030000
v 15.745304 -4.032743 1.950000
v 15.745304 -4.032743 2.030000
v 2.745304 -2.932743 2.500000
v 2.745304 -2.932743 2.600000
v 15.745304 -2.932743 2.500000
v 15.745304 -2.932743 2.600000
v 2.745304 -3.032743 2.500000
v 2.745304 -3.032743 2.600000
v 15.745304 -3.032743 2.500000
v 15.745304 -3.032743 2.600000
v 2.745304 -4.032743 2.500000
v 2.745304 -4.032743 2.600000
v 15.745304 -4.032743 2.500000
v 15.745304 -4.032743 2.600000
v 2.745304 -4.132743 2.500000
v 2.745304 -4.132743 2.600000
v 15.745304 -4.132743 2.500000
v 15.745304 -4.132743 2.600000
v 2.743773 -7.174469 0.000000
v 2.743773 -7.174469 2.500000
v 2.843772 -7.174469 0.000000
v 2.843772 -7.174469 2.500000
v 2.743773 -7.274469 0.000000
v 2.743773 -7.274469 2.500000
v 2.843772 -7.274469 0.000000
v 2.843772 -7.274469 2.500000
v 2.743773 -8.274468 0.000000
v 2.743773 -8.274468 2.500000
v 2.843772 -8.274468 0.000000
v 2.843772 -8.274468 2.500000
v 2.743773 -8.374469 0.000000
v 2.743773 -8.374469 2.500000
v 2.843772 -8.374469 0.000000
v 2.843772 -8.374469 2.500000
v 2.823772 -7.361623 0.669189
v 2.823772 -8.361623 2.669189
v 2.819753 -7.375039 0.662481
v 2.819753 -8.375039 2.662481
v 2.808773 -7.384861 0.657570
v 2.808773 -8.384861 2.657570
v 2.793772 -7.388455 0.655772
v 2.793772 -8.388455 2.655772
v 2.778772 -7.384861 0.657570
v 2.778772 -8.384861 2.657570
v 2.767792 -7.375039 0.662481
v 2.767792 -8.375039 2.662481
v 2.763772 -7.361623 0.669189
v 2.763772 -8.361623 2.669189
v 2.767792 -7.348207 0.675897
v 2.767792 -8.348207 2.675897
v 2.778772 -7.338385 0.680808
v 2.778772 -8.338385 2.680808
v 2.793772 -7.334790 0.682605
v 2.793772 -8.334790 2.682605
v 2.808773 -7.338385 0.680808
v 2.808773 -8.338385 2.680808
v 2.819753 -7.348207 0.675897
v 2.819753 -8.348207 2.675897
v 5.343773 -7.174469 0.000000
v 5.343773 -7.174469 2.500000
v 5.443773 -7.174469 0.000000
v 5.443773 -7.174469 2.500000
v 5.343773 -7.274469 0.000000
v 5.343773 -7.274469 2.500000
v 5.443773 -7.274469 0.000000
v 5.443773 -7.274469 2.500000
v 5.343773 -8.274468 0.000000
v 5.343773 -8.274468 2.500000
v 5.443773 -8.274468 0.000000
v 5.443773 -8.274468 2.500000
v 5.343773 -8.374469 0.000000
v 5.343773 -8.374469 2.500000
v 5.443773 -8.374469 0.000000
v 5.443773 -8.374469 2.500000
v 2.793773 -7.274469 0.550000
v 2.793773 -7.274469 0.630000
v 5.393773 -7.274469 0.550000
v 5.393773 -7.274469 0.630000
v 2.793773 -8.274469 0.550000
v 2.793773 -8.274469 0.630000
v 5.393773 -8.274469 0.550000
v 5.393773 -8.274469 0.630000
v 2.793773 -7.274469 1.250000
v 2.793773 -7.274469 1.330000
v 5.393773 -7.274469 1.250000
v 5.393773 -7.274469 1.330000
v 2.793773 -8.274469 1.250000
v 2.793773 -8.274469 1.330000
v 5.393773 -8.274469 1.250000
v 5.393773 -8.274469 1.330000
v 2.793773 -7.274469 1.950000
v 2.793773 -7.274469 2.030000
v 5.393773 -7.274469 1.950000
v 5.393773 -7.274469 2.030000
v 2.793773 -8.274469 1.950000
v 2.793773 -8.274469 2.030000
v 5.393773 -8.274469 1.950000
v 5.393773 -8.274469 2.030000
v 5.343773 -7.174469 0.000000
v 5.343773 -7.174469 2.500000
v 5.443773 -7.174469 0.000000
v 5.443773 -7.174469 2.500000
v 5.343773 -7.274469 0.000000
v 5.343773 -7.274469 2.500000
v 5.443773 -7.274469 0.000000
v 5.443773 -7.274469 2.500000
v 5.343773 -8.274468 0.000000
v 5.343773 -8.274468 2.500000
v 5.443773 -8.274468 0.000000
v 5.443773 -8.274468 2.500000
v 5.343773 -8.374469 0.000000
v 5.343773 -8.374469 2.500000
v 5.443773 -8.374469 0.000000
v 5.443773 -8.374469 2.500000
v 5.423773 -7.361623 0.669189
v 5.423773 -8.361623 2.669189
v 5.419754 -7.375039 0.662481
v 5.419754 -8.375039 2.662481
v 5.408773 -7.384861 0.657570
v 5.408773 -8.384861 2.657570
v 5.393773 -7.388455 0.655772
v 5.393773 -8.388455 2.655772
v 5.378773 -7.384861 0.657570
v 5.378773 -8.384861 2.657570
v 5.367792 -7.375039 0.662481
v 5.367792 -8.375039 2.662481
v 5.363773 -7.361623 0.669189
v 5.363773 -8.361623 2.669189
v 5.367792 -7.348207 0.675897
v 5.367792 -8.348207 2.675897
v 5.378773 -7.338385 0.680808
v 5.378773 -8.338385 2.680808
v 5.393773 -7.334790 0.682605
v 5.393773 -8.334790 2.682605
v 5.408773 -7.338385 0.680808
v 5.408773 -8.338385 2.680808
v 5.419754 -7.348207 0.675897
v 5.419754 -8.348207 2.675897
v 7.943772 -7.174469 0.000000
v 7.943772 -7.174469 2.500000
v 8.043773 -7.174469 0.000000
v 8.043773 -7.174469 2.500000
v 7.943772 -7.274469 0.000000
v 7.943772 -7.274469 2.500000
v 8.043773 -7.274469 0.000000
v 8.043773 -7.274469 2.500000
v 7.943772 -8.274468 0.000000
v 7.943772 -8.274468 2.500000
v 8.043773 -8.274468 0.000000
v 8.043773 -8.274468 2.500000
v 7.943772 -8.374469 0.000000
v 7.943772 -8.374469 2.500000
v 8.043773 -8.374469 0.000000
v 8.043773 -8.374469 2.500000
v 5.393773 -7.274469 0.550000
v 5.393773 -7.274469 0.630000
v 7.993773 -7.274469 0.550000
v 7.993773 -7.274469 0.630000
v 5.393773 -8.274469 0.550000
v 5.393773 -8.274469 0.630000
v 7.993773 -8.274469 0.550000
v 7.993773 -8.274469 0.630000
v 5.393773 -7.274469 1.250000
v 5.393773 -7.274469 1.330000
v 7.993773 -7.274469 1.250000
v 7.993773 -7.274469 1.330000
v 5.393773 -8.274469 1.250000
v 5.393773 -8.274469 1.330000
v 7.993773 -8.274469 1.250000
v 7.993773 -8.274469 1.330000
v 5.393773 -7.274469 1.950000
v 5.393773 -7.274469 2.030000
v 7.993773 -7.274469 1.950000
v 7.993773 -7.274469 2.030000
v 5.393773 -8.274469 1.950000
v 5.393773 -8.274469 2.030000
v 7.993773 -8.274469 1.950000
v 7.993773 -8.274469 2.030000
v 7.943772 -7.174469 0.000000
v 7.943772 -7.174469 2.500000
v 8.043773 -7.174469 0.000000
v 8.043773 -7.174469 2.500000
v 7.943772 -7.274469 0.000000
v 7.943772 -7.274469 2.500000
v 8.043773 -7.274469 0.000000
v 8.043773 -7.274469 2.500000
v 7.943772 -8.274468 0.000000
v 7.943772 -8.274468 2.500000
v 8.043773 -8.274468 0.000000
v 8.043773 -8.274468 2.500000
v 7.943772 -8.374469 0.000000
v 7.943772 -8.374469 2.500000
v 8.043773 -8.374469 0.000000
v 8.043773 -8.374469 2.500000
v 8.023772 -7.361623 0.669189
v 8.023772 -8.361623 2.669189
v 8.019753 -7.375039 0.662481
v 8.019753 -8.375039 2.662481
v 8.008773 -7.384861 0.657570
v 8.008773 -8.384861 2.657570
v 7.993773 -7.388455 0.655772
v 7.993773 -8.388455 2.655772
v 7.978773 -7.384861 0.657570
v 7.978773 -8.384861 2.657570
v 7.967792 -7.375039 0.662481
v 7.967792 -8.375039 2.662481
v 7.963772 -7.361623 0.669189
v 7.963772 -8.361623 2.669189
v 7.967792 -7.348207 0.675897
v 7.967792 -8.348207 2.675897
v 7.978773 -7.338385 0.680808
v 7.978773 -8.338385 2.680808
v 7.993773 -7.334790 0.682605
v 7.993773 -8.334790 2.682605
v 8.008773 -7.338385 0.680808
v 8.008773 -8.338385 2.680808
v 8.019753 -7.348207 0.675897
v 8.019753 -8.348207 2.675897
v 10.543773 -7.174469 0.000000
v 10.543773 -7.174469 2.500000
v 10.643773 -7.174469 0.000000
v 10.643773 -7.174469 2.500000
v 10.543773 -7.274469 0.000000
v 10.543773 -7.274469 2.500000
v 10.643773 -7.274469 0.000000
v 10.643773 -7.274469 2.500000
v 10.543773 -8.274468 0.000000
v 10.543773 -8.274468 2.500000
v 10.643773 -8.274468 0.000000
v 10.643773 -8.274468 2.500000
v 10.543773 -8.374469 0.000000
v 10.543773 -8.374469 2.500000
v 10.643773 -8.374469 0.000000
v 10.643773 -8.374469 2.500000
v 7.993773 -7.274469 0.550000
v 7.993773 -7.274469 0.630000
v 10.593773 -7.274469 0.550000
v 10.593773 -7.274469 0.630000
v 7.993773 -8.274469 0.550000
v 7.993773 -8.274469 0.630000
v 10.593773 -8.274469 0.550000
v 10.593773 -8.274469 0.630000
v 7.993773 -7.274469 1.250000
v 7.993773 -7.274469 1.330000
v 10.593773 -7.274469 1.250000
v 10.593773 -7.274469 1.330000
v 7.993773 -8.274469 1.250000
v 7.993773 -8.274469 1.330000
v 10.593773 -8.274469 1.250000
v 10.593773 -8.274469 1.330000
v 7.993773 -7.274469 1.950000
v 7.993773 -7.274469 2.030000
v 10.593773 -7.274469 1.950000
v 10.593773 -7.274469 2.030000
v 7.993773 -8.274469 1.950000
v 7.993773 -8.274469 2.030000
v 10.593773 -8.274469 1.950000
v 10.593773 -8.274469 2.030000
v 10.543773 -7.174469 0.000000
v 10.543773 -7.174469 2.500000
v 10.643773 -7.174469 0.000000
v 10.643773 -7.174469 2.500000
v 10.543773 -7.274469 0.000000
v 10.543773 -7.274469 2.500000
v 10.643773 -7.274469 0.000000
v 10.643773 -7.274469 2.500000
v 10.543773 -8.274468 0.000000
v 10.543773 -8.274468 2.500000
v 10.643773 -8.274468 0.000000
v 10.643773 -8.274468 2.500000
v 10.543773 -8.374469 0.000000
v 10.543773 -8.374469 2.500000
v 10.643773 -8.374469 0.000000
v 10.643773 -8.374469 2.500000
v 10.623773 -7.361623 0.669189
v 10.623773 -8.361623 2.669189
v 10.619754 -7.375039 0.662481
v 10.619754 -8.375039 2.662481
v 10.608773 -7.384861 0.657570
v 10.608773 -8.384861 2.657570
v 10.593773 -7.388455 0.655772
v 10.593773 -8.388455 2.655772
v 10.578773 -7.384861 0.657570
v 10.578773 -8.384861 2.657570
v 10.567792 -7.375039 0.662481
v 10.567792 -8.375039 2.662481
v 10.563773 -7.361623 0.669189
v 10.563773 -8.361623 2.669189
v 10.567792 -7.348207 0.675897
v 10.567792 -8.348207 2.675897
v 10.578773 -7.338385 0.680808
v 10.578773 -8.338385 2.680808
v 10.593773 -7.334790 0.682605
v 10.593773 -8.334790 2.682605
v 10.608773 -7.338385 0.680808
v 10.608773 -8.338385 2.680808
v 10.619754 -7.348207 0.675897
v 10.619754 -8.348207 2.675897
v 13.143772 -7.174469 0.000000
v 13.143772 -7.174469 2.500000
v 13.243773 -7.174469 0.000000
v 13.243773 -7.174469 2.500000
v 13.143772 -7.274469 0.000000
v 13.143772 -7.274469 2.500000
v 13.243773 -7.274469 0.000000
v 13.243773 -7.274469 2.500000
v 13.143772 -8.274468 0.000000
v 13.143772 -8.274468 2.500000
v 13.243773 -8.274468 0.000000
v 13.243773 -8.274468 2.500000
v 13.143772 -8.374469 0.000000
v 13.143772 -8.374469 2.500000
v 13.243773 -8.374469 0.000000
v 13.243773 -8.374469 2.500000
v 10.593773 -7.274469 0.550000
v 10.593773 -7.274469 0.630000
v 13.193773 -7.274469 0.550000
v 13.193773 -7.274469 0.630000
v 10.593773 -8.274469 0.550000
v 10.593773 -8.274469 0.630000
v 13.193773 -8.274469 0.550000
v 13.193773 -8.274469 0.630000
v 10.593773 -7.274469 1.250000
v 10.593773 -7.274469 1.330000
v 13.193773 -7.274469 1.250000
v 13.193773 -7.274469 1.330000
v 10.593773 -8.274469 1.250000
v 10.593773 -8.274469 1.330000
v 13.193773 -8.274469 1.250000
v 13.193773 -8.274469 1.330000
v 10.593773 -7.274469 1.950000
v 10.593773 -7.274469 2.030000
v 13.193773 -7.274469 1.950000
v 13.193773 -7.274469 2.030000
v 10.593773 -8.274469 1.950000
v 10.593773 -8.274469 2.030000
v 13.193773 -8.274469 1.950000
v 13.193773 -8.274469 2.030000
v 13.143772 -7.174469 0.000000
v 13.143772 -7.174469 2.500000
v 13.243773 -7.174469 0.000000
v 13.243773 -7.174469 2.500000
v 13.143772 -7.274469 0.000000
v 13.143772 -7.274469 2.500000
v 13.243773 -7.274469 0.000000
v 13.243773 -7.274469 2.500000
v 13.143772 -8.274468 0.000000
v 13.143772 -8.274468 2.500000
v 13.243773 -8.274468 0.000000
v 13.243773 -8.274468 2.500000
v 13.143772 -8.374469 0.000000
v 13.143772 -8.374469 2.500000
v 13.243773 -8.374469 0.000000
v 13.243773 -8.374469 2.500000
v 13.223772 -7.361623 0.669189
v 13.223772 -8.361623 2.669189
v 13.219753 -7.375039 0.662481
v 13.219753 -8.375039 2.662481
v 13.208773 -7.384861 0.657570
v 13.208773 -8.384861 2.657570
v 13.193772 -7.388455 0.655772
v 13.193772 -8.388455 2.655772
v 13.178772 -7.384861 0.657570
v 13.178772 -8.384861 2.657570
v 13.167791 -7.375039 0.662481
v 13.167791 -8.375039 2.662481
v 13.163773 -7.361623 0.669189
v 13.163773 -8.361623 2.669189
v 13.167791 -7.348207 0.675897
v 13.167791 -8.348207 2.675897
v 13.178772 -7.338385 0.680808
v 13.178772 -8.338385 2.680808
v 13.193772 -7.334790 0.682605
v 13.193772 -8.334790 2.682605
v 13.208773 -7.338385 0.680808
v 13.208773 -8.338385 2.680808
v 13.219753 -7.348207 0.675897
v 13.219753 -8.348207 2.675897
v 15.743773 -7.174469 0.000000
v 15.743773 -7.174469 2.500000
v 15.843774 -7.174469 0.000000
v 15.843774 -7.174469 2.500000
v 15.743773 -7.274469 0.000000
v 15.743773 -7.274469 2.500000
v 15.843774 -7.274469 0.000000
v 15.843774 -7.274469 2.500000
v 15.743773 -8.274468 0.000000
v 15.743773 -8.274468 2.500000
v 15.843774 -8.274468 0.000000
v 15.843774 -8.274468 2.500000
v 15.743773 -8.374469 0.000000
v 15.743773 -8.374469 2.500000
v 15.843774 -8.374469 0.000000
v 15.843774 -8.374469 2.500000
v 13.193772 -7.274469 0.550000
v 13.193772 -7.274469 0.630000
v 15.793773 -7.274469 0.550000
v 15.793773 -7.274469 0.630000
v 13.193772 -8.274469 0.550000
v 13.193772 -8.274469 0.630000
v 15.793773 -8.274469 0.550000
v 15.793773 -8.274469 0.630000
v 13.193772 -7.274469 1.250000
v 13.193772 -7.274469 1.330000
v 15.793773 -7.274469 1.250000
v 15.793773 -7.274469 1.330000
v 13.193772 -8.274469 1.250000
v 13.193772 -8.274469 1.330000
v 15.793773 -8.274469 1.250000
v 15.793773 -8.274469 1.330000
v 13.193772 -7.274469 1.950000
v 13.193772 -7.274469 2.030000
v 15.793773 -7.274469 1.950000
v 15.793773 -7.274469 2.030000
v 13.193772 -8.274469 1.950000
v 13.193772 -8.274469 2.030000
v 15.793773 -8.274469 1.950000
v 15.793773 -8.274469 2.030000
v 2.793773 -7.174469 2.500000
v 2.793773 -7.174469 2.600000
v 15.793773 -7.174469 2.500000
v 15.793773 -7.174469 2.600000
v 2.793773 -7.274469 2.500000
v 2.793773 -7.274469 2.600000
v 15.793773 -7.274469 2.500000
v 15.793773 -7.274469 2.600000
v 2.793773 -8.274468 2.500000
v 2.793773 -8.274468 2.600000
v 15.793773 -8.274468 2.500000
v 15.793773 -8.274468 2.600000
v 2.793773 -8.374469 2.500000
v 2.793773 -8.374469 2.600000
v 15.793773 -8.374469 2.500000
v 15.793773 -8.374469 2.600000
v 3.800000 -10.846178 0.000000
v 3.800000 -10.846178 0.025000
v 4.600000 -10.846178 0.000000
v 4.600000 -10.846178 0.025000
v 3.800000 -12.046179 0.000000
v 3.800000 -12.046179 0.025000
v 4.600000 -12.046179 0.000000
v 4.600000 -12.046179 0.025000
v 3.870000 -10.946178 0.025000
v 3.870000 -10.946178 0.120000
v 3.970000 -10.946178 0.025000
v 3.970000 -10.946178 0.120000
v 3.870000 -11.046179 0.025000
v 3.870000 -11.046179 0.120000
v 3.970000 -11.046179 0.025000
v 3.970000 -11.046179 0.120000
v 4.150000 -10.946178 0.025000
v 4.150000 -10.946178 0.120000
v 4.250000 -10.946178 0.025000
v 4.250000 -10.946178 0.120000
v 4.150000 -11.046179 0.025000
v 4.150000 -11.046179 0.120000
v 4.250000 -11.046179 0.025000
v 4.250000 -11.046179 0.120000
v 4.430000 -10.946178 0.025000
v 4.430000 -10.946178 0.120000
v 4.530000 -10.946178 0.025000
v 4.530000 -10.946178 0.120000
v 4.430000 -11.046179 0.025000
v 4.430000 -11.046179 0.120000
v 4.530000 -11.046179 0.025000
v 4.530000 -11.046179 0.120000
v 3.870000 -11.396178 0.025000
v 3.870000 -11.396178 0.120000
v 3.970000 -11.396178 0.025000
v 3.970000 -11.396178 0.120000
v 3.870000 -11.496179 0.025000
v 3.870000 -11.496179 0.120000
v 3.970000 -11.496179 0.025000
v 3.970000 -11.496179 0.120000
v 4.150000 -11.396178 0.025000
v 4.150000 -11.396178 0.120000
v 4.250000 -11.396178 0.025000
v 4.250000 -11.396178 0.120000
v 4.150000 -11.496179 0.025000
v 4.150000 -11.496179 0.120000
v 4.250000 -11.496179 0.025000
v 4.250000 -11.496179 0.120000
v 4.430000 -11.396178 0.025000
v 4.430000 -11.396178 0.120000
v 4.530000 -11.396178 0.025000
v 4.530000 -11.396178 0.120000
v 4.430000 -11.496179 0.025000
v 4.430000 -11.496179 0.120000
v 4.530000 -11.496179 0.025000
v 4.530000 -11.496179 0.120000
v 3.870000 -11.846178 0.025000
v 3.870000 -11.846178 0.120000
v 3.970000 -11.846178 0.025000
v 3.970000 -11.846178 0.120000
v 3.870000 -11.946178 0.025000
v 3.870000 -11.946178 0.120000
v 3.970000 -11.946178 0.025000
v 3.970000 -11.946178 0.120000
v 4.150000 -11.846178 0.025000
v 4.150000 -11.846178 0.120000
v 4.250000 -11.846178 0.025000
v 4.250000 -11.846178 0.120000
v 4.150000 -11.946178 0.025000
v 4.150000 -11.946178 0.120000
v 4.250000 -11.946178 0.025000
v 4.250000 -11.946178 0.120000
v 4.430000 -11.846178 0.025000
v 4.430000 -11.846178 0.120000
v 4.530000 -11.846178 0.025000
v 4.530000 -11.846178 0.120000
v 4.430000 -11.946178 0.025000
v 4.430000 -11.946178 0.120000
v 4.530000 -11.946178 0.025000
v 4.530000 -11.946178 0.120000
v 3.800000 -12.846178 0.000000
v 3.800000 -12.846178 0.025000
v 4.600000 -12.846178 0.000000
v 4.600000 -12.846178 0.025000
v 3.800000 -14.046179 0.000000
v 3.800000 -14.046179 0.025000
v 4.600000 -14.046179 0.000000
v 4.600000 -14.046179 0.025000
v 3.870000 -12.946178 0.025000
v 3.870000 -12.946178 0.120000
v 3.970000 -12.946178 0.025000
v 3.970000 -12.946178 0.120000
v 3.870000 -13.046179 0.025000
v 3.870000 -13.046179 0.120000
v 3.970000 -13.046179 0.025000
v 3.970000 -13.046179 0.120000
v 4.150000 -12.946178 0.025000
v 4.150000 -12.946178 0.120000
v 4.250000 -12.946178 0.025000
v 4.250000 -12.946178 0.120000
v 4.150000 -13.046179 0.025000
v 4.150000 -13.046179 0.120000
v 4.250000 -13.046179 0.025000
v 4.250000 -13.046179 0.120000
v 4.430000 -12.946178 0.025000
v 4.430000 -12.946178 0.120000
v 4.530000 -12.946178 0.025000
v 4.530000 -12.946178 0.120000
v 4.430000 -13.046179 0.025000
v 4.430000 -13.046179 0.120000
v 4.530000 -13.046179 0.025000
v 4.530000 -13.046179 0.120000
v 3.870000 -13.396178 0.025000
v 3.870000 -13.396178 0.120000
v 3.970000 -13.396178 0.025000
v 3.970000 -13.396178 0.120000
v 3.870000 -13.496179 0.025000
v 3.870000 -13.496179 0.120000
v 3.970000 -13.496179 0.025000
v 3.970000 -13.496179 0.120000
v 4.150000 -13.396178 0.025000
v 4.150000 -13.396178 0.120000
v 4.250000 -13.396178 0.025000
v 4.250000 -13.396178 0.120000
v 4.150000 -13.496179 0.025000
v 4.150000 -13.496179 0.120000
v 4.250000 -13.496179 0.025000
v 4.250000 -13.496179 0.120000
v 4.430000 -13.396178 0.025000
v 4.430000 -13.396178 0.120000
v 4.530000 -13.396178 0.025000
v 4.530000 -13.396178 0.120000
v 4.430000 -13.496179 0.025000
v 4.430000 -13.496179 0.120000
v 4.530000 -13.496179 0.025000
v 4.530000 -13.496179 0.120000
v 3.870000 -13.846178 0.025000
v 3.870000 -13.846178 0.120000
v 3.970000 -13.846178 0.025000
v 3.970000 -13.846178 0.120000
v 3.870000 -13.946178 0.025000
v 3.870000 -13.946178 0.120000
v 3.970000 -13.946178 0.025000
v 3.970000 -13.946178 0.120000
v 4.150000 -13.846178 0.025000
v 4.150000 -13.846178 0.120000
v 4.250000 -13.846178 0.025000
v 4.250000 -13.846178 0.120000
v 4.150000 -13.946178 0.025000
v 4.150000 -13.946178 0.120000
v 4.250000 -13.946178 0.025000
v 4.250000 -13.946178 0.120000
v 4.430000 -13.846178 0.025000
v 4.430000 -13.846178 0.120000
v 4.530000 -13.846178 0.025000
v 4.530000 -13.846178 0.120000
v 4.430000 -13.946178 0.025000
v 4.430000 -13.946178 0.120000
v 4.530000 -13.946178 0.025000
v 4.530000 -13.946178 0.120000
v 4.075000 -14.046179 0.245000
v 4.075000 -14.046179 0.545000
v 4.325000 -14.046179 0.245000
v 4.325000 -14.046179 0.545000
v 4.075000 -14.050179 0.245000
v 4.075000 -14.050179 0.545000
v 4.325000 -14.050179 0.245000
v 4.325000 -14.050179 0.545000
v 3.800000 -14.846178 0.000000
v 3.800000 -14.846178 0.025000
v 4.600000 -14.846178 0.000000
v 4.600000 -14.846178 0.025000
v 3.800000 -16.046179 0.000000
v 3.800000 -16.046179 0.025000
v 4.600000 -16.046179 0.000000
v 4.600000 -16.046179 0.025000
v 3.870000 -14.946178 0.025000
v 3.870000 -14.946178 0.120000
v 3.970000 -14.946178 0.025000
v 3.970000 -14.946178 0.120000
v 3.870000 -15.046179 0.025000
v 3.870000 -15.046179 0.120000
v 3.970000 -15.046179 0.025000
v 3.970000 -15.046179 0.120000
v 4.150000 -14.946178 0.025000
v 4.150000 -14.946178 0.120000
v 4.250000 -14.946178 0.025000
v 4.250000 -14.946178 0.120000
v 4.150000 -15.046179 0.025000
v 4.150000 -15.046179 0.120000
v 4.250000 -15.046179 0.025000
v 4.250000 -15.046179 0.120000
v 4.430000 -14.946178 0.025000
v 4.430000 -14.946178 0.120000
v 4.530000 -14.946178 0.025000
v 4.530000 -14.946178 0.120000
v 4.430000 -15.046179 0.025000
v 4.430000 -15.046179 0.120000
v 4.530000 -15.046179 0.025000
v 4.530000 -15.046179 0.120000
v 3.870000 -15.396178 0.025000
v 3.870000 -15.396178 0.120000
v 3.970000 -15.396178 0.025000
v 3.970000 -15.396178 0.120000
v 3.870000 -15.496179 0.025000
v 3.870000 -15.496179 0.120000
v 3.970000 -15.496179 0.025000
v 3.970000 -15.496179 0.120000
v 4.150000 -15.396178 0.025000
v 4.150000 -15.396178 0.120000
v 4.250000 -15.396178 0.025000
v 4.250000 -15.396178 0.120000
v 4.150000 -15.496179 0.025000
v 4.150000 -15.496179 0.120000
v 4.250000 -15.496179 0.025000
v 4.250000 -15.496179 0.120000
v 4.430000 -15.396178 0.025000
v 4.430000 -15.396178 0.120000
v 4.530000 -15.396178 0.025000
v 4.530000 -15.396178 0.120000
v 4.430000 -15.496179 0.025000
v 4.430000 -15.496179 0.120000
v 4.530000 -15.496179 0.025000
v 4.530000 -15.496179 0.120000
v 3.870000 -15.846179 0.025000
v 3.870000 -15.846179 0.120000
v 3.970000 -15.846179 0.025000
v 3.970000 -15.846179 0.120000
v 3.870000 -15.946177 0.025000
v 3.870000 -15.946177 0.120000
v 3.970000 -15.946177 0.025000
v 3.970000 -15.946177 0.120000
v 4.150000 -15.846179 0.025000
v 4.150000 -15.846179 0.120000
v 4.250000 -15.846179 0.025000
v 4.250000 -15.846179 0.120000
v 4.150000 -15.946177 0.025000
v 4.150000 -15.946177 0.120000
v 4.250000 -15.946177 0.025000
v 4.250000 -15.946177 0.120000
v 4.430000 -15.846179 0.025000
v 4.430000 -15.846179 0.120000
v 4.530000 -15.846179 0.025000
v 4.530000 -15.846179 0.120000
v 4.430000 -15.946177 0.025000
v 4.430000 -15.946177 0.120000
v 4.530000 -15.946177 0.025000
v 4.530000 -15.946177 0.120000
v 8.109728 -10.946178 0.025000
v 8.109728 -10.946178 0.120000
v 8.209728 -10.946178 0.025000
v 8.209728 -10.946178 0.120000
v 8.109728 -11.046179 0.025000
v 8.109728 -11.046179 0.120000
v 8.209728 -11.046179 0.025000
v 8.209728 -11.046179 0.120000
v 7.829728 -11.396178 0.025000
v 7.829728 -11.396178 0.120000
v 7.929729 -11.396178 0.025000
v 7.929729 -11.396178 0.120000
v 7.829728 -11.496179 0.025000
v 7.829728 -11.496179 0.120000
v 7.929729 -11.496179 0.025000
v 7.929729 -11.496179 0.120000
v 8.109728 -11.396178 0.025000
v 8.109728 -11.396178 0.120000
v 8.209728 -11.396178 0.025000
v 8.209728 -11.396178 0.120000
v 8.109728 -11.496179 0.025000
v 8.109728 -11.496179 0.120000
v 8.209728 -11.496179 0.025000
v 8.209728 -11.496179 0.120000
v 7.829728 -11.846178 0.025000
v 7.829728 -11.846178 0.120000
v 7.929729 -11.846178 0.025000
v 7.929729 -11.846178 0.120000
v 7.829728 -11.946178 0.025000
v 7.829728 -11.946178 0.120000
v 7.929729 -11.946178 0.025000
v 7.929729 -11.946178 0.120000
v 8.109728 -11.846178 0.025000
v 8.109728 -11.846178 0.120000
v 8.209728 -11.846178 0.025000
v 8.209728 -11.846178 0.120000
v 8.109728 -11.946178 0.025000
v 8.109728 -11.946178 0.120000
v 8.209728 -11.946178 0.025000
v 8.209728 -11.946178 0.120000
v 7.519729 -10.904589 0.145000
v 7.519729 -10.904589 1.345000
v 8.239728 -10.904589 0.145000
v 8.239728 -10.904589 1.345000
v 7.519729 -12.024590 0.145000
v 7.519729 -12.024590 1.345000
v 8.239728 -12.024590 0.145000
v 8.239728 -12.024590 1.345000
v 7.421717 -12.846178 0.000000
v 7.421717 -12.846178 0.025000
v 8.221716 -12.846178 0.000000
v 8.221716 -12.846178 0.025000
v 7.421717 -14.046179 0.000000
v 7.421717 -14.046179 0.025000
v 8.221716 -14.046179 0.000000
v 8.221716 -14.046179 0.025000
v 7.491715 -12.946178 0.025000
v 7.491715 -12.946178 0.120000
v 7.591716 -12.946178 0.025000
v 7.591716 -12.946178 0.120000
v 7.491715 -13.046179 0.025000
v 7.491715 -13.046179 0.120000
v 7.591716 -13.046179 0.025000
v 7.591716 -13.046179 0.120000
v 7.771716 -12.946178 0.025000
v 7.771716 -12.946178 0.120000
v 7.871716 -12.946178 0.025000
v 7.871716 -12.946178 0.120000
v 7.771716 -13.046179 0.025000
v 7.771716 -13.046179 0.120000
v 7.871716 -13.046179 0.025000
v 7.871716 -13.046179 0.120000
v 8.051716 -12.946178 0.025000
v 8.051716 -12.946178 0.120000
v 8.151716 -12.946178 0.025000
v 8.151716 -12.946178 0.120000
v 8.051716 -13.046179 0.025000
v 8.051716 -13.046179 0.120000
v 8.151716 -13.046179 0.025000
v 8.151716 -13.046179 0.120000
v 7.491715 -13.396178 0.025000
v 7.491715 -13.396178 0.120000
v 7.591716 -13.396178 0.025000
v 7.591716 -13.396178 0.120000
v 7.491715 -13.496179 0.025000
v 7.491715 -13.496179 0.120000
v 7.591716 -13.496179 0.025000
v 7.591716 -13.496179 0.120000
v 7.771716 -13.396178 0.025000
v 7.771716 -13.396178 0.120000
v 7.871716 -13.396178 0.025000
v 7.871716 -13.396178 0.120000
v 7.771716 -13.496179 0.025000
v 7.771716 -13.496179 0.120000
v 7.871716 -13.496179 0.025000
v 7.871716 -13.496179 0.120000
v 8.051716 -13.396178 0.025000
v 8.051716 -13.396178 0.120000
v 8.151716 -13.396178 0.025000
v 8.151716 -13.396178 0.120000
v 8.051716 -13.496179 0.025000
v 8.051716 -13.496179 0.120000
v 8.151716 -13.496179 0.025000
v 8.151716 -13.496179 0.120000
v 7.491715 -13.846178 0.025000
v 7.491715 -13.846178 0.120000
v 7.591716 -13.846178 0.025000
v 7.591716 -13.846178 0.120000
v 7.491715 -13.946178 0.025000
v 7.491715 -13.946178 0.120000
v 7.591716 -13.946178 0.025000
v 7.591716 -13.946178 0.120000
v 7.771716 -13.846178 0.025000
v 7.771716 -13.846178 0.120000
v 7.871716 -13.846178 0.025000
v 7.871716 -13.846178 0.120000
v 7.771716 -13.946178 0.025000
v 7.771716 -13.946178 0.120000
v 7.871716 -13.946178 0.025000
v 7.871716 -13.946178 0.120000
v 8.051716 -13.846178 0.025000
v 8.051716 -13.846178 0.120000
v 8.151716 -13.846178 0.025000
v 8.151716 -13.846178 0.120000
v 8.051716 -13.946178 0.025000
v 8.051716 -13.946178 0.120000
v 8.151716 -13.946178 0.025000
v 8.151716 -13.946178 0.120000
v 7.461717 -12.918110 0.145000
v 7.461717 -12.918110 0.745000
v 8.181716 -12.918110 0.145000
v 8.181716 -12.918110 0.745000
v 7.461717 -14.038111 0.145000
v 7.461717 -14.038111 0.745000
v 8.181716 -14.038111 0.145000
v 8.181716 -14.038111 0.745000
v 7.378772 -14.846178 0.000000
v 7.378772 -14.846178 0.025000
v 8.178771 -14.846178 0.000000
v 8.178771 -14.846178 0.025000
v 7.378772 -16.046179 0.000000
v 7.378772 -16.046179 0.025000
v 8.178771 -16.046179 0.000000
v 8.178771 -16.046179 0.025000
v 7.448771 -14.946178 0.025000
v 7.448771 -14.946178 0.120000
v 7.548771 -14.946178 0.025000
v 7.548771 -14.946178 0.120000
v 7.448771 -15.046179 0.025000
v 7.448771 -15.046179 0.120000
v 7.548771 -15.046179 0.025000
v 7.548771 -15.046179 0.120000
v 7.728771 -14.946178 0.025000
v 7.728771 -14.946178 0.120000
v 7.828772 -14.946178 0.025000
v 7.828772 -14.946178 0.120000
v 7.728771 -15.046179 0.025000
v 7.728771 -15.046179 0.120000
v 7.828772 -15.046179 0.025000
v 7.828772 -15.046179 0.120000
v 8.008771 -14.946178 0.025000
v 8.008771 -14.946178 0.120000
v 8.108771 -14.946178 0.025000
v 8.108771 -14.946178 0.120000
v 8.008771 -15.046179 0.025000
v 8.008771 -15.046179 0.120000
v 8.108771 -15.046179 0.025000
v 8.108771 -15.046179 0.120000
v 7.448771 -15.396178 0.025000
v 7.448771 -15.396178 0.120000
v 7.548771 -15.396178 0.025000
v 7.548771 -15.396178 0.120000
v 7.448771 -15.496179 0.025000
v 7.448771 -15.496179 0.120000
v 7.548771 -15.496179 0.025000
v 7.548771 -15.496179 0.120000
v 7.728771 -15.396178 0.025000
v 7.728771 -15.396178 0.120000
v 7.828772 -15.396178 0.025000
v 7.828772 -15.396178 0.120000
v 7.728771 -15.496179 0.025000
v 7.728771 -15.496179 0.120000
v 7.828772 -15.496179 0.025000
v 7.828772 -15.496179 0.120000
v 8.008771 -15.396178 0.025000
v 8.008771 -15.396178 0.120000
v 8.108771 -15.396178 0.025000
v 8.108771 -15.396178 0.120000
v 8.008771 -15.496179 0.025000
v 8.008771 -15.496179 0.120000
v 8.108771 -15.496179 0.025000
v 8.108771 -15.496179 0.120000
v 7.448771 -15.846179 0.025000
v 7.448771 -15.846179 0.120000
v 7.548771 -15.846179 0.025000
v 7.548771 -15.846179 0.120000
v 7.448771 -15.946177 0.025000
v 7.448771 -15.946177 0.120000
v 7.548771 -15.946177 0.025000
v 7.548771 -15.946177 0.120000
v 7.728771 -15.846179 0.025000
v 7.728771 -15.846179 0.120000
v 7.828772 -15.846179 0.025000
v 7.828772 -15.846179 0.120000
v 7.728771 -15.946177 0.025000
v 7.728771 -15.946177 0.120000
v 7.828772 -15.946177 0.025000
v 7.828772 -15.946177 0.120000
v 8.008771 -15.846179 0.025000
v 8.008771 -15.846179 0.120000
v 8.108771 -15.846179 0.025000
v 8.108771 -15.846179 0.120000
v 8.008771 -15.946177 0.025000
v 8.008771 -15.946177 0.120000
v 8.108771 -15.946177 0.025000
v 8.108771 -15.946177 0.120000
v 3.800000 -10.846178 0.000000
v 3.800000 -10.846178 0.025000
v 4.600000 -10.846178 0.000000
v 4.600000 -10.846178 0.025000
v 3.800000 -12.046179 0.000000
v 3.800000 -12.046179 0.025000
v 4.600000 -12.046179 0.000000
v 4.600000 -12.046179 0.025000
v 3.870000 -10.946178 0.025000
v 3.870000 -10.946178 0.120000
v 3.970000 -10.946178 0.025000
v 3.970000 -10.946178 0.120000
v 3.870000 -11.046179 0.025000
v 3.870000 -11.046179 0.120000
v 3.970000 -11.046179 0.025000
v 3.970000 -11.046179 0.120000
v 4.150000 -10.946178 0.025000
v 4.150000 -10.946178 0.120000
v 4.250000 -10.946178 0.025000
v 4.250000 -10.946178 0.120000
v 4.150000 -11.046179 0.025000
v 4.150000 -11.046179 0.120000
v 4.250000 -11.046179 0.025000
v 4.250000 -11.046179 0.120000
v 4.430000 -10.946178 0.025000
v 4.430000 -10.946178 0.120000
v 4.530000 -10.946178 0.025000
v 4.530000 -10.946178 0.120000
v 4.430000 -11.046179 0.025000
v 4.430000 -11.046179 0.120000
v 4.530000 -11.046179 0.025000
v 4.530000 -11.046179 0.120000
v 3.870000 -11.396178 0.025000
v 3.870000 -11.396178 0.120000
v 3.970000 -11.396178 0.025000
v 3.970000 -11.396178 0.120000
v 3.870000 -11.496179 0.025000
v 3.870000 -11.496179 0.120000
v 3.970000 -11.496179 0.025000
v 3.970000 -11.496179 0.120000
v 4.150000 -11.396178 0.025000
v 4.150000 -11.396178 0.120000
v 4.250000 -11.396178 0.025000
v 4.250000 -11.396178 0.120000
v 4.150000 -11.496179 0.025000
v 4.150000 -11.496179 0.120000
v 4.250000 -11.496179 0.025000
v 4.250000 -11.496179 0.120000
v 4.430000 -11.396178 0.025000
v 4.430000 -11.396178 0.120000
v 4.530000 -11.396178 0.025000
v 4.530000 -11.396178 0.120000
v 4.430000 -11.496179 0.025000
v 4.430000 -11.496179 0.120000
v 4.530000 -11.496179 0.025000
v 4.530000 -11.496179 0.120000
v 3.870000 -11.846178 0.025000
v 3.870000 -11.846178 0.120000
v 3.970000 -11.846178 0.025000
v 3.970000 -11.846178 0.120000
v 3.870000 -11.946178 0.025000
v 3.870000 -11.946178 0.120000
v 3.970000 -11.946178 0.025000
v 3.970000 -11.946178 0.120000
v 4.150000 -11.846178 0.025000
v 4.150000 -11.846178 0.120000
v 4.250000 -11.846178 0.025000
v 4.250000 -11.846178 0.120000
v 4.150000 -11.946178 0.025000
v 4.150000 -11.946178 0.120000
v 4.250000 -11.946178 0.025000
v 4.250000 -11.946178 0.120000
v 4.430000 -11.846178 0.025000
v 4.430000 -11.846178 0.120000
v 4.530000 -11.846178 0.025000
v 4.530000 -11.846178 0.120000
v 4.430000 -11.946178 0.025000
v 4.430000 -11.946178 0.120000
v 4.530000 -11.946178 0.025000
v 4.530000 -11.946178 0.120000
v 3.840000 -10.872749 0.145000
v 3.840000 -10.872749 0.745000
v 4.560000 -10.872749 0.145000
v 4.560000 -10.872749 0.745000
v 3.840000 -11.992750 0.145000
v 3.840000 -11.992750 0.745000
v 4.560000 -11.992750 0.145000
v 4.560000 -11.992750 0.745000
v 3.800000 -12.846178 0.000000
v 3.800000 -12.846178 0.025000
v 4.600000 -12.846178 0.000000
v 4.600000 -12.846178 0.025000
v 3.800000 -14.046179 0.000000
v 3.800000 -14.046179 0.025000
v 4.600000 -14.046179 0.000000
v 4.600000 -14.046179 0.025000
v 3.870000 -12.946178 0.025000
v 3.870000 -12.946178 0.120000
v 3.970000 -12.946178 0.025000
v 3.970000 -12.946178 0.120000
v 3.870000 -13.046179 0.025000
v 3.870000 -13.046179 0.120000
v 3.970000 -13.046179 0.025000
v 3.970000 -13.046179 0.120000
v 4.150000 -12.946178 0.025000
v 4.150000 -12.946178 0.120000
v 4.250000 -12.946178 0.025000
v 4.250000 -12.946178 0.120000
v 4.150000 -13.046179 0.025000
v 4.150000 -13.046179 0.120000
v 4.250000 -13.046179 0.025000
v 4.250000 -13.046179 0.120000
v 4.430000 -12.946178 0.025000
v 4.430000 -12.946178 0.120000
v 4.530000 -12.946178 0.025000
v 4.530000 -12.946178 0.120000
v 4.430000 -13.046179 0.025000
v 4.430000 -13.046179 0.120000
v 4.530000 -13.046179 0.025000
v 4.530000 -13.046179 0.120000
v 3.870000 -13.396178 0.025000
v 3.870000 -13.396178 0.120000
v 3.970000 -13.396178 0.025000
v 3.970000 -13.396178 0.120000
v 3.870000 -13.496179 0.025000
v 3.870000 -13.496179 0.120000
v 3.970000 -13.496179 0.025000
v 3.970000 -13.496179 0.120000
v 4.150000 -13.396178 0.025000
v 4.150000 -13.396178 0.120000
v 4.250000 -13.396178 0.025000
v 4.250000 -13.396178 0.120000
v 4.150000 -13.496179 0.025000
v 4.150000 -13.496179 0.120000
v 4.250000 -13.496179 0.025000
v 4.250000 -13.496179 0.120000
v 4.430000 -13.396178 0.025000
v 4.430000 -13.396178 0.120000
v 4.530000 -13.396178 0.025000
v 4.530000 -13.396178 0.120000
v 4.430000 -13.496179 0.025000
v 4.430000 -13.496179 0.120000
v 4.530000 -13.496179 0.025000
v 4.530000 -13.496179 0.120000
v 3.870000 -13.846178 0.025000
v 3.870000 -13.846178 0.120000
v 3.970000 -13.846178 0.025000
v 3.970000 -13.846178 0.120000
v 3.870000 -13.946178 0.025000
v 3.870000 -13.946178 0.120000
v 3.970000 -13.946178 0.025000
v 3.970000 -13.946178 0.120000
v 4.150000 -13.846178 0.025000
v 4.150000 -13.846178 0.120000
v 4.250000 -13.846178 0.025000
v 4.250000 -13.846178 0.120000
v 4.150000 -13.946178 0.025000
v 4.150000 -13.946178 0.120000
v 4.250000 -13.946178 0.025000
v 4.250000 -13.946178 0.120000
v 4.430000 -13.846178 0.025000
v 4.430000 -13.846178 0.120000
v 4.530000 -13.846178 0.025000
v 4.530000 -13.846178 0.120000
v 4.430000 -13.946178 0.025000
v 4.430000 -13.946178 0.120000
v 4.530000 -13.946178 0.025000
v 4.530000 -13.946178 0.120000
v 3.840000 -12.937476 0.145000
v 3.840000 -12.937476 1.345000
v 4.560000 -12.937476 0.145000
v 4.560000 -12.937476 1.345000
v 3.840000 -14.057477 0.145000
v 3.840000 -14.057477 1.345000
v 4.560000 -14.057477 0.145000
v 4.560000 -14.057477 1.345000
v 4.075000 -14.046179 0.245000
v 4.075000 -14.046179 0.545000
v 4.325000 -14.046179 0.245000
v 4.325000 -14.046179 0.545000
v 4.075000 -14.050179 0.245000
v 4.075000 -14.050179 0.545000
v 4.325000 -14.050179 0.245000
v 4.325000 -14.050179 0.545000
v 3.800000 -14.846178 0.000000
v 3.800000 -14.846178 0.025000
v 4.600000 -14.846178 0.000000
v 4.600000 -14.846178 0.025000
v 3.800000 -16.046179 0.000000
v 3.800000 -16.046179 0.025000
v 4.600000 -16.046179 0.000000
v 4.600000 -16.046179 0.025000
v 3.870000 -14.946178 0.025000
v 3.870000 -14.946178 0.120000
v 3.970000 -14.946178 0.025000
v 3.970000 -14.946178 0.120000
v 3.870000 -15.046179 0.025000
v 3.870000 -15.046179 0.120000
v 3.970000 -15.046179 0.025000
v 3.970000 -15.046179 0.120000
v 4.150000 -14.946178 0.025000
v 4.150000 -14.946178 0.120000
v 4.250000 -14.946178 0.025000
v 4.250000 -14.946178 0.120000
v 4.150000 -15.046179 0.025000
v 4.150000 -15.046179 0.120000
v 4.250000 -15.046179 0.025000
v 4.250000 -15.046179 0.120000
v 4.430000 -14.946178 0.025000
v 4.430000 -14.946178 0.120000
v 4.530000 -14.946178 0.025000
v 4.530000 -14.946178 0.120000
v 4.430000 -15.046179 0.025000
v 4.430000 -15.046179 0.120000
v 4.530000 -15.046179 0.025000
v 4.530000 -15.046179 0.120000
v 3.870000 -15.396178 0.025000
v 3.870000 -15.396178 0.120000
v 3.970000 -15.396178 0.025000
v 3.970000 -15.396178 0.120000
v 3.870000 -15.496179 0.025000
v 3.870000 -15.496179 0.120000
v 3.970000 -15.496179 0.025000
v 3.970000 -15.496179 0.120000
v 4.150000 -15.396178 0.025000
v 4.150000 -15.396178 0.120000
v 4.250000 -15.396178 0.025000
v 4.250000 -15.396178 0.120000
v 4.150000 -15.496179 0.025000
v 4.150000 -15.496179 0.120000
v 4.250000 -15.496179 0.025000
v 4.250000 -15.496179 0.120000
v 4.430000 -15.396178 0.025000
v 4.430000 -15.396178 0.120000
v 4.530000 -15.396178 0.025000
v 4.530000 -15.396178 0.120000
v 4.430000 -15.496179 0.025000
v 4.430000 -15.496179 0.120000
v 4.530000 -15.496179 0.025000
v 4.530000 -15.496179 0.120000
v 3.870000 -15.846178 0.025000
v 3.870000 -15.846178 0.120000
v 3.970000 -15.846178 0.025000
v 3.970000 -15.846178 0.120000
v 3.870000 -15.946178 0.025000
v 3.870000 -15.946178 0.120000
v 3.970000 -15.946178 0.025000
v 3.970000 -15.946178 0.120000
v 4.150000 -15.846178 0.025000
v 4.150000 -15.846178 0.120000
v 4.250000 -15.846178 0.025000
v 4.250000 -15.846178 0.120000
v 4.150000 -15.946178 0.025000
v 4.150000 -15.946178 0.120000
v 4.250000 -15.946178 0.025000
v 4.250000 -15.946178 0.120000
v 4.430000 -15.846178 0.025000
v 4.430000 -15.846178 0.120000
v 4.530000 -15.846178 0.025000
v 4.530000 -15.846178 0.120000
v 4.430000 -15.946178 0.025000
v 4.430000 -15.946178 0.120000
v 4.530000 -15.946178 0.025000
v 4.530000 -15.946178 0.120000
v 3.840000 -14.886356 0.145000
v 3.840000 -14.886356 1.145000
v 4.560000 -14.886356 0.145000
v 4.560000 -14.886356 1.145000
v 3.840000 -16.006357 0.145000
v 3.840000 -16.006357 1.145000
v 4.560000 -16.006357 0.145000
v 4.560000 -16.006357 1.145000
v 7.479728 -10.846178 0.000000
v 7.479728 -10.846178 0.025000
v 8.279728 -10.846178 0.000000
v 8.279728 -10.846178 0.025000
v 7.479728 -12.046179 0.000000
v 7.479728 -12.046179 0.025000
v 8.279728 -12.046179 0.000000
v 8.279728 -12.046179 0.025000
v 7.549727 -10.946178 0.025000
v 7.549727 -10.946178 0.120000
v 7.649728 -10.946178 0.025000
v 7.649728 -10.946178 0.120000
v 7.549727 -11.046179 0.025000
v 7.549727 -11.046179 0.120000
v 7.649728 -11.046179 0.025000
v 7.649728 -11.046179 0.120000
v 8.109728 -10.946178 0.025000
v 8.109728 -10.946178 0.120000
v 8.209728 -10.946178 0.025000
v 8.209728 -10.946178 0.120000
v 8.109728 -11.046179 0.025000
v 8.109728 -11.046179 0.120000
v 8.209728 -11.046179 0.025000
v 8.209728 -11.046179 0.120000
v 7.829728 -11.396178 0.025000
v 7.829728 -11.396178 0.120000
v 7.929729 -11.396178 0.025000
v 7.929729 -11.396178 0.120000
v 7.829728 -11.496179 0.025000
v 7.829728 -11.496179 0.120000
v 7.929729 -11.496179 0.025000
v 7.929729 -11.496179 0.120000
v 8.109728 -11.396178 0.025000
v 8.109728 -11.396178 0.120000
v 8.209728 -11.396178 0.025000
v 8.209728 -11.396178 0.120000
v 8.109728 -11.496179 0.025000
v 8.109728 -11.496179 0.120000
v 8.209728 -11.496179 0.025000
v 8.209728 -11.496179 0.120000
v 7.549727 -11.846178 0.025000
v 7.549727 -11.846178 0.120000
v 7.649728 -11.846178 0.025000
v 7.649728 -11.846178 0.120000
v 7.549727 -11.946178 0.025000
v 7.549727 -11.946178 0.120000
v 7.649728 -11.946178 0.025000
v 7.649728 -11.946178 0.120000
v 7.829728 -11.846178 0.025000
v 7.829728 -11.846178 0.120000
v 7.929729 -11.846178 0.025000
v 7.929729 -11.846178 0.120000
v 7.829728 -11.946178 0.025000
v 7.829728 -11.946178 0.120000
v 7.929729 -11.946178 0.025000
v 7.929729 -11.946178 0.120000
v 8.109728 -11.846178 0.025000
v 8.109728 -11.846178 0.120000
v 8.209728 -11.846178 0.025000
v 8.209728 -11.846178 0.120000
v 8.109728 -11.946178 0.025000
v 8.109728 -11.946178 0.120000
v 8.209728 -11.946178 0.025000
v 8.209728 -11.946178 0.120000
v 7.421716 -12.846178 0.000000
v 7.421716 -12.846178 0.025000
v 8.221716 -12.846178 0.000000
v 8.221716 -12.846178 0.025000
v 7.421716 -14.046179 0.000000
v 7.421716 -14.046179 0.025000
v 8.221716 -14.046179 0.000000
v 8.221716 -14.046179 0.025000
v 7.491715 -12.946178 0.025000
v 7.491715 -12.946178 0.120000
v 7.591716 -12.946178 0.025000
v 7.591716 -12.946178 0.120000
v 7.491715 -13.046179 0.025000
v 7.491715 -13.046179 0.120000
v 7.591716 -13.046179 0.025000
v 7.591716 -13.046179 0.120000
v 7.771716 -12.946178 0.025000
v 7.771716 -12.946178 0.120000
v 7.871716 -12.946178 0.025000
v 7.871716 -12.946178 0.120000
v 7.771716 -13.046179 0.025000
v 7.771716 -13.046179 0.120000
v 7.871716 -13.046179 0.025000
v 7.871716 -13.046179 0.120000
v 8.051716 -12.946178 0.025000
v 8.051716 -12.946178 0.120000
v 8.151716 -12.946178 0.025000
v 8.151716 -12.946178 0.120000
v 8.051716 -13.046179 0.025000
v 8.051716 -13.046179 0.120000
v 8.151716 -13.046179 0.025000
v 8.151716 -13.046179 0.120000
v 7.491715 -13.396178 0.025000
v 7.491715 -13.396178 0.120000
v 7.591716 -13.396178 0.025000
v 7.591716 -13.396178 0.120000
v 7.491715 -13.496179 0.025000
v 7.491715 -13.496179 0.120000
v 7.591716 -13.496179 0.025000
v 7.591716 -13.496179 0.120000
v 7.771716 -13.396178 0.025000
v 7.771716 -13.396178 0.120000
v 7.871716 -13.396178 0.025000
v 7.871716 -13.396178 0.120000
v 7.771716 -13.496179 0.025000
v 7.771716 -13.496179 0.120000
v 7.871716 -13.496179 0.025000
v 7.871716 -13.496179 0.120000
v 8.051716 -13.396178 0.025000
v 8.051716 -13.396178 0.120000
v 8.151716 -13.396178 0.025000
v 8.151716 -13.396178 0.120000
v 8.051716 -13.496179 0.025000
v 8.051716 -13.496179 0.120000
v 8.151716 -13.496179 0.025000
v 8.151716 -13.496179 0.120000
v 7.491715 -13.846178 0.025000
v 7.491715 -13.846178 0.120000
v 7.591716 -13.846178 0.025000
v 7.591716 -13.846178 0.120000
v 7.491715 -13.946178 0.025000
v 7.491715 -13.946178 0.120000
v 7.591716 -13.946178 0.025000
v 7.591716 -13.946178 0.120000
v 7.771716 -13.846178 0.025000
v 7.771716 -13.846178 0.120000
v 7.871716 -13.846178 0.025000
v 7.871716 -13.846178 0.120000
v 7.771716 -13.946178 0.025000
v 7.771716 -13.946178 0.120000
v 7.871716 -13.946178 0.025000
v 7.871716 -13.946178 0.120000
v 8.051716 -13.846178 0.025000
v 8.051716 -13.846178 0.120000
v 8.151716 -13.846178 0.025000
v 8.151716 -13.846178 0.120000
v 8.051716 -13.946178 0.025000
v 8.051716 -13.946178 0.120000
v 8.151716 -13.946178 0.025000
v 8.151716 -13.946178 0.120000
v 7.378771 -14.846178 0.000000
v 7.378771 -14.846178 0.025000
v 8.178771 -14.846178 0.000000
v 8.178771 -14.846178 0.025000
v 7.378771 -16.046179 0.000000
v 7.378771 -16.046179 0.025000
v 8.178771 -16.046179 0.000000
v 8.178771 -16.046179 0.025000
v 7.448771 -14.946178 0.025000
v 7.448771 -14.946178 0.120000
v 7.548771 -14.946178 0.025000
v 7.548771 -14.946178 0.120000
v 7.448771 -15.046179 0.025000
v 7.448771 -15.046179 0.120000
v 7.548771 -15.046179 0.025000
v 7.548771 -15.046179 0.120000
v 7.728771 -14.946178 0.025000
v 7.728771 -14.946178 0.120000
v 7.828772 -14.946178 0.025000
v 7.828772 -14.946178 0.120000
v 7.728771 -15.046179 0.025000
v 7.728771 -15.046179 0.120000
v 7.828772 -15.046179 0.025000
v 7.828772 -15.046179 0.120000
v 8.008771 -14.946178 0.025000
v 8.008771 -14.946178 0.120000
v 8.108771 -14.946178 0.025000
v 8.108771 -14.946178 0.120000
v 8.008771 -15.046179 0.025000
v 8.008771 -15.046179 0.120000
v 8.108771 -15.046179 0.025000
v 8.108771 -15.046179 0.120000
v 7.448771 -15.396178 0.025000
v 7.448771 -15.396178 0.120000
v 7.548771 -15.396178 0.025000
v 7.548771 -15.396178 0.120000
v 7.448771 -15.496179 0.025000
v 7.448771 -15.496179 0.120000
v 7.548771 -15.496179 0.025000
v 7.548771 -15.496179 0.120000
v 7.728771 -15.396178 0.025000
v 7.728771 -15.396178 0.120000
v 7.828772 -15.396178 0.025000
v 7.828772 -15.396178 0.120000
v 7.728771 -15.496179 0.025000
v 7.728771 -15.496179 0.120000
v 7.828772 -15.496179 0.025000
v 7.828772 -15.496179 0.120000
v 8.008771 -15.396178 0.025000
v 8.008771 -15.396178 0.120000
v 8.108771 -15.396178 0.025000
v 8.108771 -15.396178 0.120000
v 8.008771 -15.496179 0.025000
v 8.008771 -15.496179 0.120000
v 8.108771 -15.496179 0.025000
v 8.108771 -15.496179 0.120000
v 7.448771 -15.846178 0.025000
v 7.448771 -15.846178 0.120000
v 7.548771 -15.846178 0.025000
v 7.548771 -15.846178 0.120000
v 7.448771 -15.946178 0.025000
v 7.448771 -15.946178 0.120000
v 7.548771 -15.946178 0.025000
v 7.548771 -15.946178 0.120000
v 7.728771 -15.846178 0.025000
v 7.728771 -15.846178 0.120000
v 7.828772 -15.846178 0.025000
v 7.828772 -15.846178 0.120000
v 7.728771 -15.946178 0.025000
v 7.728771 -15.946178 0.120000
v 7.828772 -15.946178 0.025000
v 7.828772 -15.946178 0.120000
v 8.008771 -15.846178 0.025000
v 8.008771 -15.846178 0.120000
v 8.108771 -15.846178 0.025000
v 8.108771 -15.846178 0.120000
v 8.008771 -15.946178 0.025000
v 8.008771 -15.946178 0.120000
v 8.108771 -15.946178 0.025000
v 8.108771 -15.946178 0.120000
v 7.418771 -14.907701 0.145000
v 7.418771 -14.907701 1.545000
v 8.138771 -14.907701 0.145000
v 8.138771 -14.907701 1.545000
v 7.418771 -16.027700 0.145000
v 7.418771 -16.027700 1.545000
v 8.138771 -16.027700 0.145000
v 8.138771 -16.027700 1.545000
v 33.400002 -3.400000 -0.150000
v 33.400002 -3.400000 0.000000
v 36.599998 -3.400000 -0.150000
v 36.599998 -3.400000 0.000000
v 33.400002 -6.600000 -0.150000
v 33.400002 -6.600000 0.000000
v 36.599998 -6.600000 -0.150000
v 36.599998 -6.600000 0.000000
v 36.157410 -5.000000 0.350000
v 36.157410 -5.000000 4.850000
v 36.134350 -5.234108 0.350000
v 36.134350 -5.234108 4.850000
v 36.066063 -5.459220 0.350000
v 36.066063 -5.459220 4.850000
v 35.955173 -5.666684 0.350000
v 35.955173 -5.666684 4.850000
v 35.805939 -5.848528 0.350000
v 35.805939 -5.848528 4.850000
v 35.624092 -5.997764 0.350000
v 35.624092 -5.997764 4.850000
v 35.416630 -6.108655 0.350000
v 35.416630 -6.108655 4.850000
v 35.191517 -6.176942 0.350000
v 35.191517 -6.176942 4.850000
v 34.957409 -6.200000 0.350000
v 34.957409 -6.200000 4.850000
v 34.723301 -6.176942 0.350000
v 34.723301 -6.176942 4.850000
v 34.498188 -6.108655 0.350000
v 34.498188 -6.108655 4.850000
v 34.290726 -5.997764 0.350000
v 34.290726 -5.997764 4.850000
v 34.108879 -5.848528 0.350000
v 34.108879 -5.848528 4.850000
v 33.959644 -5.666684 0.350000
v 33.959644 -5.666684 4.850000
v 33.848755 -5.459220 0.350000
v 33.848755 -5.459220 4.850000
v 33.780468 -5.234108 0.350000
v 33.780468 -5.234108 4.850000
v 33.757408 -5.000000 0.350000
v 33.757408 -5.000000 4.850000
v 33.780468 -4.765892 0.350000
v 33.780468 -4.765892 4.850000
v 33.848755 -4.540780 0.350000
v 33.848755 -4.540780 4.850000
v 33.959644 -4.333316 0.350000
v 33.959644 -4.333316 4.850000
v 34.108879 -4.151472 0.350000
v 34.108879 -4.151472 4.850000
v 34.290726 -4.002236 0.350000
v 34.290726 -4.002236 4.850000
v 34.498188 -3.891345 0.350000
v 34.498188 -3.891345 4.850000
v 34.723301 -3.823058 0.350000
v 34.723301 -3.823058 4.850000
v 34.957409 -3.800000 0.350000
v 34.957409 -3.800000 4.850000
v 35.191517 -3.823058 0.350000
v 35.191517 -3.823058 4.850000
v 35.416630 -3.891345 0.350000
v 35.416630 -3.891345 4.850000
v 35.624092 -4.002236 0.350000
v 35.624092 -4.002236 4.850000
v 35.805939 -4.151472 0.350000
v 35.805939 -4.151472 4.850000
v 35.955173 -4.333316 0.350000
v 35.955173 -4.333316 4.850000
v 36.066063 -4.540780 0.350000
v 36.066063 -4.540780 4.850000
v 36.134350 -4.765892 0.350000
v 36.134350 -4.765892 4.850000
v 26.400000 -3.400000 -0.150000
v 26.400000 -3.400000 0.000000
v 29.600000 -3.400000 -0.150000
v 29.600000 -3.400000 0.000000
v 26.400000 -6.600000 -0.150000
v 26.400000 -6.600000 0.000000
v 29.600000 -6.600000 -0.150000
v 29.600000 -6.600000 0.000000
v 26.680000 -5.000000 0.650000
v 26.680000 -5.000000 1.050000
v 26.669283 -5.040000 0.650000
v 26.669283 -5.040000 1.050000
v 26.640001 -5.069282 0.650000
v 26.640001 -5.069282 1.050000
v 26.600000 -5.080000 0.650000
v 26.600000 -5.080000 1.050000
v 26.559999 -5.069282 0.650000
v 26.559999 -5.069282 1.050000
v 26.530718 -5.040000 0.650000
v 26.530718 -5.040000 1.050000
v 26.520000 -5.000000 0.650000
v 26.520000 -5.000000 1.050000
v 26.530718 -4.960000 0.650000
v 26.530718 -4.960000 1.050000
v 26.559999 -4.930718 0.650000
v 26.559999 -4.930718 1.050000
v 26.600000 -4.920000 0.650000
v 26.600000 -4.920000 1.050000
v 26.640001 -4.930718 0.650000
v 26.640001 -4.930718 1.050000
v 26.669283 -4.960000 0.650000
v 26.669283 -4.960000 1.050000
v 26.400000 -9.400000 -0.150000
v 26.400000 -9.400000 0.000000
v 29.600000 -9.400000 -0.150000
v 29.600000 -9.400000 0.000000
v 26.400000 -12.600000 -0.150000
v 26.400000 -12.600000 0.000000
v 29.600000 -12.600000 -0.150000
v 29.600000 -12.600000 0.000000
v 29.110666 -11.000000 0.350000
v 29.110666 -11.000000 4.850000
v 29.087608 -11.234108 0.350000
v 29.087608 -11.234108 4.850000
v 29.019321 -11.459220 0.350000
v 29.019321 -11.459220 4.850000
v 28.908428 -11.666684 0.350000
v 28.908428 -11.666684 4.850000
v 28.759193 -11.848528 0.350000
v 28.759193 -11.848528 4.850000
v 28.577351 -11.997764 0.350000
v 28.577351 -11.997764 4.850000
v 28.369886 -12.108656 0.350000
v 28.369886 -12.108656 4.850000
v 28.144773 -12.176943 0.350000
v 28.144773 -12.176943 4.850000
v 27.910666 -12.200000 0.350000
v 27.910666 -12.200000 4.850000
v 27.676558 -12.176943 0.350000
v 27.676558 -12.176943 4.850000
v 27.451445 -12.108656 0.350000
v 27.451445 -12.108656 4.850000
v 27.243980 -11.997764 0.350000
v 27.243980 -11.997764 4.850000
v 27.062138 -11.848528 0.350000
v 27.062138 -11.848528 4.850000
v 26.912903 -11.666684 0.350000
v 26.912903 -11.666684 4.850000
v 26.802010 -11.459220 0.350000
v 26.802010 -11.459220 4.850000
v 26.733723 -11.234108 0.350000
v 26.733723 -11.234108 4.850000
v 26.710665 -11.000000 0.350000
v 26.710665 -11.000000 4.850000
v 26.733723 -10.765892 0.350000
v 26.733723 -10.765892 4.850000
v 26.802010 -10.540780 0.350000
v 26.802010 -10.540780 4.850000
v 26.912903 -10.333316 0.350000
v 26.912903 -10.333316 4.850000
v 27.062138 -10.151472 0.350000
v 27.062138 -10.151472 4.850000
v 27.243980 -10.002236 0.350000
v 27.243980 -10.002236 4.850000
v 27.451445 -9.891344 0.350000
v 27.451445 -9.891344 4.850000
v 27.676558 -9.823057 0.350000
v 27.676558 -9.823057 4.850000
v 27.910666 -9.800000 0.350000
v 27.910666 -9.800000 4.850000
v 28.144773 -9.823057 0.350000
v 28.144773 -9.823057 4.850000
v 28.369886 -9.891344 0.350000
v 28.369886 -9.891344 4.850000
v 28.577351 -10.002236 0.350000
v 28.577351 -10.002236 4.850000
v 28.759193 -10.151472 0.350000
v 28.759193 -10.151472 4.850000
v 28.908428 -10.333316 0.350000
v 28.908428 -10.333316 4.850000
v 29.019321 -10.540780 0.350000
v 29.019321 -10.540780 4.850000
v 29.087608 -10.765892 0.350000
v 29.087608 -10.765892 4.850000
v 33.400002 -3.400000 -0.150000
v 33.400002 -3.400000 0.000000
v 36.599998 -3.400000 -0.150000
v 36.599998 -3.400000 0.000000
v 33.400002 -6.600000 -0.150000
v 33.400002 -6.600000 0.000000
v 36.599998 -6.600000 -0.150000
v 36.599998 -6.600000 0.000000
v 33.799999 -5.080000 3.416585
v 33.399998 -5.080000 3.416585
v 33.799999 -5.069282 3.376585
v 33.399998 -5.069282 3.376585
v 33.799999 -5.040000 3.347303
v 33.399998 -5.040000 3.347303
v 33.799999 -5.000000 3.336586
v 33.399998 -5.000000 3.336586
v 33.799999 -4.960000 3.347303
v 33.399998 -4.960000 3.347303
v 33.799999 -4.930718 3.376585
v 33.399998 -4.930718 3.376585
v 33.799999 -4.920000 3.416585
v 33.399998 -4.920000 3.416585
v 33.799999 -4.930718 3.456585
v 33.399998 -4.930718 3.456585
v 33.799999 -4.960000 3.485868
v 33.399998 -4.960000 3.485868
v 33.799999 -5.000000 3.496585
v 33.399998 -5.000000 3.496585
v 33.799999 -5.040000 3.485868
v 33.399998 -5.040000 3.485868
v 33.799999 -5.069282 3.456585
v 33.399998 -5.069282 3.456585
v 33.400002 -9.400000 -0.150000
v 33.400002 -9.400000 0.000000
v 36.599998 -9.400000 -0.150000
v 36.599998 -9.400000 0.000000
v 33.400002 -12.600000 -0.150000
v 33.400002 -12.600000 0.000000
v 36.599998 -12.600000 -0.150000
v 36.599998 -12.600000 0.000000
v 36.199451 -11.000000 0.350000
v 36.199451 -11.000000 4.850000
v 36.176392 -11.234108 0.350000
v 36.176392 -11.234108 4.850000
v 36.108105 -11.459220 0.350000
v 36.108105 -11.459220 4.850000
v 35.997215 -11.666684 0.350000
v 35.997215 -11.666684 4.850000
v 35.847980 -11.848528 0.350000
v 35.847980 -11.848528 4.850000
v 35.666134 -11.997764 0.350000
v 35.666134 -11.997764 4.850000
v 35.458672 -12.108656 0.350000
v 35.458672 -12.108656 4.850000
v 35.233559 -12.176943 0.350000
v 35.233559 -12.176943 4.850000
v 34.999451 -12.200000 0.350000
v 34.999451 -12.200000 4.850000
v 34.765343 -12.176943 0.350000
v 34.765343 -12.176943 4.850000
v 34.540230 -12.108656 0.350000
v 34.540230 -12.108656 4.850000
v 34.332767 -11.997764 0.350000
v 34.332767 -11.997764 4.850000
v 34.150921 -11.848528 0.350000
v 34.150921 -11.848528 4.850000
v 34.001686 -11.666684 0.350000
v 34.001686 -11.666684 4.850000
v 33.890797 -11.459220 0.350000
v 33.890797 -11.459220 4.850000
v 33.822510 -11.234108 0.350000
v 33.822510 -11.234108 4.850000
v 33.799450 -11.000000 0.350000
v 33.799450 -11.000000 4.850000
v 33.822510 -10.765892 0.350000
v 33.822510 -10.765892 4.850000
v 33.890797 -10.540780 0.350000
v 33.890797 -10.540780 4.850000
v 34.001686 -10.333316 0.350000
v 34.001686 -10.333316 4.850000
v 34.150921 -10.151472 0.350000
v 34.150921 -10.151472 4.850000
v 34.332767 -10.002236 0.350000
v 34.332767 -10.002236 4.850000
v 34.540230 -9.891344 0.350000
v 34.540230 -9.891344 4.850000
v 34.765343 -9.823057 0.350000
v 34.765343 -9.823057 4.850000
v 34.999451 -9.800000 0.350000
v 34.999451 -9.800000 4.850000
v 35.233559 -9.823057 0.350000
v 35.233559 -9.823057 4.850000
v 35.458672 -9.891344 0.350000
v 35.458672 -9.891344 4.850000
v 35.666134 -10.002236 0.350000
v 35.666134 -10.002236 4.850000
v 35.847980 -10.151472 0.350000
v 35.847980 -10.151472 4.850000
v 35.997215 -10.333316 0.350000
v 35.997215 -10.333316 4.850000
v 36.108105 -10.540780 0.350000
v 36.108105 -10.540780 4.850000
v 36.176392 -10.765892 0.350000
v 36.176392 -10.765892 4.850000
v 33.799999 -11.080000 2.510583
v 33.399998 -11.080000 2.510583
v 33.799999 -11.069282 2.470583
v 33.399998 -11.069282 2.470583
v 33.799999 -11.040000 2.441301
v 33.399998 -11.040000 2.441301
v 33.799999 -11.000000 2.430583
v 33.399998 -11.000000 2.430583
v 33.799999 -10.960000 2.441301
v 33.399998 -10.960000 2.441301
v 33.799999 -10.930718 2.470583
v 33.399998 -10.930718 2.470583
v 33.799999 -10.920000 2.510583
v 33.399998 -10.920000 2.510583
v 33.799999 -10.930718 2.550583
v 33.399998 -10.930718 2.550583
v 33.799999 -10.960000 2.579865
v 33.399998 -10.960000 2.579865
v 33.799999 -11.000000 2.590583
v 33.399998 -11.000000 2.590583
v 33.799999 -11.040000 2.579865
v 33.399998 -11.040000 2.579865
v 33.799999 -11.069282 2.550583
v 33.399998 -11.069282 2.550583
v 26.400000 -3.400000 -0.150000
v 26.400000 -3.400000 0.000000
v 29.600000 -3.400000 -0.150000
v 29.600000 -3.400000 0.000000
v 26.400000 -6.600000 -0.150000
v 26.400000 -6.600000 0.000000
v 29.600000 -6.600000 -0.150000
v 29.600000 -6.600000 0.000000
v 29.292643 -5.000000 0.350000
v 29.292643 -5.000000 4.850000
v 29.269585 -5.234108 0.350000
v 29.269585 -5.234108 4.850000
v 29.201298 -5.459220 0.350000
v 29.201298 -5.459220 4.850000
v 29.090405 -5.666684 0.350000
v 29.090405 -5.666684 4.850000
v 28.941170 -5.848528 0.350000
v 28.941170 -5.848528 4.850000
v 28.759327 -5.997764 0.350000
v 28.759327 -5.997764 4.850000
v 28.551863 -6.108655 0.350000
v 28.551863 -6.108655 4.850000
v 28.326750 -6.176942 0.350000
v 28.326750 -6.176942 4.850000
v 28.092642 -6.200000 0.350000
v 28.092642 -6.200000 4.850000
v 27.858534 -6.176942 0.350000
v 27.858534 -6.176942 4.850000
v 27.633421 -6.108655 0.350000
v 27.633421 -6.108655 4.850000
v 27.425957 -5.997764 0.350000
v 27.425957 -5.997764 4.850000
v 27.244114 -5.848528 0.350000
v 27.244114 -5.848528 4.850000
v 27.094879 -5.666684 0.350000
v 27.094879 -5.666684 4.850000
v 26.983986 -5.459220 0.350000
v 26.983986 -5.459220 4.850000
v 26.915699 -5.234108 0.350000
v 26.915699 -5.234108 4.850000
v 26.892641 -5.000000 0.350000
v 26.892641 -5.000000 4.850000
v 26.915699 -4.765892 0.350000
v 26.915699 -4.765892 4.850000
v 26.983986 -4.540780 0.350000
v 26.983986 -4.540780 4.850000
v 27.094879 -4.333316 0.350000
v 27.094879 -4.333316 4.850000
v 27.244114 -4.151472 0.350000
v 27.244114 -4.151472 4.850000
v 27.425957 -4.002236 0.350000
v 27.425957 -4.002236 4.850000
v 27.633421 -3.891345 0.350000
v 27.633421 -3.891345 4.850000
v 27.858534 -3.823058 0.350000
v 27.858534 -3.823058 4.850000
v 28.092642 -3.800000 0.350000
v 28.092642 -3.800000 4.850000
v 28.326750 -3.823058 0.350000
v 28.326750 -3.823058 4.850000
v 28.551863 -3.891345 0.350000
v 28.551863 -3.891345 4.850000
v 28.759327 -4.002236 0.350000
v 28.759327 -4.002236 4.850000
v 28.941170 -4.151472 0.350000
v 28.941170 -4.151472 4.850000
v 29.090405 -4.333316 0.350000
v 29.090405 -4.333316 4.850000
v 29.201298 -4.540780 0.350000
v 29.201298 -4.540780 4.850000
v 29.269585 -4.765892 0.350000
v 29.269585 -4.765892 4.850000
v 26.800001 -5.080000 0.850000
v 26.400000 -5.080000 0.850000
v 26.800001 -5.069282 0.810000
v 26.400000 -5.069282 0.810000
v 26.800001 -5.040000 0.780718
v 26.400000 -5.040000 0.780718
v 26.800001 -5.000000 0.770000
v 26.400000 -5.000000 0.770000
v 26.800001 -4.960000 0.780718
v 26.400000 -4.960000 0.780718
v 26.800001 -4.930718 0.810000
v 26.400000 -4.930718 0.810000
v 26.800001 -4.920000 0.850000
v 26.400000 -4.920000 0.850000
v 26.800001 -4.930718 0.890000
v 26.400000 -4.930718 0.890000
v 26.800001 -4.960000 0.919282
v 26.400000 -4.960000 0.919282
v 26.800001 -5.000000 0.930000
v 26.400000 -5.000000 0.930000
v 26.800001 -5.040000 0.919282
v 26.400000 -5.040000 0.919282
v 26.800001 -5.069282 0.890000
v 26.400000 -5.069282 0.890000
v 26.400000 -9.400000 -0.150000
v 26.400000 -9.400000 0.000000
v 29.600000 -9.400000 -0.150000
v 29.600000 -9.400000 0.000000
v 26.400000 -12.600000 -0.150000
v 26.400000 -12.600000 0.000000
v 29.600000 -12.600000 -0.150000
v 29.600000 -12.600000 0.000000
vn -0.0000 1.0000 -0.0000
vn 1.0000 -0.0000 -0.0000
vn -0.0000 -1.0000 -0.0000
vn -1.0000 -0.0000 -0.0000
vn -0.0000 -0.0000 -1.0000
vn -0.0000 -0.0000 1.0000
vn -0.0000 -0.1951 0.9808
vn -0.0000 -0.5556 0.8315
vn -0.0000 -0.8315 0.5556
vn -0.0000 -0.9808 0.1951
vn -0.0000 -0.9808 -0.1951
vn -0.0000 -0.8315 -0.5556
vn -0.0000 -0.5556 -0.8315
vn -0.0000 -0.1951 -0.9808
vn -0.0000 0.1951 -0.9808
vn -0.0000 0.5556 -0.8315
vn -0.0000 0.8315 -0.5556
vn -0.0000 0.9808 -0.1951
vn -0.0000 0.9808 0.1951
vn -0.0000 0.8315 0.5556
vn -0.0000 0.5556 0.8315
vn -0.0000 0.1951 0.9808
vn -0.0000 -0.5557 0.8314
vn -0.0000 -0.8315 0.5555
vn -0.0000 -0.8315 -0.5555
vn -0.0000 -0.5557 -0.8314
vn -0.0000 0.5557 -0.8314
vn -0.0000 0.8315 -0.5555
vn -0.0000 0.8315 0.5555
vn -0.0000 0.5557 0.8314
vn 0.9808 -0.1951 -0.0000
vn 0.8315 -0.5556 -0.0000
vn 0.5556 -0.8315 -0.0000
vn 0.1951 -0.9808 -0.0000
vn -0.1951 -0.9808 -0.0000
vn -0.5556 -0.8315 -0.0000
vn -0.8315 -0.5556 -0.0000
vn -0.9808 -0.1951 -0.0000
vn -0.9808 0.1951 -0.0000
vn -0.8315 0.5556 -0.0000
vn -0.5556 0.8315 -0.0000
vn -0.1951 0.9808 -0.0000
vn 0.1951 0.9808 -0.0000
vn 0.5556 0.8315 -0.0000
vn 0.8315 0.5556 -0.0000
vn 0.9808 0.1951 -0.0000
vn 0.9659 -0.2588 -0.0000
vn 0.7071 -0.7071 -0.0000
vn 0.2588 -0.9659 -0.0000
vn -0.2588 -0.9659 -0.0000
vn -0.7071 -0.7071 -0.0000
vn -0.9659 -0.2588 -0.0000
vn -0.9659 0.2588 -0.0000
vn -0.7071 0.7071 -0.0000
vn -0.2588 0.9659 -0.0000
vn 0.2588 0.9659 -0.0000
vn 0.7071 0.7071 -0.0000
vn 0.9659 0.2588 -0.0000
vn -0.9659 -0.0000 -0.2588
vn -0.7071 -0.0000 -0.7071
vn -0.2588 -0.0000 -0.9659
vn 0.2588 -0.0000 -0.9659
vn 0.7071 -0.0000 -0.7071
vn 0.9659 -0.0000 -0.2588
vn 0.9659 -0.0000 0.2588
vn 0.7071 -0.0000 0.7071
vn 0.2588 -0.0000 0.9659
vn -0.2588 -0.0000 0.9659
vn -0.7071 -0.0000 0.7071
vn -0.9659 -0.0000 0.2588
vn 0.9877 -0.1564 -0.0000
vn 0.8910 -0.4540 -0.0000
vn 0.4540 -0.8910 -0.0000
vn 0.1564 -0.9877 -0.0000
vn -0.1564 -0.9877 -0.0000
vn -0.4540 -0.8910 -0.0000
vn -0.8910 -0.4540 -0.0000
vn -0.9877 -0.1564 -0.0000
vn -0.9877 0.1564 -0.0000
vn -0.8910 0.4540 -0.0000
vn -0.4540 0.8910 -0.0000
vn -0.1564 0.9877 -0.0000
vn 0.1564 0.9877 -0.0000
vn 0.4540 0.8910 -0.0000
vn 0.8910 0.4540 -0.0000
vn 0.9877 0.1564 -0.0000
vn -0.0000 -0.9659 -0.2588
vn -0.0000 -0.7071 -0.7071
vn -0.0000 -0.2588 -0.9659
vn -0.0000 0.2588 -0.9659
vn -0.0000 0.7071 -0.7071
vn -0.0000 0.9659 -0.2588
vn -0.0000 0.9659 0.2588
vn -0.0000 0.7071 0.7071
vn -0.0000 0.2588 0.9659
vn -0.0000 -0.2588 0.9659
vn -0.0000 -0.7071 0.7071
vn -0.0000 -0.9659 0.2588
vn 0.7072 -0.7070 -0.0000
vn -0.7072 -0.7070 -0.0000
vn -0.7072 0.7070 -0.0000
vn 0.7072 0.7070 -0.0000
vn 0.1950 -0.9808 -0.0000
vn -0.1950 -0.9808 -0.0000
vn 0.9877 -0.1565 -0.0000
vn -0.9877 -0.1565 -0.0000
vn -0.9877 0.1565 -0.0000
vn 0.9877 0.1565 -0.0000
vn -0.5555 0.8315 -0.0000
vn 0.5555 0.8315 -0.0000
vn 0.5555 -0.8315 -0.0000
vn -0.5555 -0.8315 -0.0000
vn 0.9239 -0.3828 -0.0000
vn 0.3827 -0.9239 -0.0000
vn -0.3827 -0.9239 -0.0000
vn -0.9239 -0.3828 -0.0000
vn -0.9239 0.3828 -0.0000
vn -0.3827 0.9239 -0.0000
vn 0.3827 0.9239 -0.0000
vn 0.9239 0.3828 -0.0000
vn 0.9239 -0.3827 -0.0000
vn 0.3829 -0.9238 -0.0000
vn -0.3829 -0.9238 -0.0000
vn -0.9239 -0.3827 -0.0000
vn -0.9239 0.3827 -0.0000
vn -0.3829 0.9238 -0.0000
vn 0.3829 0.9238 -0.0000
vn 0.9239 0.3827 -0.0000
vn 0.9510 -0.3091 -0.0000
vn 0.5879 -0.8089 -0.0000
vn -0.5879 -0.8089 -0.0000
vn -0.9510 -0.3091 -0.0000
vn -0.9510 0.3091 -0.0000
vn -0.5879 0.8089 -0.0000
vn 0.5879 0.8089 -0.0000
vn 0.9510 0.3091 -0.0000
vn 0.9511 -0.3090 -0.0000
vn 0.5878 -0.8090 -0.0000
vn -0.5878 -0.8090 -0.0000
vn -0.9511 -0.3090 -0.0000
vn -0.9511 0.3090 -0.0000
vn -0.5878 0.8090 -0.0000
vn 0.5878 0.8090 -0.0000
vn 0.9511 0.3090 -0.0000
vn 0.9659 -0.2315 -0.1157
vn 0.7071 -0.6325 -0.3162
vn 0.2588 -0.8639 -0.4320
vn -0.2588 -0.8639 -0.4320
vn -0.7071 -0.6325 -0.3162
vn -0.9659 -0.2315 -0.1157
vn -0.9659 0.2315 0.1157
vn -0.7071 0.6324 0.3162
vn -0.2588 0.8639 0.4320
vn 0.2588 0.8639 0.4320
vn -0.0000 -0.4472 0.8944
vn 0.7071 0.6324 0.3162
vn 0.9659 0.2315 0.1157
vn -0.0000 0.4472 -0.8944
vn -0.7071 0.6325 0.3162
vn 0.7071 0.6325 0.3162
vn 0.2588 -0.8640 -0.4320
vn -0.2588 -0.8640 -0.4320
vn -0.2588 0.8640 0.4320
vn 0.2588 0.8640 0.4320
vn -0.9659 0.2315 0.1158
vn 0.9659 0.2315 0.1158
vn -0.9659 -0.2315 -0.1158
vn 0.9952 -0.0980 -0.0000
vn 0.9569 -0.2903 -0.0000
vn 0.8819 -0.4714 -0.0000
vn 0.7730 -0.6344 -0.0000
vn 0.6344 -0.7730 -0.0000
vn 0.4714 -0.8819 -0.0000
vn 0.2903 -0.9569 -0.0000
vn 0.0980 -0.9952 -0.0000
vn -0.0980 -0.9952 -0.0000
vn -0.2903 -0.9569 -0.0000
vn -0.4714 -0.8819 -0.0000
vn -0.6344 -0.7730 -0.0000
vn -0.7730 -0.6344 -0.0000
vn -0.8819 -0.4714 -0.0000
vn -0.9569 -0.2903 -0.0000
vn -0.9952 -0.0980 -0.0000
vn -0.9952 0.0980 -0.0000
vn -0.9569 0.2903 -0.0000
vn -0.8819 0.4714 -0.0000
vn -0.7730 0.6344 -0.0000
vn -0.6344 0.7730 -0.0000
vn -0.4714 0.8819 -0.0000
vn -0.2903 0.9569 -0.0000
vn -0.0980 0.9952 -0.0000
vn 0.0980 0.9952 -0.0000
vn 0.2903 0.9569 -0.0000
vn 0.4714 0.8819 -0.0000
vn 0.6344 0.7730 -0.0000
vn 0.7730 0.6344 -0.0000
vn 0.8819 0.4714 -0.0000
vn 0.9569 0.2903 -0.0000
vn 0.9952 0.0980 -0.0000
s 0
usemtl 
f 1//1 2//1 4//1 3//1
f 3//2 4//2 8//2 7//2
f 7//3 8//3 6//3 5//3
f 5//4 6//4 2//4 1//4
f 3//5 7//5 5//5 1//5
f 8//6 4//6 2//6 6//6
f 9//1 10//1 12//1 11//1
f 11//2 12//2 16//2 15//2
f 15//3 16//3 14//3 13//3
f 13//4 14//4 10//4 9//4
f 11//5 15//5 13//5 9//5
f 16//6 12//6 10//6 14//6
usemtl MAT_ChargeDock
f 17//1 18//1 20//1 19//1
f 19//2 20//2 24//2 23//2
f 23//3 24//3 22//3 21//3
f 21//4 22//4 18//4 17//4
f 19//5 23//5 21//5 17//5
f 24//6 20//6 18//6 22//6
f 41//1 42//1 44//1 43//1
f 43//2 44//2 48//2 47//2
f 47//3 48//3 46//3 45//3
f 45//4 46//4 42//4 41//4
f 43//5 47//5 45//5 41//5
f 48//6 44//6 42//6 46//6
usemtl MAT_ContactRail
f 25//1 26//1 28//1 27//1
f 27//2 28//2 32//2 31//2
f 31//3 32//3 30//3 29//3
f 29//4 30//4 26//4 25//4
f 27//5 31//5 29//5 25//5
f 32//6 28//6 26//6 30//6
f 33//1 34//1 36//1 35//1
f 35//2 36//2 40//2 39//2
f 39//3 40//3 38//3 37//3
f 37//4 38//4 34//4 33//4
f 35//5 39//5 37//5 33//5
f 40//6 36//6 34//6 38//6
f 49//1 50//1 52//1 51//1
f 51//2 52//2 56//2 55//2
f 55//3 56//3 54//3 53//3
f 53//4 54//4 50//4 49//4
f 51//5 55//5 53//5 49//5
f 56//6 52//6 50//6 54//6
f 57//1 58//1 60//1 59//1
f 59//2 60//2 64//2 63//2
f 63//3 64//3 62//3 61//3
f 61//4 62//4 58//4 57//4
f 59//5 63//5 61//5 57//5
f 64//6 60//6 58//6 62//6
usemtl MAT_Workbench
f 65//1 66//1 68//1 67//1
f 67//2 68//2 72//2 71//2
f 71//3 72//3 70//3 69//3
f 69//4 70//4 66//4 65//4
f 67//5 71//5 69//5 65//5
f 72//6 68//6 66//6 70//6
f 113//1 114//1 116//1 115//1
f 115//2 116//2 120//2 119//2
f 119//3 120//3 118//3 117//3
f 117//4 118//4 114//4 113//4
f 115//5 119//5 117//5 113//5
f 120//6 116//6 114//6 118//6
usemtl MAT_BenchLeg
f 73//1 74//1 76//1 75//1
f 75//2 76//2 80//2 79//2
f 79//3 80//3 78//3 77//3
f 77//4 78//4 74//4 73//4
f 75//5 79//5 77//5 73//5
f 80//6 76//6 74//6 78//6
f 81//1 82//1 84//1 83//1
f 83//2 84//2 88//2 87//2
f 87//3 88//3 86//3 85//3
f 85//4 86//4 82//4 81//4
f 83//5 87//5 85//5 81//5
f 88//6 84//6 82//6 86//6
f 89//1 90//1 92//1 91//1
f 91//2 92//2 96//2 95//2
f 95//3 96//3 94//3 93//3
f 93//4 94//4 90//4 89//4
f 91//5 95//5 93//5 89//5
f 96//6 92//6 90//6 94//6
f 97//1 98//1 100//1 99//1
f 99//2 100//2 104//2 103//2
f 103//3 104//3 102//3 101//3
f 101//4 102//4 98//4 97//4
f 99//5 103//5 101//5 97//5
f 104//6 100//6 98//6 102//6
f 105//1 106//1 108//1 107//1
f 107//2 108//2 112//2 111//2
f 111//3 112//3 110//3 109//3
f 109//4 110//4 106//4 105//4
f 107//5 111//5 109//5 105//5
f 112//6 108//6 106//6 110//6
f 121//1 122//1 124//1 123//1
f 123//2 124//2 128//2 127//2
f 127//3 128//3 126//3 125//3
f 125//4 126//4 122//4 121//4
f 123//5 127//5 125//5 121//5
f 128//6 124//6 122//6 126//6
f 129//1 130//1 132//1 131//1
f 131//2 132//2 136//2 135//2
f 135//3 136//3 134//3 133//3
f 133//4 134//4 130//4 129//4
f 131//5 135//5 133//5 129//5
f 136//6 132//6 130//6 134//6
f 137//1 138//1 140//1 139//1
f 139//2 140//2 144//2 143//2
f 143//3 144//3 142//3 141//3
f 141//4 142//4 138//4 137//4
f 139//5 143//5 141//5 137//5
f 144//6 140//6 138//6 142//6
f 145//1 146//1 148//1 147//1
f 147//2 148//2 152//2 151//2
f 151//3 152//3 150//3 149//3
f 149//4 150//4 146//4 145//4
f 147//5 151//5 149//5 145//5
f 152//6 148//6 146//6 150//6
f 153//1 154//1 156//1 155//1
f 155//2 156//2 160//2 159//2
f 159//3 160//3 158//3 157//3
f 157//4 158//4 154//4 153//4
f 155//5 159//5 157//5 153//5
f 160//6 156//6 154//6 158//6
f 201//1 202//1 204//1 203//1
f 203//2 204//2 208//2 207//2
f 207//3 208//3 206//3 205//3
f 205//4 206//4 202//4 201//4
f 203//5 207//5 205//5 201//5
f 208//6 204//6 202//6 206//6
f 209//1 210//1 212//1 211//1
f 211//2 212//2 216//2 215//2
f 215//3 216//3 214//3 213//3
f 213//4 214//4 210//4 209//4
f 211//5 215//5 213//5 209//5
f 216//6 212//6 210//6 214//6
f 217//1 218//1 220//1 219//1
f 219//2 220//2 224//2 223//2
f 223//3 224//3 222//3 221//3
f 221//4 222//4 218//4 217//4
f 219//5 223//5 221//5 217//5
f 224//6 220//6 218//6 222//6
f 225//1 226//1 228//1 227//1
f 227//2 228//2 232//2 231//2
f 231//3 232//3 230//3 229//3
f 229//4 230//4 226//4 225//4
f 227//5 231//5 229//5 225//5
f 232//6 228//6 226//6 230//6
usemtl MAT_ToolCabinet
f 161//1 162//1 164//1 163//1
f 163//2 164//2 168//2 167//2
f 167//3 168//3 166//3 165//3
f 165//4 166//4 162//4 161//4
f 163//5 167//5 165//5 161//5
f 168//6 164//6 162//6 166//6
f 169//1 170//1 172//1 171//1
f 171//2 172//2 176//2 175//2
f 175//3 176//3 174//3 173//3
f 173//4 174//4 170//4 169//4
f 171//5 175//5 173//5 169//5
f 176//6 172//6 170//6 174//6
f 177//1 178//1 180//1 179//1
f 179//2 180//2 184//2 183//2
f 183//3 184//3 182//3 181//3
f 181//4 182//4 178//4 177//4
f 179//5 183//5 181//5 177//5
f 184//6 180//6 178//6 182//6
f 185//1 186//1 188//1 187//1
f 187//2 188//2 192//2 191//2
f 191//3 192//3 190//3 189//3
f 189//4 190//4 186//4 185//4
f 187//5 191//5 189//5 185//5
f 192//6 188//6 186//6 190//6
usemtl MAT_PartsWasher
f 193//1 194//1 196//1 195//1
f 195//2 196//2 200//2 199//2
f 199//3 200//3 198//3 197//3
f 197//4 198//4 194//4 193//4
f 195//5 199//5 197//5 193//5
f 200//6 196//6 194//6 198//6
usemtl MAT_GaugeBody
f 233//7 234//7 236//7 235//7
f 235//8 236//8 238//8 237//8
f 237//9 238//9 240//9 239//9
f 239//10 240//10 242//10 241//10
f 241//11 242//11 244//11 243//11
f 243//12 244//12 246//12 245//12
f 245//13 246//13 248//13 247//13
f 247//14 248//14 250//14 249//14
f 249//15 250//15 252//15 251//15
f 251//16 252//16 254//16 253//16
f 253//17 254//17 256//17 255//17
f 255//18 256//18 258//18 257//18
f 257//19 258//19 260//19 259//19
f 259//20 260//20 262//20 261//20
f 236//4 234//4 264//4 262//4 260//4 258//4 256//4 254//4 252//4 250//4 248//4 246//4 244//4 242//4 240//4 238//4
f 261//21 262//21 264//21 263//21
f 263//22 264//22 234//22 233//22
f 233//2 235//2 237//2 239//2 241//2 243//2 245//2 247//2 249//2 251//2 253//2 255//2 257//2 259//2 261//2 263//2
usemtl MAT_GaugeFace
f 265//7 266//7 268//7 267//7
f 267//23 268//23 270//23 269//23
f 269//24 270//24 272//24 271//24
f 271//10 272//10 274//10 273//10
f 273//11 274//11 276//11 275//11
f 275//25 276//25 278//25 277//25
f 277//26 278//26 280//26 279//26
f 279//14 280//14 282//14 281//14
f 281//15 282//15 284//15 283//15
f 283//27 284//27 286//27 285//27
f 285//28 286//28 288//28 287//28
f 287//18 288//18 290//18 289//18
f 289//19 290//19 292//19 291//19
f 291//29 292//29 294//29 293//29
f 268//4 266//4 296//4 294//4 292//4 290//4 288//4 286//4 284//4 282//4 280//4 278//4 276//4 274//4 272//4 270//4
f 293//30 294//30 296//30 295//30
f 295//22 296//22 266//22 265//22
f 265//2 267//2 269//2 271//2 273//2 275//2 277//2 279//2 281//2 283//2 285//2 287//2 289//2 291//2 293//2 295//2
usemtl MAT_AprilTag_Placeholder
f 297//1 298//1 300//1 299//1
f 299//6 300//6 304//6 303//6
f 303//3 304//3 302//3 301//3
f 301//5 302//5 298//5 297//5
f 299//2 303//2 301//2 297//2
f 304//4 300//4 298//4 302//4
usemtl MAT_Rust
f 305//31 306//31 308//31 307//31
f 307//32 308//32 310//32 309//32
f 309//33 310//33 312//33 311//33
f 311//34 312//34 314//34 313//34
f 313//35 314//35 316//35 315//35
f 315//36 316//36 318//36 317//36
f 317//37 318//37 320//37 319//37
f 319//38 320//38 322//38 321//38
f 321//39 322//39 324//39 323//39
f 323//40 324//40 326//40 325//40
f 325//41 326//41 328//41 327//41
f 327//42 328//42 330//42 329//42
f 329//43 330//43 332//43 331//43
f 331//44 332//44 334//44 333//44
f 333//45 334//45 336//45 335//45
f 335//46 336//46 306//46 305//46
usemtl MAT_ConcreteWall
f 337//1 338//1 340//1 339//1
f 339//2 340//2 344//2 343//2
f 343//3 344//3 342//3 341//3
f 341//4 342//4 338//4 337//4
f 339//5 343//5 341//5 337//5
f 344//6 340//6 338//6 342//6
f 345//1 346//1 348//1 347//1
f 347//2 348//2 352//2 351//2
f 351//3 352//3 350//3 349//3
f 349//4 350//4 346//4 345//4
f 347//5 351//5 349//5 345//5
f 352//6 348//6 346//6 350//6
f 353//1 354//1 356//1 355//1
f 355//2 356//2 360//2 359//2
f 359//3 360//3 358//3 357//3
f 357//4 358//4 354//4 353//4
f 355//5 359//5 357//5 353//5
f 360//6 356//6 354//6 358//6
f 361//1 362//1 364//1 363//1
f 364//2 370//2 369//2 363//2
f 364//2 368//2 367//2 363//2 369//2 372//2 377//2 378//2 385//2 386//2 387//2 388//2 379//2 380//2 371//2 370//2
f 385//2 378//2 379//2 388//2
f 377//2 372//2 371//2 380//2
f 367//3 368//3 366//3 365//3
f 375//4 362//4 361//4 374//4
f 376//4 374//4 361//4 365//4 366//4 362//4 375//4 373//4 383//4 384//4 391//4 392//4 390//4 389//4 382//4 381//4
f 391//4 384//4 382//4 389//4
f 383//4 373//4 376//4 381//4
f 363//5 367//5 365//5 361//5
f 368//6 364//6 362//6 366//6
f 374//3 369//3 370//3 375//3
f 373//1 371//1 372//1 376//1
f 376//6 372//6 369//6 374//6
f 370//5 371//5 373//5 375//5
f 393//1 394//1 396//1 395//1
f 395//2 396//2 400//2 399//2
f 399//3 400//3 398//3 397//3
f 397//4 398//4 394//4 393//4
f 395//5 399//5 397//5 393//5
f 400//6 396//6 394//6 398//6
f 401//1 402//1 404//1 403//1
f 403//2 404//2 408//2 407//2
f 407//3 408//3 406//3 405//3
f 405//4 406//4 402//4 401//4
f 403//5 407//5 405//5 401//5
f 408//6 404//6 402//6 406//6
f 409//1 410//1 412//1 411//1
f 411//2 412//2 416//2 415//2
f 415//3 416//3 414//3 413//3
f 413//4 414//4 410//4 409//4
f 411//5 415//5 413//5 409//5
f 416//6 412//6 410//6 414//6
f 417//1 418//1 420//1 419//1
f 419//2 420//2 424//2 423//2
f 423//3 424//3 422//3 421//3
f 421//4 422//4 418//4 417//4
f 419//5 423//5 421//5 417//5
f 424//6 420//6 418//6 422//6
f 425//1 426//1 428//1 427//1
f 427//2 428//2 432//2 431//2
f 431//3 432//3 430//3 429//3
f 429//4 430//4 426//4 425//4
f 427//5 431//5 429//5 425//5
f 432//6 428//6 426//6 430//6
f 433//1 434//1 436//1 435//1
f 435//2 436//2 440//2 439//2
f 439//3 440//3 438//3 437//3
f 437//4 438//4 434//4 433//4
f 435//5 439//5 437//5 433//5
f 440//6 436//6 434//6 438//6
usemtl MAT_FloorMarkWhite
f 1169//1 1170//1 1172//1 1171//1
f 1171//2 1172//2 1176//2 1175//2
f 1175//3 1176//3 1174//3 1173//3
f 1173//4 1174//4 1170//4 1169//4
f 1171//5 1175//5 1173//5 1169//5
f 1176//6 1172//6 1170//6 1174//6
usemtl MAT_WindowGlass
f 377//3 380//3 383//3 381//3
f 384//1 379//1 378//1 382//1
f 382//6 378//6 377//6 381//6
f 380//5 379//5 384//5 383//5
f 385//3 388//3 391//3 389//3
f 392//1 387//1 386//1 390//1
f 390//6 386//6 385//6 389//6
f 388//5 387//5 392//5 391//5
usemtl EQ_01_PUMPS
f 441//1 442//1 444//1 443//1
f 443//2 444//2 448//2 447//2
f 447//3 448//3 446//3 445//3
f 445//4 446//4 442//4 441//4
f 443//5 447//5 445//5 441//5
f 448//6 444//6 442//6 446//6
f 449//1 450//1 452//1 451//1
f 451//2 452//2 456//2 455//2
f 455//3 456//3 454//3 453//3
f 453//4 454//4 450//4 449//4
f 451//5 455//5 453//5 449//5
f 456//6 452//6 450//6 454//6
f 457//1 458//1 460//1 459//1
f 464//2 463//2 468//2 465//2
f 459//2 460//2 466//2 467//2
f 463//3 464//3 462//3 461//3
f 469//4 458//4 457//4 472//4
f 461//4 462//4 470//4 471//4
f 468//5 463//5 461//5 471//5
f 457//5 459//5 467//5 472//5
f 460//6 458//6 469//6 466//6
f 470//6 462//6 464//6 465//6
f 467//3 466//3 469//3 472//3
f 465//1 468//1 471//1 470//1
f 473//1 474//1 476//1 475//1
f 475//2 476//2 480//2 479//2
f 479//3 480//3 478//3 477//3
f 477//4 478//4 474//4 473//4
f 475//5 479//5 477//5 473//5
f 480//6 476//6 474//6 478//6
f 481//1 482//1 484//1 483//1
f 483//2 484//2 488//2 487//2
f 487//3 488//3 486//3 485//3
f 485//4 486//4 482//4 481//4
f 483//5 487//5 485//5 481//5
f 488//6 484//6 482//6 486//6
f 489//1 490//1 492//1 491//1
f 491//2 492//2 496//2 495//2
f 495//3 496//3 494//3 493//3
f 493//4 494//4 490//4 489//4
f 491//5 495//5 493//5 489//5
f 496//6 492//6 490//6 494//6
f 497//1 498//1 500//1 499//1
f 499//2 500//2 504//2 503//2
f 503//3 504//3 502//3 501//3
f 501//4 502//4 498//4 497//4
f 499//5 503//5 501//5 497//5
f 504//6 500//6 498//6 502//6
f 505//1 506//1 508//1 507//1
f 507//2 508//2 512//2 511//2
f 511//3 512//3 510//3 509//3
f 509//4 510//4 506//4 505//4
f 507//5 511//5 509//5 505//5
f 512//6 508//6 506//6 510//6
f 513//1 514//1 516//1 515//1
f 515//2 516//2 520//2 519//2
f 519//3 520//3 518//3 517//3
f 517//4 518//4 514//4 513//4
f 515//5 519//5 517//5 513//5
f 520//6 516//6 514//6 518//6
f 521//1 522//1 524//1 523//1
f 523//2 524//2 528//2 527//2
f 527//3 528//3 526//3 525//3
f 525//4 526//4 522//4 521//4
f 523//5 527//5 525//5 521//5
f 528//6 524//6 522//6 526//6
f 529//1 530//1 532//1 531//1
f 531//2 532//2 536//2 535//2
f 535//3 536//3 534//3 533//3
f 533//4 534//4 530//4 529//4
f 531//5 535//5 533//5 529//5
f 536//6 532//6 530//6 534//6
f 609//1 610//1 612//1 611//1
f 611//2 612//2 616//2 615//2
f 615//3 616//3 614//3 613//3
f 613//4 614//4 610//4 609//4
f 611//5 615//5 613//5 609//5
f 616//6 612//6 610//6 614//6
f 617//1 618//1 620//1 619//1
f 619//2 620//2 624//2 623//2
f 623//3 624//3 622//3 621//3
f 621//4 622//4 618//4 617//4
f 619//5 623//5 621//5 617//5
f 624//6 620//6 618//6 622//6
f 625//1 626//1 628//1 627//1
f 627//2 628//2 632//2 631//2
f 631//3 632//3 630//3 629//3
f 629//4 630//4 626//4 625//4
f 627//5 631//5 629//5 625//5
f 632//6 628//6 626//6 630//6
usemtl MAT_PumpMotor
f 633//1 634//1 636//1 635//1
f 635//2 636//2 640//2 639//2
f 639//3 640//3 638//3 637//3
f 637//4 638//4 634//4 633//4
f 635//5 639//5 637//5 633//5
f 640//6 636//6 634//6 638//6
f 1265//1 1266//1 1268//1 1267//1
f 1267//2 1268//2 1272//2 1271//2
f 1271//3 1272//3 1270//3 1269//3
f 1269//4 1270//4 1266//4 1265//4
f 1267//5 1271//5 1269//5 1265//5
f 1272//6 1268//6 1266//6 1270//6
f 1329//1 1330//1 1332//1 1331//1
f 1331//2 1332//2 1336//2 1335//2
f 1335//3 1336//3 1334//3 1333//3
f 1333//4 1334//4 1330//4 1329//4
f 1331//5 1335//5 1333//5 1329//5
f 1336//6 1332//6 1330//6 1334//6
f 1361//1 1362//1 1364//1 1363//1
f 1363//2 1364//2 1368//2 1367//2
f 1367//3 1368//3 1366//3 1365//3
f 1365//4 1366//4 1362//4 1361//4
f 1363//5 1367//5 1365//5 1361//5
f 1368//6 1364//6 1362//6 1366//6
f 1969//1 1970//1 1972//1 1971//1
f 1971//2 1972//2 1976//2 1975//2
f 1975//3 1976//3 1974//3 1973//3
f 1973//4 1974//4 1970//4 1969//4
f 1971//5 1975//5 1973//5 1969//5
f 1976//6 1972//6 1970//6 1974//6
f 1985//1 1986//1 1988//1 1987//1
f 1987//2 1988//2 1992//2 1991//2
f 1991//3 1992//3 1990//3 1989//3
f 1989//4 1990//4 1986//4 1985//4
f 1987//5 1991//5 1989//5 1985//5
f 1992//6 1988//6 1986//6 1990//6
f 2001//1 2002//1 2004//1 2003//1
f 2003//2 2004//2 2008//2 2007//2
f 2007//3 2008//3 2006//3 2005//3
f 2005//4 2006//4 2002//4 2001//4
f 2003//5 2007//5 2005//5 2001//5
f 2008//6 2004//6 2002//6 2006//6
f 2041//71 2042//71 2044//71 2043//71
f 2043//72 2044//72 2046//72 2045//72
f 2045//48 2046//48 2048//48 2047//48
f 2047//73 2048//73 2050//73 2049//73
f 2049//74 2050//74 2052//74 2051//74
f 2051//75 2052//75 2054//75 2053//75
f 2053//76 2054//76 2056//76 2055//76
f 2055//51 2056//51 2058//51 2057//51
f 2057//77 2058//77 2060//77 2059//77
f 2059//78 2060//78 2062//78 2061//78
f 2061//79 2062//79 2064//79 2063//79
f 2063//80 2064//80 2066//80 2065//80
f 2065//54 2066//54 2068//54 2067//54
f 2067//81 2068//81 2070//81 2069//81
f 2069//82 2070//82 2072//82 2071//82
f 2071//83 2072//83 2074//83 2073//83
f 2073//84 2074//84 2076//84 2075//84
f 2075//57 2076//57 2078//57 2077//57
f 2044//6 2042//6 2080//6 2078//6 2076//6 2074//6 2072//6 2070//6 2068//6 2066//6 2064//6 2062//6 2060//6 2058//6 2056//6 2054//6 2052//6 2050//6 2048//6 2046//6
f 2077//85 2078//85 2080//85 2079//85
f 2079//86 2080//86 2042//86 2041//86
f 2041//5 2043//5 2045//5 2047//5 2049//5 2051//5 2053//5 2055//5 2057//5 2059//5 2061//5 2063//5 2065//5 2067//5 2069//5 2071//5 2073//5 2075//5 2077//5 2079//5
f 2145//71 2146//71 2148//71 2147//71
f 2147//72 2148//72 2150//72 2149//72
f 2149//48 2150//48 2152//48 2151//48
f 2151//73 2152//73 2154//73 2153//73
f 2153//74 2154//74 2156//74 2155//74
f 2155//75 2156//75 2158//75 2157//75
f 2157//76 2158//76 2160//76 2159//76
f 2159//51 2160//51 2162//51 2161//51
f 2161//77 2162//77 2164//77 2163//77
f 2163//78 2164//78 2166//78 2165//78
f 2165//79 2166//79 2168//79 2167//79
f 2167//80 2168//80 2170//80 2169//80
f 2169//54 2170//54 2172//54 2171//54
f 2171//81 2172//81 2174//81 2173//81
f 2173//82 2174//82 2176//82 2175//82
f 2175//83 2176//83 2178//83 2177//83
f 2177//84 2178//84 2180//84 2179//84
f 2179//57 2180//57 2182//57 2181//57
f 2148//6 2146//6 2184//6 2182//6 2180//6 2178//6 2176//6 2174//6 2172//6 2170//6 2168//6 2166//6 2164//6 2162//6 2160//6 2158//6 2156//6 2154//6 2152//6 2150//6
f 2181//85 2182//85 2184//85 2183//85
f 2183//86 2184//86 2146//86 2145//86
f 2145//5 2147//5 2149//5 2151//5 2153//5 2155//5 2157//5 2159//5 2161//5 2163//5 2165//5 2167//5 2169//5 2171//5 2173//5 2175//5 2177//5 2179//5 2181//5 2183//5
f 2273//71 2274//71 2276//71 2275//71
f 2275//72 2276//72 2278//72 2277//72
f 2277//48 2278//48 2280//48 2279//48
f 2279//73 2280//73 2282//73 2281//73
f 2281//74 2282//74 2284//74 2283//74
f 2283//75 2284//75 2286//75 2285//75
f 2285//76 2286//76 2288//76 2287//76
f 2287//51 2288//51 2290//51 2289//51
f 2289//77 2290//77 2292//77 2291//77
f 2291//78 2292//78 2294//78 2293//78
f 2293//79 2294//79 2296//79 2295//79
f 2295//80 2296//80 2298//80 2297//80
f 2297//54 2298//54 2300//54 2299//54
f 2299//81 2300//81 2302//81 2301//81
f 2301//82 2302//82 2304//82 2303//82
f 2303//83 2304//83 2306//83 2305//83
f 2305//84 2306//84 2308//84 2307//84
f 2307//57 2308//57 2310//57 2309//57
f 2276//6 2274//6 2312//6 2310//6 2308//6 2306//6 2304//6 2302//6 2300//6 2298//6 2296//6 2294//6 2292//6 2290//6 2288//6 2286//6 2284//6 2282//6 2280//6 2278//6
f 2309//85 2310//85 2312//85 2311//85
f 2311//86 2312//86 2274//86 2273//86
f 2273//5 2275//5 2277//5 2279//5 2281//5 2283//5 2285//5 2287//5 2289//5 2291//5 2293//5 2295//5 2297//5 2299//5 2301//5 2303//5 2305//5 2307//5 2309//5 2311//5
f 2393//71 2394//71 2396//71 2395//71
f 2395//72 2396//72 2398//72 2397//72
f 2397//48 2398//48 2400//48 2399//48
f 2399//73 2400//73 2402//73 2401//73
f 2401//74 2402//74 2404//74 2403//74
f 2403//75 2404//75 2406//75 2405//75
f 2405//76 2406//76 2408//76 2407//76
f 2407//51 2408//51 2410//51 2409//51
f 2409//77 2410//77 2412//77 2411//77
f 2411//78 2412//78 2414//78 2413//78
f 2413//79 2414//79 2416//79 2415//79
f 2415//80 2416//80 2418//80 2417//80
f 2417//54 2418//54 2420//54 2419//54
f 2419//81 2420//81 2422//81 2421//81
f 2421//82 2422//82 2424//82 2423//82
f 2423//83 2424//83 2426//83 2425//83
f 2425//84 2426//84 2428//84 2427//84
f 2427//57 2428//57 2430//57 2429//57
f 2396//6 2394//6 2432//6 2430//6 2428//6 2426//6 2424//6 2422//6 2420//6 2418//6 2416//6 2414//6 2412//6 2410//6 2408//6 2406//6 2404//6 2402//6 2400//6 2398//6
f 2429//85 2430//85 2432//85 2431//85
f 2431//86 2432//86 2394//86 2393//86
f 2393//5 2395//5 2397//5 2399//5 2401//5 2403//5 2405//5 2407//5 2409//5 2411//5 2413//5 2415//5 2417//5 2419//5 2421//5 2423//5 2425//5 2427//5 2429//5 2431//5
f 2521//71 2522//71 2524//71 2523//71
f 2523//72 2524//72 2526//72 2525//72
f 2525//48 2526//48 2528//48 2527//48
f 2527//73 2528//73 2530//73 2529//73
f 2529//74 2530//74 2532//74 2531//74
f 2531//75 2532//75 2534//75 2533//75
f 2533//76 2534//76 2536//76 2535//76
f 2535//51 2536//51 2538//51 2537//51
f 2537//77 2538//77 2540//77 2539//77
f 2539//78 2540//78 2542//78 2541//78
f 2541//79 2542//79 2544//79 2543//79
f 2543//80 2544//80 2546//80 2545//80
f 2545//54 2546//54 2548//54 2547//54
f 2547//81 2548//81 2550//81 2549//81
f 2549//82 2550//82 2552//82 2551//82
f 2551//83 2552//83 2554//83 2553//83
f 2553//84 2554//84 2556//84 2555//84
f 2555//57 2556//57 2558//57 2557//57
f 2524//6 2522//6 2560//6 2558//6 2556//6 2554//6 2552//6 2550//6 2548//6 2546//6 2544//6 2542//6 2540//6 2538//6 2536//6 2534//6 2532//6 2530//6 2528//6 2526//6
f 2557//85 2558//85 2560//85 2559//85
f 2559//86 2560//86 2522//86 2521//86
f 2521//5 2523//5 2525//5 2527//5 2529//5 2531//5 2533//5 2535//5 2537//5 2539//5 2541//5 2543//5 2545//5 2547//5 2549//5 2551//5 2553//5 2555//5 2557//5 2559//5
f 2721//71 2722//71 2724//71 2723//71
f 2723//72 2724//72 2726//72 2725//72
f 2725//48 2726//48 2728//48 2727//48
f 2727//73 2728//73 2730//73 2729//73
f 2729//74 2730//74 2732//74 2731//74
f 2731//75 2732//75 2734//75 2733//75
f 2733//76 2734//76 2736//76 2735//76
f 2735//51 2736//51 2738//51 2737//51
f 2737//77 2738//77 2740//77 2739//77
f 2739//78 2740//78 2742//78 2741//78
f 2741//79 2742//79 2744//79 2743//79
f 2743//80 2744//80 2746//80 2745//80
f 2745//54 2746//54 2748//54 2747//54
f 2747//81 2748//81 2750//81 2749//81
f 2749//82 2750//82 2752//82 2751//82
f 2751//83 2752//83 2754//83 2753//83
f 2753//84 2754//84 2756//84 2755//84
f 2755//57 2756//57 2758//57 2757//57
f 2724//6 2722//6 2760//6 2758//6 2756//6 2754//6 2752//6 2750//6 2748//6 2746//6 2744//6 2742//6 2740//6 2738//6 2736//6 2734//6 2732//6 2730//6 2728//6 2726//6
f 2757//85 2758//85 2760//85 2759//85
f 2759//86 2760//86 2722//86 2721//86
f 2721//5 2723//5 2725//5 2727//5 2729//5 2731//5 2733//5 2735//5 2737//5 2739//5 2741//5 2743//5 2745//5 2747//5 2749//5 2751//5 2753//5 2755//5 2757//5 2759//5
f 3729//47 3730//47 3732//47 3731//47
f 3731//48 3732//48 3734//48 3733//48
f 3733//49 3734//49 3736//49 3735//49
f 3735//50 3736//50 3738//50 3737//50
f 3737//51 3738//51 3740//51 3739//51
f 3739//52 3740//52 3742//52 3741//52
f 3741//53 3742//53 3744//53 3743//53
f 3743//54 3744//54 3746//54 3745//54
f 3745//55 3746//55 3748//55 3747//55
f 3747//56 3748//56 3750//56 3749//56
f 3732//6 3730//6 3752//6 3750//6 3748//6 3746//6 3744//6 3742//6 3740//6 3738//6 3736//6 3734//6
f 3749//57 3750//57 3752//57 3751//57
f 3751//58 3752//58 3730//58 3729//58
f 3729//5 3731//5 3733//5 3735//5 3737//5 3739//5 3741//5 3743//5 3745//5 3747//5 3749//5 3751//5
f 3753//47 3754//47 3756//47 3755//47
f 3755//48 3756//48 3758//48 3757//48
f 3757//49 3758//49 3760//49 3759//49
f 3759//50 3760//50 3762//50 3761//50
f 3761//51 3762//51 3764//51 3763//51
f 3763//52 3764//52 3766//52 3765//52
f 3765//53 3766//53 3768//53 3767//53
f 3767//54 3768//54 3770//54 3769//54
f 3769//55 3770//55 3772//55 3771//55
f 3771//56 3772//56 3774//56 3773//56
f 3756//6 3754//6 3776//6 3774//6 3772//6 3770//6 3768//6 3766//6 3764//6 3762//6 3760//6 3758//6
f 3773//57 3774//57 3776//57 3775//57
f 3775//58 3776//58 3754//58 3753//58
f 3753//5 3755//5 3757//5 3759//5 3761//5 3763//5 3765//5 3767//5 3769//5 3771//5 3773//5 3775//5
f 3777//47 3778//47 3780//47 3779//47
f 3779//48 3780//48 3782//48 3781//48
f 3781//49 3782//49 3784//49 3783//49
f 3783//50 3784//50 3786//50 3785//50
f 3785//51 3786//51 3788//51 3787//51
f 3787//52 3788//52 3790//52 3789//52
f 3789//53 3790//53 3792//53 3791//53
f 3791//54 3792//54 3794//54 3793//54
f 3793//55 3794//55 3796//55 3795//55
f 3795//56 3796//56 3798//56 3797//56
f 3780//6 3778//6 3800//6 3798//6 3796//6 3794//6 3792//6 3790//6 3788//6 3786//6 3784//6 3782//6
f 3797//57 3798//57 3800//57 3799//57
f 3799//58 3800//58 3778//58 3777//58
f 3777//5 3779//5 3781//5 3783//5 3785//5 3787//5 3789//5 3791//5 3793//5 3795//5 3797//5 3799//5
f 3809//47 3810//47 3812//47 3811//47
f 3811//48 3812//48 3814//48 3813//48
f 3813//49 3814//49 3816//49 3815//49
f 3815//50 3816//50 3818//50 3817//50
f 3817//51 3818//51 3820//51 3819//51
f 3819//52 3820//52 3822//52 3821//52
f 3821//53 3822//53 3824//53 3823//53
f 3823//54 3824//54 3826//54 3825//54
f 3825//55 3826//55 3828//55 3827//55
f 3827//56 3828//56 3830//56 3829//56
f 3812//6 3810//6 3832//6 3830//6 3828//6 3826//6 3824//6 3822//6 3820//6 3818//6 3816//6 3814//6
f 3829//57 3830//57 3832//57 3831//57
f 3831//58 3832//58 3810//58 3809//58
f 3809//5 3811//5 3813//5 3815//5 3817//5 3819//5 3821//5 3823//5 3825//5 3827//5 3829//5 3831//5
usemtl MAT_ElecRoomWall
f 537//1 538//1 540//1 539//1
f 539//2 540//2 544//2 543//2
f 543//3 544//3 542//3 541//3
f 541//4 542//4 538//4 537//4
f 539//5 543//5 541//5 537//5
f 544//6 540//6 538//6 542//6
f 545//1 546//1 548//1 547//1
f 547//2 548//2 552//2 551//2
f 551//3 552//3 550//3 549//3
f 549//4 550//4 546//4 545//4
f 547//5 551//5 549//5 545//5
f 552//6 548//6 546//6 550//6
f 553//1 554//1 556//1 555//1
f 555//2 556//2 560//2 559//2
f 559//3 560//3 558//3 557//3
f 557//4 558//4 554//4 553//4
f 555//5 559//5 557//5 553//5
f 560//6 556//6 554//6 558//6
f 561//1 562//1 564//1 563//1
f 563//2 564//2 568//2 567//2
f 567//3 568//3 566//3 565//3
f 565//4 566//4 562//4 561//4
f 563//5 567//5 565//5 561//5
f 568//6 564//6 562//6 566//6
f 569//1 570//1 572//1 571//1
f 571//2 572//2 576//2 575//2
f 575//3 576//3 574//3 573//3
f 573//4 574//4 570//4 569//4
f 571//5 575//5 573//5 569//5
f 576//6 572//6 570//6 574//6
f 577//1 578//1 580//1 579//1
f 579//2 580//2 584//2 583//2
f 583//3 584//3 582//3 581//3
f 581//4 582//4 578//4 577//4
f 579//5 583//5 581//5 577//5
f 584//6 580//6 578//6 582//6
usemtl MAT_CtrlRoomWall
f 585//1 586//1 588//1 587//1
f 587//2 588//2 592//2 591//2
f 591//3 592//3 590//3 589//3
f 589//4 590//4 586//4 585//4
f 587//5 591//5 589//5 585//5
f 592//6 588//6 586//6 590//6
f 593//1 594//1 596//1 595//1
f 595//2 596//2 600//2 599//2
f 599//3 600//3 598//3 597//3
f 597//4 598//4 594//4 593//4
f 595//5 599//5 597//5 593//5
f 600//6 596//6 594//6 598//6
f 601//1 602//1 604//1 603//1
f 603//2 604//2 608//2 607//2
f 607//3 608//3 606//3 605//3
f 605//4 606//4 602//4 601//4
f 603//5 607//5 605//5 601//5
f 608//6 604//6 602//6 606//6
usemtl MAT_DoorFrame
f 641//1 642//1 644//1 643//1
f 643//2 644//2 648//2 647//2
f 647//3 648//3 646//3 645//3
f 645//4 646//4 642//4 641//4
f 643//5 647//5 645//5 641//5
f 648//6 644//6 642//6 646//6
f 649//1 650//1 652//1 651//1
f 651//2 652//2 656//2 655//2
f 655//3 656//3 654//3 653//3
f 653//4 654//4 650//4 649//4
f 651//5 655//5 653//5 649//5
f 656//6 652//6 650//6 654//6
f 657//1 658//1 660//1 659//1
f 659//2 660//2 664//2 663//2
f 663//3 664//3 662//3 661//3
f 661//4 662//4 658//4 657//4
f 659//5 663//5 661//5 657//5
f 664//6 660//6 658//6 662//6
f 665//1 666//1 668//1 667//1
f 667//2 668//2 672//2 671//2
f 671//3 672//3 670//3 669//3
f 669//4 670//4 666//4 665//4
f 667//5 671//5 669//5 665//5
f 672//6 668//6 666//6 670//6
f 673//1 674//1 676//1 675//1
f 675//2 676//2 680//2 679//2
f 679//3 680//3 678//3 677//3
f 677//4 678//4 674//4 673//4
f 675//5 679//5 677//5 673//5
f 680//6 676//6 674//6 678//6
f 681//1 682//1 684//1 683//1
f 683//2 684//2 688//2 687//2
f 687//3 688//3 686//3 685//3
f 685//4 686//4 682//4 681//4
f 683//5 687//5 685//5 681//5
f 688//6 684//6 682//6 686//6
f 689//1 690//1 692//1 691//1
f 691//2 692//2 696//2 695//2
f 695//3 696//3 694//3 693//3
f 693//4 694//4 690//4 689//4
f 691//5 695//5 693//5 689//5
f 696//6 692//6 690//6 694//6
f 697//1 698//1 700//1 699//1
f 699//2 700//2 704//2 703//2
f 703//3 704//3 702//3 701//3
f 701//4 702//4 698//4 697//4
f 699//5 703//5 701//5 697//5
f 704//6 700//6 698//6 702//6
f 705//1 706//1 708//1 707//1
f 707//2 708//2 712//2 711//2
f 711//3 712//3 710//3 709//3
f 709//4 710//4 706//4 705//4
f 707//5 711//5 709//5 705//5
f 712//6 708//6 706//6 710//6
f 713//1 714//1 716//1 715//1
f 715//2 716//2 720//2 719//2
f 719//3 720//3 718//3 717//3
f 717//4 718//4 714//4 713//4
f 715//5 719//5 717//5 713//5
f 720//6 716//6 714//6 718//6
f 721//1 722//1 724//1 723//1
f 723//2 724//2 728//2 727//2
f 727//3 728//3 726//3 725//3
f 725//4 726//4 722//4 721//4
f 723//5 727//5 725//5 721//5
f 728//6 724//6 722//6 726//6
f 729//1 730//1 732//1 731//1
f 731//2 732//2 736//2 735//2
f 735//3 736//3 734//3 733//3
f 733//4 734//4 730//4 729//4
f 731//5 735//5 733//5 729//5
f 736//6 732//6 730//6 734//6
f 737//1 738//1 740//1 739//1
f 739//2 740//2 744//2 743//2
f 743//3 744//3 742//3 741//3
f 741//4 742//4 738//4 737//4
f 739//5 743//5 741//5 737//5
f 744//6 740//6 738//6 742//6
f 745//1 746//1 748//1 747//1
f 747//2 748//2 752//2 751//2
f 751//3 752//3 750//3 749//3
f 749//4 750//4 746//4 745//4
f 747//5 751//5 749//5 745//5
f 752//6 748//6 746//6 750//6
f 753//1 754//1 756//1 755//1
f 755//2 756//2 760//2 759//2
f 759//3 760//3 758//3 757//3
f 757//4 758//4 754//4 753//4
f 755//5 759//5 757//5 753//5
f 760//6 756//6 754//6 758//6
f 761//1 762//1 764//1 763//1
f 763//2 764//2 768//2 767//2
f 767//3 768//3 766//3 765//3
f 765//4 766//4 762//4 761//4
f 763//5 767//5 765//5 761//5
f 768//6 764//6 762//6 766//6
f 769//1 770//1 772//1 771//1
f 771//2 772//2 776//2 775//2
f 775//3 776//3 774//3 773//3
f 773//4 774//4 770//4 769//4
f 771//5 775//5 773//5 769//5
f 776//6 772//6 770//6 774//6
f 777//1 778//1 780//1 779//1
f 779//2 780//2 784//2 783//2
f 783//3 784//3 782//3 781//3
f 781//4 782//4 778//4 777//4
f 779//5 783//5 781//5 777//5
f 784//6 780//6 778//6 782//6
f 785//1 786//1 788//1 787//1
f 787//2 788//2 792//2 791//2
f 791//3 792//3 790//3 789//3
f 789//4 790//4 786//4 785//4
f 787//5 791//5 789//5 785//5
f 792//6 788//6 786//6 790//6
f 793//1 794//1 796//1 795//1
f 795//2 796//2 800//2 799//2
f 799//3 800//3 798//3 797//3
f 797//4 798//4 794//4 793//4
f 795//5 799//5 797//5 793//5
f 800//6 796//6 794//6 798//6
f 801//1 802//1 804//1 803//1
f 803//2 804//2 808//2 807//2
f 807//3 808//3 806//3 805//3
f 805//4 806//4 802//4 801//4
f 803//5 807//5 805//5 801//5
f 808//6 804//6 802//6 806//6
f 809//1 810//1 812//1 811//1
f 811//2 812//2 816//2 815//2
f 815//3 816//3 814//3 813//3
f 813//4 814//4 810//4 809//4
f 811//5 815//5 813//5 809//5
f 816//6 812//6 810//6 814//6
f 817//1 818//1 820//1 819//1
f 819//2 820//2 824//2 823//2
f 823//3 824//3 822//3 821//3
f 821//4 822//4 818//4 817//4
f 819//5 823//5 821//5 817//5
f 824//6 820//6 818//6 822//6
f 825//1 826//1 828//1 827//1
f 827//2 828//2 832//2 831//2
f 831//3 832//3 830//3 829//3
f 829//4 830//4 826//4 825//4
f 827//5 831//5 829//5 825//5
f 832//6 828//6 826//6 830//6
f 833//1 834//1 836//1 835//1
f 835//2 836//2 840//2 839//2
f 839//3 840//3 838//3 837//3
f 837//4 838//4 834//4 833//4
f 835//5 839//5 837//5 833//5
f 840//6 836//6 834//6 838//6
f 841//1 842//1 844//1 843//1
f 843//2 844//2 848//2 847//2
f 847//3 848//3 846//3 845//3
f 845//4 846//4 842//4 841//4
f 843//5 847//5 845//5 841//5
f 848//6 844//6 842//6 846//6
f 849//1 850//1 852//1 851//1
f 851//2 852//2 856//2 855//2
f 855//3 856//3 854//3 853//3
f 853//4 854//4 850//4 849//4
f 851//5 855//5 853//5 849//5
f 856//6 852//6 850//6 854//6
f 857//1 858//1 860//1 859//1
f 859//2 860//2 864//2 863//2
f 863//3 864//3 862//3 861//3
f 861//4 862//4 858//4 857//4
f 859//5 863//5 861//5 857//5
f 864//6 860//6 858//6 862//6
f 865//1 866//1 868//1 867//1
f 867//2 868//2 872//2 871//2
f 871//3 872//3 870//3 869//3
f 869//4 870//4 866//4 865//4
f 867//5 871//5 869//5 865//5
f 872//6 868//6 866//6 870//6
f 873//1 874//1 876//1 875//1
f 875//2 876//2 880//2 879//2
f 879//3 880//3 878//3 877//3
f 877//4 878//4 874//4 873//4
f 875//5 879//5 877//5 873//5
f 880//6 876//6 874//6 878//6
f 881//1 882//1 884//1 883//1
f 883//2 884//2 888//2 887//2
f 887//3 888//3 886//3 885//3
f 885//4 886//4 882//4 881//4
f 883//5 887//5 885//5 881//5
f 888//6 884//6 882//6 886//6
f 889//1 890//1 892//1 891//1
f 891//2 892//2 896//2 895//2
f 895//3 896//3 894//3 893//3
f 893//4 894//4 890//4 889//4
f 891//5 895//5 893//5 889//5
f 896//6 892//6 890//6 894//6
f 897//1 898//1 900//1 899//1
f 899//2 900//2 904//2 903//2
f 903//3 904//3 902//3 901//3
f 901//4 902//4 898//4 897//4
f 899//5 903//5 901//5 897//5
f 904//6 900//6 898//6 902//6
f 905//1 906//1 908//1 907//1
f 907//2 908//2 912//2 911//2
f 911//3 912//3 910//3 909//3
f 909//4 910//4 906//4 905//4
f 907//5 911//5 909//5 905//5
f 912//6 908//6 906//6 910//6
usemtl MAT_SteelColumn
f 913//1 914//1 916//1 915//1
f 915//2 916//2 920//2 919//2
f 919//3 920//3 918//3 917//3
f 917//4 918//4 914//4 913//4
f 915//5 919//5 917//5 913//5
f 920//6 916//6 914//6 918//6
f 921//1 922//1 924//1 923//1
f 923//2 924//2 928//2 927//2
f 927//3 928//3 926//3 925//3
f 925//4 926//4 922//4 921//4
f 923//5 927//5 925//5 921//5
f 928//6 924//6 922//6 926//6
f 929//1 930//1 932//1 931//1
f 931//2 932//2 936//2 935//2
f 935//3 936//3 934//3 933//3
f 933//4 934//4 930//4 929//4
f 931//5 935//5 933//5 929//5
f 936//6 932//6 930//6 934//6
f 937//1 938//1 940//1 939//1
f 939//2 940//2 944//2 943//2
f 943//3 944//3 942//3 941//3
f 941//4 942//4 938//4 937//4
f 939//5 943//5 941//5 937//5
f 944//6 940//6 938//6 942//6
f 945//1 946//1 948//1 947//1
f 947//2 948//2 952//2 951//2
f 951//3 952//3 950//3 949//3
f 949//4 950//4 946//4 945//4
f 947//5 951//5 949//5 945//5
f 952//6 948//6 946//6 950//6
f 953//1 954//1 956//1 955//1
f 955//2 956//2 960//2 959//2
f 959//3 960//3 958//3 957//3
f 957//4 958//4 954//4 953//4
f 955//5 959//5 957//5 953//5
f 960//6 956//6 954//6 958//6
f 961//1 962//1 964//1 963//1
f 963//2 964//2 968//2 967//2
f 967//3 968//3 966//3 965//3
f 965//4 966//4 962//4 961//4
f 963//5 967//5 965//5 961//5
f 968//6 964//6 962//6 966//6
f 969//1 970//1 972//1 971//1
f 971//2 972//2 976//2 975//2
f 975//3 976//3 974//3 973//3
f 973//4 974//4 970//4 969//4
f 971//5 975//5 973//5 969//5
f 976//6 972//6 970//6 974//6
f 977//1 978//1 980//1 979//1
f 979//2 980//2 984//2 983//2
f 983//3 984//3 982//3 981//3
f 981//4 982//4 978//4 977//4
f 979//5 983//5 981//5 977//5
f 984//6 980//6 978//6 982//6
f 985//1 986//1 988//1 987//1
f 987//2 988//2 992//2 991//2
f 991//3 992//3 990//3 989//3
f 989//4 990//4 986//4 985//4
f 987//5 991//5 989//5 985//5
f 992//6 988//6 986//6 990//6
f 993//1 994//1 996//1 995//1
f 995//2 996//2 1000//2 999//2
f 999//3 1000//3 998//3 997//3
f 997//4 998//4 994//4 993//4
f 995//5 999//5 997//5 993//5
f 1000//6 996//6 994//6 998//6
f 1001//1 1002//1 1004//1 1003//1
f 1003//2 1004//2 1008//2 1007//2
f 1007//3 1008//3 1006//3 1005//3
f 1005//4 1006//4 1002//4 1001//4
f 1003//5 1007//5 1005//5 1001//5
f 1008//6 1004//6 1002//6 1006//6
f 1009//1 1010//1 1012//1 1011//1
f 1011//2 1012//2 1016//2 1015//2
f 1015//3 1016//3 1014//3 1013//3
f 1013//4 1014//4 1010//4 1009//4
f 1011//5 1015//5 1013//5 1009//5
f 1016//6 1012//6 1010//6 1014//6
f 1017//1 1018//1 1020//1 1019//1
f 1019//2 1020//2 1024//2 1023//2
f 1023//3 1024//3 1022//3 1021//3
f 1021//4 1022//4 1018//4 1017//4
f 1019//5 1023//5 1021//5 1017//5
f 1024//6 1020//6 1018//6 1022//6
f 1025//1 1026//1 1028//1 1027//1
f 1027//2 1028//2 1032//2 1031//2
f 1031//3 1032//3 1030//3 1029//3
f 1029//4 1030//4 1026//4 1025//4
f 1027//5 1031//5 1029//5 1025//5
f 1032//6 1028//6 1026//6 1030//6
f 1033//1 1034//1 1036//1 1035//1
f 1035//2 1036//2 1040//2 1039//2
f 1039//3 1040//3 1038//3 1037//3
f 1037//4 1038//4 1034//4 1033//4
f 1035//5 1039//5 1037//5 1033//5
f 1040//6 1036//6 1034//6 1038//6
f 1041//1 1042//1 1044//1 1043//1
f 1043//2 1044//2 1048//2 1047//2
f 1047//3 1048//3 1046//3 1045//3
f 1045//4 1046//4 1042//4 1041//4
f 1043//5 1047//5 1045//5 1041//5
f 1048//6 1044//6 1042//6 1046//6
f 1049//1 1050//1 1052//1 1051//1
f 1051//2 1052//2 1056//2 1055//2
f 1055//3 1056//3 1054//3 1053//3
f 1053//4 1054//4 1050//4 1049//4
f 1051//5 1055//5 1053//5 1049//5
f 1056//6 1052//6 1050//6 1054//6
f 1057//1 1058//1 1060//1 1059//1
f 1059//2 1060//2 1064//2 1063//2
f 1063//3 1064//3 1062//3 1061//3
f 1061//4 1062//4 1058//4 1057//4
f 1059//5 1063//5 1061//5 1057//5
f 1064//6 1060//6 1058//6 1062//6
f 1065//1 1066//1 1068//1 1067//1
f 1067//2 1068//2 1072//2 1071//2
f 1071//3 1072//3 1070//3 1069//3
f 1069//4 1070//4 1066//4 1065//4
f 1067//5 1071//5 1069//5 1065//5
f 1072//6 1068//6 1066//6 1070//6
f 1073//1 1074//1 1076//1 1075//1
f 1075//2 1076//2 1080//2 1079//2
f 1079//3 1080//3 1078//3 1077//3
f 1077//4 1078//4 1074//4 1073//4
f 1075//5 1079//5 1077//5 1073//5
f 1080//6 1076//6 1074//6 1078//6
f 1081//1 1082//1 1084//1 1083//1
f 1083//2 1084//2 1088//2 1087//2
f 1087//3 1088//3 1086//3 1085//3
f 1085//4 1086//4 1082//4 1081//4
f 1083//5 1087//5 1085//5 1081//5
f 1088//6 1084//6 1082//6 1086//6
f 1089//1 1090//1 1092//1 1091//1
f 1091//2 1092//2 1096//2 1095//2
f 1095//3 1096//3 1094//3 1093//3
f 1093//4 1094//4 1090//4 1089//4
f 1091//5 1095//5 1093//5 1089//5
f 1096//6 1092//6 1090//6 1094//6
f 1097//1 1098//1 1100//1 1099//1
f 1099//2 1100//2 1104//2 1103//2
f 1103//3 1104//3 1102//3 1101//3
f 1101//4 1102//4 1098//4 1097//4
f 1099//5 1103//5 1101//5 1097//5
f 1104//6 1100//6 1098//6 1102//6
f 1105//1 1106//1 1108//1 1107//1
f 1107//2 1108//2 1112//2 1111//2
f 1111//3 1112//3 1110//3 1109//3
f 1109//4 1110//4 1106//4 1105//4
f 1107//5 1111//5 1109//5 1105//5
f 1112//6 1108//6 1106//6 1110//6
f 1113//1 1114//1 1116//1 1115//1
f 1115//2 1116//2 1120//2 1119//2
f 1119//3 1120//3 1118//3 1117//3
f 1117//4 1118//4 1114//4 1113//4
f 1115//5 1119//5 1117//5 1113//5
f 1120//6 1116//6 1114//6 1118//6
f 1121//1 1122//1 1124//1 1123//1
f 1123//2 1124//2 1128//2 1127//2
f 1127//3 1128//3 1126//3 1125//3
f 1125//4 1126//4 1122//4 1121//4
f 1123//5 1127//5 1125//5 1121//5
f 1128//6 1124//6 1122//6 1126//6
f 1129//1 1130//1 1132//1 1131//1
f 1131//2 1132//2 1136//2 1135//2
f 1135//3 1136//3 1134//3 1133//3
f 1133//4 1134//4 1130//4 1129//4
f 1131//5 1135//5 1133//5 1129//5
f 1136//6 1132//6 1130//6 1134//6
f 1137//1 1138//1 1140//1 1139//1
f 1139//2 1140//2 1144//2 1143//2
f 1143//3 1144//3 1142//3 1141//3
f 1141//4 1142//4 1138//4 1137//4
f 1139//5 1143//5 1141//5 1137//5
f 1144//6 1140//6 1138//6 1142//6
f 1145//1 1146//1 1148//1 1147//1
f 1147//2 1148//2 1152//2 1151//2
f 1151//3 1152//3 1150//3 1149//3
f 1149//4 1150//4 1146//4 1145//4
f 1147//5 1151//5 1149//5 1145//5
f 1152//6 1148//6 1146//6 1150//6
f 1153//1 1154//1 1156//1 1155//1
f 1155//2 1156//2 1160//2 1159//2
f 1159//3 1160//3 1158//3 1157//3
f 1157//4 1158//4 1154//4 1153//4
f 1155//5 1159//5 1157//5 1153//5
f 1160//6 1156//6 1154//6 1158//6
usemtl MAT_FloorMarkYellow
f 1161//1 1162//1 1164//1 1163//1
f 1163//2 1164//2 1168//2 1167//2
f 1167//3 1168//3 1166//3 1165//3
f 1165//4 1166//4 1162//4 1161//4
f 1163//5 1167//5 1165//5 1161//5
f 1168//6 1164//6 1162//6 1166//6
usemtl MAT_FloorMarkRed
f 1177//1 1178//1 1180//1 1179//1
f 1179//2 1180//2 1184//2 1183//2
f 1183//3 1184//3 1182//3 1181//3
f 1181//4 1182//4 1178//4 1177//4
f 1179//5 1183//5 1181//5 1177//5
f 1184//6 1180//6 1178//6 1182//6
f 1185//1 1186//1 1188//1 1187//1
f 1187//2 1188//2 1192//2 1191//2
f 1191//3 1192//3 1190//3 1189//3
f 1189//4 1190//4 1186//4 1185//4
f 1187//5 1191//5 1189//5 1185//5
f 1192//6 1188//6 1186//6 1190//6
f 1193//1 1194//1 1196//1 1195//1
f 1195//2 1196//2 1200//2 1199//2
f 1199//3 1200//3 1198//3 1197//3
f 1197//4 1198//4 1194//4 1193//4
f 1195//5 1199//5 1197//5 1193//5
f 1200//6 1196//6 1194//6 1198//6
f 1201//1 1202//1 1204//1 1203//1
f 1203//2 1204//2 1208//2 1207//2
f 1207//3 1208//3 1206//3 1205//3
f 1205//4 1206//4 1202//4 1201//4
f 1203//5 1207//5 1205//5 1201//5
f 1208//6 1204//6 1202//6 1206//6
f 1209//1 1210//1 1212//1 1211//1
f 1211//2 1212//2 1216//2 1215//2
f 1215//3 1216//3 1214//3 1213//3
f 1213//4 1214//4 1210//4 1209//4
f 1211//5 1215//5 1213//5 1209//5
f 1216//6 1212//6 1210//6 1214//6
f 1217//1 1218//1 1220//1 1219//1
f 1219//2 1220//2 1224//2 1223//2
f 1223//3 1224//3 1222//3 1221//3
f 1221//4 1222//4 1218//4 1217//4
f 1219//5 1223//5 1221//5 1217//5
f 1224//6 1220//6 1218//6 1222//6
f 1225//1 1226//1 1228//1 1227//1
f 1227//2 1228//2 1232//2 1231//2
f 1231//3 1232//3 1230//3 1229//3
f 1229//4 1230//4 1226//4 1225//4
f 1227//5 1231//5 1229//5 1225//5
f 1232//6 1228//6 1226//6 1230//6
f 1233//1 1234//1 1236//1 1235//1
f 1235//2 1236//2 1240//2 1239//2
f 1239//3 1240//3 1238//3 1237//3
f 1237//4 1238//4 1234//4 1233//4
f 1235//5 1239//5 1237//5 1233//5
f 1240//6 1236//6 1234//6 1238//6
f 1241//1 1242//1 1244//1 1243//1
f 1243//2 1244//2 1248//2 1247//2
f 1247//3 1248//3 1246//3 1245//3
f 1245//4 1246//4 1242//4 1241//4
f 1243//5 1247//5 1245//5 1241//5
f 1248//6 1244//6 1242//6 1246//6
usemtl MAT_EquipPad
f 1249//1 1250//1 1252//1 1251//1
f 1251//2 1252//2 1256//2 1255//2
f 1255//3 1256//3 1254//3 1253//3
f 1253//4 1254//4 1250//4 1249//4
f 1251//5 1255//5 1253//5 1249//5
f 1256//6 1252//6 1250//6 1254//6
f 1273//1 1274//1 1276//1 1275//1
f 1275//2 1276//2 1280//2 1279//2
f 1279//3 1280//3 1278//3 1277//3
f 1277//4 1278//4 1274//4 1273//4
f 1275//5 1279//5 1277//5 1273//5
f 1280//6 1276//6 1274//6 1278//6
f 1297//1 1298//1 1300//1 1299//1
f 1299//2 1300//2 1304//2 1303//2
f 1303//3 1304//3 1302//3 1301//3
f 1301//4 1302//4 1298//4 1297//4
f 1299//5 1303//5 1301//5 1297//5
f 1304//6 1300//6 1298//6 1302//6
f 1313//1 1314//1 1316//1 1315//1
f 1315//2 1316//2 1320//2 1319//2
f 1319//3 1320//3 1318//3 1317//3
f 1317//4 1318//4 1314//4 1313//4
f 1315//5 1319//5 1317//5 1313//5
f 1320//6 1316//6 1314//6 1318//6
f 1337//1 1338//1 1340//1 1339//1
f 1339//2 1340//2 1344//2 1343//2
f 1343//3 1344//3 1342//3 1341//3
f 1341//4 1342//4 1338//4 1337//4
f 1339//5 1343//5 1341//5 1337//5
f 1344//6 1340//6 1338//6 1342//6
f 1369//1 1370//1 1372//1 1371//1
f 1371//2 1372//2 1376//2 1375//2
f 1375//3 1376//3 1374//3 1373//3
f 1373//4 1374//4 1370//4 1369//4
f 1371//5 1375//5 1373//5 1369//5
f 1376//6 1372//6 1370//6 1374//6
f 3873//1 3874//1 3876//1 3875//1
f 3875//2 3876//2 3880//2 3879//2
f 3879//3 3880//3 3878//3 3877//3
f 3877//4 3878//4 3874//4 3873//4
f 3875//5 3879//5 3877//5 3873//5
f 3880//6 3876//6 3874//6 3878//6
f 4073//1 4074//1 4076//1 4075//1
f 4075//2 4076//2 4080//2 4079//2
f 4079//3 4080//3 4078//3 4077//3
f 4077//4 4078//4 4074//4 4073//4
f 4075//5 4079//5 4077//5 4073//5
f 4080//6 4076//6 4074//6 4078//6
f 4273//1 4274//1 4276//1 4275//1
f 4275//2 4276//2 4280//2 4279//2
f 4279//3 4280//3 4278//3 4277//3
f 4277//4 4278//4 4274//4 4273//4
f 4275//5 4279//5 4277//5 4273//5
f 4280//6 4276//6 4274//6 4278//6
f 4473//1 4474//1 4476//1 4475//1
f 4475//2 4476//2 4480//2 4479//2
f 4479//3 4480//3 4478//3 4477//3
f 4477//4 4478//4 4474//4 4473//4
f 4475//5 4479//5 4477//5 4473//5
f 4480//6 4476//6 4474//6 4478//6
f 9705//1 9706//1 9708//1 9707//1
f 9707//2 9708//2 9712//2 9711//2
f 9711//3 9712//3 9710//3 9709//3
f 9709//4 9710//4 9706//4 9705//4
f 9707//5 9711//5 9709//5 9705//5
f 9712//6 9708//6 9706//6 9710//6
f 9777//1 9778//1 9780//1 9779//1
f 9779//2 9780//2 9784//2 9783//2
f 9783//3 9784//3 9782//3 9781//3
f 9781//4 9782//4 9778//4 9777//4
f 9779//5 9783//5 9781//5 9777//5
f 9784//6 9780//6 9778//6 9782//6
f 9809//1 9810//1 9812//1 9811//1
f 9811//2 9812//2 9816//2 9815//2
f 9815//3 9816//3 9814//3 9813//3
f 9813//4 9814//4 9810//4 9809//4
f 9811//5 9815//5 9813//5 9809//5
f 9816//6 9812//6 9810//6 9814//6
usemtl MAT_PumpBase
f 1257//1 1258//1 1260//1 1259//1
f 1259//2 1260//2 1264//2 1263//2
f 1263//3 1264//3 1262//3 1261//3
f 1261//4 1262//4 1258//4 1257//4
f 1259//5 1263//5 1261//5 1257//5
f 1264//6 1260//6 1258//6 1262//6
f 1281//1 1282//1 1284//1 1283//1
f 1283//2 1284//2 1288//2 1287//2
f 1287//3 1288//3 1286//3 1285//3
f 1285//4 1286//4 1282//4 1281//4
f 1283//5 1287//5 1285//5 1281//5
f 1288//6 1284//6 1282//6 1286//6
f 1305//1 1306//1 1308//1 1307//1
f 1307//2 1308//2 1312//2 1311//2
f 1311//3 1312//3 1310//3 1309//3
f 1309//4 1310//4 1306//4 1305//4
f 1307//5 1311//5 1309//5 1305//5
f 1312//6 1308//6 1306//6 1310//6
f 1321//1 1322//1 1324//1 1323//1
f 1323//2 1324//2 1328//2 1327//2
f 1327//3 1328//3 1326//3 1325//3
f 1325//4 1326//4 1322//4 1321//4
f 1323//5 1327//5 1325//5 1321//5
f 1328//6 1324//6 1322//6 1326//6
f 1345//1 1346//1 1348//1 1347//1
f 1347//2 1348//2 1352//2 1351//2
f 1351//3 1352//3 1350//3 1349//3
f 1349//4 1350//4 1346//4 1345//4
f 1347//5 1351//5 1349//5 1345//5
f 1352//6 1348//6 1346//6 1350//6
f 1377//1 1378//1 1380//1 1379//1
f 1379//2 1380//2 1384//2 1383//2
f 1383//3 1384//3 1382//3 1381//3
f 1381//4 1382//4 1378//4 1377//4
f 1379//5 1383//5 1381//5 1377//5
f 1384//6 1380//6 1378//6 1382//6
usemtl MAT_PumpCoupling
f 1289//1 1290//1 1292//1 1291//1
f 1291//2 1292//2 1296//2 1295//2
f 1295//3 1296//3 1294//3 1293//3
f 1293//4 1294//4 1290//4 1289//4
f 1291//5 1295//5 1293//5 1289//5
f 1296//6 1292//6 1290//6 1294//6
f 1353//1 1354//1 1356//1 1355//1
f 1355//2 1356//2 1360//2 1359//2
f 1359//3 1360//3 1358//3 1357//3
f 1357//4 1358//4 1354//4 1353//4
f 1355//5 1359//5 1357//5 1353//5
f 1360//6 1356//6 1354//6 1358//6
f 1385//1 1386//1 1388//1 1387//1
f 1387//2 1388//2 1392//2 1391//2
f 1391//3 1392//3 1390//3 1389//3
f 1389//4 1390//4 1386//4 1385//4
f 1387//5 1391//5 1389//5 1385//5
f 1392//6 1388//6 1386//6 1390//6
f 1961//1 1962//1 1964//1 1963//1
f 1963//2 1964//2 1968//2 1967//2
f 1967//3 1968//3 1966//3 1965//3
f 1965//4 1966//4 1962//4 1961//4
f 1963//5 1967//5 1965//5 1961//5
f 1968//6 1964//6 1962//6 1966//6
f 1977//1 1978//1 1980//1 1979//1
f 1979//2 1980//2 1984//2 1983//2
f 1983//3 1984//3 1982//3 1981//3
f 1981//4 1982//4 1978//4 1977//4
f 1979//5 1983//5 1981//5 1977//5
f 1984//6 1980//6 1978//6 1982//6
f 1993//1 1994//1 1996//1 1995//1
f 1995//2 1996//2 2000//2 1999//2
f 1999//3 2000//3 1998//3 1997//3
f 1997//4 1998//4 1994//4 1993//4
f 1995//5 1999//5 1997//5 1993//5
f 2000//6 1996//6 1994//6 1998//6
f 4001//47 4002//47 4004//47 4003//47
f 4003//48 4004//48 4006//48 4005//48
f 4005//49 4006//49 4008//49 4007//49
f 4007//50 4008//50 4010//50 4009//50
f 4009//51 4010//51 4012//51 4011//51
f 4011//52 4012//52 4014//52 4013//52
f 4013//53 4014//53 4016//53 4015//53
f 4015//54 4016//54 4018//54 4017//54
f 4017//55 4018//55 4020//55 4019//55
f 4019//56 4020//56 4022//56 4021//56
f 4004//6 4002//6 4024//6 4022//6 4020//6 4018//6 4016//6 4014//6 4012//6 4010//6 4008//6 4006//6
f 4021//57 4022//57 4024//57 4023//57
f 4023//58 4024//58 4002//58 4001//58
f 4001//5 4003//5 4005//5 4007//5 4009//5 4011//5 4013//5 4015//5 4017//5 4019//5 4021//5 4023//5
f 4201//47 4202//47 4204//47 4203//47
f 4203//48 4204//48 4206//48 4205//48
f 4205//49 4206//49 4208//49 4207//49
f 4207//50 4208//50 4210//50 4209//50
f 4209//51 4210//51 4212//51 4211//51
f 4211//52 4212//52 4214//52 4213//52
f 4213//53 4214//53 4216//53 4215//53
f 4215//54 4216//54 4218//54 4217//54
f 4217//55 4218//55 4220//55 4219//55
f 4219//56 4220//56 4222//56 4221//56
f 4204//6 4202//6 4224//6 4222//6 4220//6 4218//6 4216//6 4214//6 4212//6 4210//6 4208//6 4206//6
f 4221//57 4222//57 4224//57 4223//57
f 4223//58 4224//58 4202//58 4201//58
f 4201//5 4203//5 4205//5 4207//5 4209//5 4211//5 4213//5 4215//5 4217//5 4219//5 4221//5 4223//5
f 4401//47 4402//47 4404//47 4403//47
f 4403//48 4404//48 4406//48 4405//48
f 4405//49 4406//49 4408//49 4407//49
f 4407//50 4408//50 4410//50 4409//50
f 4409//51 4410//51 4412//51 4411//51
f 4411//52 4412//52 4414//52 4413//52
f 4413//53 4414//53 4416//53 4415//53
f 4415//54 4416//54 4418//54 4417//54
f 4417//55 4418//55 4420//55 4419//55
f 4419//56 4420//56 4422//56 4421//56
f 4404//6 4402//6 4424//6 4422//6 4420//6 4418//6 4416//6 4414//6 4412//6 4410//6 4408//6 4406//6
f 4421//57 4422//57 4424//57 4423//57
f 4423//58 4424//58 4402//58 4401//58
f 4401//5 4403//5 4405//5 4407//5 4409//5 4411//5 4413//5 4415//5 4417//5 4419//5 4421//5 4423//5
f 4601//47 4602//47 4604//47 4603//47
f 4603//48 4604//48 4606//48 4605//48
f 4605//49 4606//49 4608//49 4607//49
f 4607//50 4608//50 4610//50 4609//50
f 4609//51 4610//51 4612//51 4611//51
f 4611//52 4612//52 4614//52 4613//52
f 4613//53 4614//53 4616//53 4615//53
f 4615//54 4616//54 4618//54 4617//54
f 4617//55 4618//55 4620//55 4619//55
f 4619//56 4620//56 4622//56 4621//56
f 4604//6 4602//6 4624//6 4622//6 4620//6 4618//6 4616//6 4614//6 4612//6 4610//6 4608//6 4606//6
f 4621//57 4622//57 4624//57 4623//57
f 4623//58 4624//58 4602//58 4601//58
f 4601//5 4603//5 4605//5 4607//5 4609//5 4611//5 4613//5 4615//5 4617//5 4619//5 4621//5 4623//5
usemtl MAT_PumpCasing
f 2009//31 2010//31 2012//31 2011//31
f 2011//32 2012//32 2014//32 2013//32
f 2013//33 2014//33 2016//33 2015//33
f 2015//34 2016//34 2018//34 2017//34
f 2017//35 2018//35 2020//35 2019//35
f 2019//36 2020//36 2022//36 2021//36
f 2021//37 2022//37 2024//37 2023//37
f 2023//38 2024//38 2026//38 2025//38
f 2025//39 2026//39 2028//39 2027//39
f 2027//40 2028//40 2030//40 2029//40
f 2029//41 2030//41 2032//41 2031//41
f 2031//42 2032//42 2034//42 2033//42
f 2033//43 2034//43 2036//43 2035//43
f 2035//44 2036//44 2038//44 2037//44
f 2012//6 2010//6 2040//6 2038//6 2036//6 2034//6 2032//6 2030//6 2028//6 2026//6 2024//6 2022//6 2020//6 2018//6 2016//6 2014//6
f 2037//45 2038//45 2040//45 2039//45
f 2039//46 2040//46 2010//46 2009//46
f 2009//5 2011//5 2013//5 2015//5 2017//5 2019//5 2021//5 2023//5 2025//5 2027//5 2029//5 2031//5 2033//5 2035//5 2037//5 2039//5
f 2113//31 2114//31 2116//31 2115//31
f 2115//32 2116//32 2118//32 2117//32
f 2117//33 2118//33 2120//33 2119//33
f 2119//34 2120//34 2122//34 2121//34
f 2121//35 2122//35 2124//35 2123//35
f 2123//36 2124//36 2126//36 2125//36
f 2125//37 2126//37 2128//37 2127//37
f 2127//38 2128//38 2130//38 2129//38
f 2129//39 2130//39 2132//39 2131//39
f 2131//40 2132//40 2134//40 2133//40
f 2133//41 2134//41 2136//41 2135//41
f 2135//42 2136//42 2138//42 2137//42
f 2137//43 2138//43 2140//43 2139//43
f 2139//44 2140//44 2142//44 2141//44
f 2116//6 2114//6 2144//6 2142//6 2140//6 2138//6 2136//6 2134//6 2132//6 2130//6 2128//6 2126//6 2124//6 2122//6 2120//6 2118//6
f 2141//45 2142//45 2144//45 2143//45
f 2143//46 2144//46 2114//46 2113//46
f 2113//5 2115//5 2117//5 2119//5 2121//5 2123//5 2125//5 2127//5 2129//5 2131//5 2133//5 2135//5 2137//5 2139//5 2141//5 2143//5
f 2217//31 2218//31 2220//31 2219//31
f 2219//32 2220//32 2222//32 2221//32
f 2221//33 2222//33 2224//33 2223//33
f 2223//34 2224//34 2226//34 2225//34
f 2225//35 2226//35 2228//35 2227//35
f 2227//36 2228//36 2230//36 2229//36
f 2229//37 2230//37 2232//37 2231//37
f 2231//38 2232//38 2234//38 2233//38
f 2233//39 2234//39 2236//39 2235//39
f 2235//40 2236//40 2238//40 2237//40
f 2237//41 2238//41 2240//41 2239//41
f 2239//42 2240//42 2242//42 2241//42
f 2241//43 2242//43 2244//43 2243//43
f 2243//44 2244//44 2246//44 2245//44
f 2220//6 2218//6 2248//6 2246//6 2244//6 2242//6 2240//6 2238//6 2236//6 2234//6 2232//6 2230//6 2228//6 2226//6 2224//6 2222//6
f 2245//45 2246//45 2248//45 2247//45
f 2247//46 2248//46 2218//46 2217//46
f 2217//5 2219//5 2221//5 2223//5 2225//5 2227//5 2229//5 2231//5 2233//5 2235//5 2237//5 2239//5 2241//5 2243//5 2245//5 2247//5
f 2313//31 2314//31 2316//31 2315//31
f 2315//32 2316//32 2318//32 2317//32
f 2317//33 2318//33 2320//33 2319//33
f 2319//34 2320//34 2322//34 2321//34
f 2321//35 2322//35 2324//35 2323//35
f 2323//36 2324//36 2326//36 2325//36
f 2325//37 2326//37 2328//37 2327//37
f 2327//38 2328//38 2330//38 2329//38
f 2329//39 2330//39 2332//39 2331//39
f 2331//40 2332//40 2334//40 2333//40
f 2333//41 2334//41 2336//41 2335//41
f 2335//42 2336//42 2338//42 2337//42
f 2337//43 2338//43 2340//43 2339//43
f 2339//44 2340//44 2342//44 2341//44
f 2316//6 2314//6 2344//6 2342//6 2340//6 2338//6 2336//6 2334//6 2332//6 2330//6 2328//6 2326//6 2324//6 2322//6 2320//6 2318//6
f 2341//45 2342//45 2344//45 2343//45
f 2343//46 2344//46 2314//46 2313//46
f 2313//5 2315//5 2317//5 2319//5 2321//5 2323//5 2325//5 2327//5 2329//5 2331//5 2333//5 2335//5 2337//5 2339//5 2341//5 2343//5
f 2465//31 2466//31 2468//31 2467//31
f 2467//32 2468//32 2470//32 2469//32
f 2469//33 2470//33 2472//33 2471//33
f 2471//34 2472//34 2474//34 2473//34
f 2473//35 2474//35 2476//35 2475//35
f 2475//36 2476//36 2478//36 2477//36
f 2477//37 2478//37 2480//37 2479//37
f 2479//38 2480//38 2482//38 2481//38
f 2481//39 2482//39 2484//39 2483//39
f 2483//40 2484//40 2486//40 2485//40
f 2485//41 2486//41 2488//41 2487//41
f 2487//42 2488//42 2490//42 2489//42
f 2489//43 2490//43 2492//43 2491//43
f 2491//44 2492//44 2494//44 2493//44
f 2468//6 2466//6 2496//6 2494//6 2492//6 2490//6 2488//6 2486//6 2484//6 2482//6 2480//6 2478//6 2476//6 2474//6 2472//6 2470//6
f 2493//45 2494//45 2496//45 2495//45
f 2495//46 2496//46 2466//46 2465//46
f 2465//5 2467//5 2469//5 2471//5 2473//5 2475//5 2477//5 2479//5 2481//5 2483//5 2485//5 2487//5 2489//5 2491//5 2493//5 2495//5
f 2593//31 2594//31 2596//31 2595//31
f 2595//32 2596//32 2598//32 2597//32
f 2597//33 2598//33 2600//33 2599//33
f 2599//34 2600//34 2602//34 2601//34
f 2601//35 2602//35 2604//35 2603//35
f 2603//36 2604//36 2606//36 2605//36
f 2605//37 2606//37 2608//37 2607//37
f 2607//38 2608//38 2610//38 2609//38
f 2609//39 2610//39 2612//39 2611//39
f 2611//40 2612//40 2614//40 2613//40
f 2613//41 2614//41 2616//41 2615//41
f 2615//42 2616//42 2618//42 2617//42
f 2617//43 2618//43 2620//43 2619//43
f 2619//44 2620//44 2622//44 2621//44
f 2596//6 2594//6 2624//6 2622//6 2620//6 2618//6 2616//6 2614//6 2612//6 2610//6 2608//6 2606//6 2604//6 2602//6 2600//6 2598//6
f 2621//45 2622//45 2624//45 2623//45
f 2623//46 2624//46 2594//46 2593//46
f 2593//5 2595//5 2597//5 2599//5 2601//5 2603//5 2605//5 2607//5 2609//5 2611//5 2613//5 2615//5 2617//5 2619//5 2621//5 2623//5
f 4025//1 4026//1 4028//1 4027//1
f 4027//2 4028//2 4032//2 4031//2
f 4031//3 4032//3 4030//3 4029//3
f 4029//4 4030//4 4026//4 4025//4
f 4027//5 4031//5 4029//5 4025//5
f 4032//6 4028//6 4026//6 4030//6
f 4033//31 4034//31 4036//31 4035//31
f 4035//32 4036//32 4038//32 4037//32
f 4037//33 4038//33 4040//33 4039//33
f 4039//34 4040//34 4042//34 4041//34
f 4041//35 4042//35 4044//35 4043//35
f 4043//36 4044//36 4046//36 4045//36
f 4045//37 4046//37 4048//37 4047//37
f 4047//38 4048//38 4050//38 4049//38
f 4049//39 4050//39 4052//39 4051//39
f 4051//40 4052//40 4054//40 4053//40
f 4053//41 4054//41 4056//41 4055//41
f 4055//42 4056//42 4058//42 4057//42
f 4057//43 4058//43 4060//43 4059//43
f 4059//44 4060//44 4062//44 4061//44
f 4036//6 4034//6 4064//6 4062//6 4060//6 4058//6 4056//6 4054//6 4052//6 4050//6 4048//6 4046//6 4044//6 4042//6 4040//6 4038//6
f 4061//45 4062//45 4064//45 4063//45
f 4063//46 4064//46 4034//46 4033//46
f 4033//5 4035//5 4037//5 4039//5 4041//5 4043//5 4045//5 4047//5 4049//5 4051//5 4053//5 4055//5 4057//5 4059//5 4061//5 4063//5
f 4065//1 4066//1 4068//1 4067//1
f 4067//2 4068//2 4072//2 4071//2
f 4071//3 4072//3 4070//3 4069//3
f 4069//4 4070//4 4066//4 4065//4
f 4067//5 4071//5 4069//5 4065//5
f 4072//6 4068//6 4066//6 4070//6
f 4225//1 4226//1 4228//1 4227//1
f 4227//2 4228//2 4232//2 4231//2
f 4231//3 4232//3 4230//3 4229//3
f 4229//4 4230//4 4226//4 4225//4
f 4227//5 4231//5 4229//5 4225//5
f 4232//6 4228//6 4226//6 4230//6
f 4233//31 4234//31 4236//31 4235//31
f 4235//32 4236//32 4238//32 4237//32
f 4237//33 4238//33 4240//33 4239//33
f 4239//34 4240//34 4242//34 4241//34
f 4241//35 4242//35 4244//35 4243//35
f 4243//36 4244//36 4246//36 4245//36
f 4245//37 4246//37 4248//37 4247//37
f 4247//38 4248//38 4250//38 4249//38
f 4249//39 4250//39 4252//39 4251//39
f 4251//40 4252//40 4254//40 4253//40
f 4253//41 4254//41 4256//41 4255//41
f 4255//42 4256//42 4258//42 4257//42
f 4257//43 4258//43 4260//43 4259//43
f 4259//44 4260//44 4262//44 4261//44
f 4236//6 4234//6 4264//6 4262//6 4260//6 4258//6 4256//6 4254//6 4252//6 4250//6 4248//6 4246//6 4244//6 4242//6 4240//6 4238//6
f 4261//45 4262//45 4264//45 4263//45
f 4263//46 4264//46 4234//46 4233//46
f 4233//5 4235//5 4237//5 4239//5 4241//5 4243//5 4245//5 4247//5 4249//5 4251//5 4253//5 4255//5 4257//5 4259//5 4261//5 4263//5
f 4265//1 4266//1 4268//1 4267//1
f 4267//2 4268//2 4272//2 4271//2
f 4271//3 4272//3 4270//3 4269//3
f 4269//4 4270//4 4266//4 4265//4
f 4267//5 4271//5 4269//5 4265//5
f 4272//6 4268//6 4266//6 4270//6
f 4425//1 4426//1 4428//1 4427//1
f 4427//2 4428//2 4432//2 4431//2
f 4431//3 4432//3 4430//3 4429//3
f 4429//4 4430//4 4426//4 4425//4
f 4427//5 4431//5 4429//5 4425//5
f 4432//6 4428//6 4426//6 4430//6
f 4433//31 4434//31 4436//31 4435//31
f 4435//32 4436//32 4438//32 4437//32
f 4437//33 4438//33 4440//33 4439//33
f 4439//34 4440//34 4442//34 4441//34
f 4441//35 4442//35 4444//35 4443//35
f 4443//36 4444//36 4446//36 4445//36
f 4445//37 4446//37 4448//37 4447//37
f 4447//38 4448//38 4450//38 4449//38
f 4449//39 4450//39 4452//39 4451//39
f 4451//40 4452//40 4454//40 4453//40
f 4453//41 4454//41 4456//41 4455//41
f 4455//42 4456//42 4458//42 4457//42
f 4457//43 4458//43 4460//43 4459//43
f 4459//44 4460//44 4462//44 4461//44
f 4436//6 4434//6 4464//6 4462//6 4460//6 4458//6 4456//6 4454//6 4452//6 4450//6 4448//6 4446//6 4444//6 4442//6 4440//6 4438//6
f 4461//45 4462//45 4464//45 4463//45
f 4463//46 4464//46 4434//46 4433//46
f 4433//5 4435//5 4437//5 4439//5 4441//5 4443//5 4445//5 4447//5 4449//5 4451//5 4453//5 4455//5 4457//5 4459//5 4461//5 4463//5
f 4465//1 4466//1 4468//1 4467//1
f 4467//2 4468//2 4472//2 4471//2
f 4471//3 4472//3 4470//3 4469//3
f 4469//4 4470//4 4466//4 4465//4
f 4467//5 4471//5 4469//5 4465//5
f 4472//6 4468//6 4466//6 4470//6
f 4625//1 4626//1 4628//1 4627//1
f 4627//2 4628//2 4632//2 4631//2
f 4631//3 4632//3 4630//3 4629//3
f 4629//4 4630//4 4626//4 4625//4
f 4627//5 4631//5 4629//5 4625//5
f 4632//6 4628//6 4626//6 4630//6
f 4633//31 4634//31 4636//31 4635//31
f 4635//32 4636//32 4638//32 4637//32
f 4637//33 4638//33 4640//33 4639//33
f 4639//34 4640//34 4642//34 4641//34
f 4641//35 4642//35 4644//35 4643//35
f 4643//36 4644//36 4646//36 4645//36
f 4645//37 4646//37 4648//37 4647//37
f 4647//38 4648//38 4650//38 4649//38
f 4649//39 4650//39 4652//39 4651//39
f 4651//40 4652//40 4654//40 4653//40
f 4653//41 4654//41 4656//41 4655//41
f 4655//42 4656//42 4658//42 4657//42
f 4657//43 4658//43 4660//43 4659//43
f 4659//44 4660//44 4662//44 4661//44
f 4636//6 4634//6 4664//6 4662//6 4660//6 4658//6 4656//6 4654//6 4652//6 4650//6 4648//6 4646//6 4644//6 4642//6 4640//6 4638//6
f 4661//45 4662//45 4664//45 4663//45
f 4663//46 4664//46 4634//46 4633//46
f 4633//5 4635//5 4637//5 4639//5 4641//5 4643//5 4645//5 4647//5 4649//5 4651//5 4653//5 4655//5 4657//5 4659//5 4661//5 4663//5
f 4665//1 4666//1 4668//1 4667//1
f 4667//2 4668//2 4672//2 4671//2
f 4671//3 4672//3 4670//3 4669//3
f 4669//4 4670//4 4666//4 4665//4
f 4667//5 4671//5 4669//5 4665//5
f 4672//6 4668//6 4666//6 4670//6
f 4825//1 4826//1 4828//1 4827//1
f 4827//2 4828//2 4832//2 4831//2
f 4831//3 4832//3 4830//3 4829//3
f 4829//4 4830//4 4826//4 4825//4
f 4827//5 4831//5 4829//5 4825//5
f 4832//6 4828//6 4826//6 4830//6
f 4833//31 4834//31 4836//31 4835//31
f 4835//32 4836//32 4838//32 4837//32
f 4837//33 4838//33 4840//33 4839//33
f 4839//34 4840//34 4842//34 4841//34
f 4841//35 4842//35 4844//35 4843//35
f 4843//36 4844//36 4846//36 4845//36
f 4845//37 4846//37 4848//37 4847//37
f 4847//38 4848//38 4850//38 4849//38
f 4849//39 4850//39 4852//39 4851//39
f 4851//40 4852//40 4854//40 4853//40
f 4853//41 4854//41 4856//41 4855//41
f 4855//42 4856//42 4858//42 4857//42
f 4857//43 4858//43 4860//43 4859//43
f 4859//44 4860//44 4862//44 4861//44
f 4836//6 4834//6 4864//6 4862//6 4860//6 4858//6 4856//6 4854//6 4852//6 4850//6 4848//6 4846//6 4844//6 4842//6 4840//6 4838//6
f 4861//45 4862//45 4864//45 4863//45
f 4863//46 4864//46 4834//46 4833//46
f 4833//5 4835//5 4837//5 4839//5 4841//5 4843//5 4845//5 4847//5 4849//5 4851//5 4853//5 4855//5 4857//5 4859//5 4861//5 4863//5
f 4865//1 4866//1 4868//1 4867//1
f 4867//2 4868//2 4872//2 4871//2
f 4871//3 4872//3 4870//3 4869//3
f 4869//4 4870//4 4866//4 4865//4
f 4867//5 4871//5 4869//5 4865//5
f 4872//6 4868//6 4866//6 4870//6
f 5025//1 5026//1 5028//1 5027//1
f 5027//2 5028//2 5032//2 5031//2
f 5031//3 5032//3 5030//3 5029//3
f 5029//4 5030//4 5026//4 5025//4
f 5027//5 5031//5 5029//5 5025//5
f 5032//6 5028//6 5026//6 5030//6
f 5033//31 5034//31 5036//31 5035//31
f 5035//32 5036//32 5038//32 5037//32
f 5037//33 5038//33 5040//33 5039//33
f 5039//34 5040//34 5042//34 5041//34
f 5041//35 5042//35 5044//35 5043//35
f 5043//36 5044//36 5046//36 5045//36
f 5045//37 5046//37 5048//37 5047//37
f 5047//38 5048//38 5050//38 5049//38
f 5049//39 5050//39 5052//39 5051//39
f 5051//40 5052//40 5054//40 5053//40
f 5053//41 5054//41 5056//41 5055//41
f 5055//42 5056//42 5058//42 5057//42
f 5057//43 5058//43 5060//43 5059//43
f 5059//44 5060//44 5062//44 5061//44
f 5036//6 5034//6 5064//6 5062//6 5060//6 5058//6 5056//6 5054//6 5052//6 5050//6 5048//6 5046//6 5044//6 5042//6 5040//6 5038//6
f 5061//45 5062//45 5064//45 5063//45
f 5063//46 5064//46 5034//46 5033//46
f 5033//5 5035//5 5037//5 5039//5 5041//5 5043//5 5045//5 5047//5 5049//5 5051//5 5053//5 5055//5 5057//5 5059//5 5061//5 5063//5
f 5065//1 5066//1 5068//1 5067//1
f 5067//2 5068//2 5072//2 5071//2
f 5071//3 5072//3 5070//3 5069//3
f 5069//4 5070//4 5066//4 5065//4
f 5067//5 5071//5 5069//5 5065//5
f 5072//6 5068//6 5066//6 5070//6
f 5225//1 5226//1 5228//1 5227//1
f 5227//2 5228//2 5232//2 5231//2
f 5231//3 5232//3 5230//3 5229//3
f 5229//4 5230//4 5226//4 5225//4
f 5227//5 5231//5 5229//5 5225//5
f 5232//6 5228//6 5226//6 5230//6
f 5233//31 5234//31 5236//31 5235//31
f 5235//32 5236//32 5238//32 5237//32
f 5237//33 5238//33 5240//33 5239//33
f 5239//34 5240//34 5242//34 5241//34
f 5241//35 5242//35 5244//35 5243//35
f 5243//36 5244//36 5246//36 5245//36
f 5245//37 5246//37 5248//37 5247//37
f 5247//38 5248//38 5250//38 5249//38
f 5249//39 5250//39 5252//39 5251//39
f 5251//40 5252//40 5254//40 5253//40
f 5253//41 5254//41 5256//41 5255//41
f 5255//42 5256//42 5258//42 5257//42
f 5257//43 5258//43 5260//43 5259//43
f 5259//44 5260//44 5262//44 5261//44
f 5236//6 5234//6 5264//6 5262//6 5260//6 5258//6 5256//6 5254//6 5252//6 5250//6 5248//6 5246//6 5244//6 5242//6 5240//6 5238//6
f 5261//45 5262//45 5264//45 5263//45
f 5263//46 5264//46 5234//46 5233//46
f 5233//5 5235//5 5237//5 5239//5 5241//5 5243//5 5245//5 5247//5 5249//5 5251//5 5253//5 5255//5 5257//5 5259//5 5261//5 5263//5
f 5265//1 5266//1 5268//1 5267//1
f 5267//2 5268//2 5272//2 5271//2
f 5271//3 5272//3 5270//3 5269//3
f 5269//4 5270//4 5266//4 5265//4
f 5267//5 5271//5 5269//5 5265//5
f 5272//6 5268//6 5266//6 5270//6
f 5425//1 5426//1 5428//1 5427//1
f 5427//2 5428//2 5432//2 5431//2
f 5431//3 5432//3 5430//3 5429//3
f 5429//4 5430//4 5426//4 5425//4
f 5427//5 5431//5 5429//5 5425//5
f 5432//6 5428//6 5426//6 5430//6
f 5433//31 5434//31 5436//31 5435//31
f 5435//32 5436//32 5438//32 5437//32
f 5437//33 5438//33 5440//33 5439//33
f 5439//34 5440//34 5442//34 5441//34
f 5441//35 5442//35 5444//35 5443//35
f 5443//36 5444//36 5446//36 5445//36
f 5445//37 5446//37 5448//37 5447//37
f 5447//38 5448//38 5450//38 5449//38
f 5449//39 5450//39 5452//39 5451//39
f 5451//40 5452//40 5454//40 5453//40
f 5453//41 5454//41 5456//41 5455//41
f 5455//42 5456//42 5458//42 5457//42
f 5457//43 5458//43 5460//43 5459//43
f 5459//44 5460//44 5462//44 5461//44
f 5436//6 5434//6 5464//6 5462//6 5460//6 5458//6 5456//6 5454//6 5452//6 5450//6 5448//6 5446//6 5444//6 5442//6 5440//6 5438//6
f 5461//45 5462//45 5464//45 5463//45
f 5463//46 5464//46 5434//46 5433//46
f 5433//5 5435//5 5437//5 5439//5 5441//5 5443//5 5445//5 5447//5 5449//5 5451//5 5453//5 5455//5 5457//5 5459//5 5461//5 5463//5
f 5465//1 5466//1 5468//1 5467//1
f 5467//2 5468//2 5472//2 5471//2
f 5471//3 5472//3 5470//3 5469//3
f 5469//4 5470//4 5466//4 5465//4
f 5467//5 5471//5 5469//5 5465//5
f 5472//6 5468//6 5466//6 5470//6
usemtl MAT_PipeFlange
f 1393//47 1394//47 1396//47 1395//47
f 1395//48 1396//48 1398//48 1397//48
f 1397//49 1398//49 1400//49 1399//49
f 1399//50 1400//50 1402//50 1401//50
f 1401//51 1402//51 1404//51 1403//51
f 1403//52 1404//52 1406//52 1405//52
f 1405//53 1406//53 1408//53 1407//53
f 1407//54 1408//54 1410//54 1409//54
f 1409//55 1410//55 1412//55 1411//55
f 1411//56 1412//56 1414//56 1413//56
f 1396//6 1394//6 1416//6 1414//6 1412//6 1410//6 1408//6 1406//6 1404//6 1402//6 1400//6 1398//6
f 1413//57 1414//57 1416//57 1415//57
f 1415//58 1416//58 1394//58 1393//58
f 1393//5 1395//5 1397//5 1399//5 1401//5 1403//5 1405//5 1407//5 1409//5 1411//5 1413//5 1415//5
f 1417//47 1418//47 1420//47 1419//47
f 1419//48 1420//48 1422//48 1421//48
f 1421//49 1422//49 1424//49 1423//49
f 1423//50 1424//50 1426//50 1425//50
f 1425//51 1426//51 1428//51 1427//51
f 1427//52 1428//52 1430//52 1429//52
f 1429//53 1430//53 1432//53 1431//53
f 1431//54 1432//54 1434//54 1433//54
f 1433//55 1434//55 1436//55 1435//55
f 1435//56 1436//56 1438//56 1437//56
f 1420//6 1418//6 1440//6 1438//6 1436//6 1434//6 1432//6 1430//6 1428//6 1426//6 1424//6 1422//6
f 1437//57 1438//57 1440//57 1439//57
f 1439//58 1440//58 1418//58 1417//58
f 1417//5 1419//5 1421//5 1423//5 1425//5 1427//5 1429//5 1431//5 1433//5 1435//5 1437//5 1439//5
f 1497//47 1498//47 1500//47 1499//47
f 1499//48 1500//48 1502//48 1501//48
f 1501//49 1502//49 1504//49 1503//49
f 1503//50 1504//50 1506//50 1505//50
f 1505//51 1506//51 1508//51 1507//51
f 1507//52 1508//52 1510//52 1509//52
f 1509//53 1510//53 1512//53 1511//53
f 1511//54 1512//54 1514//54 1513//54
f 1513//55 1514//55 1516//55 1515//55
f 1515//56 1516//56 1518//56 1517//56
f 1500//6 1498//6 1520//6 1518//6 1516//6 1514//6 1512//6 1510//6 1508//6 1506//6 1504//6 1502//6
f 1517//57 1518//57 1520//57 1519//57
f 1519//58 1520//58 1498//58 1497//58
f 1497//5 1499//5 1501//5 1503//5 1505//5 1507//5 1509//5 1511//5 1513//5 1515//5 1517//5 1519//5
f 1521//47 1522//47 1524//47 1523//47
f 1523//48 1524//48 1526//48 1525//48
f 1525//49 1526//49 1528//49 1527//49
f 1527//50 1528//50 1530//50 1529//50
f 1529//51 1530//51 1532//51 1531//51
f 1531//52 1532//52 1534//52 1533//52
f 1533//53 1534//53 1536//53 1535//53
f 1535//54 1536//54 1538//54 1537//54
f 1537//55 1538//55 1540//55 1539//55
f 1539//56 1540//56 1542//56 1541//56
f 1524//6 1522//6 1544//6 1542//6 1540//6 1538//6 1536//6 1534//6 1532//6 1530//6 1528//6 1526//6
f 1541//57 1542//57 1544//57 1543//57
f 1543//58 1544//58 1522//58 1521//58
f 1521//5 1523//5 1525//5 1527//5 1529//5 1531//5 1533//5 1535//5 1537//5 1539//5 1541//5 1543//5
f 1601//47 1602//47 1604//47 1603//47
f 1603//48 1604//48 1606//48 1605//48
f 1605//49 1606//49 1608//49 1607//49
f 1607//50 1608//50 1610//50 1609//50
f 1609//51 1610//51 1612//51 1611//51
f 1611//52 1612//52 1614//52 1613//52
f 1613//53 1614//53 1616//53 1615//53
f 1615//54 1616//54 1618//54 1617//54
f 1617//55 1618//55 1620//55 1619//55
f 1619//56 1620//56 1622//56 1621//56
f 1604//6 1602//6 1624//6 1622//6 1620//6 1618//6 1616//6 1614//6 1612//6 1610//6 1608//6 1606//6
f 1621//57 1622//57 1624//57 1623//57
f 1623//58 1624//58 1602//58 1601//58
f 1601//5 1603//5 1605//5 1607//5 1609//5 1611//5 1613//5 1615//5 1617//5 1619//5 1621//5 1623//5
f 1625//47 1626//47 1628//47 1627//47
f 1627//48 1628//48 1630//48 1629//48
f 1629//49 1630//49 1632//49 1631//49
f 1631//50 1632//50 1634//50 1633//50
f 1633//51 1634//51 1636//51 1635//51
f 1635//52 1636//52 1638//52 1637//52
f 1637//53 1638//53 1640//53 1639//53
f 1639//54 1640//54 1642//54 1641//54
f 1641//55 1642//55 1644//55 1643//55
f 1643//56 1644//56 1646//56 1645//56
f 1628//6 1626//6 1648//6 1646//6 1644//6 1642//6 1640//6 1638//6 1636//6 1634//6 1632//6 1630//6
f 1645//57 1646//57 1648//57 1647//57
f 1647//58 1648//58 1626//58 1625//58
f 1625//5 1627//5 1629//5 1631//5 1633//5 1635//5 1637//5 1639//5 1641//5 1643//5 1645//5 1647//5
f 1737//47 1738//47 1740//47 1739//47
f 1739//48 1740//48 1742//48 1741//48
f 1741//49 1742//49 1744//49 1743//49
f 1743//50 1744//50 1746//50 1745//50
f 1745//51 1746//51 1748//51 1747//51
f 1747//52 1748//52 1750//52 1749//52
f 1749//53 1750//53 1752//53 1751//53
f 1751//54 1752//54 1754//54 1753//54
f 1753//55 1754//55 1756//55 1755//55
f 1755//56 1756//56 1758//56 1757//56
f 1740//6 1738//6 1760//6 1758//6 1756//6 1754//6 1752//6 1750//6 1748//6 1746//6 1744//6 1742//6
f 1757//57 1758//57 1760//57 1759//57
f 1759//58 1760//58 1738//58 1737//58
f 1737//5 1739//5 1741//5 1743//5 1745//5 1747//5 1749//5 1751//5 1753//5 1755//5 1757//5 1759//5
f 1793//47 1794//47 1796//47 1795//47
f 1795//48 1796//48 1798//48 1797//48
f 1797//49 1798//49 1800//49 1799//49
f 1799//50 1800//50 1802//50 1801//50
f 1801//51 1802//51 1804//51 1803//51
f 1803//52 1804//52 1806//52 1805//52
f 1805//53 1806//53 1808//53 1807//53
f 1807//54 1808//54 1810//54 1809//54
f 1809//55 1810//55 1812//55 1811//55
f 1811//56 1812//56 1814//56 1813//56
f 1796//6 1794//6 1816//6 1814//6 1812//6 1810//6 1808//6 1806//6 1804//6 1802//6 1800//6 1798//6
f 1813//57 1814//57 1816//57 1815//57
f 1815//58 1816//58 1794//58 1793//58
f 1793//5 1795//5 1797//5 1799//5 1801//5 1803//5 1805//5 1807//5 1809//5 1811//5 1813//5 1815//5
f 1841//47 1842//47 1844//47 1843//47
f 1843//48 1844//48 1846//48 1845//48
f 1845//49 1846//49 1848//49 1847//49
f 1847//50 1848//50 1850//50 1849//50
f 1849//51 1850//51 1852//51 1851//51
f 1851//52 1852//52 1854//52 1853//52
f 1853//53 1854//53 1856//53 1855//53
f 1855//54 1856//54 1858//54 1857//54
f 1857//55 1858//55 1860//55 1859//55
f 1859//56 1860//56 1862//56 1861//56
f 1844//6 1842//6 1864//6 1862//6 1860//6 1858//6 1856//6 1854//6 1852//6 1850//6 1848//6 1846//6
f 1861//57 1862//57 1864//57 1863//57
f 1863//58 1864//58 1842//58 1841//58
f 1841//5 1843//5 1845//5 1847//5 1849//5 1851//5 1853//5 1855//5 1857//5 1859//5 1861//5 1863//5
f 2345//47 2346//47 2348//47 2347//47
f 2347//48 2348//48 2350//48 2349//48
f 2349//49 2350//49 2352//49 2351//49
f 2351//50 2352//50 2354//50 2353//50
f 2353//51 2354//51 2356//51 2355//51
f 2355//52 2356//52 2358//52 2357//52
f 2357//53 2358//53 2360//53 2359//53
f 2359//54 2360//54 2362//54 2361//54
f 2361//55 2362//55 2364//55 2363//55
f 2363//56 2364//56 2366//56 2365//56
f 2348//6 2346//6 2368//6 2366//6 2364//6 2362//6 2360//6 2358//6 2356//6 2354//6 2352//6 2350//6
f 2365//57 2366//57 2368//57 2367//57
f 2367//58 2368//58 2346//58 2345//58
f 2345//5 2347//5 2349//5 2351//5 2353//5 2355//5 2357//5 2359//5 2361//5 2363//5 2365//5 2367//5
f 2625//47 2626//47 2628//47 2627//47
f 2627//48 2628//48 2630//48 2629//48
f 2629//49 2630//49 2632//49 2631//49
f 2631//50 2632//50 2634//50 2633//50
f 2633//51 2634//51 2636//51 2635//51
f 2635//52 2636//52 2638//52 2637//52
f 2637//53 2638//53 2640//53 2639//53
f 2639//54 2640//54 2642//54 2641//54
f 2641//55 2642//55 2644//55 2643//55
f 2643//56 2644//56 2646//56 2645//56
f 2628//6 2626//6 2648//6 2646//6 2644//6 2642//6 2640//6 2638//6 2636//6 2634//6 2632//6 2630//6
f 2645//57 2646//57 2648//57 2647//57
f 2647//58 2648//58 2626//58 2625//58
f 2625//5 2627//5 2629//5 2631//5 2633//5 2635//5 2637//5 2639//5 2641//5 2643//5 2645//5 2647//5
f 2673//47 2674//47 2676//47 2675//47
f 2675//48 2676//48 2678//48 2677//48
f 2677//49 2678//49 2680//49 2679//49
f 2679//50 2680//50 2682//50 2681//50
f 2681//51 2682//51 2684//51 2683//51
f 2683//52 2684//52 2686//52 2685//52
f 2685//53 2686//53 2688//53 2687//53
f 2687//54 2688//54 2690//54 2689//54
f 2689//55 2690//55 2692//55 2691//55
f 2691//56 2692//56 2694//56 2693//56
f 2676//6 2674//6 2696//6 2694//6 2692//6 2690//6 2688//6 2686//6 2684//6 2682//6 2680//6 2678//6
f 2693//57 2694//57 2696//57 2695//57
f 2695//58 2696//58 2674//58 2673//58
f 2673//5 2675//5 2677//5 2679//5 2681//5 2683//5 2685//5 2687//5 2689//5 2691//5 2693//5 2695//5
f 3833//47 3834//47 3836//47 3835//47
f 3835//48 3836//48 3838//48 3837//48
f 3837//49 3838//49 3840//49 3839//49
f 3839//50 3840//50 3842//50 3841//50
f 3841//51 3842//51 3844//51 3843//51
f 3843//52 3844//52 3846//52 3845//52
f 3845//53 3846//53 3848//53 3847//53
f 3847//54 3848//54 3850//54 3849//54
f 3849//55 3850//55 3852//55 3851//55
f 3851//56 3852//56 3854//56 3853//56
f 3836//6 3834//6 3856//6 3854//6 3852//6 3850//6 3848//6 3846//6 3844//6 3842//6 3840//6 3838//6
f 3853//57 3854//57 3856//57 3855//57
f 3855//58 3856//58 3834//58 3833//58
f 3833//5 3835//5 3837//5 3839//5 3841//5 3843//5 3845//5 3847//5 3849//5 3851//5 3853//5 3855//5
usemtl MAT_PipeCarbonSteel
f 1441//47 1442//47 1444//47 1443//47
f 1443//48 1444//48 1446//48 1445//48
f 1445//49 1446//49 1448//49 1447//49
f 1447//50 1448//50 1450//50 1449//50
f 1449//51 1450//51 1452//51 1451//51
f 1451//52 1452//52 1454//52 1453//52
f 1453//53 1454//53 1456//53 1455//53
f 1455//54 1456//54 1458//54 1457//54
f 1457//55 1458//55 1460//55 1459//55
f 1459//56 1460//56 1462//56 1461//56
f 1444//6 1442//6 1464//6 1462//6 1460//6 1458//6 1456//6 1454//6 1452//6 1450//6 1448//6 1446//6
f 1461//57 1462//57 1464//57 1463//57
f 1463//58 1464//58 1442//58 1441//58
f 1441//5 1443//5 1445//5 1447//5 1449//5 1451//5 1453//5 1455//5 1457//5 1459//5 1461//5 1463//5
f 1545//47 1546//47 1548//47 1547//47
f 1547//48 1548//48 1550//48 1549//48
f 1549//49 1550//49 1552//49 1551//49
f 1551//50 1552//50 1554//50 1553//50
f 1553//51 1554//51 1556//51 1555//51
f 1555//52 1556//52 1558//52 1557//52
f 1557//53 1558//53 1560//53 1559//53
f 1559//54 1560//54 1562//54 1561//54
f 1561//55 1562//55 1564//55 1563//55
f 1563//56 1564//56 1566//56 1565//56
f 1548//6 1546//6 1568//6 1566//6 1564//6 1562//6 1560//6 1558//6 1556//6 1554//6 1552//6 1550//6
f 1565//57 1566//57 1568//57 1567//57
f 1567//58 1568//58 1546//58 1545//58
f 1545//5 1547//5 1549//5 1551//5 1553//5 1555//5 1557//5 1559//5 1561//5 1563//5 1565//5 1567//5
f 1713//59 1714//59 1716//59 1715//59
f 1715//60 1716//60 1718//60 1717//60
f 1717//61 1718//61 1720//61 1719//61
f 1719//62 1720//62 1722//62 1721//62
f 1721//63 1722//63 1724//63 1723//63
f 1723//64 1724//64 1726//64 1725//64
f 1725//65 1726//65 1728//65 1727//65
f 1727//66 1728//66 1730//66 1729//66
f 1729//67 1730//67 1732//67 1731//67
f 1731//68 1732//68 1734//68 1733//68
f 1716//1 1714//1 1736//1 1734//1 1732//1 1730//1 1728//1 1726//1 1724//1 1722//1 1720//1 1718//1
f 1733//69 1734//69 1736//69 1735//69
f 1735//70 1736//70 1714//70 1713//70
f 1713//3 1715//3 1717//3 1719//3 1721//3 1723//3 1725//3 1727//3 1729//3 1731//3 1733//3 1735//3
f 1817//59 1818//59 1820//59 1819//59
f 1819//60 1820//60 1822//60 1821//60
f 1821//61 1822//61 1824//61 1823//61
f 1823//62 1824//62 1826//62 1825//62
f 1825//63 1826//63 1828//63 1827//63
f 1827//64 1828//64 1830//64 1829//64
f 1829//65 1830//65 1832//65 1831//65
f 1831//66 1832//66 1834//66 1833//66
f 1833//67 1834//67 1836//67 1835//67
f 1835//68 1836//68 1838//68 1837//68
f 1820//1 1818//1 1840//1 1838//1 1836//1 1834//1 1832//1 1830//1 1828//1 1826//1 1824//1 1822//1
f 1837//69 1838//69 1840//69 1839//69
f 1839//70 1840//70 1818//70 1817//70
f 1817//3 1819//3 1821//3 1823//3 1825//3 1827//3 1829//3 1831//3 1833//3 1835//3 1837//3 1839//3
f 2249//47 2250//47 2252//47 2251//47
f 2251//48 2252//48 2254//48 2253//48
f 2253//49 2254//49 2256//49 2255//49
f 2255//50 2256//50 2258//50 2257//50
f 2257//51 2258//51 2260//51 2259//51
f 2259//52 2260//52 2262//52 2261//52
f 2261//53 2262//53 2264//53 2263//53
f 2263//54 2264//54 2266//54 2265//54
f 2265//55 2266//55 2268//55 2267//55
f 2267//56 2268//56 2270//56 2269//56
f 2252//6 2250//6 2272//6 2270//6 2268//6 2266//6 2264//6 2262//6 2260//6 2258//6 2256//6 2254//6
f 2269//57 2270//57 2272//57 2271//57
f 2271//58 2272//58 2250//58 2249//58
f 2249//5 2251//5 2253//5 2255//5 2257//5 2259//5 2261//5 2263//5 2265//5 2267//5 2269//5 2271//5
f 2369//47 2370//47 2372//47 2371//47
f 2371//48 2372//48 2374//48 2373//48
f 2373//49 2374//49 2376//49 2375//49
f 2375//50 2376//50 2378//50 2377//50
f 2377//51 2378//51 2380//51 2379//51
f 2379//52 2380//52 2382//52 2381//52
f 2381//53 2382//53 2384//53 2383//53
f 2383//54 2384//54 2386//54 2385//54
f 2385//55 2386//55 2388//55 2387//55
f 2387//56 2388//56 2390//56 2389//56
f 2372//6 2370//6 2392//6 2390//6 2388//6 2386//6 2384//6 2382//6 2380//6 2378//6 2376//6 2374//6
f 2389//57 2390//57 2392//57 2391//57
f 2391//58 2392//58 2370//58 2369//58
f 2369//5 2371//5 2373//5 2375//5 2377//5 2379//5 2381//5 2383//5 2385//5 2387//5 2389//5 2391//5
f 2497//47 2498//47 2500//47 2499//47
f 2499//48 2500//48 2502//48 2501//48
f 2501//49 2502//49 2504//49 2503//49
f 2503//50 2504//50 2506//50 2505//50
f 2505//51 2506//51 2508//51 2507//51
f 2507//52 2508//52 2510//52 2509//52
f 2509//53 2510//53 2512//53 2511//53
f 2511//54 2512//54 2514//54 2513//54
f 2513//55 2514//55 2516//55 2515//55
f 2515//56 2516//56 2518//56 2517//56
f 2500//6 2498//6 2520//6 2518//6 2516//6 2514//6 2512//6 2510//6 2508//6 2506//6 2504//6 2502//6
f 2517//57 2518//57 2520//57 2519//57
f 2519//58 2520//58 2498//58 2497//58
f 2497//5 2499//5 2501//5 2503//5 2505//5 2507//5 2509//5 2511//5 2513//5 2515//5 2517//5 2519//5
f 2649//59 2650//59 2652//59 2651//59
f 2651//60 2652//60 2654//60 2653//60
f 2653//61 2654//61 2656//61 2655//61
f 2655//62 2656//62 2658//62 2657//62
f 2657//63 2658//63 2660//63 2659//63
f 2659//64 2660//64 2662//64 2661//64
f 2661//65 2662//65 2664//65 2663//65
f 2663//66 2664//66 2666//66 2665//66
f 2665//67 2666//67 2668//67 2667//67
f 2667//68 2668//68 2670//68 2669//68
f 2652//1 2650//1 2672//1 2670//1 2668//1 2666//1 2664//1 2662//1 2660//1 2658//1 2656//1 2654//1
f 2669//69 2670//69 2672//69 2671//69
f 2671//70 2672//70 2650//70 2649//70
f 2649//3 2651//3 2653//3 2655//3 2657//3 2659//3 2661//3 2663//3 2665//3 2667//3 2669//3 2671//3
f 2697//47 2698//47 2700//47 2699//47
f 2699//48 2700//48 2702//48 2701//48
f 2701//49 2702//49 2704//49 2703//49
f 2703//50 2704//50 2706//50 2705//50
f 2705//51 2706//51 2708//51 2707//51
f 2707//52 2708//52 2710//52 2709//52
f 2709//53 2710//53 2712//53 2711//53
f 2711//54 2712//54 2714//54 2713//54
f 2713//55 2714//55 2716//55 2715//55
f 2715//56 2716//56 2718//56 2717//56
f 2700//6 2698//6 2720//6 2718//6 2716//6 2714//6 2712//6 2710//6 2708//6 2706//6 2704//6 2702//6
f 2717//57 2718//57 2720//57 2719//57
f 2719//58 2720//58 2698//58 2697//58
f 2697//5 2699//5 2701//5 2703//5 2705//5 2707//5 2709//5 2711//5 2713//5 2715//5 2717//5 2719//5
f 2961//87 2962//87 2964//87 2963//87
f 2963//88 2964//88 2966//88 2965//88
f 2965//89 2966//89 2968//89 2967//89
f 2967//90 2968//90 2970//90 2969//90
f 2969//91 2970//91 2972//91 2971//91
f 2971//92 2972//92 2974//92 2973//92
f 2973//93 2974//93 2976//93 2975//93
f 2975//94 2976//94 2978//94 2977//94
f 2977//95 2978//95 2980//95 2979//95
f 2979//96 2980//96 2982//96 2981//96
f 2964//4 2962//4 2984//4 2982//4 2980//4 2978//4 2976//4 2974//4 2972//4 2970//4 2968//4 2966//4
f 2981//97 2982//97 2984//97 2983//97
f 2983//98 2984//98 2962//98 2961//98
f 2961//2 2963//2 2965//2 2967//2 2969//2 2971//2 2973//2 2975//2 2977//2 2979//2 2981//2 2983//2
f 2985//58 2986//58 2988//58 2987//58
f 2987//57 2988//57 2990//57 2989//57
f 2989//56 2990//56 2992//56 2991//56
f 2991//55 2992//55 2994//55 2993//55
f 2993//54 2994//54 2996//54 2995//54
f 2995//53 2996//53 2998//53 2997//53
f 2997//52 2998//52 3000//52 2999//52
f 2999//51 3000//51 3002//51 3001//51
f 3001//50 3002//50 3004//50 3003//50
f 3003//49 3004//49 3006//49 3005//49
f 2988//5 2986//5 3008//5 3006//5 3004//5 3002//5 3000//5 2998//5 2996//5 2994//5 2992//5 2990//5
f 3005//48 3006//48 3008//48 3007//48
f 3007//47 3008//47 2986//47 2985//47
f 2985//6 2987//6 2989//6 2991//6 2993//6 2995//6 2997//6 2999//6 3001//6 3003//6 3005//6 3007//6
f 3033//87 3034//87 3036//87 3035//87
f 3035//88 3036//88 3038//88 3037//88
f 3037//89 3038//89 3040//89 3039//89
f 3039//90 3040//90 3042//90 3041//90
f 3041//91 3042//91 3044//91 3043//91
f 3043//92 3044//92 3046//92 3045//92
f 3045//93 3046//93 3048//93 3047//93
f 3047//94 3048//94 3050//94 3049//94
f 3049//95 3050//95 3052//95 3051//95
f 3051//96 3052//96 3054//96 3053//96
f 3036//4 3034//4 3056//4 3054//4 3052//4 3050//4 3048//4 3046//4 3044//4 3042//4 3040//4 3038//4
f 3053//97 3054//97 3056//97 3055//97
f 3055//98 3056//98 3034//98 3033//98
f 3033//2 3035//2 3037//2 3039//2 3041//2 3043//2 3045//2 3047//2 3049//2 3051//2 3053//2 3055//2
f 3057//58 3058//58 3060//58 3059//58
f 3059//57 3060//57 3062//57 3061//57
f 3061//56 3062//56 3064//56 3063//56
f 3063//55 3064//55 3066//55 3065//55
f 3065//54 3066//54 3068//54 3067//54
f 3067//53 3068//53 3070//53 3069//53
f 3069//52 3070//52 3072//52 3071//52
f 3071//51 3072//51 3074//51 3073//51
f 3073//50 3074//50 3076//50 3075//50
f 3075//49 3076//49 3078//49 3077//49
f 3060//5 3058//5 3080//5 3078//5 3076//5 3074//5 3072//5 3070//5 3068//5 3066//5 3064//5 3062//5
f 3077//48 3078//48 3080//48 3079//48
f 3079//47 3080//47 3058//47 3057//47
f 3057//6 3059//6 3061//6 3063//6 3065//6 3067//6 3069//6 3071//6 3073//6 3075//6 3077//6 3079//6
f 3105//87 3106//87 3108//87 3107//87
f 3107//88 3108//88 3110//88 3109//88
f 3109//89 3110//89 3112//89 3111//89
f 3111//90 3112//90 3114//90 3113//90
f 3113//91 3114//91 3116//91 3115//91
f 3115//92 3116//92 3118//92 3117//92
f 3117//93 3118//93 3120//93 3119//93
f 3119//94 3120//94 3122//94 3121//94
f 3121//95 3122//95 3124//95 3123//95
f 3123//96 3124//96 3126//96 3125//96
f 3108//4 3106//4 3128//4 3126//4 3124//4 3122//4 3120//4 3118//4 3116//4 3114//4 3112//4 3110//4
f 3125//97 3126//97 3128//97 3127//97
f 3127//98 3128//98 3106//98 3105//98
f 3105//2 3107//2 3109//2 3111//2 3113//2 3115//2 3117//2 3119//2 3121//2 3123//2 3125//2 3127//2
f 3129//58 3130//58 3132//58 3131//58
f 3131//57 3132//57 3134//57 3133//57
f 3133//56 3134//56 3136//56 3135//56
f 3135//55 3136//55 3138//55 3137//55
f 3137//54 3138//54 3140//54 3139//54
f 3139//53 3140//53 3142//53 3141//53
f 3141//52 3142//52 3144//52 3143//52
f 3143//51 3144//51 3146//51 3145//51
f 3145//50 3146//50 3148//50 3147//50
f 3147//49 3148//49 3150//49 3149//49
f 3132//5 3130//5 3152//5 3150//5 3148//5 3146//5 3144//5 3142//5 3140//5 3138//5 3136//5 3134//5
f 3149//48 3150//48 3152//48 3151//48
f 3151//47 3152//47 3130//47 3129//47
f 3129//6 3131//6 3133//6 3135//6 3137//6 3139//6 3141//6 3143//6 3145//6 3147//6 3149//6 3151//6
f 3177//64 3178//64 3180//64 3179//64
f 3179//63 3180//63 3182//63 3181//63
f 3181//62 3182//62 3184//62 3183//62
f 3183//61 3184//61 3186//61 3185//61
f 3185//60 3186//60 3188//60 3187//60
f 3187//59 3188//59 3190//59 3189//59
f 3189//70 3190//70 3192//70 3191//70
f 3191//69 3192//69 3194//69 3193//69
f 3193//68 3194//68 3196//68 3195//68
f 3195//67 3196//67 3198//67 3197//67
f 3180//3 3178//3 3200//3 3198//3 3196//3 3194//3 3192//3 3190//3 3188//3 3186//3 3184//3 3182//3
f 3197//66 3198//66 3200//66 3199//66
f 3199//65 3200//65 3178//65 3177//65
f 3177//1 3179//1 3181//1 3183//1 3185//1 3187//1 3189//1 3191//1 3193//1 3195//1 3197//1 3199//1
f 3225//64 3226//64 3228//64 3227//64
f 3227//63 3228//63 3230//63 3229//63
f 3229//62 3230//62 3232//62 3231//62
f 3231//61 3232//61 3234//61 3233//61
f 3233//60 3234//60 3236//60 3235//60
f 3235//59 3236//59 3238//59 3237//59
f 3237//70 3238//70 3240//70 3239//70
f 3239//69 3240//69 3242//69 3241//69
f 3241//68 3242//68 3244//68 3243//68
f 3243//67 3244//67 3246//67 3245//67
f 3228//3 3226//3 3248//3 3246//3 3244//3 3242//3 3240//3 3238//3 3236//3 3234//3 3232//3 3230//3
f 3245//66 3246//66 3248//66 3247//66
f 3247//65 3248//65 3226//65 3225//65
f 3225//1 3227//1 3229//1 3231//1 3233//1 3235//1 3237//1 3239//1 3241//1 3243//1 3245//1 3247//1
f 3297//87 3298//87 3300//87 3299//87
f 3299//88 3300//88 3302//88 3301//88
f 3301//89 3302//89 3304//89 3303//89
f 3303//90 3304//90 3306//90 3305//90
f 3305//91 3306//91 3308//91 3307//91
f 3307//92 3308//92 3310//92 3309//92
f 3309//93 3310//93 3312//93 3311//93
f 3311//94 3312//94 3314//94 3313//94
f 3313//95 3314//95 3316//95 3315//95
f 3315//96 3316//96 3318//96 3317//96
f 3300//4 3298//4 3320//4 3318//4 3316//4 3314//4 3312//4 3310//4 3308//4 3306//4 3304//4 3302//4
f 3317//97 3318//97 3320//97 3319//97
f 3319//98 3320//98 3298//98 3297//98
f 3297//2 3299//2 3301//2 3303//2 3305//2 3307//2 3309//2 3311//2 3313//2 3315//2 3317//2 3319//2
f 3321//87 3322//87 3324//87 3323//87
f 3323//88 3324//88 3326//88 3325//88
f 3325//89 3326//89 3328//89 3327//89
f 3327//90 3328//90 3330//90 3329//90
f 3329//91 3330//91 3332//91 3331//91
f 3331//92 3332//92 3334//92 3333//92
f 3333//93 3334//93 3336//93 3335//93
f 3335//94 3336//94 3338//94 3337//94
f 3337//95 3338//95 3340//95 3339//95
f 3339//96 3340//96 3342//96 3341//96
f 3324//4 3322//4 3344//4 3342//4 3340//4 3338//4 3336//4 3334//4 3332//4 3330//4 3328//4 3326//4
f 3341//97 3342//97 3344//97 3343//97
f 3343//98 3344//98 3322//98 3321//98
f 3321//2 3323//2 3325//2 3327//2 3329//2 3331//2 3333//2 3335//2 3337//2 3339//2 3341//2 3343//2
f 3345//87 3346//87 3348//87 3347//87
f 3347//88 3348//88 3350//88 3349//88
f 3349//89 3350//89 3352//89 3351//89
f 3351//90 3352//90 3354//90 3353//90
f 3353//91 3354//91 3356//91 3355//91
f 3355//92 3356//92 3358//92 3357//92
f 3357//93 3358//93 3360//93 3359//93
f 3359//94 3360//94 3362//94 3361//94
f 3361//95 3362//95 3364//95 3363//95
f 3363//96 3364//96 3366//96 3365//96
f 3348//4 3346//4 3368//4 3366//4 3364//4 3362//4 3360//4 3358//4 3356//4 3354//4 3352//4 3350//4
f 3365//97 3366//97 3368//97 3367//97
f 3367//98 3368//98 3346//98 3345//98
f 3345//2 3347//2 3349//2 3351//2 3353//2 3355//2 3357//2 3359//2 3361//2 3363//2 3365//2 3367//2
f 3369//87 3370//87 3372//87 3371//87
f 3371//88 3372//88 3374//88 3373//88
f 3373//89 3374//89 3376//89 3375//89
f 3375//90 3376//90 3378//90 3377//90
f 3377//91 3378//91 3380//91 3379//91
f 3379//92 3380//92 3382//92 3381//92
f 3381//93 3382//93 3384//93 3383//93
f 3383//94 3384//94 3386//94 3385//94
f 3385//95 3386//95 3388//95 3387//95
f 3387//96 3388//96 3390//96 3389//96
f 3372//4 3370//4 3392//4 3390//4 3388//4 3386//4 3384//4 3382//4 3380//4 3378//4 3376//4 3374//4
f 3389//97 3390//97 3392//97 3391//97
f 3391//98 3392//98 3370//98 3369//98
f 3369//2 3371//2 3373//2 3375//2 3377//2 3379//2 3381//2 3383//2 3385//2 3387//2 3389//2 3391//2
f 3393//87 3394//87 3396//87 3395//87
f 3395//88 3396//88 3398//88 3397//88
f 3397//89 3398//89 3400//89 3399//89
f 3399//90 3400//90 3402//90 3401//90
f 3401//91 3402//91 3404//91 3403//91
f 3403//92 3404//92 3406//92 3405//92
f 3405//93 3406//93 3408//93 3407//93
f 3407//94 3408//94 3410//94 3409//94
f 3409//95 3410//95 3412//95 3411//95
f 3411//96 3412//96 3414//96 3413//96
f 3396//4 3394//4 3416//4 3414//4 3412//4 3410//4 3408//4 3406//4 3404//4 3402//4 3400//4 3398//4
f 3413//97 3414//97 3416//97 3415//97
f 3415//98 3416//98 3394//98 3393//98
f 3393//2 3395//2 3397//2 3399//2 3401//2 3403//2 3405//2 3407//2 3409//2 3411//2 3413//2 3415//2
f 3417//87 3418//87 3420//87 3419//87
f 3419//88 3420//88 3422//88 3421//88
f 3421//89 3422//89 3424//89 3423//89
f 3423//90 3424//90 3426//90 3425//90
f 3425//91 3426//91 3428//91 3427//91
f 3427//92 3428//92 3430//92 3429//92
f 3429//93 3430//93 3432//93 3431//93
f 3431//94 3432//94 3434//94 3433//94
f 3433//95 3434//95 3436//95 3435//95
f 3435//96 3436//96 3438//96 3437//96
f 3420//4 3418//4 3440//4 3438//4 3436//4 3434//4 3432//4 3430//4 3428//4 3426//4 3424//4 3422//4
f 3437//97 3438//97 3440//97 3439//97
f 3439//98 3440//98 3418//98 3417//98
f 3417//2 3419//2 3421//2 3423//2 3425//2 3427//2 3429//2 3431//2 3433//2 3435//2 3437//2 3439//2
f 3473//47 3474//47 3476//47 3475//47
f 3475//99 3476//99 3478//99 3477//99
f 3477//49 3478//49 3480//49 3479//49
f 3479//50 3480//50 3482//50 3481//50
f 3481//100 3482//100 3484//100 3483//100
f 3483//52 3484//52 3486//52 3485//52
f 3485//53 3486//53 3488//53 3487//53
f 3487//101 3488//101 3490//101 3489//101
f 3489//55 3490//55 3492//55 3491//55
f 3491//56 3492//56 3494//56 3493//56
f 3476//6 3474//6 3496//6 3494//6 3492//6 3490//6 3488//6 3486//6 3484//6 3482//6 3480//6 3478//6
f 3493//102 3494//102 3496//102 3495//102
f 3495//58 3496//58 3474//58 3473//58
f 3473//5 3475//5 3477//5 3479//5 3481//5 3483//5 3485//5 3487//5 3489//5 3491//5 3493//5 3495//5
f 3529//47 3530//47 3532//47 3531//47
f 3531//48 3532//48 3534//48 3533//48
f 3533//49 3534//49 3536//49 3535//49
f 3535//50 3536//50 3538//50 3537//50
f 3537//51 3538//51 3540//51 3539//51
f 3539//52 3540//52 3542//52 3541//52
f 3541//53 3542//53 3544//53 3543//53
f 3543//54 3544//54 3546//54 3545//54
f 3545//55 3546//55 3548//55 3547//55
f 3547//56 3548//56 3550//56 3549//56
f 3532//6 3530//6 3552//6 3550//6 3548//6 3546//6 3544//6 3542//6 3540//6 3538//6 3536//6 3534//6
f 3549//57 3550//57 3552//57 3551//57
f 3551//58 3552//58 3530//58 3529//58
f 3529//5 3531//5 3533//5 3535//5 3537//5 3539//5 3541//5 3543//5 3545//5 3547//5 3549//5 3551//5
f 3585//47 3586//47 3588//47 3587//47
f 3587//48 3588//48 3590//48 3589//48
f 3589//49 3590//49 3592//49 3591//49
f 3591//50 3592//50 3594//50 3593//50
f 3593//51 3594//51 3596//51 3595//51
f 3595//52 3596//52 3598//52 3597//52
f 3597//53 3598//53 3600//53 3599//53
f 3599//54 3600//54 3602//54 3601//54
f 3601//55 3602//55 3604//55 3603//55
f 3603//56 3604//56 3606//56 3605//56
f 3588//6 3586//6 3608//6 3606//6 3604//6 3602//6 3600//6 3598//6 3596//6 3594//6 3592//6 3590//6
f 3605//57 3606//57 3608//57 3607//57
f 3607//58 3608//58 3586//58 3585//58
f 3585//5 3587//5 3589//5 3591//5 3593//5 3595//5 3597//5 3599//5 3601//5 3603//5 3605//5 3607//5
f 3641//47 3642//47 3644//47 3643//47
f 3643//48 3644//48 3646//48 3645//48
f 3645//49 3646//49 3648//49 3647//49
f 3647//50 3648//50 3650//50 3649//50
f 3649//51 3650//51 3652//51 3651//51
f 3651//52 3652//52 3654//52 3653//52
f 3653//53 3654//53 3656//53 3655//53
f 3655//54 3656//54 3658//54 3657//54
f 3657//55 3658//55 3660//55 3659//55
f 3659//56 3660//56 3662//56 3661//56
f 3644//6 3642//6 3664//6 3662//6 3660//6 3658//6 3656//6 3654//6 3652//6 3650//6 3648//6 3646//6
f 3661//57 3662//57 3664//57 3663//57
f 3663//58 3664//58 3642//58 3641//58
f 3641//5 3643//5 3645//5 3647//5 3649//5 3651//5 3653//5 3655//5 3657//5 3659//5 3661//5 3663//5
f 3697//47 3698//47 3700//47 3699//47
f 3699//48 3700//48 3702//48 3701//48
f 3701//49 3702//49 3704//49 3703//49
f 3703//50 3704//50 3706//50 3705//50
f 3705//51 3706//51 3708//51 3707//51
f 3707//52 3708//52 3710//52 3709//52
f 3709//53 3710//53 3712//53 3711//53
f 3711//54 3712//54 3714//54 3713//54
f 3713//55 3714//55 3716//55 3715//55
f 3715//56 3716//56 3718//56 3717//56
f 3700//6 3698//6 3720//6 3718//6 3716//6 3714//6 3712//6 3710//6 3708//6 3706//6 3704//6 3702//6
f 3717//57 3718//57 3720//57 3719//57
f 3719//58 3720//58 3698//58 3697//58
f 3697//5 3699//5 3701//5 3703//5 3705//5 3707//5 3709//5 3711//5 3713//5 3715//5 3717//5 3719//5
usemtl MAT_MotorEndBell
f 1465//31 1466//31 1468//31 1467//31
f 1467//32 1468//32 1470//32 1469//32
f 1469//33 1470//33 1472//33 1471//33
f 1471//34 1472//34 1474//34 1473//34
f 1473//35 1474//35 1476//35 1475//35
f 1475//36 1476//36 1478//36 1477//36
f 1477//37 1478//37 1480//37 1479//37
f 1479//38 1480//38 1482//38 1481//38
f 1481//39 1482//39 1484//39 1483//39
f 1483//40 1484//40 1486//40 1485//40
f 1485//41 1486//41 1488//41 1487//41
f 1487//42 1488//42 1490//42 1489//42
f 1489//43 1490//43 1492//43 1491//43
f 1491//44 1492//44 1494//44 1493//44
f 1468//6 1466//6 1496//6 1494//6 1492//6 1490//6 1488//6 1486//6 1484//6 1482//6 1480//6 1478//6 1476//6 1474//6 1472//6 1470//6
f 1493//45 1494//45 1496//45 1495//45
f 1495//46 1496//46 1466//46 1465//46
f 1465//5 1467//5 1469//5 1471//5 1473//5 1475//5 1477//5 1479//5 1481//5 1483//5 1485//5 1487//5 1489//5 1491//5 1493//5 1495//5
f 1569//31 1570//31 1572//31 1571//31
f 1571//32 1572//32 1574//32 1573//32
f 1573//33 1574//33 1576//33 1575//33
f 1575//34 1576//34 1578//34 1577//34
f 1577//35 1578//35 1580//35 1579//35
f 1579//36 1580//36 1582//36 1581//36
f 1581//37 1582//37 1584//37 1583//37
f 1583//38 1584//38 1586//38 1585//38
f 1585//39 1586//39 1588//39 1587//39
f 1587//40 1588//40 1590//40 1589//40
f 1589//41 1590//41 1592//41 1591//41
f 1591//42 1592//42 1594//42 1593//42
f 1593//43 1594//43 1596//43 1595//43
f 1595//44 1596//44 1598//44 1597//44
f 1572//6 1570//6 1600//6 1598//6 1596//6 1594//6 1592//6 1590//6 1588//6 1586//6 1584//6 1582//6 1580//6 1578//6 1576//6 1574//6
f 1597//45 1598//45 1600//45 1599//45
f 1599//46 1600//46 1570//46 1569//46
f 1569//5 1571//5 1573//5 1575//5 1577//5 1579//5 1581//5 1583//5 1585//5 1587//5 1589//5 1591//5 1593//5 1595//5 1597//5 1599//5
f 1649//31 1650//31 1652//31 1651//31
f 1651//32 1652//32 1654//32 1653//32
f 1653//33 1654//33 1656//33 1655//33
f 1655//34 1656//34 1658//34 1657//34
f 1657//35 1658//35 1660//35 1659//35
f 1659//36 1660//36 1662//36 1661//36
f 1661//37 1662//37 1664//37 1663//37
f 1663//38 1664//38 1666//38 1665//38
f 1665//39 1666//39 1668//39 1667//39
f 1667//40 1668//40 1670//40 1669//40
f 1669//41 1670//41 1672//41 1671//41
f 1671//42 1672//42 1674//42 1673//42
f 1673//43 1674//43 1676//43 1675//43
f 1675//44 1676//44 1678//44 1677//44
f 1652//6 1650//6 1680//6 1678//6 1676//6 1674//6 1672//6 1670//6 1668//6 1666//6 1664//6 1662//6 1660//6 1658//6 1656//6 1654//6
f 1677//45 1678//45 1680//45 1679//45
f 1679//46 1680//46 1650//46 1649//46
f 1649//5 1651//5 1653//5 1655//5 1657//5 1659//5 1661//5 1663//5 1665//5 1667//5 1669//5 1671//5 1673//5 1675//5 1677//5 1679//5
f 1681//31 1682//31 1684//31 1683//31
f 1683//32 1684//32 1686//32 1685//32
f 1685//33 1686//33 1688//33 1687//33
f 1687//34 1688//34 1690//34 1689//34
f 1689//35 1690//35 1692//35 1691//35
f 1691//36 1692//36 1694//36 1693//36
f 1693//37 1694//37 1696//37 1695//37
f 1695//38 1696//38 1698//38 1697//38
f 1697//39 1698//39 1700//39 1699//39
f 1699//40 1700//40 1702//40 1701//40
f 1701//41 1702//41 1704//41 1703//41
f 1703//42 1704//42 1706//42 1705//42
f 1705//43 1706//43 1708//43 1707//43
f 1707//44 1708//44 1710//44 1709//44
f 1684//6 1682//6 1712//6 1710//6 1708//6 1706//6 1704//6 1702//6 1700//6 1698//6 1696//6 1694//6 1692//6 1690//6 1688//6 1686//6
f 1709//45 1710//45 1712//45 1711//45
f 1711//46 1712//46 1682//46 1681//46
f 1681//5 1683//5 1685//5 1687//5 1689//5 1691//5 1693//5 1695//5 1697//5 1699//5 1701//5 1703//5 1705//5 1707//5 1709//5 1711//5
f 1761//31 1762//31 1764//31 1763//31
f 1763//32 1764//32 1766//32 1765//32
f 1765//33 1766//33 1768//33 1767//33
f 1767//34 1768//34 1770//34 1769//34
f 1769//35 1770//35 1772//35 1771//35
f 1771//36 1772//36 1774//36 1773//36
f 1773//37 1774//37 1776//37 1775//37
f 1775//38 1776//38 1778//38 1777//38
f 1777//39 1778//39 1780//39 1779//39
f 1779//40 1780//40 1782//40 1781//40
f 1781//41 1782//41 1784//41 1783//41
f 1783//42 1784//42 1786//42 1785//42
f 1785//43 1786//43 1788//43 1787//43
f 1787//44 1788//44 1790//44 1789//44
f 1764//6 1762//6 1792//6 1790//6 1788//6 1786//6 1784//6 1782//6 1780//6 1778//6 1776//6 1774//6 1772//6 1770//6 1768//6 1766//6
f 1789//45 1790//45 1792//45 1791//45
f 1791//46 1792//46 1762//46 1761//46
f 1761//5 1763//5 1765//5 1767//5 1769//5 1771//5 1773//5 1775//5 1777//5 1779//5 1781//5 1783//5 1785//5 1787//5 1789//5 1791//5
f 1865//31 1866//31 1868//31 1867//31
f 1867//32 1868//32 1870//32 1869//32
f 1869//33 1870//33 1872//33 1871//33
f 1871//34 1872//34 1874//34 1873//34
f 1873//35 1874//35 1876//35 1875//35
f 1875//36 1876//36 1878//36 1877//36
f 1877//37 1878//37 1880//37 1879//37
f 1879//38 1880//38 1882//38 1881//38
f 1881//39 1882//39 1884//39 1883//39
f 1883//40 1884//40 1886//40 1885//40
f 1885//41 1886//41 1888//41 1887//41
f 1887//42 1888//42 1890//42 1889//42
f 1889//43 1890//43 1892//43 1891//43
f 1891//44 1892//44 1894//44 1893//44
f 1868//6 1866//6 1896//6 1894//6 1892//6 1890//6 1888//6 1886//6 1884//6 1882//6 1880//6 1878//6 1876//6 1874//6 1872//6 1870//6
f 1893//45 1894//45 1896//45 1895//45
f 1895//46 1896//46 1866//46 1865//46
f 1865//5 1867//5 1869//5 1871//5 1873//5 1875//5 1877//5 1879//5 1881//5 1883//5 1885//5 1887//5 1889//5 1891//5 1893//5 1895//5
f 1897//31 1898//31 1900//31 1899//31
f 1899//32 1900//32 1902//32 1901//32
f 1901//33 1902//33 1904//33 1903//33
f 1903//34 1904//34 1906//34 1905//34
f 1905//35 1906//35 1908//35 1907//35
f 1907//36 1908//36 1910//36 1909//36
f 1909//37 1910//37 1912//37 1911//37
f 1911//38 1912//38 1914//38 1913//38
f 1913//39 1914//39 1916//39 1915//39
f 1915//40 1916//40 1918//40 1917//40
f 1917//41 1918//41 1920//41 1919//41
f 1919//42 1920//42 1922//42 1921//42
f 1921//43 1922//43 1924//43 1923//43
f 1923//44 1924//44 1926//44 1925//44
f 1900//6 1898//6 1928//6 1926//6 1924//6 1922//6 1920//6 1918//6 1916//6 1914//6 1912//6 1910//6 1908//6 1906//6 1904//6 1902//6
f 1925//45 1926//45 1928//45 1927//45
f 1927//46 1928//46 1898//46 1897//46
f 1897//5 1899//5 1901//5 1903//5 1905//5 1907//5 1909//5 1911//5 1913//5 1915//5 1917//5 1919//5 1921//5 1923//5 1925//5 1927//5
f 1929//31 1930//31 1932//31 1931//31
f 1931//32 1932//32 1934//32 1933//32
f 1933//33 1934//33 1936//33 1935//33
f 1935//34 1936//34 1938//34 1937//34
f 1937//35 1938//35 1940//35 1939//35
f 1939//36 1940//36 1942//36 1941//36
f 1941//37 1942//37 1944//37 1943//37
f 1943//38 1944//38 1946//38 1945//38
f 1945//39 1946//39 1948//39 1947//39
f 1947//40 1948//40 1950//40 1949//40
f 1949//41 1950//41 1952//41 1951//41
f 1951//42 1952//42 1954//42 1953//42
f 1953//43 1954//43 1956//43 1955//43
f 1955//44 1956//44 1958//44 1957//44
f 1932//6 1930//6 1960//6 1958//6 1956//6 1954//6 1952//6 1950//6 1948//6 1946//6 1944//6 1942//6 1940//6 1938//6 1936//6 1934//6
f 1957//45 1958//45 1960//45 1959//45
f 1959//46 1960//46 1930//46 1929//46
f 1929//5 1931//5 1933//5 1935//5 1937//5 1939//5 1941//5 1943//5 1945//5 1947//5 1949//5 1951//5 1953//5 1955//5 1957//5 1959//5
f 2081//31 2082//31 2084//31 2083//31
f 2083//32 2084//32 2086//32 2085//32
f 2085//33 2086//33 2088//33 2087//33
f 2087//34 2088//34 2090//34 2089//34
f 2089//35 2090//35 2092//35 2091//35
f 2091//36 2092//36 2094//36 2093//36
f 2093//37 2094//37 2096//37 2095//37
f 2095//38 2096//38 2098//38 2097//38
f 2097//39 2098//39 2100//39 2099//39
f 2099//40 2100//40 2102//40 2101//40
f 2101//41 2102//41 2104//41 2103//41
f 2103//42 2104//42 2106//42 2105//42
f 2105//43 2106//43 2108//43 2107//43
f 2107//44 2108//44 2110//44 2109//44
f 2084//6 2082//6 2112//6 2110//6 2108//6 2106//6 2104//6 2102//6 2100//6 2098//6 2096//6 2094//6 2092//6 2090//6 2088//6 2086//6
f 2109//45 2110//45 2112//45 2111//45
f 2111//46 2112//46 2082//46 2081//46
f 2081//5 2083//5 2085//5 2087//5 2089//5 2091//5 2093//5 2095//5 2097//5 2099//5 2101//5 2103//5 2105//5 2107//5 2109//5 2111//5
f 2185//31 2186//31 2188//31 2187//31
f 2187//32 2188//32 2190//32 2189//32
f 2189//33 2190//33 2192//33 2191//33
f 2191//34 2192//34 2194//34 2193//34
f 2193//35 2194//35 2196//35 2195//35
f 2195//36 2196//36 2198//36 2197//36
f 2197//37 2198//37 2200//37 2199//37
f 2199//38 2200//38 2202//38 2201//38
f 2201//39 2202//39 2204//39 2203//39
f 2203//40 2204//40 2206//40 2205//40
f 2205//41 2206//41 2208//41 2207//41
f 2207//42 2208//42 2210//42 2209//42
f 2209//43 2210//43 2212//43 2211//43
f 2211//44 2212//44 2214//44 2213//44
f 2188//6 2186//6 2216//6 2214//6 2212//6 2210//6 2208//6 2206//6 2204//6 2202//6 2200//6 2198//6 2196//6 2194//6 2192//6 2190//6
f 2213//45 2214//45 2216//45 2215//45
f 2215//46 2216//46 2186//46 2185//46
f 2185//5 2187//5 2189//5 2191//5 2193//5 2195//5 2197//5 2199//5 2201//5 2203//5 2205//5 2207//5 2209//5 2211//5 2213//5 2215//5
f 2433//31 2434//31 2436//31 2435//31
f 2435//32 2436//32 2438//32 2437//32
f 2437//33 2438//33 2440//33 2439//33
f 2439//34 2440//34 2442//34 2441//34
f 2441//35 2442//35 2444//35 2443//35
f 2443//36 2444//36 2446//36 2445//36
f 2445//37 2446//37 2448//37 2447//37
f 2447//38 2448//38 2450//38 2449//38
f 2449//39 2450//39 2452//39 2451//39
f 2451//40 2452//40 2454//40 2453//40
f 2453//41 2454//41 2456//41 2455//41
f 2455//42 2456//42 2458//42 2457//42
f 2457//43 2458//43 2460//43 2459//43
f 2459//44 2460//44 2462//44 2461//44
f 2436//6 2434//6 2464//6 2462//6 2460//6 2458//6 2456//6 2454//6 2452//6 2450//6 2448//6 2446//6 2444//6 2442//6 2440//6 2438//6
f 2461//45 2462//45 2464//45 2463//45
f 2463//46 2464//46 2434//46 2433//46
f 2433//5 2435//5 2437//5 2439//5 2441//5 2443//5 2445//5 2447//5 2449//5 2451//5 2453//5 2455//5 2457//5 2459//5 2461//5 2463//5
f 2561//31 2562//31 2564//31 2563//31
f 2563//32 2564//32 2566//32 2565//32
f 2565//33 2566//33 2568//33 2567//33
f 2567//34 2568//34 2570//34 2569//34
f 2569//35 2570//35 2572//35 2571//35
f 2571//36 2572//36 2574//36 2573//36
f 2573//37 2574//37 2576//37 2575//37
f 2575//38 2576//38 2578//38 2577//38
f 2577//39 2578//39 2580//39 2579//39
f 2579//40 2580//40 2582//40 2581//40
f 2581//41 2582//41 2584//41 2583//41
f 2583//42 2584//42 2586//42 2585//42
f 2585//43 2586//43 2588//43 2587//43
f 2587//44 2588//44 2590//44 2589//44
f 2564//6 2562//6 2592//6 2590//6 2588//6 2586//6 2584//6 2582//6 2580//6 2578//6 2576//6 2574//6 2572//6 2570//6 2568//6 2566//6
f 2589//45 2590//45 2592//45 2591//45
f 2591//46 2592//46 2562//46 2561//46
f 2561//5 2563//5 2565//5 2567//5 2569//5 2571//5 2573//5 2575//5 2577//5 2579//5 2581//5 2583//5 2585//5 2587//5 2589//5 2591//5
f 3929//31 3930//31 3932//31 3931//31
f 3931//32 3932//32 3934//32 3933//32
f 3933//33 3934//33 3936//33 3935//33
f 3935//34 3936//34 3938//34 3937//34
f 3937//35 3938//35 3940//35 3939//35
f 3939//36 3940//36 3942//36 3941//36
f 3941//37 3942//37 3944//37 3943//37
f 3943//38 3944//38 3946//38 3945//38
f 3945//39 3946//39 3948//39 3947//39
f 3947//40 3948//40 3950//40 3949//40
f 3949//41 3950//41 3952//41 3951//41
f 3951//42 3952//42 3954//42 3953//42
f 3953//43 3954//43 3956//43 3955//43
f 3955//44 3956//44 3958//44 3957//44
f 3932//6 3930//6 3960//6 3958//6 3956//6 3954//6 3952//6 3950//6 3948//6 3946//6 3944//6 3942//6 3940//6 3938//6 3936//6 3934//6
f 3957//45 3958//45 3960//45 3959//45
f 3959//46 3960//46 3930//46 3929//46
f 3929//5 3931//5 3933//5 3935//5 3937//5 3939//5 3941//5 3943//5 3945//5 3947//5 3949//5 3951//5 3953//5 3955//5 3957//5 3959//5
f 3961//31 3962//31 3964//31 3963//31
f 3963//32 3964//32 3966//32 3965//32
f 3965//33 3966//33 3968//33 3967//33
f 3967//34 3968//34 3970//34 3969//34
f 3969//35 3970//35 3972//35 3971//35
f 3971//36 3972//36 3974//36 3973//36
f 3973//37 3974//37 3976//37 3975//37
f 3975//38 3976//38 3978//38 3977//38
f 3977//39 3978//39 3980//39 3979//39
f 3979//40 3980//40 3982//40 3981//40
f 3981//41 3982//41 3984//41 3983//41
f 3983//42 3984//42 3986//42 3985//42
f 3985//43 3986//43 3988//43 3987//43
f 3987//44 3988//44 3990//44 3989//44
f 3964//6 3962//6 3992//6 3990//6 3988//6 3986//6 3984//6 3982//6 3980//6 3978//6 3976//6 3974//6 3972//6 3970//6 3968//6 3966//6
f 3989//45 3990//45 3992//45 3991//45
f 3991//46 3992//46 3962//46 3961//46
f 3961//5 3963//5 3965//5 3967//5 3969//5 3971//5 3973//5 3975//5 3977//5 3979//5 3981//5 3983//5 3985//5 3987//5 3989//5 3991//5
f 4129//31 4130//31 4132//31 4131//31
f 4131//32 4132//32 4134//32 4133//32
f 4133//33 4134//33 4136//33 4135//33
f 4135//103 4136//103 4138//103 4137//103
f 4137//104 4138//104 4140//104 4139//104
f 4139//36 4140//36 4142//36 4141//36
f 4141//37 4142//37 4144//37 4143//37
f 4143//38 4144//38 4146//38 4145//38
f 4145//39 4146//39 4148//39 4147//39
f 4147//40 4148//40 4150//40 4149//40
f 4149//41 4150//41 4152//41 4151//41
f 4151//42 4152//42 4154//42 4153//42
f 4153//43 4154//43 4156//43 4155//43
f 4155//44 4156//44 4158//44 4157//44
f 4132//6 4130//6 4160//6 4158//6 4156//6 4154//6 4152//6 4150//6 4148//6 4146//6 4144//6 4142//6 4140//6 4138//6 4136//6 4134//6
f 4157//45 4158//45 4160//45 4159//45
f 4159//46 4160//46 4130//46 4129//46
f 4129//5 4131//5 4133//5 4135//5 4137//5 4139//5 4141//5 4143//5 4145//5 4147//5 4149//5 4151//5 4153//5 4155//5 4157//5 4159//5
f 4161//31 4162//31 4164//31 4163//31
f 4163//32 4164//32 4166//32 4165//32
f 4165//33 4166//33 4168//33 4167//33
f 4167//34 4168//34 4170//34 4169//34
f 4169//35 4170//35 4172//35 4171//35
f 4171//36 4172//36 4174//36 4173//36
f 4173//37 4174//37 4176//37 4175//37
f 4175//38 4176//38 4178//38 4177//38
f 4177//39 4178//39 4180//39 4179//39
f 4179//40 4180//40 4182//40 4181//40
f 4181//41 4182//41 4184//41 4183//41
f 4183//42 4184//42 4186//42 4185//42
f 4185//43 4186//43 4188//43 4187//43
f 4187//44 4188//44 4190//44 4189//44
f 4164//6 4162//6 4192//6 4190//6 4188//6 4186//6 4184//6 4182//6 4180//6 4178//6 4176//6 4174//6 4172//6 4170//6 4168//6 4166//6
f 4189//45 4190//45 4192//45 4191//45
f 4191//46 4192//46 4162//46 4161//46
f 4161//5 4163//5 4165//5 4167//5 4169//5 4171//5 4173//5 4175//5 4177//5 4179//5 4181//5 4183//5 4185//5 4187//5 4189//5 4191//5
f 4329//31 4330//31 4332//31 4331//31
f 4331//32 4332//32 4334//32 4333//32
f 4333//33 4334//33 4336//33 4335//33
f 4335//34 4336//34 4338//34 4337//34
f 4337//35 4338//35 4340//35 4339//35
f 4339//36 4340//36 4342//36 4341//36
f 4341//37 4342//37 4344//37 4343//37
f 4343//38 4344//38 4346//38 4345//38
f 4345//39 4346//39 4348//39 4347//39
f 4347//40 4348//40 4350//40 4349//40
f 4349//109 4350//109 4352//109 4351//109
f 4351//42 4352//42 4354//42 4353//42
f 4353//43 4354//43 4356//43 4355//43
f 4355//110 4356//110 4358//110 4357//110
f 4332//6 4330//6 4360//6 4358//6 4356//6 4354//6 4352//6 4350//6 4348//6 4346//6 4344//6 4342//6 4340//6 4338//6 4336//6 4334//6
f 4357//45 4358//45 4360//45 4359//45
f 4359//46 4360//46 4330//46 4329//46
f 4329//5 4331//5 4333//5 4335//5 4337//5 4339//5 4341//5 4343//5 4345//5 4347//5 4349//5 4351//5 4353//5 4355//5 4357//5 4359//5
f 4361//31 4362//31 4364//31 4363//31
f 4363//32 4364//32 4366//32 4365//32
f 4365//33 4366//33 4368//33 4367//33
f 4367//34 4368//34 4370//34 4369//34
f 4369//35 4370//35 4372//35 4371//35
f 4371//36 4372//36 4374//36 4373//36
f 4373//37 4374//37 4376//37 4375//37
f 4375//38 4376//38 4378//38 4377//38
f 4377//39 4378//39 4380//39 4379//39
f 4379//40 4380//40 4382//40 4381//40
f 4381//109 4382//109 4384//109 4383//109
f 4383//42 4384//42 4386//42 4385//42
f 4385//43 4386//43 4388//43 4387//43
f 4387//110 4388//110 4390//110 4389//110
f 4364//6 4362//6 4392//6 4390//6 4388//6 4386//6 4384//6 4382//6 4380//6 4378//6 4376//6 4374//6 4372//6 4370//6 4368//6 4366//6
f 4389//45 4390//45 4392//45 4391//45
f 4391//46 4392//46 4362//46 4361//46
f 4361//5 4363//5 4365//5 4367//5 4369//5 4371//5 4373//5 4375//5 4377//5 4379//5 4381//5 4383//5 4385//5 4387//5 4389//5 4391//5
f 4529//31 4530//31 4532//31 4531//31
f 4531//32 4532//32 4534//32 4533//32
f 4533//111 4534//111 4536//111 4535//111
f 4535//34 4536//34 4538//34 4537//34
f 4537//35 4538//35 4540//35 4539//35
f 4539//112 4540//112 4542//112 4541//112
f 4541//37 4542//37 4544//37 4543//37
f 4543//38 4544//38 4546//38 4545//38
f 4545//39 4546//39 4548//39 4547//39
f 4547//40 4548//40 4550//40 4549//40
f 4549//41 4550//41 4552//41 4551//41
f 4551//42 4552//42 4554//42 4553//42
f 4553//43 4554//43 4556//43 4555//43
f 4555//44 4556//44 4558//44 4557//44
f 4532//6 4530//6 4560//6 4558//6 4556//6 4554//6 4552//6 4550//6 4548//6 4546//6 4544//6 4542//6 4540//6 4538//6 4536//6 4534//6
f 4557//45 4558//45 4560//45 4559//45
f 4559//46 4560//46 4530//46 4529//46
f 4529//5 4531//5 4533//5 4535//5 4537//5 4539//5 4541//5 4543//5 4545//5 4547//5 4549//5 4551//5 4553//5 4555//5 4557//5 4559//5
f 4561//31 4562//31 4564//31 4563//31
f 4563//32 4564//32 4566//32 4565//32
f 4565//111 4566//111 4568//111 4567//111
f 4567//34 4568//34 4570//34 4569//34
f 4569//35 4570//35 4572//35 4571//35
f 4571//112 4572//112 4574//112 4573//112
f 4573//37 4574//37 4576//37 4575//37
f 4575//38 4576//38 4578//38 4577//38
f 4577//39 4578//39 4580//39 4579//39
f 4579//40 4580//40 4582//40 4581//40
f 4581//41 4582//41 4584//41 4583//41
f 4583//42 4584//42 4586//42 4585//42
f 4585//43 4586//43 4588//43 4587//43
f 4587//44 4588//44 4590//44 4589//44
f 4564//6 4562//6 4592//6 4590//6 4588//6 4586//6 4584//6 4582//6 4580//6 4578//6 4576//6 4574//6 4572//6 4570//6 4568//6 4566//6
f 4589//45 4590//45 4592//45 4591//45
f 4591//46 4592//46 4562//46 4561//46
f 4561//5 4563//5 4565//5 4567//5 4569//5 4571//5 4573//5 4575//5 4577//5 4579//5 4581//5 4583//5 4585//5 4587//5 4589//5 4591//5
usemtl MAT_TankSkirt
f 2761//1 2762//1 2764//1 2763//1
f 2763//2 2764//2 2768//2 2767//2
f 2767//3 2768//3 2766//3 2765//3
f 2765//4 2766//4 2762//4 2761//4
f 2763//5 2767//5 2765//5 2761//5
f 2768//6 2764//6 2762//6 2766//6
f 2769//1 2770//1 2772//1 2771//1
f 2771//2 2772//2 2776//2 2775//2
f 2775//3 2776//3 2774//3 2773//3
f 2773//4 2774//4 2770//4 2769//4
f 2771//5 2775//5 2773//5 2769//5
f 2776//6 2772//6 2770//6 2774//6
f 2777//1 2778//1 2780//1 2779//1
f 2779//2 2780//2 2784//2 2783//2
f 2783//3 2784//3 2782//3 2781//3
f 2781//4 2782//4 2778//4 2777//4
f 2779//5 2783//5 2781//5 2777//5
f 2784//6 2780//6 2778//6 2782//6
f 2785//1 2786//1 2788//1 2787//1
f 2787//2 2788//2 2792//2 2791//2
f 2791//3 2792//3 2790//3 2789//3
f 2789//4 2790//4 2786//4 2785//4
f 2787//5 2791//5 2789//5 2785//5
f 2792//6 2788//6 2786//6 2790//6
f 2793//1 2794//1 2796//1 2795//1
f 2795//2 2796//2 2800//2 2799//2
f 2799//3 2800//3 2798//3 2797//3
f 2797//4 2798//4 2794//4 2793//4
f 2795//5 2799//5 2797//5 2793//5
f 2800//6 2796//6 2794//6 2798//6
f 2801//1 2802//1 2804//1 2803//1
f 2803//2 2804//2 2808//2 2807//2
f 2807//3 2808//3 2806//3 2805//3
f 2805//4 2806//4 2802//4 2801//4
f 2803//5 2807//5 2805//5 2801//5
f 2808//6 2804//6 2802//6 2806//6
f 2809//1 2810//1 2812//1 2811//1
f 2811//2 2812//2 2816//2 2815//2
f 2815//3 2816//3 2814//3 2813//3
f 2813//4 2814//4 2810//4 2809//4
f 2811//5 2815//5 2813//5 2809//5
f 2816//6 2812//6 2810//6 2814//6
f 2817//1 2818//1 2820//1 2819//1
f 2819//2 2820//2 2824//2 2823//2
f 2823//3 2824//3 2822//3 2821//3
f 2821//4 2822//4 2818//4 2817//4
f 2819//5 2823//5 2821//5 2817//5
f 2824//6 2820//6 2818//6 2822//6
f 2825//1 2826//1 2828//1 2827//1
f 2827//2 2828//2 2832//2 2831//2
f 2831//3 2832//3 2830//3 2829//3
f 2829//4 2830//4 2826//4 2825//4
f 2827//5 2831//5 2829//5 2825//5
f 2832//6 2828//6 2826//6 2830//6
f 2833//1 2834//1 2836//1 2835//1
f 2835//2 2836//2 2840//2 2839//2
f 2839//3 2840//3 2838//3 2837//3
f 2837//4 2838//4 2834//4 2833//4
f 2835//5 2839//5 2837//5 2833//5
f 2840//6 2836//6 2834//6 2838//6
f 2841//1 2842//1 2844//1 2843//1
f 2843//2 2844//2 2848//2 2847//2
f 2847//3 2848//3 2846//3 2845//3
f 2845//4 2846//4 2842//4 2841//4
f 2843//5 2847//5 2845//5 2841//5
f 2848//6 2844//6 2842//6 2846//6
f 2849//1 2850//1 2852//1 2851//1
f 2851//2 2852//2 2856//2 2855//2
f 2855//3 2856//3 2854//3 2853//3
f 2853//4 2854//4 2850//4 2849//4
f 2851//5 2855//5 2853//5 2849//5
f 2856//6 2852//6 2850//6 2854//6
f 2857//1 2858//1 2860//1 2859//1
f 2859//2 2860//2 2864//2 2863//2
f 2863//3 2864//3 2862//3 2861//3
f 2861//4 2862//4 2858//4 2857//4
f 2859//5 2863//5 2861//5 2857//5
f 2864//6 2860//6 2858//6 2862//6
f 2865//1 2866//1 2868//1 2867//1
f 2867//2 2868//2 2872//2 2871//2
f 2871//3 2872//3 2870//3 2869//3
f 2869//4 2870//4 2866//4 2865//4
f 2867//5 2871//5 2869//5 2865//5
f 2872//6 2868//6 2866//6 2870//6
f 2873//1 2874//1 2876//1 2875//1
f 2875//2 2876//2 2880//2 2879//2
f 2879//3 2880//3 2878//3 2877//3
f 2877//4 2878//4 2874//4 2873//4
f 2875//5 2879//5 2877//5 2873//5
f 2880//6 2876//6 2874//6 2878//6
f 2881//1 2882//1 2884//1 2883//1
f 2883//2 2884//2 2888//2 2887//2
f 2887//3 2888//3 2886//3 2885//3
f 2885//4 2886//4 2882//4 2881//4
f 2883//5 2887//5 2885//5 2881//5
f 2888//6 2884//6 2882//6 2886//6
f 2889//1 2890//1 2892//1 2891//1
f 2891//2 2892//2 2896//2 2895//2
f 2895//3 2896//3 2894//3 2893//3
f 2893//4 2894//4 2890//4 2889//4
f 2891//5 2895//5 2893//5 2889//5
f 2896//6 2892//6 2890//6 2894//6
f 2897//1 2898//1 2900//1 2899//1
f 2899//2 2900//2 2904//2 2903//2
f 2903//3 2904//3 2902//3 2901//3
f 2901//4 2902//4 2898//4 2897//4
f 2899//5 2903//5 2901//5 2897//5
f 2904//6 2900//6 2898//6 2902//6
f 2905//1 2906//1 2908//1 2907//1
f 2907//2 2908//2 2912//2 2911//2
f 2911//3 2912//3 2910//3 2909//3
f 2909//4 2910//4 2906//4 2905//4
f 2907//5 2911//5 2909//5 2905//5
f 2912//6 2908//6 2906//6 2910//6
f 2913//1 2914//1 2916//1 2915//1
f 2915//2 2916//2 2920//2 2919//2
f 2919//3 2920//3 2918//3 2917//3
f 2917//4 2918//4 2914//4 2913//4
f 2915//5 2919//5 2917//5 2913//5
f 2920//6 2916//6 2914//6 2918//6
f 2921//1 2922//1 2924//1 2923//1
f 2923//2 2924//2 2928//2 2927//2
f 2927//3 2928//3 2926//3 2925//3
f 2925//4 2926//4 2922//4 2921//4
f 2923//5 2927//5 2925//5 2921//5
f 2928//6 2924//6 2922//6 2926//6
f 2929//1 2930//1 2932//1 2931//1
f 2931//2 2932//2 2936//2 2935//2
f 2935//3 2936//3 2934//3 2933//3
f 2933//4 2934//4 2930//4 2929//4
f 2931//5 2935//5 2933//5 2929//5
f 2936//6 2932//6 2930//6 2934//6
f 2937//1 2938//1 2940//1 2939//1
f 2939//2 2940//2 2944//2 2943//2
f 2943//3 2944//3 2942//3 2941//3
f 2941//4 2942//4 2938//4 2937//4
f 2939//5 2943//5 2941//5 2937//5
f 2944//6 2940//6 2938//6 2942//6
f 2945//1 2946//1 2948//1 2947//1
f 2947//2 2948//2 2952//2 2951//2
f 2951//3 2952//3 2950//3 2949//3
f 2949//4 2950//4 2946//4 2945//4
f 2947//5 2951//5 2949//5 2945//5
f 2952//6 2948//6 2946//6 2950//6
f 2953//1 2954//1 2956//1 2955//1
f 2955//2 2956//2 2960//2 2959//2
f 2959//3 2960//3 2958//3 2957//3
f 2957//4 2958//4 2954//4 2953//4
f 2955//5 2959//5 2957//5 2953//5
f 2960//6 2956//6 2954//6 2958//6
usemtl MAT_PipeStainless
f 3009//87 3010//87 3012//87 3011//87
f 3011//88 3012//88 3014//88 3013//88
f 3013//89 3014//89 3016//89 3015//89
f 3015//90 3016//90 3018//90 3017//90
f 3017//91 3018//91 3020//91 3019//91
f 3019//92 3020//92 3022//92 3021//92
f 3021//93 3022//93 3024//93 3023//93
f 3023//94 3024//94 3026//94 3025//94
f 3025//95 3026//95 3028//95 3027//95
f 3027//96 3028//96 3030//96 3029//96
f 3012//4 3010//4 3032//4 3030//4 3028//4 3026//4 3024//4 3022//4 3020//4 3018//4 3016//4 3014//4
f 3029//97 3030//97 3032//97 3031//97
f 3031//98 3032//98 3010//98 3009//98
f 3009//2 3011//2 3013//2 3015//2 3017//2 3019//2 3021//2 3023//2 3025//2 3027//2 3029//2 3031//2
f 3081//87 3082//87 3084//87 3083//87
f 3083//88 3084//88 3086//88 3085//88
f 3085//89 3086//89 3088//89 3087//89
f 3087//90 3088//90 3090//90 3089//90
f 3089//91 3090//91 3092//91 3091//91
f 3091//92 3092//92 3094//92 3093//92
f 3093//93 3094//93 3096//93 3095//93
f 3095//94 3096//94 3098//94 3097//94
f 3097//95 3098//95 3100//95 3099//95
f 3099//96 3100//96 3102//96 3101//96
f 3084//4 3082//4 3104//4 3102//4 3100//4 3098//4 3096//4 3094//4 3092//4 3090//4 3088//4 3086//4
f 3101//97 3102//97 3104//97 3103//97
f 3103//98 3104//98 3082//98 3081//98
f 3081//2 3083//2 3085//2 3087//2 3089//2 3091//2 3093//2 3095//2 3097//2 3099//2 3101//2 3103//2
f 3153//87 3154//87 3156//87 3155//87
f 3155//88 3156//88 3158//88 3157//88
f 3157//89 3158//89 3160//89 3159//89
f 3159//90 3160//90 3162//90 3161//90
f 3161//91 3162//91 3164//91 3163//91
f 3163//92 3164//92 3166//92 3165//92
f 3165//93 3166//93 3168//93 3167//93
f 3167//94 3168//94 3170//94 3169//94
f 3169//95 3170//95 3172//95 3171//95
f 3171//96 3172//96 3174//96 3173//96
f 3156//4 3154//4 3176//4 3174//4 3172//4 3170//4 3168//4 3166//4 3164//4 3162//4 3160//4 3158//4
f 3173//97 3174//97 3176//97 3175//97
f 3175//98 3176//98 3154//98 3153//98
f 3153//2 3155//2 3157//2 3159//2 3161//2 3163//2 3165//2 3167//2 3169//2 3171//2 3173//2 3175//2
f 3249//64 3250//64 3252//64 3251//64
f 3251//63 3252//63 3254//63 3253//63
f 3253//62 3254//62 3256//62 3255//62
f 3255//61 3256//61 3258//61 3257//61
f 3257//60 3258//60 3260//60 3259//60
f 3259//59 3260//59 3262//59 3261//59
f 3261//70 3262//70 3264//70 3263//70
f 3263//69 3264//69 3266//69 3265//69
f 3265//68 3266//68 3268//68 3267//68
f 3267//67 3268//67 3270//67 3269//67
f 3252//3 3250//3 3272//3 3270//3 3268//3 3266//3 3264//3 3262//3 3260//3 3258//3 3256//3 3254//3
f 3269//66 3270//66 3272//66 3271//66
f 3271//65 3272//65 3250//65 3249//65
f 3249//1 3251//1 3253//1 3255//1 3257//1 3259//1 3261//1 3263//1 3265//1 3267//1 3269//1 3271//1
f 3273//64 3274//64 3276//64 3275//64
f 3275//63 3276//63 3278//63 3277//63
f 3277//62 3278//62 3280//62 3279//62
f 3279//61 3280//61 3282//61 3281//61
f 3281//60 3282//60 3284//60 3283//60
f 3283//59 3284//59 3286//59 3285//59
f 3285//70 3286//70 3288//70 3287//70
f 3287//69 3288//69 3290//69 3289//69
f 3289//68 3290//68 3292//68 3291//68
f 3291//67 3292//67 3294//67 3293//67
f 3276//3 3274//3 3296//3 3294//3 3292//3 3290//3 3288//3 3286//3 3284//3 3282//3 3280//3 3278//3
f 3293//66 3294//66 3296//66 3295//66
f 3295//65 3296//65 3274//65 3273//65
f 3273//1 3275//1 3277//1 3279//1 3281//1 3283//1 3285//1 3287//1 3289//1 3291//1 3293//1 3295//1
f 6921//47 6922//47 6924//47 6923//47
f 6923//48 6924//48 6926//48 6925//48
f 6925//49 6926//49 6928//49 6927//49
f 6927//50 6928//50 6930//50 6929//50
f 6929//51 6930//51 6932//51 6931//51
f 6931//52 6932//52 6934//52 6933//52
f 6933//53 6934//53 6936//53 6935//53
f 6935//54 6936//54 6938//54 6937//54
f 6937//55 6938//55 6940//55 6939//55
f 6939//56 6940//56 6942//56 6941//56
f 6924//6 6922//6 6944//6 6942//6 6940//6 6938//6 6936//6 6934//6 6932//6 6930//6 6928//6 6926//6
f 6941//57 6942//57 6944//57 6943//57
f 6943//58 6944//58 6922//58 6921//58
f 6921//5 6923//5 6925//5 6927//5 6929//5 6931//5 6933//5 6935//5 6937//5 6939//5 6941//5 6943//5
f 7053//47 7054//47 7056//47 7055//47
f 7055//48 7056//48 7058//48 7057//48
f 7057//49 7058//49 7060//49 7059//49
f 7059//50 7060//50 7062//50 7061//50
f 7061//51 7062//51 7064//51 7063//51
f 7063//52 7064//52 7066//52 7065//52
f 7065//53 7066//53 7068//53 7067//53
f 7067//54 7068//54 7070//54 7069//54
f 7069//55 7070//55 7072//55 7071//55
f 7071//56 7072//56 7074//56 7073//56
f 7056//6 7054//6 7076//6 7074//6 7072//6 7070//6 7068//6 7066//6 7064//6 7062//6 7060//6 7058//6
f 7073//57 7074//57 7076//57 7075//57
f 7075//58 7076//58 7054//58 7053//58
f 7053//5 7055//5 7057//5 7059//5 7061//5 7063//5 7065//5 7067//5 7069//5 7071//5 7073//5 7075//5
usemtl MAT_PipeInsulated
f 3201//64 3202//64 3204//64 3203//64
f 3203//63 3204//63 3206//63 3205//63
f 3205//62 3206//62 3208//62 3207//62
f 3207//61 3208//61 3210//61 3209//61
f 3209//60 3210//60 3212//60 3211//60
f 3211//59 3212//59 3214//59 3213//59
f 3213//70 3214//70 3216//70 3215//70
f 3215//69 3216//69 3218//69 3217//69
f 3217//68 3218//68 3220//68 3219//68
f 3219//67 3220//67 3222//67 3221//67
f 3204//3 3202//3 3224//3 3222//3 3220//3 3218//3 3216//3 3214//3 3212//3 3210//3 3208//3 3206//3
f 3221//66 3222//66 3224//66 3223//66
f 3223//65 3224//65 3202//65 3201//65
f 3201//1 3203//1 3205//1 3207//1 3209//1 3211//1 3213//1 3215//1 3217//1 3219//1 3221//1 3223//1
usemtl MAT_ValveBody
f 3441//1 3442//1 3444//1 3443//1
f 3443//2 3444//2 3448//2 3447//2
f 3447//3 3448//3 3446//3 3445//3
f 3445//4 3446//4 3442//4 3441//4
f 3443//5 3447//5 3445//5 3441//5
f 3448//6 3444//6 3442//6 3446//6
f 3497//1 3498//1 3500//1 3499//1
f 3499//2 3500//2 3504//2 3503//2
f 3503//3 3504//3 3502//3 3501//3
f 3501//4 3502//4 3498//4 3497//4
f 3499//5 3503//5 3501//5 3497//5
f 3504//6 3500//6 3498//6 3502//6
f 3553//1 3554//1 3556//1 3555//1
f 3555//2 3556//2 3560//2 3559//2
f 3559//3 3560//3 3558//3 3557//3
f 3557//4 3558//4 3554//4 3553//4
f 3555//5 3559//5 3557//5 3553//5
f 3560//6 3556//6 3554//6 3558//6
f 3609//1 3610//1 3612//1 3611//1
f 3611//2 3612//2 3616//2 3615//2
f 3615//3 3616//3 3614//3 3613//3
f 3613//4 3614//4 3610//4 3609//4
f 3611//5 3615//5 3613//5 3609//5
f 3616//6 3612//6 3610//6 3614//6
f 3665//1 3666//1 3668//1 3667//1
f 3667//2 3668//2 3672//2 3671//2
f 3671//3 3672//3 3670//3 3669//3
f 3669//4 3670//4 3666//4 3665//4
f 3667//5 3671//5 3669//5 3665//5
f 3672//6 3668//6 3666//6 3670//6
f 3721//1 3722//1 3724//1 3723//1
f 3723//2 3724//2 3728//2 3727//2
f 3727//3 3728//3 3726//3 3725//3
f 3725//4 3726//4 3722//4 3721//4
f 3723//5 3727//5 3725//5 3721//5
f 3728//6 3724//6 3722//6 3726//6
f 3801//1 3802//1 3804//1 3803//1
f 3803//2 3804//2 3808//2 3807//2
f 3807//3 3808//3 3806//3 3805//3
f 3805//4 3806//4 3802//4 3801//4
f 3803//5 3807//5 3805//5 3801//5
f 3808//6 3804//6 3802//6 3806//6
f 3857//1 3858//1 3860//1 3859//1
f 3859//2 3860//2 3864//2 3863//2
f 3863//3 3864//3 3862//3 3861//3
f 3861//4 3862//4 3858//4 3857//4
f 3859//5 3863//5 3861//5 3857//5
f 3864//6 3860//6 3858//6 3862//6
f 3865//1 3866//1 3868//1 3867//1
f 3867//2 3868//2 3872//2 3871//2
f 3871//3 3872//3 3870//3 3869//3
f 3869//4 3870//4 3866//4 3865//4
f 3867//5 3871//5 3869//5 3865//5
f 3872//6 3868//6 3866//6 3870//6
f 6913//1 6914//1 6916//1 6915//1
f 6915//2 6916//2 6920//2 6919//2
f 6919//3 6920//3 6918//3 6917//3
f 6917//4 6918//4 6914//4 6913//4
f 6915//5 6919//5 6917//5 6913//5
f 6920//6 6916//6 6914//6 6918//6
f 7045//1 7046//1 7048//1 7047//1
f 7047//2 7048//2 7052//2 7051//2
f 7051//3 7052//3 7050//3 7049//3
f 7049//4 7050//4 7046//4 7045//4
f 7047//5 7051//5 7049//5 7045//5
f 7052//6 7048//6 7046//6 7050//6
usemtl MAT_ValveHandwheel
f 3449//47 3450//47 3452//47 3451//47
f 3451//48 3452//48 3454//48 3453//48
f 3453//49 3454//49 3456//49 3455//49
f 3455//50 3456//50 3458//50 3457//50
f 3457//51 3458//51 3460//51 3459//51
f 3459//52 3460//52 3462//52 3461//52
f 3461//53 3462//53 3464//53 3463//53
f 3463//54 3464//54 3466//54 3465//54
f 3465//55 3466//55 3468//55 3467//55
f 3467//56 3468//56 3470//56 3469//56
f 3452//6 3450//6 3472//6 3470//6 3468//6 3466//6 3464//6 3462//6 3460//6 3458//6 3456//6 3454//6
f 3469//57 3470//57 3472//57 3471//57
f 3471//58 3472//58 3450//58 3449//58
f 3449//5 3451//5 3453//5 3455//5 3457//5 3459//5 3461//5 3463//5 3465//5 3467//5 3469//5 3471//5
f 3505//47 3506//47 3508//47 3507//47
f 3507//48 3508//48 3510//48 3509//48
f 3509//49 3510//49 3512//49 3511//49
f 3511//50 3512//50 3514//50 3513//50
f 3513//51 3514//51 3516//51 3515//51
f 3515//52 3516//52 3518//52 3517//52
f 3517//53 3518//53 3520//53 3519//53
f 3519//54 3520//54 3522//54 3521//54
f 3521//55 3522//55 3524//55 3523//55
f 3523//56 3524//56 3526//56 3525//56
f 3508//6 3506//6 3528//6 3526//6 3524//6 3522//6 3520//6 3518//6 3516//6 3514//6 3512//6 3510//6
f 3525//57 3526//57 3528//57 3527//57
f 3527//58 3528//58 3506//58 3505//58
f 3505//5 3507//5 3509//5 3511//5 3513//5 3515//5 3517//5 3519//5 3521//5 3523//5 3525//5 3527//5
f 3561//47 3562//47 3564//47 3563//47
f 3563//48 3564//48 3566//48 3565//48
f 3565//49 3566//49 3568//49 3567//49
f 3567//50 3568//50 3570//50 3569//50
f 3569//51 3570//51 3572//51 3571//51
f 3571//52 3572//52 3574//52 3573//52
f 3573//53 3574//53 3576//53 3575//53
f 3575//54 3576//54 3578//54 3577//54
f 3577//55 3578//55 3580//55 3579//55
f 3579//56 3580//56 3582//56 3581//56
f 3564//6 3562//6 3584//6 3582//6 3580//6 3578//6 3576//6 3574//6 3572//6 3570//6 3568//6 3566//6
f 3581//57 3582//57 3584//57 3583//57
f 3583//58 3584//58 3562//58 3561//58
f 3561//5 3563//5 3565//5 3567//5 3569//5 3571//5 3573//5 3575//5 3577//5 3579//5 3581//5 3583//5
f 3617//47 3618//47 3620//47 3619//47
f 3619//48 3620//48 3622//48 3621//48
f 3621//49 3622//49 3624//49 3623//49
f 3623//50 3624//50 3626//50 3625//50
f 3625//51 3626//51 3628//51 3627//51
f 3627//52 3628//52 3630//52 3629//52
f 3629//53 3630//53 3632//53 3631//53
f 3631//54 3632//54 3634//54 3633//54
f 3633//55 3634//55 3636//55 3635//55
f 3635//56 3636//56 3638//56 3637//56
f 3620//6 3618//6 3640//6 3638//6 3636//6 3634//6 3632//6 3630//6 3628//6 3626//6 3624//6 3622//6
f 3637//57 3638//57 3640//57 3639//57
f 3639//58 3640//58 3618//58 3617//58
f 3617//5 3619//5 3621//5 3623//5 3625//5 3627//5 3629//5 3631//5 3633//5 3635//5 3637//5 3639//5
f 3673//47 3674//47 3676//47 3675//47
f 3675//48 3676//48 3678//48 3677//48
f 3677//49 3678//49 3680//49 3679//49
f 3679//50 3680//50 3682//50 3681//50
f 3681//51 3682//51 3684//51 3683//51
f 3683//52 3684//52 3686//52 3685//52
f 3685//53 3686//53 3688//53 3687//53
f 3687//54 3688//54 3690//54 3689//54
f 3689//55 3690//55 3692//55 3691//55
f 3691//56 3692//56 3694//56 3693//56
f 3676//6 3674//6 3696//6 3694//6 3692//6 3690//6 3688//6 3686//6 3684//6 3682//6 3680//6 3678//6
f 3693//57 3694//57 3696//57 3695//57
f 3695//58 3696//58 3674//58 3673//58
f 3673//5 3675//5 3677//5 3679//5 3681//5 3683//5 3685//5 3687//5 3689//5 3691//5 3693//5 3695//5
usemtl MAT_MotorBase
f 3881//1 3882//1 3884//1 3883//1
f 3883//2 3884//2 3888//2 3887//2
f 3887//3 3888//3 3886//3 3885//3
f 3885//4 3886//4 3882//4 3881//4
f 3883//5 3887//5 3885//5 3881//5
f 3888//6 3884//6 3882//6 3886//6
f 4081//1 4082//1 4084//1 4083//1
f 4083//2 4084//2 4088//2 4087//2
f 4087//3 4088//3 4086//3 4085//3
f 4085//4 4086//4 4082//4 4081//4
f 4083//5 4087//5 4085//5 4081//5
f 4088//6 4084//6 4082//6 4086//6
f 4281//1 4282//1 4284//1 4283//1
f 4283//2 4284//2 4288//2 4287//2
f 4287//3 4288//3 4286//3 4285//3
f 4285//4 4286//4 4282//4 4281//4
f 4283//5 4287//5 4285//5 4281//5
f 4288//6 4284//6 4282//6 4286//6
f 4481//1 4482//1 4484//1 4483//1
f 4483//2 4484//2 4488//2 4487//2
f 4487//3 4488//3 4486//3 4485//3
f 4485//4 4486//4 4482//4 4481//4
f 4483//5 4487//5 4485//5 4481//5
f 4488//6 4484//6 4482//6 4486//6
usemtl MAT_MotorFrame
f 3889//71 3890//71 3892//71 3891//71
f 3891//72 3892//72 3894//72 3893//72
f 3893//48 3894//48 3896//48 3895//48
f 3895//73 3896//73 3898//73 3897//73
f 3897//74 3898//74 3900//74 3899//74
f 3899//75 3900//75 3902//75 3901//75
f 3901//76 3902//76 3904//76 3903//76
f 3903//51 3904//51 3906//51 3905//51
f 3905//77 3906//77 3908//77 3907//77
f 3907//78 3908//78 3910//78 3909//78
f 3909//79 3910//79 3912//79 3911//79
f 3911//80 3912//80 3914//80 3913//80
f 3913//54 3914//54 3916//54 3915//54
f 3915//81 3916//81 3918//81 3917//81
f 3917//82 3918//82 3920//82 3919//82
f 3919//83 3920//83 3922//83 3921//83
f 3921//84 3922//84 3924//84 3923//84
f 3923//57 3924//57 3926//57 3925//57
f 3892//6 3890//6 3928//6 3926//6 3924//6 3922//6 3920//6 3918//6 3916//6 3914//6 3912//6 3910//6 3908//6 3906//6 3904//6 3902//6 3900//6 3898//6 3896//6 3894//6
f 3925//85 3926//85 3928//85 3927//85
f 3927//86 3928//86 3890//86 3889//86
f 3889//5 3891//5 3893//5 3895//5 3897//5 3899//5 3901//5 3903//5 3905//5 3907//5 3909//5 3911//5 3913//5 3915//5 3917//5 3919//5 3921//5 3923//5 3925//5 3927//5
f 3993//1 3994//1 3996//1 3995//1
f 3995//2 3996//2 4000//2 3999//2
f 3999//3 4000//3 3998//3 3997//3
f 3997//4 3998//4 3994//4 3993//4
f 3995//5 3999//5 3997//5 3993//5
f 4000//6 3996//6 3994//6 3998//6
f 4089//71 4090//71 4092//71 4091//71
f 4091//72 4092//72 4094//72 4093//72
f 4093//48 4094//48 4096//48 4095//48
f 4095//73 4096//73 4098//73 4097//73
f 4097//74 4098//74 4100//74 4099//74
f 4099//75 4100//75 4102//75 4101//75
f 4101//76 4102//76 4104//76 4103//76
f 4103//51 4104//51 4106//51 4105//51
f 4105//77 4106//77 4108//77 4107//77
f 4107//78 4108//78 4110//78 4109//78
f 4109//79 4110//79 4112//79 4111//79
f 4111//80 4112//80 4114//80 4113//80
f 4113//54 4114//54 4116//54 4115//54
f 4115//81 4116//81 4118//81 4117//81
f 4117//82 4118//82 4120//82 4119//82
f 4119//83 4120//83 4122//83 4121//83
f 4121//84 4122//84 4124//84 4123//84
f 4123//57 4124//57 4126//57 4125//57
f 4092//6 4090//6 4128//6 4126//6 4124//6 4122//6 4120//6 4118//6 4116//6 4114//6 4112//6 4110//6 4108//6 4106//6 4104//6 4102//6 4100//6 4098//6 4096//6 4094//6
f 4125//85 4126//85 4128//85 4127//85
f 4127//86 4128//86 4090//86 4089//86
f 4089//5 4091//5 4093//5 4095//5 4097//5 4099//5 4101//5 4103//5 4105//5 4107//5 4109//5 4111//5 4113//5 4115//5 4117//5 4119//5 4121//5 4123//5 4125//5 4127//5
f 4193//1 4194//1 4196//1 4195//1
f 4195//2 4196//2 4200//2 4199//2
f 4199//3 4200//3 4198//3 4197//3
f 4197//4 4198//4 4194//4 4193//4
f 4195//5 4199//5 4197//5 4193//5
f 4200//6 4196//6 4194//6 4198//6
f 4289//105 4290//105 4292//105 4291//105
f 4291//72 4292//72 4294//72 4293//72
f 4293//48 4294//48 4296//48 4295//48
f 4295//73 4296//73 4298//73 4297//73
f 4297//74 4298//74 4300//74 4299//74
f 4299//75 4300//75 4302//75 4301//75
f 4301//76 4302//76 4304//76 4303//76
f 4303//51 4304//51 4306//51 4305//51
f 4305//77 4306//77 4308//77 4307//77
f 4307//106 4308//106 4310//106 4309//106
f 4309//107 4310//107 4312//107 4311//107
f 4311//80 4312//80 4314//80 4313//80
f 4313//54 4314//54 4316//54 4315//54
f 4315//81 4316//81 4318//81 4317//81
f 4317//82 4318//82 4320//82 4319//82
f 4319//83 4320//83 4322//83 4321//83
f 4321//84 4322//84 4324//84 4323//84
f 4323//57 4324//57 4326//57 4325//57
f 4292//6 4290//6 4328//6 4326//6 4324//6 4322//6 4320//6 4318//6 4316//6 4314//6 4312//6 4310//6 4308//6 4306//6 4304//6 4302//6 4300//6 4298//6 4296//6 4294//6
f 4325//85 4326//85 4328//85 4327//85
f 4327//108 4328//108 4290//108 4289//108
f 4289//5 4291//5 4293//5 4295//5 4297//5 4299//5 4301//5 4303//5 4305//5 4307//5 4309//5 4311//5 4313//5 4315//5 4317//5 4319//5 4321//5 4323//5 4325//5 4327//5
f 4393//1 4394//1 4396//1 4395//1
f 4395//2 4396//2 4400//2 4399//2
f 4399//3 4400//3 4398//3 4397//3
f 4397//4 4398//4 4394//4 4393//4
f 4395//5 4399//5 4397//5 4393//5
f 4400//6 4396//6 4394//6 4398//6
f 4489//105 4490//105 4492//105 4491//105
f 4491//72 4492//72 4494//72 4493//72
f 4493//48 4494//48 4496//48 4495//48
f 4495//73 4496//73 4498//73 4497//73
f 4497//74 4498//74 4500//74 4499//74
f 4499//75 4500//75 4502//75 4501//75
f 4501//76 4502//76 4504//76 4503//76
f 4503//51 4504//51 4506//51 4505//51
f 4505//77 4506//77 4508//77 4507//77
f 4507//106 4508//106 4510//106 4509//106
f 4509//107 4510//107 4512//107 4511//107
f 4511//80 4512//80 4514//80 4513//80
f 4513//54 4514//54 4516//54 4515//54
f 4515//81 4516//81 4518//81 4517//81
f 4517//82 4518//82 4520//82 4519//82
f 4519//83 4520//83 4522//83 4521//83
f 4521//84 4522//84 4524//84 4523//84
f 4523//57 4524//57 4526//57 4525//57
f 4492//6 4490//6 4528//6 4526//6 4524//6 4522//6 4520//6 4518//6 4516//6 4514//6 4512//6 4510//6 4508//6 4506//6 4504//6 4502//6 4500//6 4498//6 4496//6 4494//6
f 4525//85 4526//85 4528//85 4527//85
f 4527//108 4528//108 4490//108 4489//108
f 4489//5 4491//5 4493//5 4495//5 4497//5 4499//5 4501//5 4503//5 4505//5 4507//5 4509//5 4511//5 4513//5 4515//5 4517//5 4519//5 4521//5 4523//5 4525//5 4527//5
f 4593//1 4594//1 4596//1 4595//1
f 4595//2 4596//2 4600//2 4599//2
f 4599//3 4600//3 4598//3 4597//3
f 4597//4 4598//4 4594//4 4593//4
f 4595//5 4599//5 4597//5 4593//5
f 4600//6 4596//6 4594//6 4598//6
f 4689//71 4690//71 4692//71 4691//71
f 4691//72 4692//72 4694//72 4693//72
f 4693//48 4694//48 4696//48 4695//48
f 4695//73 4696//73 4698//73 4697//73
f 4697//74 4698//74 4700//74 4699//74
f 4699//75 4700//75 4702//75 4701//75
f 4701//76 4702//76 4704//76 4703//76
f 4703//51 4704//51 4706//51 4705//51
f 4705//77 4706//77 4708//77 4707//77
f 4707//78 4708//78 4710//78 4709//78
f 4709//79 4710//79 4712//79 4711//79
f 4711//80 4712//80 4714//80 4713//80
f 4713//54 4714//54 4716//54 4715//54
f 4715//81 4716//81 4718//81 4717//81
f 4717//82 4718//82 4720//82 4719//82
f 4719//83 4720//83 4722//83 4721//83
f 4721//84 4722//84 4724//84 4723//84
f 4723//57 4724//57 4726//57 4725//57
f 4692//6 4690//6 4728//6 4726//6 4724//6 4722//6 4720//6 4718//6 4716//6 4714//6 4712//6 4710//6 4708//6 4706//6 4704//6 4702//6 4700//6 4698//6 4696//6 4694//6
f 4725//85 4726//85 4728//85 4727//85
f 4727//86 4728//86 4690//86 4689//86
f 4689//5 4691//5 4693//5 4695//5 4697//5 4699//5 4701//5 4703//5 4705//5 4707//5 4709//5 4711//5 4713//5 4715//5 4717//5 4719//5 4721//5 4723//5 4725//5 4727//5
f 4729//31 4730//31 4732//31 4731//31
f 4731//32 4732//32 4734//32 4733//32
f 4733//33 4734//33 4736//33 4735//33
f 4735//34 4736//34 4738//34 4737//34
f 4737//35 4738//35 4740//35 4739//35
f 4739//36 4740//36 4742//36 4741//36
f 4741//37 4742//37 4744//37 4743//37
f 4743//38 4744//38 4746//38 4745//38
f 4745//39 4746//39 4748//39 4747//39
f 4747//40 4748//40 4750//40 4749//40
f 4749//41 4750//41 4752//41 4751//41
f 4751//42 4752//42 4754//42 4753//42
f 4753//43 4754//43 4756//43 4755//43
f 4755//44 4756//44 4758//44 4757//44
f 4732//6 4730//6 4760//6 4758//6 4756//6 4754//6 4752//6 4750//6 4748//6 4746//6 4744//6 4742//6 4740//6 4738//6 4736//6 4734//6
f 4757//45 4758//45 4760//45 4759//45
f 4759//46 4760//46 4730//46 4729//46
f 4729//5 4731//5 4733//5 4735//5 4737//5 4739//5 4741//5 4743//5 4745//5 4747//5 4749//5 4751//5 4753//5 4755//5 4757//5 4759//5
f 4761//31 4762//31 4764//31 4763//31
f 4763//32 4764//32 4766//32 4765//32
f 4765//33 4766//33 4768//33 4767//33
f 4767//34 4768//34 4770//34 4769//34
f 4769//35 4770//35 4772//35 4771//35
f 4771//36 4772//36 4774//36 4773//36
f 4773//37 4774//37 4776//37 4775//37
f 4775//38 4776//38 4778//38 4777//38
f 4777//39 4778//39 4780//39 4779//39
f 4779//40 4780//40 4782//40 4781//40
f 4781//41 4782//41 4784//41 4783//41
f 4783//42 4784//42 4786//42 4785//42
f 4785//43 4786//43 4788//43 4787//43
f 4787//44 4788//44 4790//44 4789//44
f 4764//6 4762//6 4792//6 4790//6 4788//6 4786//6 4784//6 4782//6 4780//6 4778//6 4776//6 4774//6 4772//6 4770//6 4768//6 4766//6
f 4789//45 4790//45 4792//45 4791//45
f 4791//46 4792//46 4762//46 4761//46
f 4761//5 4763//5 4765//5 4767//5 4769//5 4771//5 4773//5 4775//5 4777//5 4779//5 4781//5 4783//5 4785//5 4787//5 4789//5 4791//5
f 4793//1 4794//1 4796//1 4795//1
f 4795//2 4796//2 4800//2 4799//2
f 4799//3 4800//3 4798//3 4797//3
f 4797//4 4798//4 4794//4 4793//4
f 4795//5 4799//5 4797//5 4793//5
f 4800//6 4796//6 4794//6 4798//6
f 4889//71 4890//71 4892//71 4891//71
f 4891//72 4892//72 4894//72 4893//72
f 4893//48 4894//48 4896//48 4895//48
f 4895//73 4896//73 4898//73 4897//73
f 4897//74 4898//74 4900//74 4899//74
f 4899//75 4900//75 4902//75 4901//75
f 4901//76 4902//76 4904//76 4903//76
f 4903//51 4904//51 4906//51 4905//51
f 4905//77 4906//77 4908//77 4907//77
f 4907//78 4908//78 4910//78 4909//78
f 4909//79 4910//79 4912//79 4911//79
f 4911//80 4912//80 4914//80 4913//80
f 4913//54 4914//54 4916//54 4915//54
f 4915//81 4916//81 4918//81 4917//81
f 4917//82 4918//82 4920//82 4919//82
f 4919//83 4920//83 4922//83 4921//83
f 4921//84 4922//84 4924//84 4923//84
f 4923//57 4924//57 4926//57 4925//57
f 4892//6 4890//6 4928//6 4926//6 4924//6 4922//6 4920//6 4918//6 4916//6 4914//6 4912//6 4910//6 4908//6 4906//6 4904//6 4902//6 4900//6 4898//6 4896//6 4894//6
f 4925//85 4926//85 4928//85 4927//85
f 4927//86 4928//86 4890//86 4889//86
f 4889//5 4891//5 4893//5 4895//5 4897//5 4899//5 4901//5 4903//5 4905//5 4907//5 4909//5 4911//5 4913//5 4915//5 4917//5 4919//5 4921//5 4923//5 4925//5 4927//5
f 4929//31 4930//31 4932//31 4931//31
f 4931//32 4932//32 4934//32 4933//32
f 4933//33 4934//33 4936//33 4935//33
f 4935//103 4936//103 4938//103 4937//103
f 4937//104 4938//104 4940//104 4939//104
f 4939//36 4940//36 4942//36 4941//36
f 4941//37 4942//37 4944//37 4943//37
f 4943//38 4944//38 4946//38 4945//38
f 4945//39 4946//39 4948//39 4947//39
f 4947//40 4948//40 4950//40 4949//40
f 4949//41 4950//41 4952//41 4951//41
f 4951//42 4952//42 4954//42 4953//42
f 4953//43 4954//43 4956//43 4955//43
f 4955//44 4956//44 4958//44 4957//44
f 4932//6 4930//6 4960//6 4958//6 4956//6 4954//6 4952//6 4950//6 4948//6 4946//6 4944//6 4942//6 4940//6 4938//6 4936//6 4934//6
f 4957//45 4958//45 4960//45 4959//45
f 4959//46 4960//46 4930//46 4929//46
f 4929//5 4931//5 4933//5 4935//5 4937//5 4939//5 4941//5 4943//5 4945//5 4947//5 4949//5 4951//5 4953//5 4955//5 4957//5 4959//5
f 4961//31 4962//31 4964//31 4963//31
f 4963//32 4964//32 4966//32 4965//32
f 4965//33 4966//33 4968//33 4967//33
f 4967//34 4968//34 4970//34 4969//34
f 4969//35 4970//35 4972//35 4971//35
f 4971//36 4972//36 4974//36 4973//36
f 4973//37 4974//37 4976//37 4975//37
f 4975//38 4976//38 4978//38 4977//38
f 4977//39 4978//39 4980//39 4979//39
f 4979//40 4980//40 4982//40 4981//40
f 4981//41 4982//41 4984//41 4983//41
f 4983//42 4984//42 4986//42 4985//42
f 4985//43 4986//43 4988//43 4987//43
f 4987//44 4988//44 4990//44 4989//44
f 4964//6 4962//6 4992//6 4990//6 4988//6 4986//6 4984//6 4982//6 4980//6 4978//6 4976//6 4974//6 4972//6 4970//6 4968//6 4966//6
f 4989//45 4990//45 4992//45 4991//45
f 4991//46 4992//46 4962//46 4961//46
f 4961//5 4963//5 4965//5 4967//5 4969//5 4971//5 4973//5 4975//5 4977//5 4979//5 4981//5 4983//5 4985//5 4987//5 4989//5 4991//5
f 4993//1 4994//1 4996//1 4995//1
f 4995//2 4996//2 5000//2 4999//2
f 4999//3 5000//3 4998//3 4997//3
f 4997//4 4998//4 4994//4 4993//4
f 4995//5 4999//5 4997//5 4993//5
f 5000//6 4996//6 4994//6 4998//6
f 5089//105 5090//105 5092//105 5091//105
f 5091//72 5092//72 5094//72 5093//72
f 5093//48 5094//48 5096//48 5095//48
f 5095//73 5096//73 5098//73 5097//73
f 5097//74 5098//74 5100//74 5099//74
f 5099//75 5100//75 5102//75 5101//75
f 5101//76 5102//76 5104//76 5103//76
f 5103//51 5104//51 5106//51 5105//51
f 5105//77 5106//77 5108//77 5107//77
f 5107//106 5108//106 5110//106 5109//106
f 5109//107 5110//107 5112//107 5111//107
f 5111//80 5112//80 5114//80 5113//80
f 5113//54 5114//54 5116//54 5115//54
f 5115//81 5116//81 5118//81 5117//81
f 5117//82 5118//82 5120//82 5119//82
f 5119//83 5120//83 5122//83 5121//83
f 5121//84 5122//84 5124//84 5123//84
f 5123//57 5124//57 5126//57 5125//57
f 5092//6 5090//6 5128//6 5126//6 5124//6 5122//6 5120//6 5118//6 5116//6 5114//6 5112//6 5110//6 5108//6 5106//6 5104//6 5102//6 5100//6 5098//6 5096//6 5094//6
f 5125//85 5126//85 5128//85 5127//85
f 5127//108 5128//108 5090//108 5089//108
f 5089//5 5091//5 5093//5 5095//5 5097//5 5099//5 5101//5 5103//5 5105//5 5107//5 5109//5 5111//5 5113//5 5115//5 5117//5 5119//5 5121//5 5123//5 5125//5 5127//5
f 5129//31 5130//31 5132//31 5131//31
f 5131//32 5132//32 5134//32 5133//32
f 5133//33 5134//33 5136//33 5135//33
f 5135//34 5136//34 5138//34 5137//34
f 5137//35 5138//35 5140//35 5139//35
f 5139//36 5140//36 5142//36 5141//36
f 5141//37 5142//37 5144//37 5143//37
f 5143//38 5144//38 5146//38 5145//38
f 5145//39 5146//39 5148//39 5147//39
f 5147//40 5148//40 5150//40 5149//40
f 5149//109 5150//109 5152//109 5151//109
f 5151//42 5152//42 5154//42 5153//42
f 5153//43 5154//43 5156//43 5155//43
f 5155//110 5156//110 5158//110 5157//110
f 5132//6 5130//6 5160//6 5158//6 5156//6 5154//6 5152//6 5150//6 5148//6 5146//6 5144//6 5142//6 5140//6 5138//6 5136//6 5134//6
f 5157//45 5158//45 5160//45 5159//45
f 5159//46 5160//46 5130//46 5129//46
f 5129//5 5131//5 5133//5 5135//5 5137//5 5139//5 5141//5 5143//5 5145//5 5147//5 5149//5 5151//5 5153//5 5155//5 5157//5 5159//5
f 5161//31 5162//31 5164//31 5163//31
f 5163//32 5164//32 5166//32 5165//32
f 5165//33 5166//33 5168//33 5167//33
f 5167//34 5168//34 5170//34 5169//34
f 5169//35 5170//35 5172//35 5171//35
f 5171//36 5172//36 5174//36 5173//36
f 5173//37 5174//37 5176//37 5175//37
f 5175//38 5176//38 5178//38 5177//38
f 5177//39 5178//39 5180//39 5179//39
f 5179//40 5180//40 5182//40 5181//40
f 5181//109 5182//109 5184//109 5183//109
f 5183//42 5184//42 5186//42 5185//42
f 5185//43 5186//43 5188//43 5187//43
f 5187//110 5188//110 5190//110 5189//110
f 5164//6 5162//6 5192//6 5190//6 5188//6 5186//6 5184//6 5182//6 5180//6 5178//6 5176//6 5174//6 5172//6 5170//6 5168//6 5166//6
f 5189//45 5190//45 5192//45 5191//45
f 5191//46 5192//46 5162//46 5161//46
f 5161//5 5163//5 5165//5 5167//5 5169//5 5171//5 5173//5 5175//5 5177//5 5179//5 5181//5 5183//5 5185//5 5187//5 5189//5 5191//5
f 5193//1 5194//1 5196//1 5195//1
f 5195//2 5196//2 5200//2 5199//2
f 5199//3 5200//3 5198//3 5197//3
f 5197//4 5198//4 5194//4 5193//4
f 5195//5 5199//5 5197//5 5193//5
f 5200//6 5196//6 5194//6 5198//6
f 5289//105 5290//105 5292//105 5291//105
f 5291//72 5292//72 5294//72 5293//72
f 5293//48 5294//48 5296//48 5295//48
f 5295//73 5296//73 5298//73 5297//73
f 5297//74 5298//74 5300//74 5299//74
f 5299//75 5300//75 5302//75 5301//75
f 5301//76 5302//76 5304//76 5303//76
f 5303//51 5304//51 5306//51 5305//51
f 5305//77 5306//77 5308//77 5307//77
f 5307//106 5308//106 5310//106 5309//106
f 5309//107 5310//107 5312//107 5311//107
f 5311//80 5312//80 5314//80 5313//80
f 5313//54 5314//54 5316//54 5315//54
f 5315//81 5316//81 5318//81 5317//81
f 5317//82 5318//82 5320//82 5319//82
f 5319//83 5320//83 5322//83 5321//83
f 5321//84 5322//84 5324//84 5323//84
f 5323//57 5324//57 5326//57 5325//57
f 5292//6 5290//6 5328//6 5326//6 5324//6 5322//6 5320//6 5318//6 5316//6 5314//6 5312//6 5310//6 5308//6 5306//6 5304//6 5302//6 5300//6 5298//6 5296//6 5294//6
f 5325//85 5326//85 5328//85 5327//85
f 5327//108 5328//108 5290//108 5289//108
f 5289//5 5291//5 5293//5 5295//5 5297//5 5299//5 5301//5 5303//5 5305//5 5307//5 5309//5 5311//5 5313//5 5315//5 5317//5 5319//5 5321//5 5323//5 5325//5 5327//5
f 5329//31 5330//31 5332//31 5331//31
f 5331//32 5332//32 5334//32 5333//32
f 5333//111 5334//111 5336//111 5335//111
f 5335//34 5336//34 5338//34 5337//34
f 5337//35 5338//35 5340//35 5339//35
f 5339//112 5340//112 5342//112 5341//112
f 5341//37 5342//37 5344//37 5343//37
f 5343//38 5344//38 5346//38 5345//38
f 5345//39 5346//39 5348//39 5347//39
f 5347//40 5348//40 5350//40 5349//40
f 5349//41 5350//41 5352//41 5351//41
f 5351//42 5352//42 5354//42 5353//42
f 5353//43 5354//43 5356//43 5355//43
f 5355//44 5356//44 5358//44 5357//44
f 5332//6 5330//6 5360//6 5358//6 5356//6 5354//6 5352//6 5350//6 5348//6 5346//6 5344//6 5342//6 5340//6 5338//6 5336//6 5334//6
f 5357//45 5358//45 5360//45 5359//45
f 5359//46 5360//46 5330//46 5329//46
f 5329//5 5331//5 5333//5 5335//5 5337//5 5339//5 5341//5 5343//5 5345//5 5347//5 5349//5 5351//5 5353//5 5355//5 5357//5 5359//5
f 5361//31 5362//31 5364//31 5363//31
f 5363//32 5364//32 5366//32 5365//32
f 5365//111 5366//111 5368//111 5367//111
f 5367//34 5368//34 5370//34 5369//34
f 5369//35 5370//35 5372//35 5371//35
f 5371//112 5372//112 5374//112 5373//112
f 5373//37 5374//37 5376//37 5375//37
f 5375//38 5376//38 5378//38 5377//38
f 5377//39 5378//39 5380//39 5379//39
f 5379//40 5380//40 5382//40 5381//40
f 5381//41 5382//41 5384//41 5383//41
f 5383//42 5384//42 5386//42 5385//42
f 5385//43 5386//43 5388//43 5387//43
f 5387//44 5388//44 5390//44 5389//44
f 5364//6 5362//6 5392//6 5390//6 5388//6 5386//6 5384//6 5382//6 5380//6 5378//6 5376//6 5374//6 5372//6 5370//6 5368//6 5366//6
f 5389//45 5390//45 5392//45 5391//45
f 5391//46 5392//46 5362//46 5361//46
f 5361//5 5363//5 5365//5 5367//5 5369//5 5371//5 5373//5 5375//5 5377//5 5379//5 5381//5 5383//5 5385//5 5387//5 5389//5 5391//5
f 5393//1 5394//1 5396//1 5395//1
f 5395//2 5396//2 5400//2 5399//2
f 5399//3 5400//3 5398//3 5397//3
f 5397//4 5398//4 5394//4 5393//4
f 5395//5 5399//5 5397//5 5393//5
f 5400//6 5396//6 5394//6 5398//6
usemtl MAT_Concrete
f 4673//1 4674//1 4676//1 4675//1
f 4675//2 4676//2 4680//2 4679//2
f 4679//3 4680//3 4678//3 4677//3
f 4677//4 4678//4 4674//4 4673//4
f 4675//5 4679//5 4677//5 4673//5
f 4680//6 4676//6 4674//6 4678//6
f 4873//1 4874//1 4876//1 4875//1
f 4875//2 4876//2 4880//2 4879//2
f 4879//3 4880//3 4878//3 4877//3
f 4877//4 4878//4 4874//4 4873//4
f 4875//5 4879//5 4877//5 4873//5
f 4880//6 4876//6 4874//6 4878//6
f 5073//1 5074//1 5076//1 5075//1
f 5075//2 5076//2 5080//2 5079//2
f 5079//3 5080//3 5078//3 5077//3
f 5077//4 5078//4 5074//4 5073//4
f 5075//5 5079//5 5077//5 5073//5
f 5080//6 5076//6 5074//6 5078//6
f 5273//1 5274//1 5276//1 5275//1
f 5275//2 5276//2 5280//2 5279//2
f 5279//3 5280//3 5278//3 5277//3
f 5277//4 5278//4 5274//4 5273//4
f 5275//5 5279//5 5277//5 5273//5
f 5280//6 5276//6 5274//6 5278//6
f 9881//1 9882//1 9884//1 9883//1
f 9883//2 9884//2 9888//2 9887//2
f 9887//3 9888//3 9886//3 9885//3
f 9885//4 9886//4 9882//4 9881//4
f 9883//5 9887//5 9885//5 9881//5
f 9888//6 9884//6 9882//6 9886//6
f 9913//1 9914//1 9916//1 9915//1
f 9915//2 9916//2 9920//2 9919//2
f 9919//3 9920//3 9918//3 9917//3
f 9917//4 9918//4 9914//4 9913//4
f 9915//5 9919//5 9917//5 9913//5
f 9920//6 9916//6 9914//6 9918//6
f 10009//1 10010//1 10012//1 10011//1
f 10011//2 10012//2 10016//2 10015//2
f 10015//3 10016//3 10014//3 10013//3
f 10013//4 10014//4 10010//4 10009//4
f 10011//5 10015//5 10013//5 10009//5
f 10016//6 10012//6 10010//6 10014//6
f 10105//1 10106//1 10108//1 10107//1
f 10107//2 10108//2 10112//2 10111//2
f 10111//3 10112//3 10110//3 10109//3
f 10109//4 10110//4 10106//4 10105//4
f 10107//5 10111//5 10109//5 10105//5
f 10112//6 10108//6 10106//6 10110//6
usemtl MAT_Steel
f 4681//1 4682//1 4684//1 4683//1
f 4683//2 4684//2 4688//2 4687//2
f 4687//3 4688//3 4686//3 4685//3
f 4685//4 4686//4 4682//4 4681//4
f 4683//5 4687//5 4685//5 4681//5
f 4688//6 4684//6 4682//6 4686//6
f 4881//1 4882//1 4884//1 4883//1
f 4883//2 4884//2 4888//2 4887//2
f 4887//3 4888//3 4886//3 4885//3
f 4885//4 4886//4 4882//4 4881//4
f 4883//5 4887//5 4885//5 4881//5
f 4888//6 4884//6 4882//6 4886//6
f 5081//1 5082//1 5084//1 5083//1
f 5083//2 5084//2 5088//2 5087//2
f 5087//3 5088//3 5086//3 5085//3
f 5085//4 5086//4 5082//4 5081//4
f 5083//5 5087//5 5085//5 5081//5
f 5088//6 5084//6 5082//6 5086//6
f 5281//1 5282//1 5284//1 5283//1
f 5283//2 5284//2 5288//2 5287//2
f 5287//3 5288//3 5286//3 5285//3
f 5285//4 5286//4 5282//4 5281//4
f 5283//5 5287//5 5285//5 5281//5
f 5288//6 5284//6 5282//6 5286//6
f 7097//1 7098//1 7100//1 7099//1
f 7099//2 7100//2 7104//2 7103//2
f 7103//3 7104//3 7102//3 7101//3
f 7101//4 7102//4 7098//4 7097//4
f 7099//5 7103//5 7101//5 7097//5
f 7104//6 7100//6 7098//6 7102//6
f 7105//1 7106//1 7108//1 7107//1
f 7107//2 7108//2 7112//2 7111//2
f 7111//3 7112//3 7110//3 7109//3
f 7109//4 7110//4 7106//4 7105//4
f 7107//5 7111//5 7109//5 7105//5
f 7112//6 7108//6 7106//6 7110//6
f 7113//1 7114//1 7116//1 7115//1
f 7115//2 7116//2 7120//2 7119//2
f 7119//3 7120//3 7118//3 7117//3
f 7117//4 7118//4 7114//4 7113//4
f 7115//5 7119//5 7117//5 7113//5
f 7120//6 7116//6 7114//6 7118//6
f 7129//1 7130//1 7132//1 7131//1
f 7131//2 7132//2 7136//2 7135//2
f 7135//3 7136//3 7134//3 7133//3
f 7133//4 7134//4 7130//4 7129//4
f 7131//5 7135//5 7133//5 7129//5
f 7136//6 7132//6 7130//6 7134//6
f 7137//1 7138//1 7140//1 7139//1
f 7139//2 7140//2 7144//2 7143//2
f 7143//3 7144//3 7142//3 7141//3
f 7141//4 7142//4 7138//4 7137//4
f 7139//5 7143//5 7141//5 7137//5
f 7144//6 7140//6 7138//6 7142//6
f 7145//1 7146//1 7148//1 7147//1
f 7147//2 7148//2 7152//2 7151//2
f 7151//3 7152//3 7150//3 7149//3
f 7149//4 7150//4 7146//4 7145//4
f 7147//5 7151//5 7149//5 7145//5
f 7152//6 7148//6 7146//6 7150//6
f 7153//1 7154//1 7156//1 7155//1
f 7155//2 7156//2 7160//2 7159//2
f 7159//3 7160//3 7158//3 7157//3
f 7157//4 7158//4 7154//4 7153//4
f 7155//5 7159//5 7157//5 7153//5
f 7160//6 7156//6 7154//6 7158//6
f 7161//1 7162//1 7164//1 7163//1
f 7163//2 7164//2 7168//2 7167//2
f 7167//3 7168//3 7166//3 7165//3
f 7165//4 7166//4 7162//4 7161//4
f 7163//5 7167//5 7165//5 7161//5
f 7168//6 7164//6 7162//6 7166//6
f 7169//1 7170//1 7172//1 7171//1
f 7171//2 7172//2 7176//2 7175//2
f 7175//3 7176//3 7174//3 7173//3
f 7173//4 7174//4 7170//4 7169//4
f 7171//5 7175//5 7173//5 7169//5
f 7176//6 7172//6 7170//6 7174//6
f 7177//1 7178//1 7180//1 7179//1
f 7179//2 7180//2 7184//2 7183//2
f 7183//3 7184//3 7182//3 7181//3
f 7181//4 7182//4 7178//4 7177//4
f 7179//5 7183//5 7181//5 7177//5
f 7184//6 7180//6 7178//6 7182//6
f 7185//1 7186//1 7188//1 7187//1
f 7187//2 7188//2 7192//2 7191//2
f 7191//3 7192//3 7190//3 7189//3
f 7189//4 7190//4 7186//4 7185//4
f 7187//5 7191//5 7189//5 7185//5
f 7192//6 7188//6 7186//6 7190//6
f 7225//137 7226//137 7228//137 7227//137
f 7227//138 7228//138 7230//138 7229//138
f 7229//3 7230//3 7232//3 7231//3
f 7231//139 7232//139 7234//139 7233//139
f 7233//140 7234//140 7236//140 7235//140
f 7235//141 7236//141 7238//141 7237//141
f 7237//142 7238//142 7240//142 7239//142
f 7239//1 7240//1 7242//1 7241//1
f 7228//6 7226//6 7244//6 7242//6 7240//6 7238//6 7236//6 7234//6 7232//6 7230//6
f 7241//143 7242//143 7244//143 7243//143
f 7243//144 7244//144 7226//144 7225//144
f 7225//5 7227//5 7229//5 7231//5 7233//5 7235//5 7237//5 7239//5 7241//5 7243//5
f 7245//1 7246//1 7248//1 7247//1
f 7247//2 7248//2 7252//2 7251//2
f 7251//3 7252//3 7250//3 7249//3
f 7249//4 7250//4 7246//4 7245//4
f 7247//5 7251//5 7249//5 7245//5
f 7252//6 7248//6 7246//6 7250//6
f 7261//1 7262//1 7264//1 7263//1
f 7263//2 7264//2 7268//2 7267//2
f 7267//3 7268//3 7266//3 7265//3
f 7265//4 7266//4 7262//4 7261//4
f 7263//5 7267//5 7265//5 7261//5
f 7268//6 7264//6 7262//6 7266//6
f 7269//1 7270//1 7272//1 7271//1
f 7271//2 7272//2 7276//2 7275//2
f 7275//3 7276//3 7274//3 7273//3
f 7273//4 7274//4 7270//4 7269//4
f 7271//5 7275//5 7273//5 7269//5
f 7276//6 7272//6 7270//6 7274//6
f 7277//1 7278//1 7280//1 7279//1
f 7279//2 7280//2 7284//2 7283//2
f 7283//3 7284//3 7282//3 7281//3
f 7281//4 7282//4 7278//4 7277//4
f 7279//5 7283//5 7281//5 7277//5
f 7284//6 7280//6 7278//6 7282//6
f 7285//1 7286//1 7288//1 7287//1
f 7287//2 7288//2 7292//2 7291//2
f 7291//3 7292//3 7290//3 7289//3
f 7289//4 7290//4 7286//4 7285//4
f 7287//5 7291//5 7289//5 7285//5
f 7292//6 7288//6 7286//6 7290//6
f 7293//1 7294//1 7296//1 7295//1
f 7295//2 7296//2 7300//2 7299//2
f 7299//3 7300//3 7298//3 7297//3
f 7297//4 7298//4 7294//4 7293//4
f 7295//5 7299//5 7297//5 7293//5
f 7300//6 7296//6 7294//6 7298//6
f 7301//1 7302//1 7304//1 7303//1
f 7303//2 7304//2 7308//2 7307//2
f 7307//3 7308//3 7306//3 7305//3
f 7305//4 7306//4 7302//4 7301//4
f 7303//5 7307//5 7305//5 7301//5
f 7308//6 7304//6 7302//6 7306//6
f 7309//1 7310//1 7312//1 7311//1
f 7311//2 7312//2 7316//2 7315//2
f 7315//3 7316//3 7314//3 7313//3
f 7313//4 7314//4 7310//4 7309//4
f 7311//5 7315//5 7313//5 7309//5
f 7316//6 7312//6 7310//6 7314//6
f 7317//1 7318//1 7320//1 7319//1
f 7319//2 7320//2 7324//2 7323//2
f 7323//3 7324//3 7322//3 7321//3
f 7321//4 7322//4 7318//4 7317//4
f 7319//5 7323//5 7321//5 7317//5
f 7324//6 7320//6 7318//6 7322//6
f 7357//137 7358//137 7360//137 7359//137
f 7359//138 7360//138 7362//138 7361//138
f 7361//3 7362//3 7364//3 7363//3
f 7363//139 7364//139 7366//139 7365//139
f 7365//140 7366//140 7368//140 7367//140
f 7367//141 7368//141 7370//141 7369//141
f 7369//142 7370//142 7372//142 7371//142
f 7371//1 7372//1 7374//1 7373//1
f 7360//6 7358//6 7376//6 7374//6 7372//6 7370//6 7368//6 7366//6 7364//6 7362//6
f 7373//143 7374//143 7376//143 7375//143
f 7375//144 7376//144 7358//144 7357//144
f 7357//5 7359//5 7361//5 7363//5 7365//5 7367//5 7369//5 7371//5 7373//5 7375//5
usemtl MAT_Coupling
f 4801//47 4802//47 4804//47 4803//47
f 4803//48 4804//48 4806//48 4805//48
f 4805//49 4806//49 4808//49 4807//49
f 4807//50 4808//50 4810//50 4809//50
f 4809//51 4810//51 4812//51 4811//51
f 4811//52 4812//52 4814//52 4813//52
f 4813//53 4814//53 4816//53 4815//53
f 4815//54 4816//54 4818//54 4817//54
f 4817//55 4818//55 4820//55 4819//55
f 4819//56 4820//56 4822//56 4821//56
f 4804//6 4802//6 4824//6 4822//6 4820//6 4818//6 4816//6 4814//6 4812//6 4810//6 4808//6 4806//6
f 4821//57 4822//57 4824//57 4823//57
f 4823//58 4824//58 4802//58 4801//58
f 4801//5 4803//5 4805//5 4807//5 4809//5 4811//5 4813//5 4815//5 4817//5 4819//5 4821//5 4823//5
f 5001//47 5002//47 5004//47 5003//47
f 5003//48 5004//48 5006//48 5005//48
f 5005//49 5006//49 5008//49 5007//49
f 5007//50 5008//50 5010//50 5009//50
f 5009//51 5010//51 5012//51 5011//51
f 5011//52 5012//52 5014//52 5013//52
f 5013//53 5014//53 5016//53 5015//53
f 5015//54 5016//54 5018//54 5017//54
f 5017//55 5018//55 5020//55 5019//55
f 5019//56 5020//56 5022//56 5021//56
f 5004//6 5002//6 5024//6 5022//6 5020//6 5018//6 5016//6 5014//6 5012//6 5010//6 5008//6 5006//6
f 5021//57 5022//57 5024//57 5023//57
f 5023//58 5024//58 5002//58 5001//58
f 5001//5 5003//5 5005//5 5007//5 5009//5 5011//5 5013//5 5015//5 5017//5 5019//5 5021//5 5023//5
f 5201//47 5202//47 5204//47 5203//47
f 5203//48 5204//48 5206//48 5205//48
f 5205//49 5206//49 5208//49 5207//49
f 5207//50 5208//50 5210//50 5209//50
f 5209//51 5210//51 5212//51 5211//51
f 5211//52 5212//52 5214//52 5213//52
f 5213//53 5214//53 5216//53 5215//53
f 5215//54 5216//54 5218//54 5217//54
f 5217//55 5218//55 5220//55 5219//55
f 5219//56 5220//56 5222//56 5221//56
f 5204//6 5202//6 5224//6 5222//6 5220//6 5218//6 5216//6 5214//6 5212//6 5210//6 5208//6 5206//6
f 5221//57 5222//57 5224//57 5223//57
f 5223//58 5224//58 5202//58 5201//58
f 5201//5 5203//5 5205//5 5207//5 5209//5 5211//5 5213//5 5215//5 5217//5 5219//5 5221//5 5223//5
f 5401//47 5402//47 5404//47 5403//47
f 5403//48 5404//48 5406//48 5405//48
f 5405//49 5406//49 5408//49 5407//49
f 5407//50 5408//50 5410//50 5409//50
f 5409//51 5410//51 5412//51 5411//51
f 5411//52 5412//52 5414//52 5413//52
f 5413//53 5414//53 5416//53 5415//53
f 5415//54 5416//54 5418//54 5417//54
f 5417//55 5418//55 5420//55 5419//55
f 5419//56 5420//56 5422//56 5421//56
f 5404//6 5402//6 5424//6 5422//6 5420//6 5418//6 5416//6 5414//6 5412//6 5410//6 5408//6 5406//6
f 5421//57 5422//57 5424//57 5423//57
f 5423//58 5424//58 5402//58 5401//58
f 5401//5 5403//5 5405//5 5407//5 5409//5 5411//5 5413//5 5415//5 5417//5 5419//5 5421//5 5423//5
usemtl MAT_CabinetBody
f 5473//1 5474//1 5476//1 5475//1
f 5475//2 5476//2 5480//2 5479//2
f 5479//3 5480//3 5478//3 5477//3
f 5477//4 5478//4 5474//4 5473//4
f 5475//5 5479//5 5477//5 5473//5
f 5480//6 5476//6 5474//6 5478//6
f 5553//1 5554//1 5556//1 5555//1
f 5555//2 5556//2 5560//2 5559//2
f 5559//3 5560//3 5558//3 5557//3
f 5557//4 5558//4 5554//4 5553//4
f 5555//5 5559//5 5557//5 5553//5
f 5560//6 5556//6 5554//6 5558//6
f 5633//1 5634//1 5636//1 5635//1
f 5635//2 5636//2 5640//2 5639//2
f 5639//3 5640//3 5638//3 5637//3
f 5637//4 5638//4 5634//4 5633//4
f 5635//5 5639//5 5637//5 5633//5
f 5640//6 5636//6 5634//6 5638//6
f 5713//1 5714//1 5716//1 5715//1
f 5715//2 5716//2 5720//2 5719//2
f 5719//3 5720//3 5718//3 5717//3
f 5717//4 5718//4 5714//4 5713//4
f 5715//5 5719//5 5717//5 5713//5
f 5720//6 5716//6 5714//6 5718//6
f 5793//1 5794//1 5796//1 5795//1
f 5795//2 5796//2 5800//2 5799//2
f 5799//3 5800//3 5798//3 5797//3
f 5797//4 5798//4 5794//4 5793//4
f 5795//5 5799//5 5797//5 5793//5
f 5800//6 5796//6 5794//6 5798//6
f 5873//1 5874//1 5876//1 5875//1
f 5875//2 5876//2 5880//2 5879//2
f 5879//3 5880//3 5878//3 5877//3
f 5877//4 5878//4 5874//4 5873//4
f 5875//5 5879//5 5877//5 5873//5
f 5880//6 5876//6 5874//6 5878//6
f 5953//1 5954//1 5956//1 5955//1
f 5955//2 5956//2 5960//2 5959//2
f 5959//3 5960//3 5958//3 5957//3
f 5957//4 5958//4 5954//4 5953//4
f 5955//5 5959//5 5957//5 5953//5
f 5960//6 5956//6 5954//6 5958//6
f 6033//1 6034//1 6036//1 6035//1
f 6035//2 6036//2 6040//2 6039//2
f 6039//3 6040//3 6038//3 6037//3
f 6037//4 6038//4 6034//4 6033//4
f 6035//5 6039//5 6037//5 6033//5
f 6040//6 6036//6 6034//6 6038//6
usemtl MAT_CabinetDoor
f 5481//1 5482//1 5484//1 5483//1
f 5483//2 5484//2 5488//2 5487//2
f 5487//3 5488//3 5486//3 5485//3
f 5485//4 5486//4 5482//4 5481//4
f 5483//5 5487//5 5485//5 5481//5
f 5488//6 5484//6 5482//6 5486//6
f 5497//1 5498//1 5500//1 5499//1
f 5499//2 5500//2 5504//2 5503//2
f 5503//3 5504//3 5502//3 5501//3
f 5501//4 5502//4 5498//4 5497//4
f 5499//5 5503//5 5501//5 5497//5
f 5504//6 5500//6 5498//6 5502//6
f 5561//1 5562//1 5564//1 5563//1
f 5563//2 5564//2 5568//2 5567//2
f 5567//3 5568//3 5566//3 5565//3
f 5565//4 5566//4 5562//4 5561//4
f 5563//5 5567//5 5565//5 5561//5
f 5568//6 5564//6 5562//6 5566//6
f 5577//1 5578//1 5580//1 5579//1
f 5579//2 5580//2 5584//2 5583//2
f 5583//3 5584//3 5582//3 5581//3
f 5581//4 5582//4 5578//4 5577//4
f 5579//5 5583//5 5581//5 5577//5
f 5584//6 5580//6 5578//6 5582//6
f 5641//1 5642//1 5644//1 5643//1
f 5643//2 5644//2 5648//2 5647//2
f 5647//3 5648//3 5646//3 5645//3
f 5645//4 5646//4 5642//4 5641//4
f 5643//5 5647//5 5645//5 5641//5
f 5648//6 5644//6 5642//6 5646//6
f 5657//1 5658//1 5660//1 5659//1
f 5659//2 5660//2 5664//2 5663//2
f 5663//3 5664//3 5662//3 5661//3
f 5661//4 5662//4 5658//4 5657//4
f 5659//5 5663//5 5661//5 5657//5
f 5664//6 5660//6 5658//6 5662//6
f 5721//1 5722//1 5724//1 5723//1
f 5723//2 5724//2 5728//2 5727//2
f 5727//3 5728//3 5726//3 5725//3
f 5725//4 5726//4 5722//4 5721//4
f 5723//5 5727//5 5725//5 5721//5
f 5728//6 5724//6 5722//6 5726//6
f 5737//1 5738//1 5740//1 5739//1
f 5739//2 5740//2 5744//2 5743//2
f 5743//3 5744//3 5742//3 5741//3
f 5741//4 5742//4 5738//4 5737//4
f 5739//5 5743//5 5741//5 5737//5
f 5744//6 5740//6 5738//6 5742//6
f 5801//1 5802//1 5804//1 5803//1
f 5803//2 5804//2 5808//2 5807//2
f 5807//3 5808//3 5806//3 5805//3
f 5805//4 5806//4 5802//4 5801//4
f 5803//5 5807//5 5805//5 5801//5
f 5808//6 5804//6 5802//6 5806//6
f 5817//1 5818//1 5820//1 5819//1
f 5819//2 5820//2 5824//2 5823//2
f 5823//3 5824//3 5822//3 5821//3
f 5821//4 5822//4 5818//4 5817//4
f 5819//5 5823//5 5821//5 5817//5
f 5824//6 5820//6 5818//6 5822//6
f 5881//1 5882//1 5884//1 5883//1
f 5883//2 5884//2 5888//2 5887//2
f 5887//3 5888//3 5886//3 5885//3
f 5885//4 5886//4 5882//4 5881//4
f 5883//5 5887//5 5885//5 5881//5
f 5888//6 5884//6 5882//6 5886//6
f 5897//1 5898//1 5900//1 5899//1
f 5899//2 5900//2 5904//2 5903//2
f 5903//3 5904//3 5902//3 5901//3
f 5901//4 5902//4 5898//4 5897//4
f 5899//5 5903//5 5901//5 5897//5
f 5904//6 5900//6 5898//6 5902//6
f 5961//1 5962//1 5964//1 5963//1
f 5963//2 5964//2 5968//2 5967//2
f 5967//3 5968//3 5966//3 5965//3
f 5965//4 5966//4 5962//4 5961//4
f 5963//5 5967//5 5965//5 5961//5
f 5968//6 5964//6 5962//6 5966//6
f 5977//1 5978//1 5980//1 5979//1
f 5979//2 5980//2 5984//2 5983//2
f 5983//3 5984//3 5982//3 5981//3
f 5981//4 5982//4 5978//4 5977//4
f 5979//5 5983//5 5981//5 5977//5
f 5984//6 5980//6 5978//6 5982//6
f 6041//1 6042//1 6044//1 6043//1
f 6043//2 6044//2 6048//2 6047//2
f 6047//3 6048//3 6046//3 6045//3
f 6045//4 6046//4 6042//4 6041//4
f 6043//5 6047//5 6045//5 6041//5
f 6048//6 6044//6 6042//6 6046//6
f 6057//1 6058//1 6060//1 6059//1
f 6059//2 6060//2 6064//2 6063//2
f 6063//3 6064//3 6062//3 6061//3
f 6061//4 6062//4 6058//4 6057//4
f 6059//5 6063//5 6061//5 6057//5
f 6064//6 6060//6 6058//6 6062//6
f 6121//1 6122//1 6124//1 6123//1
f 6123//2 6124//2 6128//2 6127//2
f 6127//3 6128//3 6126//3 6125//3
f 6125//4 6126//4 6122//4 6121//4
f 6123//5 6127//5 6125//5 6121//5
f 6128//6 6124//6 6122//6 6126//6
f 6237//1 6238//1 6240//1 6239//1
f 6239//2 6240//2 6244//2 6243//2
f 6243//3 6244//3 6242//3 6241//3
f 6241//4 6242//4 6238//4 6237//4
f 6239//5 6243//5 6241//5 6237//5
f 6244//6 6240//6 6238//6 6242//6
f 6353//1 6354//1 6356//1 6355//1
f 6355//2 6356//2 6360//2 6359//2
f 6359//3 6360//3 6358//3 6357//3
f 6357//4 6358//4 6354//4 6353//4
f 6355//5 6359//5 6357//5 6353//5
f 6360//6 6356//6 6354//6 6358//6
f 6469//1 6470//1 6472//1 6471//1
f 6471//2 6472//2 6476//2 6475//2
f 6475//3 6476//3 6474//3 6473//3
f 6473//4 6474//4 6470//4 6469//4
f 6471//5 6475//5 6473//5 6469//5
f 6476//6 6472//6 6470//6 6474//6
f 6585//1 6586//1 6588//1 6587//1
f 6587//2 6588//2 6592//2 6591//2
f 6591//3 6592//3 6590//3 6589//3
f 6589//4 6590//4 6586//4 6585//4
f 6587//5 6591//5 6589//5 6585//5
f 6592//6 6588//6 6586//6 6590//6
f 6701//1 6702//1 6704//1 6703//1
f 6703//2 6704//2 6708//2 6707//2
f 6707//3 6708//3 6706//3 6705//3
f 6705//4 6706//4 6702//4 6701//4
f 6703//5 6707//5 6705//5 6701//5
f 6708//6 6704//6 6702//6 6706//6
f 8897//1 8898//1 8900//1 8899//1
f 8899//2 8900//2 8904//2 8903//2
f 8903//3 8904//3 8902//3 8901//3
f 8901//4 8902//4 8898//4 8897//4
f 8899//5 8903//5 8901//5 8897//5
f 8904//6 8900//6 8898//6 8902//6
usemtl MAT_CabinetFrame
f 5489//1 5490//1 5492//1 5491//1
f 5491//2 5492//2 5496//2 5495//2
f 5495//3 5496//3 5494//3 5493//3
f 5493//4 5494//4 5490//4 5489//4
f 5491//5 5495//5 5493//5 5489//5
f 5496//6 5492//6 5490//6 5494//6
f 5537//1 5538//1 5540//1 5539//1
f 5539//2 5540//2 5544//2 5543//2
f 5543//3 5544//3 5542//3 5541//3
f 5541//4 5542//4 5538//4 5537//4
f 5539//5 5543//5 5541//5 5537//5
f 5544//6 5540//6 5538//6 5542//6
f 5545//1 5546//1 5548//1 5547//1
f 5547//2 5548//2 5552//2 5551//2
f 5551//3 5552//3 5550//3 5549//3
f 5549//4 5550//4 5546//4 5545//4
f 5547//5 5551//5 5549//5 5545//5
f 5552//6 5548//6 5546//6 5550//6
f 5569//1 5570//1 5572//1 5571//1
f 5571//2 5572//2 5576//2 5575//2
f 5575//3 5576//3 5574//3 5573//3
f 5573//4 5574//4 5570//4 5569//4
f 5571//5 5575//5 5573//5 5569//5
f 5576//6 5572//6 5570//6 5574//6
f 5617//1 5618//1 5620//1 5619//1
f 5619//2 5620//2 5624//2 5623//2
f 5623//3 5624//3 5622//3 5621//3
f 5621//4 5622//4 5618//4 5617//4
f 5619//5 5623//5 5621//5 5617//5
f 5624//6 5620//6 5618//6 5622//6
f 5625//1 5626//1 5628//1 5627//1
f 5627//2 5628//2 5632//2 5631//2
f 5631//3 5632//3 5630//3 5629//3
f 5629//4 5630//4 5626//4 5625//4
f 5627//5 5631//5 5629//5 5625//5
f 5632//6 5628//6 5626//6 5630//6
f 5649//1 5650//1 5652//1 5651//1
f 5651//2 5652//2 5656//2 5655//2
f 5655//3 5656//3 5654//3 5653//3
f 5653//4 5654//4 5650//4 5649//4
f 5651//5 5655//5 5653//5 5649//5
f 5656//6 5652//6 5650//6 5654//6
f 5697//1 5698//1 5700//1 5699//1
f 5699//2 5700//2 5704//2 5703//2
f 5703//3 5704//3 5702//3 5701//3
f 5701//4 5702//4 5698//4 5697//4
f 5699//5 5703//5 5701//5 5697//5
f 5704//6 5700//6 5698//6 5702//6
f 5705//1 5706//1 5708//1 5707//1
f 5707//2 5708//2 5712//2 5711//2
f 5711//3 5712//3 5710//3 5709//3
f 5709//4 5710//4 5706//4 5705//4
f 5707//5 5711//5 5709//5 5705//5
f 5712//6 5708//6 5706//6 5710//6
f 5729//1 5730//1 5732//1 5731//1
f 5731//2 5732//2 5736//2 5735//2
f 5735//3 5736//3 5734//3 5733//3
f 5733//4 5734//4 5730//4 5729//4
f 5731//5 5735//5 5733//5 5729//5
f 5736//6 5732//6 5730//6 5734//6
f 5777//1 5778//1 5780//1 5779//1
f 5779//2 5780//2 5784//2 5783//2
f 5783//3 5784//3 5782//3 5781//3
f 5781//4 5782//4 5778//4 5777//4
f 5779//5 5783//5 5781//5 5777//5
f 5784//6 5780//6 5778//6 5782//6
f 5785//1 5786//1 5788//1 5787//1
f 5787//2 5788//2 5792//2 5791//2
f 5791//3 5792//3 5790//3 5789//3
f 5789//4 5790//4 5786//4 5785//4
f 5787//5 5791//5 5789//5 5785//5
f 5792//6 5788//6 5786//6 5790//6
f 5809//1 5810//1 5812//1 5811//1
f 5811//2 5812//2 5816//2 5815//2
f 5815//3 5816//3 5814//3 5813//3
f 5813//4 5814//4 5810//4 5809//4
f 5811//5 5815//5 5813//5 5809//5
f 5816//6 5812//6 5810//6 5814//6
f 5857//1 5858//1 5860//1 5859//1
f 5859//2 5860//2 5864//2 5863//2
f 5863//3 5864//3 5862//3 5861//3
f 5861//4 5862//4 5858//4 5857//4
f 5859//5 5863//5 5861//5 5857//5
f 5864//6 5860//6 5858//6 5862//6
f 5865//1 5866//1 5868//1 5867//1
f 5867//2 5868//2 5872//2 5871//2
f 5871//3 5872//3 5870//3 5869//3
f 5869//4 5870//4 5866//4 5865//4
f 5867//5 5871//5 5869//5 5865//5
f 5872//6 5868//6 5866//6 5870//6
f 5889//1 5890//1 5892//1 5891//1
f 5891//2 5892//2 5896//2 5895//2
f 5895//3 5896//3 5894//3 5893//3
f 5893//4 5894//4 5890//4 5889//4
f 5891//5 5895//5 5893//5 5889//5
f 5896//6 5892//6 5890//6 5894//6
f 5937//1 5938//1 5940//1 5939//1
f 5939//2 5940//2 5944//2 5943//2
f 5943//3 5944//3 5942//3 5941//3
f 5941//4 5942//4 5938//4 5937//4
f 5939//5 5943//5 5941//5 5937//5
f 5944//6 5940//6 5938//6 5942//6
f 5945//1 5946//1 5948//1 5947//1
f 5947//2 5948//2 5952//2 5951//2
f 5951//3 5952//3 5950//3 5949//3
f 5949//4 5950//4 5946//4 5945//4
f 5947//5 5951//5 5949//5 5945//5
f 5952//6 5948//6 5946//6 5950//6
f 5969//1 5970//1 5972//1 5971//1
f 5971//2 5972//2 5976//2 5975//2
f 5975//3 5976//3 5974//3 5973//3
f 5973//4 5974//4 5970//4 5969//4
f 5971//5 5975//5 5973//5 5969//5
f 5976//6 5972//6 5970//6 5974//6
f 6017//1 6018//1 6020//1 6019//1
f 6019//2 6020//2 6024//2 6023//2
f 6023//3 6024//3 6022//3 6021//3
f 6021//4 6022//4 6018//4 6017//4
f 6019//5 6023//5 6021//5 6017//5
f 6024//6 6020//6 6018//6 6022//6
f 6025//1 6026//1 6028//1 6027//1
f 6027//2 6028//2 6032//2 6031//2
f 6031//3 6032//3 6030//3 6029//3
f 6029//4 6030//4 6026//4 6025//4
f 6027//5 6031//5 6029//5 6025//5
f 6032//6 6028//6 6026//6 6030//6
f 6049//1 6050//1 6052//1 6051//1
f 6051//2 6052//2 6056//2 6055//2
f 6055//3 6056//3 6054//3 6053//3
f 6053//4 6054//4 6050//4 6049//4
f 6051//5 6055//5 6053//5 6049//5
f 6056//6 6052//6 6050//6 6054//6
f 6097//1 6098//1 6100//1 6099//1
f 6099//2 6100//2 6104//2 6103//2
f 6103//3 6104//3 6102//3 6101//3
f 6101//4 6102//4 6098//4 6097//4
f 6099//5 6103//5 6101//5 6097//5
f 6104//6 6100//6 6098//6 6102//6
f 6105//1 6106//1 6108//1 6107//1
f 6107//2 6108//2 6112//2 6111//2
f 6111//3 6112//3 6110//3 6109//3
f 6109//4 6110//4 6106//4 6105//4
f 6107//5 6111//5 6109//5 6105//5
f 6112//6 6108//6 6106//6 6110//6
f 7593//1 7594//1 7596//1 7595//1
f 7595//2 7596//2 7600//2 7599//2
f 7599//3 7600//3 7598//3 7597//3
f 7597//4 7598//4 7594//4 7593//4
f 7595//5 7599//5 7597//5 7593//5
f 7600//6 7596//6 7594//6 7598//6
f 7601//1 7602//1 7604//1 7603//1
f 7603//2 7604//2 7608//2 7607//2
f 7607//3 7608//3 7606//3 7605//3
f 7605//4 7606//4 7602//4 7601//4
f 7603//5 7607//5 7605//5 7601//5
f 7608//6 7604//6 7602//6 7606//6
f 7609//1 7610//1 7612//1 7611//1
f 7611//2 7612//2 7616//2 7615//2
f 7615//3 7616//3 7614//3 7613//3
f 7613//4 7614//4 7610//4 7609//4
f 7611//5 7615//5 7613//5 7609//5
f 7616//6 7612//6 7610//6 7614//6
f 7617//1 7618//1 7620//1 7619//1
f 7619//2 7620//2 7624//2 7623//2
f 7623//3 7624//3 7622//3 7621//3
f 7621//4 7622//4 7618//4 7617//4
f 7619//5 7623//5 7621//5 7617//5
f 7624//6 7620//6 7618//6 7622//6
f 7873//1 7874//1 7876//1 7875//1
f 7875//2 7876//2 7880//2 7879//2
f 7879//3 7880//3 7878//3 7877//3
f 7877//4 7878//4 7874//4 7873//4
f 7875//5 7879//5 7877//5 7873//5
f 7880//6 7876//6 7874//6 7878//6
f 7881//1 7882//1 7884//1 7883//1
f 7883//2 7884//2 7888//2 7887//2
f 7887//3 7888//3 7886//3 7885//3
f 7885//4 7886//4 7882//4 7881//4
f 7883//5 7887//5 7885//5 7881//5
f 7888//6 7884//6 7882//6 7886//6
f 7889//1 7890//1 7892//1 7891//1
f 7891//2 7892//2 7896//2 7895//2
f 7895//3 7896//3 7894//3 7893//3
f 7893//4 7894//4 7890//4 7889//4
f 7891//5 7895//5 7893//5 7889//5
f 7896//6 7892//6 7890//6 7894//6
f 7897//1 7898//1 7900//1 7899//1
f 7899//2 7900//2 7904//2 7903//2
f 7903//3 7904//3 7902//3 7901//3
f 7901//4 7902//4 7898//4 7897//4
f 7899//5 7903//5 7901//5 7897//5
f 7904//6 7900//6 7898//6 7902//6
usemtl MAT_IndicatorGreen
f 5505//113 5506//113 5508//113 5507//113
f 5507//114 5508//114 5510//114 5509//114
f 5509//115 5510//115 5512//115 5511//115
f 5511//116 5512//116 5514//116 5513//116
f 5513//117 5514//117 5516//117 5515//117
f 5515//118 5516//118 5518//118 5517//118
f 5508//6 5506//6 5520//6 5518//6 5516//6 5514//6 5512//6 5510//6
f 5517//119 5518//119 5520//119 5519//119
f 5519//120 5520//120 5506//120 5505//120
f 5505//5 5507//5 5509//5 5511//5 5513//5 5515//5 5517//5 5519//5
f 5585//113 5586//113 5588//113 5587//113
f 5587//114 5588//114 5590//114 5589//114
f 5589//115 5590//115 5592//115 5591//115
f 5591//116 5592//116 5594//116 5593//116
f 5593//117 5594//117 5596//117 5595//117
f 5595//118 5596//118 5598//118 5597//118
f 5588//6 5586//6 5600//6 5598//6 5596//6 5594//6 5592//6 5590//6
f 5597//119 5598//119 5600//119 5599//119
f 5599//120 5600//120 5586//120 5585//120
f 5585//5 5587//5 5589//5 5591//5 5593//5 5595//5 5597//5 5599//5
f 5665//113 5666//113 5668//113 5667//113
f 5667//114 5668//114 5670//114 5669//114
f 5669//115 5670//115 5672//115 5671//115
f 5671//116 5672//116 5674//116 5673//116
f 5673//117 5674//117 5676//117 5675//117
f 5675//118 5676//118 5678//118 5677//118
f 5668//6 5666//6 5680//6 5678//6 5676//6 5674//6 5672//6 5670//6
f 5677//119 5678//119 5680//119 5679//119
f 5679//120 5680//120 5666//120 5665//120
f 5665//5 5667//5 5669//5 5671//5 5673//5 5675//5 5677//5 5679//5
f 5745//113 5746//113 5748//113 5747//113
f 5747//114 5748//114 5750//114 5749//114
f 5749//115 5750//115 5752//115 5751//115
f 5751//116 5752//116 5754//116 5753//116
f 5753//117 5754//117 5756//117 5755//117
f 5755//118 5756//118 5758//118 5757//118
f 5748//6 5746//6 5760//6 5758//6 5756//6 5754//6 5752//6 5750//6
f 5757//119 5758//119 5760//119 5759//119
f 5759//120 5760//120 5746//120 5745//120
f 5745//5 5747//5 5749//5 5751//5 5753//5 5755//5 5757//5 5759//5
f 5825//113 5826//113 5828//113 5827//113
f 5827//114 5828//114 5830//114 5829//114
f 5829//115 5830//115 5832//115 5831//115
f 5831//116 5832//116 5834//116 5833//116
f 5833//117 5834//117 5836//117 5835//117
f 5835//118 5836//118 5838//118 5837//118
f 5828//6 5826//6 5840//6 5838//6 5836//6 5834//6 5832//6 5830//6
f 5837//119 5838//119 5840//119 5839//119
f 5839//120 5840//120 5826//120 5825//120
f 5825//5 5827//5 5829//5 5831//5 5833//5 5835//5 5837//5 5839//5
f 5905//113 5906//113 5908//113 5907//113
f 5907//114 5908//114 5910//114 5909//114
f 5909//115 5910//115 5912//115 5911//115
f 5911//116 5912//116 5914//116 5913//116
f 5913//117 5914//117 5916//117 5915//117
f 5915//118 5916//118 5918//118 5917//118
f 5908//6 5906//6 5920//6 5918//6 5916//6 5914//6 5912//6 5910//6
f 5917//119 5918//119 5920//119 5919//119
f 5919//120 5920//120 5906//120 5905//120
f 5905//5 5907//5 5909//5 5911//5 5913//5 5915//5 5917//5 5919//5
f 5985//113 5986//113 5988//113 5987//113
f 5987//114 5988//114 5990//114 5989//114
f 5989//115 5990//115 5992//115 5991//115
f 5991//116 5992//116 5994//116 5993//116
f 5993//117 5994//117 5996//117 5995//117
f 5995//118 5996//118 5998//118 5997//118
f 5988//6 5986//6 6000//6 5998//6 5996//6 5994//6 5992//6 5990//6
f 5997//119 5998//119 6000//119 5999//119
f 5999//120 6000//120 5986//120 5985//120
f 5985//5 5987//5 5989//5 5991//5 5993//5 5995//5 5997//5 5999//5
f 6065//113 6066//113 6068//113 6067//113
f 6067//114 6068//114 6070//114 6069//114
f 6069//115 6070//115 6072//115 6071//115
f 6071//116 6072//116 6074//116 6073//116
f 6073//117 6074//117 6076//117 6075//117
f 6075//118 6076//118 6078//118 6077//118
f 6068//6 6066//6 6080//6 6078//6 6076//6 6074//6 6072//6 6070//6
f 6077//119 6078//119 6080//119 6079//119
f 6079//120 6080//120 6066//120 6065//120
f 6065//5 6067//5 6069//5 6071//5 6073//5 6075//5 6077//5 6079//5
f 6129//121 6130//121 6132//121 6131//121
f 6131//122 6132//122 6134//122 6133//122
f 6133//123 6134//123 6136//123 6135//123
f 6135//124 6136//124 6138//124 6137//124
f 6137//125 6138//125 6140//125 6139//125
f 6139//126 6140//126 6142//126 6141//126
f 6132//6 6130//6 6144//6 6142//6 6140//6 6138//6 6136//6 6134//6
f 6141//127 6142//127 6144//127 6143//127
f 6143//128 6144//128 6130//128 6129//128
f 6129//5 6131//5 6133//5 6135//5 6137//5 6139//5 6141//5 6143//5
f 6145//121 6146//121 6148//121 6147//121
f 6147//122 6148//122 6150//122 6149//122
f 6149//123 6150//123 6152//123 6151//123
f 6151//124 6152//124 6154//124 6153//124
f 6153//125 6154//125 6156//125 6155//125
f 6155//126 6156//126 6158//126 6157//126
f 6148//6 6146//6 6160//6 6158//6 6156//6 6154//6 6152//6 6150//6
f 6157//127 6158//127 6160//127 6159//127
f 6159//128 6160//128 6146//128 6145//128
f 6145//5 6147//5 6149//5 6151//5 6153//5 6155//5 6157//5 6159//5
f 6161//121 6162//121 6164//121 6163//121
f 6163//122 6164//122 6166//122 6165//122
f 6165//123 6166//123 6168//123 6167//123
f 6167//124 6168//124 6170//124 6169//124
f 6169//125 6170//125 6172//125 6171//125
f 6171//126 6172//126 6174//126 6173//126
f 6164//6 6162//6 6176//6 6174//6 6172//6 6170//6 6168//6 6166//6
f 6173//127 6174//127 6176//127 6175//127
f 6175//128 6176//128 6162//128 6161//128
f 6161//5 6163//5 6165//5 6167//5 6169//5 6171//5 6173//5 6175//5
f 6245//121 6246//121 6248//121 6247//121
f 6247//122 6248//122 6250//122 6249//122
f 6249//123 6250//123 6252//123 6251//123
f 6251//124 6252//124 6254//124 6253//124
f 6253//125 6254//125 6256//125 6255//125
f 6255//126 6256//126 6258//126 6257//126
f 6248//6 6246//6 6260//6 6258//6 6256//6 6254//6 6252//6 6250//6
f 6257//127 6258//127 6260//127 6259//127
f 6259//128 6260//128 6246//128 6245//128
f 6245//5 6247//5 6249//5 6251//5 6253//5 6255//5 6257//5 6259//5
f 6261//121 6262//121 6264//121 6263//121
f 6263//122 6264//122 6266//122 6265//122
f 6265//123 6266//123 6268//123 6267//123
f 6267//124 6268//124 6270//124 6269//124
f 6269//125 6270//125 6272//125 6271//125
f 6271//126 6272//126 6274//126 6273//126
f 6264//6 6262//6 6276//6 6274//6 6272//6 6270//6 6268//6 6266//6
f 6273//127 6274//127 6276//127 6275//127
f 6275//128 6276//128 6262//128 6261//128
f 6261//5 6263//5 6265//5 6267//5 6269//5 6271//5 6273//5 6275//5
f 6277//121 6278//121 6280//121 6279//121
f 6279//122 6280//122 6282//122 6281//122
f 6281//123 6282//123 6284//123 6283//123
f 6283//124 6284//124 6286//124 6285//124
f 6285//125 6286//125 6288//125 6287//125
f 6287//126 6288//126 6290//126 6289//126
f 6280//6 6278//6 6292//6 6290//6 6288//6 6286//6 6284//6 6282//6
f 6289//127 6290//127 6292//127 6291//127
f 6291//128 6292//128 6278//128 6277//128
f 6277//5 6279//5 6281//5 6283//5 6285//5 6287//5 6289//5 6291//5
f 6361//121 6362//121 6364//121 6363//121
f 6363//122 6364//122 6366//122 6365//122
f 6365//123 6366//123 6368//123 6367//123
f 6367//124 6368//124 6370//124 6369//124
f 6369//125 6370//125 6372//125 6371//125
f 6371//126 6372//126 6374//126 6373//126
f 6364//6 6362//6 6376//6 6374//6 6372//6 6370//6 6368//6 6366//6
f 6373//127 6374//127 6376//127 6375//127
f 6375//128 6376//128 6362//128 6361//128
f 6361//5 6363//5 6365//5 6367//5 6369//5 6371//5 6373//5 6375//5
f 6377//121 6378//121 6380//121 6379//121
f 6379//122 6380//122 6382//122 6381//122
f 6381//123 6382//123 6384//123 6383//123
f 6383//124 6384//124 6386//124 6385//124
f 6385//125 6386//125 6388//125 6387//125
f 6387//126 6388//126 6390//126 6389//126
f 6380//6 6378//6 6392//6 6390//6 6388//6 6386//6 6384//6 6382//6
f 6389//127 6390//127 6392//127 6391//127
f 6391//128 6392//128 6378//128 6377//128
f 6377//5 6379//5 6381//5 6383//5 6385//5 6387//5 6389//5 6391//5
f 6393//121 6394//121 6396//121 6395//121
f 6395//122 6396//122 6398//122 6397//122
f 6397//123 6398//123 6400//123 6399//123
f 6399//124 6400//124 6402//124 6401//124
f 6401//125 6402//125 6404//125 6403//125
f 6403//126 6404//126 6406//126 6405//126
f 6396//6 6394//6 6408//6 6406//6 6404//6 6402//6 6400//6 6398//6
f 6405//127 6406//127 6408//127 6407//127
f 6407//128 6408//128 6394//128 6393//128
f 6393//5 6395//5 6397//5 6399//5 6401//5 6403//5 6405//5 6407//5
f 6477//121 6478//121 6480//121 6479//121
f 6479//122 6480//122 6482//122 6481//122
f 6481//123 6482//123 6484//123 6483//123
f 6483//124 6484//124 6486//124 6485//124
f 6485//125 6486//125 6488//125 6487//125
f 6487//126 6488//126 6490//126 6489//126
f 6480//6 6478//6 6492//6 6490//6 6488//6 6486//6 6484//6 6482//6
f 6489//127 6490//127 6492//127 6491//127
f 6491//128 6492//128 6478//128 6477//128
f 6477//5 6479//5 6481//5 6483//5 6485//5 6487//5 6489//5 6491//5
f 6493//121 6494//121 6496//121 6495//121
f 6495//122 6496//122 6498//122 6497//122
f 6497//123 6498//123 6500//123 6499//123
f 6499//124 6500//124 6502//124 6501//124
f 6501//125 6502//125 6504//125 6503//125
f 6503//126 6504//126 6506//126 6505//126
f 6496//6 6494//6 6508//6 6506//6 6504//6 6502//6 6500//6 6498//6
f 6505//127 6506//127 6508//127 6507//127
f 6507//128 6508//128 6494//128 6493//128
f 6493//5 6495//5 6497//5 6499//5 6501//5 6503//5 6505//5 6507//5
f 6509//121 6510//121 6512//121 6511//121
f 6511//122 6512//122 6514//122 6513//122
f 6513//123 6514//123 6516//123 6515//123
f 6515//124 6516//124 6518//124 6517//124
f 6517//125 6518//125 6520//125 6519//125
f 6519//126 6520//126 6522//126 6521//126
f 6512//6 6510//6 6524//6 6522//6 6520//6 6518//6 6516//6 6514//6
f 6521//127 6522//127 6524//127 6523//127
f 6523//128 6524//128 6510//128 6509//128
f 6509//5 6511//5 6513//5 6515//5 6517//5 6519//5 6521//5 6523//5
f 6593//121 6594//121 6596//121 6595//121
f 6595//122 6596//122 6598//122 6597//122
f 6597//123 6598//123 6600//123 6599//123
f 6599//124 6600//124 6602//124 6601//124
f 6601//125 6602//125 6604//125 6603//125
f 6603//126 6604//126 6606//126 6605//126
f 6596//6 6594//6 6608//6 6606//6 6604//6 6602//6 6600//6 6598//6
f 6605//127 6606//127 6608//127 6607//127
f 6607//128 6608//128 6594//128 6593//128
f 6593//5 6595//5 6597//5 6599//5 6601//5 6603//5 6605//5 6607//5
f 6609//121 6610//121 6612//121 6611//121
f 6611//122 6612//122 6614//122 6613//122
f 6613//123 6614//123 6616//123 6615//123
f 6615//124 6616//124 6618//124 6617//124
f 6617//125 6618//125 6620//125 6619//125
f 6619//126 6620//126 6622//126 6621//126
f 6612//6 6610//6 6624//6 6622//6 6620//6 6618//6 6616//6 6614//6
f 6621//127 6622//127 6624//127 6623//127
f 6623//128 6624//128 6610//128 6609//128
f 6609//5 6611//5 6613//5 6615//5 6617//5 6619//5 6621//5 6623//5
f 6625//121 6626//121 6628//121 6627//121
f 6627//122 6628//122 6630//122 6629//122
f 6629//123 6630//123 6632//123 6631//123
f 6631//124 6632//124 6634//124 6633//124
f 6633//125 6634//125 6636//125 6635//125
f 6635//126 6636//126 6638//126 6637//126
f 6628//6 6626//6 6640//6 6638//6 6636//6 6634//6 6632//6 6630//6
f 6637//127 6638//127 6640//127 6639//127
f 6639//128 6640//128 6626//128 6625//128
f 6625//5 6627//5 6629//5 6631//5 6633//5 6635//5 6637//5 6639//5
f 6709//121 6710//121 6712//121 6711//121
f 6711//122 6712//122 6714//122 6713//122
f 6713//123 6714//123 6716//123 6715//123
f 6715//124 6716//124 6718//124 6717//124
f 6717//125 6718//125 6720//125 6719//125
f 6719//126 6720//126 6722//126 6721//126
f 6712//6 6710//6 6724//6 6722//6 6720//6 6718//6 6716//6 6714//6
f 6721//127 6722//127 6724//127 6723//127
f 6723//128 6724//128 6710//128 6709//128
f 6709//5 6711//5 6713//5 6715//5 6717//5 6719//5 6721//5 6723//5
f 6725//121 6726//121 6728//121 6727//121
f 6727//122 6728//122 6730//122 6729//122
f 6729//123 6730//123 6732//123 6731//123
f 6731//124 6732//124 6734//124 6733//124
f 6733//125 6734//125 6736//125 6735//125
f 6735//126 6736//126 6738//126 6737//126
f 6728//6 6726//6 6740//6 6738//6 6736//6 6734//6 6732//6 6730//6
f 6737//127 6738//127 6740//127 6739//127
f 6739//128 6740//128 6726//128 6725//128
f 6725//5 6727//5 6729//5 6731//5 6733//5 6735//5 6737//5 6739//5
f 6741//121 6742//121 6744//121 6743//121
f 6743//122 6744//122 6746//122 6745//122
f 6745//123 6746//123 6748//123 6747//123
f 6747//124 6748//124 6750//124 6749//124
f 6749//125 6750//125 6752//125 6751//125
f 6751//126 6752//126 6754//126 6753//126
f 6744//6 6742//6 6756//6 6754//6 6752//6 6750//6 6748//6 6746//6
f 6753//127 6754//127 6756//127 6755//127
f 6755//128 6756//128 6742//128 6741//128
f 6741//5 6743//5 6745//5 6747//5 6749//5 6751//5 6753//5 6755//5
usemtl MAT_IndicatorRed
f 5521//113 5522//113 5524//113 5523//113
f 5523//114 5524//114 5526//114 5525//114
f 5525//115 5526//115 5528//115 5527//115
f 5527//116 5528//116 5530//116 5529//116
f 5529//117 5530//117 5532//117 5531//117
f 5531//118 5532//118 5534//118 5533//118
f 5524//6 5522//6 5536//6 5534//6 5532//6 5530//6 5528//6 5526//6
f 5533//119 5534//119 5536//119 5535//119
f 5535//120 5536//120 5522//120 5521//120
f 5521//5 5523//5 5525//5 5527//5 5529//5 5531//5 5533//5 5535//5
f 5601//113 5602//113 5604//113 5603//113
f 5603//114 5604//114 5606//114 5605//114
f 5605//115 5606//115 5608//115 5607//115
f 5607//116 5608//116 5610//116 5609//116
f 5609//117 5610//117 5612//117 5611//117
f 5611//118 5612//118 5614//118 5613//118
f 5604//6 5602//6 5616//6 5614//6 5612//6 5610//6 5608//6 5606//6
f 5613//119 5614//119 5616//119 5615//119
f 5615//120 5616//120 5602//120 5601//120
f 5601//5 5603//5 5605//5 5607//5 5609//5 5611//5 5613//5 5615//5
f 5681//113 5682//113 5684//113 5683//113
f 5683//114 5684//114 5686//114 5685//114
f 5685//115 5686//115 5688//115 5687//115
f 5687//116 5688//116 5690//116 5689//116
f 5689//117 5690//117 5692//117 5691//117
f 5691//118 5692//118 5694//118 5693//118
f 5684//6 5682//6 5696//6 5694//6 5692//6 5690//6 5688//6 5686//6
f 5693//119 5694//119 5696//119 5695//119
f 5695//120 5696//120 5682//120 5681//120
f 5681//5 5683//5 5685//5 5687//5 5689//5 5691//5 5693//5 5695//5
f 5761//113 5762//113 5764//113 5763//113
f 5763//114 5764//114 5766//114 5765//114
f 5765//115 5766//115 5768//115 5767//115
f 5767//116 5768//116 5770//116 5769//116
f 5769//117 5770//117 5772//117 5771//117
f 5771//118 5772//118 5774//118 5773//118
f 5764//6 5762//6 5776//6 5774//6 5772//6 5770//6 5768//6 5766//6
f 5773//119 5774//119 5776//119 5775//119
f 5775//120 5776//120 5762//120 5761//120
f 5761//5 5763//5 5765//5 5767//5 5769//5 5771//5 5773//5 5775//5
f 5841//113 5842//113 5844//113 5843//113
f 5843//114 5844//114 5846//114 5845//114
f 5845//115 5846//115 5848//115 5847//115
f 5847//116 5848//116 5850//116 5849//116
f 5849//117 5850//117 5852//117 5851//117
f 5851//118 5852//118 5854//118 5853//118
f 5844//6 5842//6 5856//6 5854//6 5852//6 5850//6 5848//6 5846//6
f 5853//119 5854//119 5856//119 5855//119
f 5855//120 5856//120 5842//120 5841//120
f 5841//5 5843//5 5845//5 5847//5 5849//5 5851//5 5853//5 5855//5
f 5921//113 5922//113 5924//113 5923//113
f 5923//114 5924//114 5926//114 5925//114
f 5925//115 5926//115 5928//115 5927//115
f 5927//116 5928//116 5930//116 5929//116
f 5929//117 5930//117 5932//117 5931//117
f 5931//118 5932//118 5934//118 5933//118
f 5924//6 5922//6 5936//6 5934//6 5932//6 5930//6 5928//6 5926//6
f 5933//119 5934//119 5936//119 5935//119
f 5935//120 5936//120 5922//120 5921//120
f 5921//5 5923//5 5925//5 5927//5 5929//5 5931//5 5933//5 5935//5
f 6001//113 6002//113 6004//113 6003//113
f 6003//114 6004//114 6006//114 6005//114
f 6005//115 6006//115 6008//115 6007//115
f 6007//116 6008//116 6010//116 6009//116
f 6009//117 6010//117 6012//117 6011//117
f 6011//118 6012//118 6014//118 6013//118
f 6004//6 6002//6 6016//6 6014//6 6012//6 6010//6 6008//6 6006//6
f 6013//119 6014//119 6016//119 6015//119
f 6015//120 6016//120 6002//120 6001//120
f 6001//5 6003//5 6005//5 6007//5 6009//5 6011//5 6013//5 6015//5
f 6081//113 6082//113 6084//113 6083//113
f 6083//114 6084//114 6086//114 6085//114
f 6085//115 6086//115 6088//115 6087//115
f 6087//116 6088//116 6090//116 6089//116
f 6089//117 6090//117 6092//117 6091//117
f 6091//118 6092//118 6094//118 6093//118
f 6084//6 6082//6 6096//6 6094//6 6092//6 6090//6 6088//6 6086//6
f 6093//119 6094//119 6096//119 6095//119
f 6095//120 6096//120 6082//120 6081//120
f 6081//5 6083//5 6085//5 6087//5 6089//5 6091//5 6093//5 6095//5
f 6177//121 6178//121 6180//121 6179//121
f 6179//122 6180//122 6182//122 6181//122
f 6181//123 6182//123 6184//123 6183//123
f 6183//124 6184//124 6186//124 6185//124
f 6185//125 6186//125 6188//125 6187//125
f 6187//126 6188//126 6190//126 6189//126
f 6180//6 6178//6 6192//6 6190//6 6188//6 6186//6 6184//6 6182//6
f 6189//127 6190//127 6192//127 6191//127
f 6191//128 6192//128 6178//128 6177//128
f 6177//5 6179//5 6181//5 6183//5 6185//5 6187//5 6189//5 6191//5
f 6193//121 6194//121 6196//121 6195//121
f 6195//122 6196//122 6198//122 6197//122
f 6197//123 6198//123 6200//123 6199//123
f 6199//124 6200//124 6202//124 6201//124
f 6201//125 6202//125 6204//125 6203//125
f 6203//126 6204//126 6206//126 6205//126
f 6196//6 6194//6 6208//6 6206//6 6204//6 6202//6 6200//6 6198//6
f 6205//127 6206//127 6208//127 6207//127
f 6207//128 6208//128 6194//128 6193//128
f 6193//5 6195//5 6197//5 6199//5 6201//5 6203//5 6205//5 6207//5
f 6209//129 6210//129 6212//129 6211//129
f 6211//130 6212//130 6214//130 6213//130
f 6213//3 6214//3 6216//3 6215//3
f 6215//131 6216//131 6218//131 6217//131
f 6217//132 6218//132 6220//132 6219//132
f 6219//133 6220//133 6222//133 6221//133
f 6221//134 6222//134 6224//134 6223//134
f 6223//1 6224//1 6226//1 6225//1
f 6212//6 6210//6 6228//6 6226//6 6224//6 6222//6 6220//6 6218//6 6216//6 6214//6
f 6225//135 6226//135 6228//135 6227//135
f 6227//136 6228//136 6210//136 6209//136
f 6209//5 6211//5 6213//5 6215//5 6217//5 6219//5 6221//5 6223//5 6225//5 6227//5
f 6293//121 6294//121 6296//121 6295//121
f 6295//122 6296//122 6298//122 6297//122
f 6297//123 6298//123 6300//123 6299//123
f 6299//124 6300//124 6302//124 6301//124
f 6301//125 6302//125 6304//125 6303//125
f 6303//126 6304//126 6306//126 6305//126
f 6296//6 6294//6 6308//6 6306//6 6304//6 6302//6 6300//6 6298//6
f 6305//127 6306//127 6308//127 6307//127
f 6307//128 6308//128 6294//128 6293//128
f 6293//5 6295//5 6297//5 6299//5 6301//5 6303//5 6305//5 6307//5
f 6309//121 6310//121 6312//121 6311//121
f 6311//122 6312//122 6314//122 6313//122
f 6313//123 6314//123 6316//123 6315//123
f 6315//124 6316//124 6318//124 6317//124
f 6317//125 6318//125 6320//125 6319//125
f 6319//126 6320//126 6322//126 6321//126
f 6312//6 6310//6 6324//6 6322//6 6320//6 6318//6 6316//6 6314//6
f 6321//127 6322//127 6324//127 6323//127
f 6323//128 6324//128 6310//128 6309//128
f 6309//5 6311//5 6313//5 6315//5 6317//5 6319//5 6321//5 6323//5
f 6325//129 6326//129 6328//129 6327//129
f 6327//130 6328//130 6330//130 6329//130
f 6329//3 6330//3 6332//3 6331//3
f 6331//131 6332//131 6334//131 6333//131
f 6333//132 6334//132 6336//132 6335//132
f 6335//133 6336//133 6338//133 6337//133
f 6337//134 6338//134 6340//134 6339//134
f 6339//1 6340//1 6342//1 6341//1
f 6328//6 6326//6 6344//6 6342//6 6340//6 6338//6 6336//6 6334//6 6332//6 6330//6
f 6341//135 6342//135 6344//135 6343//135
f 6343//136 6344//136 6326//136 6325//136
f 6325//5 6327//5 6329//5 6331//5 6333//5 6335//5 6337//5 6339//5 6341//5 6343//5
f 6409//121 6410//121 6412//121 6411//121
f 6411//122 6412//122 6414//122 6413//122
f 6413//123 6414//123 6416//123 6415//123
f 6415//124 6416//124 6418//124 6417//124
f 6417//125 6418//125 6420//125 6419//125
f 6419//126 6420//126 6422//126 6421//126
f 6412//6 6410//6 6424//6 6422//6 6420//6 6418//6 6416//6 6414//6
f 6421//127 6422//127 6424//127 6423//127
f 6423//128 6424//128 6410//128 6409//128
f 6409//5 6411//5 6413//5 6415//5 6417//5 6419//5 6421//5 6423//5
f 6425//121 6426//121 6428//121 6427//121
f 6427//122 6428//122 6430//122 6429//122
f 6429//123 6430//123 6432//123 6431//123
f 6431//124 6432//124 6434//124 6433//124
f 6433//125 6434//125 6436//125 6435//125
f 6435//126 6436//126 6438//126 6437//126
f 6428//6 6426//6 6440//6 6438//6 6436//6 6434//6 6432//6 6430//6
f 6437//127 6438//127 6440//127 6439//127
f 6439//128 6440//128 6426//128 6425//128
f 6425//5 6427//5 6429//5 6431//5 6433//5 6435//5 6437//5 6439//5
f 6441//129 6442//129 6444//129 6443//129
f 6443//130 6444//130 6446//130 6445//130
f 6445//3 6446//3 6448//3 6447//3
f 6447//131 6448//131 6450//131 6449//131
f 6449//132 6450//132 6452//132 6451//132
f 6451//133 6452//133 6454//133 6453//133
f 6453//134 6454//134 6456//134 6455//134
f 6455//1 6456//1 6458//1 6457//1
f 6444//6 6442//6 6460//6 6458//6 6456//6 6454//6 6452//6 6450//6 6448//6 6446//6
f 6457//135 6458//135 6460//135 6459//135
f 6459//136 6460//136 6442//136 6441//136
f 6441//5 6443//5 6445//5 6447//5 6449//5 6451//5 6453//5 6455//5 6457//5 6459//5
f 6525//121 6526//121 6528//121 6527//121
f 6527//122 6528//122 6530//122 6529//122
f 6529//123 6530//123 6532//123 6531//123
f 6531//124 6532//124 6534//124 6533//124
f 6533//125 6534//125 6536//125 6535//125
f 6535//126 6536//126 6538//126 6537//126
f 6528//6 6526//6 6540//6 6538//6 6536//6 6534//6 6532//6 6530//6
f 6537//127 6538//127 6540//127 6539//127
f 6539//128 6540//128 6526//128 6525//128
f 6525//5 6527//5 6529//5 6531//5 6533//5 6535//5 6537//5 6539//5
f 6541//121 6542//121 6544//121 6543//121
f 6543//122 6544//122 6546//122 6545//122
f 6545//123 6546//123 6548//123 6547//123
f 6547//124 6548//124 6550//124 6549//124
f 6549//125 6550//125 6552//125 6551//125
f 6551//126 6552//126 6554//126 6553//126
f 6544//6 6542//6 6556//6 6554//6 6552//6 6550//6 6548//6 6546//6
f 6553//127 6554//127 6556//127 6555//127
f 6555//128 6556//128 6542//128 6541//128
f 6541//5 6543//5 6545//5 6547//5 6549//5 6551//5 6553//5 6555//5
f 6557//129 6558//129 6560//129 6559//129
f 6559//130 6560//130 6562//130 6561//130
f 6561//3 6562//3 6564//3 6563//3
f 6563//131 6564//131 6566//131 6565//131
f 6565//132 6566//132 6568//132 6567//132
f 6567//133 6568//133 6570//133 6569//133
f 6569//134 6570//134 6572//134 6571//134
f 6571//1 6572//1 6574//1 6573//1
f 6560//6 6558//6 6576//6 6574//6 6572//6 6570//6 6568//6 6566//6 6564//6 6562//6
f 6573//135 6574//135 6576//135 6575//135
f 6575//136 6576//136 6558//136 6557//136
f 6557//5 6559//5 6561//5 6563//5 6565//5 6567//5 6569//5 6571//5 6573//5 6575//5
f 6641//121 6642//121 6644//121 6643//121
f 6643//122 6644//122 6646//122 6645//122
f 6645//123 6646//123 6648//123 6647//123
f 6647//124 6648//124 6650//124 6649//124
f 6649//125 6650//125 6652//125 6651//125
f 6651//126 6652//126 6654//126 6653//126
f 6644//6 6642//6 6656//6 6654//6 6652//6 6650//6 6648//6 6646//6
f 6653//127 6654//127 6656//127 6655//127
f 6655//128 6656//128 6642//128 6641//128
f 6641//5 6643//5 6645//5 6647//5 6649//5 6651//5 6653//5 6655//5
f 6657//121 6658//121 6660//121 6659//121
f 6659//122 6660//122 6662//122 6661//122
f 6661//123 6662//123 6664//123 6663//123
f 6663//124 6664//124 6666//124 6665//124
f 6665//125 6666//125 6668//125 6667//125
f 6667//126 6668//126 6670//126 6669//126
f 6660//6 6658//6 6672//6 6670//6 6668//6 6666//6 6664//6 6662//6
f 6669//127 6670//127 6672//127 6671//127
f 6671//128 6672//128 6658//128 6657//128
f 6657//5 6659//5 6661//5 6663//5 6665//5 6667//5 6669//5 6671//5
f 6673//129 6674//129 6676//129 6675//129
f 6675//130 6676//130 6678//130 6677//130
f 6677//3 6678//3 6680//3 6679//3
f 6679//131 6680//131 6682//131 6681//131
f 6681//132 6682//132 6684//132 6683//132
f 6683//133 6684//133 6686//133 6685//133
f 6685//134 6686//134 6688//134 6687//134
f 6687//1 6688//1 6690//1 6689//1
f 6676//6 6674//6 6692//6 6690//6 6688//6 6686//6 6684//6 6682//6 6680//6 6678//6
f 6689//135 6690//135 6692//135 6691//135
f 6691//136 6692//136 6674//136 6673//136
f 6673//5 6675//5 6677//5 6679//5 6681//5 6683//5 6685//5 6687//5 6689//5 6691//5
f 6757//121 6758//121 6760//121 6759//121
f 6759//122 6760//122 6762//122 6761//122
f 6761//123 6762//123 6764//123 6763//123
f 6763//124 6764//124 6766//124 6765//124
f 6765//125 6766//125 6768//125 6767//125
f 6767//126 6768//126 6770//126 6769//126
f 6760//6 6758//6 6772//6 6770//6 6768//6 6766//6 6764//6 6762//6
f 6769//127 6770//127 6772//127 6771//127
f 6771//128 6772//128 6758//128 6757//128
f 6757//5 6759//5 6761//5 6763//5 6765//5 6767//5 6769//5 6771//5
f 6773//121 6774//121 6776//121 6775//121
f 6775//122 6776//122 6778//122 6777//122
f 6777//123 6778//123 6780//123 6779//123
f 6779//124 6780//124 6782//124 6781//124
f 6781//125 6782//125 6784//125 6783//125
f 6783//126 6784//126 6786//126 6785//126
f 6776//6 6774//6 6788//6 6786//6 6784//6 6782//6 6780//6 6778//6
f 6785//127 6786//127 6788//127 6787//127
f 6787//128 6788//128 6774//128 6773//128
f 6773//5 6775//5 6777//5 6779//5 6781//5 6783//5 6785//5 6787//5
f 6789//129 6790//129 6792//129 6791//129
f 6791//130 6792//130 6794//130 6793//130
f 6793//3 6794//3 6796//3 6795//3
f 6795//131 6796//131 6798//131 6797//131
f 6797//132 6798//132 6800//132 6799//132
f 6799//133 6800//133 6802//133 6801//133
f 6801//134 6802//134 6804//134 6803//134
f 6803//1 6804//1 6806//1 6805//1
f 6792//6 6790//6 6808//6 6806//6 6804//6 6802//6 6800//6 6798//6 6796//6 6794//6
f 6805//135 6806//135 6808//135 6807//135
f 6807//136 6808//136 6790//136 6789//136
f 6789//5 6791//5 6793//5 6795//5 6797//5 6799//5 6801//5 6803//5 6805//5 6807//5
usemtl MAT_ControlPanel
f 6113//1 6114//1 6116//1 6115//1
f 6115//2 6116//2 6120//2 6119//2
f 6119//3 6120//3 6118//3 6117//3
f 6117//4 6118//4 6114//4 6113//4
f 6115//5 6119//5 6117//5 6113//5
f 6120//6 6116//6 6114//6 6118//6
f 6229//1 6230//1 6232//1 6231//1
f 6231//2 6232//2 6236//2 6235//2
f 6235//3 6236//3 6234//3 6233//3
f 6233//4 6234//4 6230//4 6229//4
f 6231//5 6235//5 6233//5 6229//5
f 6236//6 6232//6 6230//6 6234//6
f 6345//1 6346//1 6348//1 6347//1
f 6347//2 6348//2 6352//2 6351//2
f 6351//3 6352//3 6350//3 6349//3
f 6349//4 6350//4 6346//4 6345//4
f 6347//5 6351//5 6349//5 6345//5
f 6352//6 6348//6 6346//6 6350//6
f 6461//1 6462//1 6464//1 6463//1
f 6463//2 6464//2 6468//2 6467//2
f 6467//3 6468//3 6466//3 6465//3
f 6465//4 6466//4 6462//4 6461//4
f 6463//5 6467//5 6465//5 6461//5
f 6468//6 6464//6 6462//6 6466//6
f 6577//1 6578//1 6580//1 6579//1
f 6579//2 6580//2 6584//2 6583//2
f 6583//3 6584//3 6582//3 6581//3
f 6581//4 6582//4 6578//4 6577//4
f 6579//5 6583//5 6581//5 6577//5
f 6584//6 6580//6 6578//6 6582//6
f 6693//1 6694//1 6696//1 6695//1
f 6695//2 6696//2 6700//2 6699//2
f 6699//3 6700//3 6698//3 6697//3
f 6697//4 6698//4 6694//4 6693//4
f 6695//5 6699//5 6697//5 6693//5
f 6700//6 6696//6 6694//6 6698//6
usemtl MAT_IBCBody
f 6809//1 6810//1 6812//1 6811//1
f 6811//2 6812//2 6816//2 6815//2
f 6815//3 6816//3 6814//3 6813//3
f 6813//4 6814//4 6810//4 6809//4
f 6811//5 6815//5 6813//5 6809//5
f 6816//6 6812//6 6810//6 6814//6
f 6825//1 6826//1 6828//1 6827//1
f 6827//2 6828//2 6832//2 6831//2
f 6831//3 6832//3 6830//3 6829//3
f 6829//4 6830//4 6826//4 6825//4
f 6827//5 6831//5 6829//5 6825//5
f 6832//6 6828//6 6826//6 6830//6
f 6841//1 6842//1 6844//1 6843//1
f 6843//2 6844//2 6848//2 6847//2
f 6847//3 6848//3 6846//3 6845//3
f 6845//4 6846//4 6842//4 6841//4
f 6843//5 6847//5 6845//5 6841//5
f 6848//6 6844//6 6842//6 6846//6
f 6973//1 6974//1 6976//1 6975//1
f 6975//2 6976//2 6980//2 6979//2
f 6979//3 6980//3 6978//3 6977//3
f 6977//4 6978//4 6974//4 6973//4
f 6975//5 6979//5 6977//5 6973//5
f 6980//6 6976//6 6974//6 6978//6
usemtl MAT_IBCFrame
f 6817//1 6818//1 6820//1 6819//1
f 6819//2 6820//2 6824//2 6823//2
f 6823//3 6824//3 6822//3 6821//3
f 6821//4 6822//4 6818//4 6817//4
f 6819//5 6823//5 6821//5 6817//5
f 6824//6 6820//6 6818//6 6822//6
f 6833//1 6834//1 6836//1 6835//1
f 6835//2 6836//2 6840//2 6839//2
f 6839//3 6840//3 6838//3 6837//3
f 6837//4 6838//4 6834//4 6833//4
f 6835//5 6839//5 6837//5 6833//5
f 6840//6 6836//6 6834//6 6838//6
f 6849//1 6850//1 6852//1 6851//1
f 6851//2 6852//2 6856//2 6855//2
f 6855//3 6856//3 6854//3 6853//3
f 6853//4 6854//4 6850//4 6849//4
f 6851//5 6855//5 6853//5 6849//5
f 6856//6 6852//6 6850//6 6854//6
f 6857//1 6858//1 6860//1 6859//1
f 6859//2 6860//2 6864//2 6863//2
f 6863//3 6864//3 6862//3 6861//3
f 6861//4 6862//4 6858//4 6857//4
f 6859//5 6863//5 6861//5 6857//5
f 6864//6 6860//6 6858//6 6862//6
f 6865//1 6866//1 6868//1 6867//1
f 6867//2 6868//2 6872//2 6871//2
f 6871//3 6872//3 6870//3 6869//3
f 6869//4 6870//4 6866//4 6865//4
f 6867//5 6871//5 6869//5 6865//5
f 6872//6 6868//6 6866//6 6870//6
f 6873//1 6874//1 6876//1 6875//1
f 6875//2 6876//2 6880//2 6879//2
f 6879//3 6880//3 6878//3 6877//3
f 6877//4 6878//4 6874//4 6873//4
f 6875//5 6879//5 6877//5 6873//5
f 6880//6 6876//6 6874//6 6878//6
f 6881//1 6882//1 6884//1 6883//1
f 6883//2 6884//2 6888//2 6887//2
f 6887//3 6888//3 6886//3 6885//3
f 6885//4 6886//4 6882//4 6881//4
f 6883//5 6887//5 6885//5 6881//5
f 6888//6 6884//6 6882//6 6886//6
f 6889//1 6890//1 6892//1 6891//1
f 6891//2 6892//2 6896//2 6895//2
f 6895//3 6896//3 6894//3 6893//3
f 6893//4 6894//4 6890//4 6889//4
f 6891//5 6895//5 6893//5 6889//5
f 6896//6 6892//6 6890//6 6894//6
f 6897//1 6898//1 6900//1 6899//1
f 6899//2 6900//2 6904//2 6903//2
f 6903//3 6904//3 6902//3 6901//3
f 6901//4 6902//4 6898//4 6897//4
f 6899//5 6903//5 6901//5 6897//5
f 6904//6 6900//6 6898//6 6902//6
f 6905//1 6906//1 6908//1 6907//1
f 6907//2 6908//2 6912//2 6911//2
f 6911//3 6912//3 6910//3 6909//3
f 6909//4 6910//4 6906//4 6905//4
f 6907//5 6911//5 6909//5 6905//5
f 6912//6 6908//6 6906//6 6910//6
f 6945//137 6946//137 6948//137 6947//137
f 6947//138 6948//138 6950//138 6949//138
f 6949//3 6950//3 6952//3 6951//3
f 6951//139 6952//139 6954//139 6953//139
f 6953//140 6954//140 6956//140 6955//140
f 6955//141 6956//141 6958//141 6957//141
f 6957//142 6958//142 6960//142 6959//142
f 6959//1 6960//1 6962//1 6961//1
f 6948//6 6946//6 6964//6 6962//6 6960//6 6958//6 6956//6 6954//6 6952//6 6950//6
f 6961//143 6962//143 6964//143 6963//143
f 6963//144 6964//144 6946//144 6945//144
f 6945//5 6947//5 6949//5 6951//5 6953//5 6955//5 6957//5 6959//5 6961//5 6963//5
f 6965//1 6966//1 6968//1 6967//1
f 6967//2 6968//2 6972//2 6971//2
f 6971//3 6972//3 6970//3 6969//3
f 6969//4 6970//4 6966//4 6965//4
f 6967//5 6971//5 6969//5 6965//5
f 6972//6 6968//6 6966//6 6970//6
f 6981//1 6982//1 6984//1 6983//1
f 6983//2 6984//2 6988//2 6987//2
f 6987//3 6988//3 6986//3 6985//3
f 6985//4 6986//4 6982//4 6981//4
f 6983//5 6987//5 6985//5 6981//5
f 6988//6 6984//6 6982//6 6986//6
f 6989//1 6990//1 6992//1 6991//1
f 6991//2 6992//2 6996//2 6995//2
f 6995//3 6996//3 6994//3 6993//3
f 6993//4 6994//4 6990//4 6989//4
f 6991//5 6995//5 6993//5 6989//5
f 6996//6 6992//6 6990//6 6994//6
f 6997//1 6998//1 7000//1 6999//1
f 6999//2 7000//2 7004//2 7003//2
f 7003//3 7004//3 7002//3 7001//3
f 7001//4 7002//4 6998//4 6997//4
f 6999//5 7003//5 7001//5 6997//5
f 7004//6 7000//6 6998//6 7002//6
f 7005//1 7006//1 7008//1 7007//1
f 7007//2 7008//2 7012//2 7011//2
f 7011//3 7012//3 7010//3 7009//3
f 7009//4 7010//4 7006//4 7005//4
f 7007//5 7011//5 7009//5 7005//5
f 7012//6 7008//6 7006//6 7010//6
f 7013//1 7014//1 7016//1 7015//1
f 7015//2 7016//2 7020//2 7019//2
f 7019//3 7020//3 7018//3 7017//3
f 7017//4 7018//4 7014//4 7013//4
f 7015//5 7019//5 7017//5 7013//5
f 7020//6 7016//6 7014//6 7018//6
f 7021//1 7022//1 7024//1 7023//1
f 7023//2 7024//2 7028//2 7027//2
f 7027//3 7028//3 7026//3 7025//3
f 7025//4 7026//4 7022//4 7021//4
f 7023//5 7027//5 7025//5 7021//5
f 7028//6 7024//6 7022//6 7026//6
f 7029//1 7030//1 7032//1 7031//1
f 7031//2 7032//2 7036//2 7035//2
f 7035//3 7036//3 7034//3 7033//3
f 7033//4 7034//4 7030//4 7029//4
f 7031//5 7035//5 7033//5 7029//5
f 7036//6 7032//6 7030//6 7034//6
f 7037//1 7038//1 7040//1 7039//1
f 7039//2 7040//2 7044//2 7043//2
f 7043//3 7044//3 7042//3 7041//3
f 7041//4 7042//4 7038//4 7037//4
f 7039//5 7043//5 7041//5 7037//5
f 7044//6 7040//6 7038//6 7042//6
f 7077//137 7078//137 7080//137 7079//137
f 7079//138 7080//138 7082//138 7081//138
f 7081//3 7082//3 7084//3 7083//3
f 7083//139 7084//139 7086//139 7085//139
f 7085//140 7086//140 7088//140 7087//140
f 7087//141 7088//141 7090//141 7089//141
f 7089//142 7090//142 7092//142 7091//142
f 7091//1 7092//1 7094//1 7093//1
f 7080//6 7078//6 7096//6 7094//6 7092//6 7090//6 7088//6 7086//6 7084//6 7082//6
f 7093//143 7094//143 7096//143 7095//143
f 7095//144 7096//144 7078//144 7077//144
f 7077//5 7079//5 7081//5 7083//5 7085//5 7087//5 7089//5 7091//5 7093//5 7095//5
usemtl MAT_HDPE_Trans
f 7121//1 7122//1 7124//1 7123//1
f 7123//2 7124//2 7128//2 7127//2
f 7127//3 7128//3 7126//3 7125//3
f 7125//4 7126//4 7122//4 7121//4
f 7123//5 7127//5 7125//5 7121//5
f 7128//6 7124//6 7122//6 7126//6
f 7253//1 7254//1 7256//1 7255//1
f 7255//2 7256//2 7260//2 7259//2
f 7259//3 7260//3 7258//3 7257//3
f 7257//4 7258//4 7254//4 7253//4
f 7255//5 7259//5 7257//5 7253//5
f 7260//6 7256//6 7254//6 7258//6
usemtl MAT_Valve
f 7193//1 7194//1 7196//1 7195//1
f 7195//2 7196//2 7200//2 7199//2
f 7199//3 7200//3 7198//3 7197//3
f 7197//4 7198//4 7194//4 7193//4
f 7195//5 7199//5 7197//5 7193//5
f 7200//6 7196//6 7194//6 7198//6
f 7325//1 7326//1 7328//1 7327//1
f 7327//2 7328//2 7332//2 7331//2
f 7331//3 7332//3 7330//3 7329//3
f 7329//4 7330//4 7326//4 7325//4
f 7327//5 7331//5 7329//5 7325//5
f 7332//6 7328//6 7326//6 7330//6
usemtl MAT_StainlessSteel
f 7201//87 7202//87 7204//87 7203//87
f 7203//88 7204//88 7206//88 7205//88
f 7205//89 7206//89 7208//89 7207//89
f 7207//90 7208//90 7210//90 7209//90
f 7209//91 7210//91 7212//91 7211//91
f 7211//92 7212//92 7214//92 7213//92
f 7213//93 7214//93 7216//93 7215//93
f 7215//94 7216//94 7218//94 7217//94
f 7217//95 7218//95 7220//95 7219//95
f 7219//96 7220//96 7222//96 7221//96
f 7204//4 7202//4 7224//4 7222//4 7220//4 7218//4 7216//4 7214//4 7212//4 7210//4 7208//4 7206//4
f 7221//97 7222//97 7224//97 7223//97
f 7223//98 7224//98 7202//98 7201//98
f 7201//2 7203//2 7205//2 7207//2 7209//2 7211//2 7213//2 7215//2 7217//2 7219//2 7221//2 7223//2
f 7333//87 7334//87 7336//87 7335//87
f 7335//88 7336//88 7338//88 7337//88
f 7337//89 7338//89 7340//89 7339//89
f 7339//90 7340//90 7342//90 7341//90
f 7341//91 7342//91 7344//91 7343//91
f 7343//92 7344//92 7346//92 7345//92
f 7345//93 7346//93 7348//93 7347//93
f 7347//94 7348//94 7350//94 7349//94
f 7349//95 7350//95 7352//95 7351//95
f 7351//96 7352//96 7354//96 7353//96
f 7336//4 7334//4 7356//4 7354//4 7352//4 7350//4 7348//4 7346//4 7344//4 7342//4 7340//4 7338//4
f 7353//97 7354//97 7356//97 7355//97
f 7355//98 7356//98 7334//98 7333//98
f 7333//2 7335//2 7337//2 7339//2 7341//2 7343//2 7345//2 7347//2 7349//2 7351//2 7353//2 7355//2
usemtl MAT_RackSteel
f 7377//1 7378//1 7380//1 7379//1
f 7379//2 7380//2 7384//2 7383//2
f 7383//3 7384//3 7382//3 7381//3
f 7381//4 7382//4 7378//4 7377//4
f 7379//5 7383//5 7381//5 7377//5
f 7384//6 7380//6 7378//6 7382//6
f 7385//1 7386//1 7388//1 7387//1
f 7387//2 7388//2 7392//2 7391//2
f 7391//3 7392//3 7390//3 7389//3
f 7389//4 7390//4 7386//4 7385//4
f 7387//5 7391//5 7389//5 7385//5
f 7392//6 7388//6 7386//6 7390//6
f 7393//47 7394//47 7396//47 7395//47
f 7395//48 7396//48 7398//48 7397//48
f 7397//49 7398//49 7400//49 7399//49
f 7399//50 7400//50 7402//50 7401//50
f 7401//51 7402//51 7404//51 7403//51
f 7403//52 7404//52 7406//52 7405//52
f 7405//53 7406//53 7408//53 7407//53
f 7407//54 7408//54 7410//54 7409//54
f 7409//55 7410//55 7412//55 7411//55
f 7411//56 7412//56 7414//56 7413//56
f 7396//6 7394//6 7416//6 7414//6 7412//6 7410//6 7408//6 7406//6 7404//6 7402//6 7400//6 7398//6
f 7413//57 7414//57 7416//57 7415//57
f 7415//58 7416//58 7394//58 7393//58
f 7393//5 7395//5 7397//5 7399//5 7401//5 7403//5 7405//5 7407//5 7409//5 7411//5 7413//5 7415//5
f 7417//1 7418//1 7420//1 7419//1
f 7419//2 7420//2 7424//2 7423//2
f 7423//3 7424//3 7422//3 7421//3
f 7421//4 7422//4 7418//4 7417//4
f 7419//5 7423//5 7421//5 7417//5
f 7424//6 7420//6 7418//6 7422//6
f 7425//1 7426//1 7428//1 7427//1
f 7427//2 7428//2 7432//2 7431//2
f 7431//3 7432//3 7430//3 7429//3
f 7429//4 7430//4 7426//4 7425//4
f 7427//5 7431//5 7429//5 7425//5
f 7432//6 7428//6 7426//6 7430//6
f 7441//1 7442//1 7444//1 7443//1
f 7443//2 7444//2 7448//2 7447//2
f 7447//3 7448//3 7446//3 7445//3
f 7445//4 7446//4 7442//4 7441//4
f 7443//5 7447//5 7445//5 7441//5
f 7448//6 7444//6 7442//6 7446//6
f 7449//1 7450//1 7452//1 7451//1
f 7451//2 7452//2 7456//2 7455//2
f 7455//3 7456//3 7454//3 7453//3
f 7453//4 7454//4 7450//4 7449//4
f 7451//5 7455//5 7453//5 7449//5
f 7456//6 7452//6 7450//6 7454//6
f 7457//47 7458//47 7460//47 7459//47
f 7459//48 7460//48 7462//48 7461//48
f 7461//49 7462//49 7464//49 7463//49
f 7463//50 7464//50 7466//50 7465//50
f 7465//51 7466//51 7468//51 7467//51
f 7467//52 7468//52 7470//52 7469//52
f 7469//53 7470//53 7472//53 7471//53
f 7471//54 7472//54 7474//54 7473//54
f 7473//55 7474//55 7476//55 7475//55
f 7475//56 7476//56 7478//56 7477//56
f 7460//6 7458//6 7480//6 7478//6 7476//6 7474//6 7472//6 7470//6 7468//6 7466//6 7464//6 7462//6
f 7477//57 7478//57 7480//57 7479//57
f 7479//58 7480//58 7458//58 7457//58
f 7457//5 7459//5 7461//5 7463//5 7465//5 7467//5 7469//5 7471//5 7473//5 7475//5 7477//5 7479//5
f 7481//1 7482//1 7484//1 7483//1
f 7483//2 7484//2 7488//2 7487//2
f 7487//3 7488//3 7486//3 7485//3
f 7485//4 7486//4 7482//4 7481//4
f 7483//5 7487//5 7485//5 7481//5
f 7488//6 7484//6 7482//6 7486//6
f 7489//1 7490//1 7492//1 7491//1
f 7491//2 7492//2 7496//2 7495//2
f 7495//3 7496//3 7494//3 7493//3
f 7493//4 7494//4 7490//4 7489//4
f 7491//5 7495//5 7493//5 7489//5
f 7496//6 7492//6 7490//6 7494//6
f 7497//1 7498//1 7500//1 7499//1
f 7499//2 7500//2 7504//2 7503//2
f 7503//3 7504//3 7502//3 7501//3
f 7501//4 7502//4 7498//4 7497//4
f 7499//5 7503//5 7501//5 7497//5
f 7504//6 7500//6 7498//6 7502//6
f 7505//1 7506//1 7508//1 7507//1
f 7507//2 7508//2 7512//2 7511//2
f 7511//3 7512//3 7510//3 7509//3
f 7509//4 7510//4 7506//4 7505//4
f 7507//5 7511//5 7509//5 7505//5
f 7512//6 7508//6 7506//6 7510//6
f 7513//1 7514//1 7516//1 7515//1
f 7515//2 7516//2 7520//2 7519//2
f 7519//3 7520//3 7518//3 7517//3
f 7517//4 7518//4 7514//4 7513//4
f 7515//5 7519//5 7517//5 7513//5
f 7520//6 7516//6 7514//6 7518//6
f 7521//1 7522//1 7524//1 7523//1
f 7523//2 7524//2 7528//2 7527//2
f 7527//3 7528//3 7526//3 7525//3
f 7525//4 7526//4 7522//4 7521//4
f 7523//5 7527//5 7525//5 7521//5
f 7528//6 7524//6 7522//6 7526//6
f 7529//1 7530//1 7532//1 7531//1
f 7531//2 7532//2 7536//2 7535//2
f 7535//3 7536//3 7534//3 7533//3
f 7533//4 7534//4 7530//4 7529//4
f 7531//5 7535//5 7533//5 7529//5
f 7536//6 7532//6 7530//6 7534//6
f 7537//1 7538//1 7540//1 7539//1
f 7539//2 7540//2 7544//2 7543//2
f 7543//3 7544//3 7542//3 7541//3
f 7541//4 7542//4 7538//4 7537//4
f 7539//5 7543//5 7541//5 7537//5
f 7544//6 7540//6 7538//6 7542//6
f 7545//1 7546//1 7548//1 7547//1
f 7547//2 7548//2 7552//2 7551//2
f 7551//3 7552//3 7550//3 7549//3
f 7549//4 7550//4 7546//4 7545//4
f 7547//5 7551//5 7549//5 7545//5
f 7552//6 7548//6 7546//6 7550//6
f 7553//1 7554//1 7556//1 7555//1
f 7555//2 7556//2 7560//2 7559//2
f 7559//3 7560//3 7558//3 7557//3
f 7557//4 7558//4 7554//4 7553//4
f 7555//5 7559//5 7557//5 7553//5
f 7560//6 7556//6 7554//6 7558//6
f 7561//1 7562//1 7564//1 7563//1
f 7563//2 7564//2 7568//2 7567//2
f 7567//3 7568//3 7566//3 7565//3
f 7565//4 7566//4 7562//4 7561//4
f 7563//5 7567//5 7565//5 7561//5
f 7568//6 7564//6 7562//6 7566//6
f 7569//1 7570//1 7572//1 7571//1
f 7571//2 7572//2 7576//2 7575//2
f 7575//3 7576//3 7574//3 7573//3
f 7573//4 7574//4 7570//4 7569//4
f 7571//5 7575//5 7573//5 7569//5
f 7576//6 7572//6 7570//6 7574//6
f 7577//1 7578//1 7580//1 7579//1
f 7579//2 7580//2 7584//2 7583//2
f 7583//3 7584//3 7582//3 7581//3
f 7581//4 7582//4 7578//4 7577//4
f 7579//5 7583//5 7581//5 7577//5
f 7584//6 7580//6 7578//6 7582//6
f 7585//1 7586//1 7588//1 7587//1
f 7587//2 7588//2 7592//2 7591//2
f 7591//3 7592//3 7590//3 7589//3
f 7589//4 7590//4 7586//4 7585//4
f 7587//5 7591//5 7589//5 7585//5
f 7592//6 7588//6 7586//6 7590//6
f 7625//1 7626//1 7628//1 7627//1
f 7627//2 7628//2 7632//2 7631//2
f 7631//3 7632//3 7630//3 7629//3
f 7629//4 7630//4 7626//4 7625//4
f 7627//5 7631//5 7629//5 7625//5
f 7632//6 7628//6 7626//6 7630//6
f 7633//1 7634//1 7636//1 7635//1
f 7635//2 7636//2 7640//2 7639//2
f 7639//3 7640//3 7638//3 7637//3
f 7637//4 7638//4 7634//4 7633//4
f 7635//5 7639//5 7637//5 7633//5
f 7640//6 7636//6 7634//6 7638//6
f 7641//47 7642//47 7644//47 7643//47
f 7643//48 7644//48 7646//48 7645//48
f 7645//49 7646//49 7648//49 7647//49
f 7647//50 7648//50 7650//50 7649//50
f 7649//51 7650//51 7652//51 7651//51
f 7651//52 7652//52 7654//52 7653//52
f 7653//53 7654//53 7656//53 7655//53
f 7655//54 7656//54 7658//54 7657//54
f 7657//55 7658//55 7660//55 7659//55
f 7659//56 7660//56 7662//56 7661//56
f 7644//6 7642//6 7664//6 7662//6 7660//6 7658//6 7656//6 7654//6 7652//6 7650//6 7648//6 7646//6
f 7661//57 7662//57 7664//57 7663//57
f 7663//58 7664//58 7642//58 7641//58
f 7641//5 7643//5 7645//5 7647//5 7649//5 7651//5 7653//5 7655//5 7657//5 7659//5 7661//5 7663//5
f 7665//1 7666//1 7668//1 7667//1
f 7667//2 7668//2 7672//2 7671//2
f 7671//3 7672//3 7670//3 7669//3
f 7669//4 7670//4 7666//4 7665//4
f 7667//5 7671//5 7669//5 7665//5
f 7672//6 7668//6 7666//6 7670//6
f 7673//1 7674//1 7676//1 7675//1
f 7675//2 7676//2 7680//2 7679//2
f 7679//3 7680//3 7678//3 7677//3
f 7677//4 7678//4 7674//4 7673//4
f 7675//5 7679//5 7677//5 7673//5
f 7680//6 7676//6 7674//6 7678//6
f 7681//1 7682//1 7684//1 7683//1
f 7683//2 7684//2 7688//2 7687//2
f 7687//3 7688//3 7686//3 7685//3
f 7685//4 7686//4 7682//4 7681//4
f 7683//5 7687//5 7685//5 7681//5
f 7688//6 7684//6 7682//6 7686//6
f 7689//1 7690//1 7692//1 7691//1
f 7691//2 7692//2 7696//2 7695//2
f 7695//3 7696//3 7694//3 7693//3
f 7693//4 7694//4 7690//4 7689//4
f 7691//5 7695//5 7693//5 7689//5
f 7696//6 7692//6 7690//6 7694//6
f 7697//47 7698//47 7700//47 7699//47
f 7699//48 7700//48 7702//48 7701//48
f 7701//49 7702//49 7704//49 7703//49
f 7703//50 7704//50 7706//50 7705//50
f 7705//51 7706//51 7708//51 7707//51
f 7707//52 7708//52 7710//52 7709//52
f 7709//53 7710//53 7712//53 7711//53
f 7711//54 7712//54 7714//54 7713//54
f 7713//55 7714//55 7716//55 7715//55
f 7715//56 7716//56 7718//56 7717//56
f 7700//6 7698//6 7720//6 7718//6 7716//6 7714//6 7712//6 7710//6 7708//6 7706//6 7704//6 7702//6
f 7717//57 7718//57 7720//57 7719//57
f 7719//58 7720//58 7698//58 7697//58
f 7697//5 7699//5 7701//5 7703//5 7705//5 7707//5 7709//5 7711//5 7713//5 7715//5 7717//5 7719//5
f 7721//1 7722//1 7724//1 7723//1
f 7723//2 7724//2 7728//2 7727//2
f 7727//3 7728//3 7726//3 7725//3
f 7725//4 7726//4 7722//4 7721//4
f 7723//5 7727//5 7725//5 7721//5
f 7728//6 7724//6 7722//6 7726//6
f 7729//1 7730//1 7732//1 7731//1
f 7731//2 7732//2 7736//2 7735//2
f 7735//3 7736//3 7734//3 7733//3
f 7733//4 7734//4 7730//4 7729//4
f 7731//5 7735//5 7733//5 7729//5
f 7736//6 7732//6 7730//6 7734//6
f 7737//1 7738//1 7740//1 7739//1
f 7739//2 7740//2 7744//2 7743//2
f 7743//3 7744//3 7742//3 7741//3
f 7741//4 7742//4 7738//4 7737//4
f 7739//5 7743//5 7741//5 7737//5
f 7744//6 7740//6 7738//6 7742//6
f 7745//1 7746//1 7748//1 7747//1
f 7747//2 7748//2 7752//2 7751//2
f 7751//3 7752//3 7750//3 7749//3
f 7749//4 7750//4 7746//4 7745//4
f 7747//5 7751//5 7749//5 7745//5
f 7752//6 7748//6 7746//6 7750//6
f 7753//1 7754//1 7756//1 7755//1
f 7755//2 7756//2 7760//2 7759//2
f 7759//3 7760//3 7758//3 7757//3
f 7757//4 7758//4 7754//4 7753//4
f 7755//5 7759//5 7757//5 7753//5
f 7760//6 7756//6 7754//6 7758//6
f 7761//1 7762//1 7764//1 7763//1
f 7763//2 7764//2 7768//2 7767//2
f 7767//3 7768//3 7766//3 7765//3
f 7765//4 7766//4 7762//4 7761//4
f 7763//5 7767//5 7765//5 7761//5
f 7768//6 7764//6 7762//6 7766//6
f 7777//1 7778//1 7780//1 7779//1
f 7779//2 7780//2 7784//2 7783//2
f 7783//3 7784//3 7782//3 7781//3
f 7781//4 7782//4 7778//4 7777//4
f 7779//5 7783//5 7781//5 7777//5
f 7784//6 7780//6 7778//6 7782//6
f 7785//1 7786//1 7788//1 7787//1
f 7787//2 7788//2 7792//2 7791//2
f 7791//3 7792//3 7790//3 7789//3
f 7789//4 7790//4 7786//4 7785//4
f 7787//5 7791//5 7789//5 7785//5
f 7792//6 7788//6 7786//6 7790//6
f 7793//1 7794//1 7796//1 7795//1
f 7795//2 7796//2 7800//2 7799//2
f 7799//3 7800//3 7798//3 7797//3
f 7797//4 7798//4 7794//4 7793//4
f 7795//5 7799//5 7797//5 7793//5
f 7800//6 7796//6 7794//6 7798//6
f 7801//1 7802//1 7804//1 7803//1
f 7803//2 7804//2 7808//2 7807//2
f 7807//3 7808//3 7806//3 7805//3
f 7805//4 7806//4 7802//4 7801//4
f 7803//5 7807//5 7805//5 7801//5
f 7808//6 7804//6 7802//6 7806//6
f 7809//1 7810//1 7812//1 7811//1
f 7811//2 7812//2 7816//2 7815//2
f 7815//3 7816//3 7814//3 7813//3
f 7813//4 7814//4 7810//4 7809//4
f 7811//5 7815//5 7813//5 7809//5
f 7816//6 7812//6 7810//6 7814//6
f 7817//1 7818//1 7820//1 7819//1
f 7819//2 7820//2 7824//2 7823//2
f 7823//3 7824//3 7822//3 7821//3
f 7821//4 7822//4 7818//4 7817//4
f 7819//5 7823//5 7821//5 7817//5
f 7824//6 7820//6 7818//6 7822//6
f 7825//47 7826//47 7828//47 7827//47
f 7827//48 7828//48 7830//48 7829//48
f 7829//49 7830//49 7832//49 7831//49
f 7831//50 7832//50 7834//50 7833//50
f 7833//51 7834//51 7836//51 7835//51
f 7835//52 7836//52 7838//52 7837//52
f 7837//53 7838//53 7840//53 7839//53
f 7839//54 7840//54 7842//54 7841//54
f 7841//55 7842//55 7844//55 7843//55
f 7843//56 7844//56 7846//56 7845//56
f 7828//6 7826//6 7848//6 7846//6 7844//6 7842//6 7840//6 7838//6 7836//6 7834//6 7832//6 7830//6
f 7845//57 7846//57 7848//57 7847//57
f 7847//58 7848//58 7826//58 7825//58
f 7825//5 7827//5 7829//5 7831//5 7833//5 7835//5 7837//5 7839//5 7841//5 7843//5 7845//5 7847//5
f 7849//1 7850//1 7852//1 7851//1
f 7851//2 7852//2 7856//2 7855//2
f 7855//3 7856//3 7854//3 7853//3
f 7853//4 7854//4 7850//4 7849//4
f 7851//5 7855//5 7853//5 7849//5
f 7856//6 7852//6 7850//6 7854//6
f 7857//1 7858//1 7860//1 7859//1
f 7859//2 7860//2 7864//2 7863//2
f 7863//3 7864//3 7862//3 7861//3
f 7861//4 7862//4 7858//4 7857//4
f 7859//5 7863//5 7861//5 7857//5
f 7864//6 7860//6 7858//6 7862//6
f 7905//1 7906//1 7908//1 7907//1
f 7907//2 7908//2 7912//2 7911//2
f 7911//3 7912//3 7910//3 7909//3
f 7909//4 7910//4 7906//4 7905//4
f 7907//5 7911//5 7909//5 7905//5
f 7912//6 7908//6 7906//6 7910//6
f 7913//1 7914//1 7916//1 7915//1
f 7915//2 7916//2 7920//2 7919//2
f 7919//3 7920//3 7918//3 7917//3
f 7917//4 7918//4 7914//4 7913//4
f 7915//5 7919//5 7917//5 7913//5
f 7920//6 7916//6 7914//6 7918//6
f 7921//145 7922//145 7924//145 7923//145
f 7923//146 7924//146 7926//146 7925//146
f 7925//147 7926//147 7928//147 7927//147
f 7927//148 7928//148 7930//148 7929//148
f 7929//149 7930//149 7932//149 7931//149
f 7931//150 7932//150 7934//150 7933//150
f 7933//151 7934//151 7936//151 7935//151
f 7935//152 7936//152 7938//152 7937//152
f 7937//153 7938//153 7940//153 7939//153
f 7939//154 7940//154 7942//154 7941//154
f 7924//155 7922//155 7944//155 7942//155 7940//155 7938//155 7936//155 7934//155 7932//155 7930//155 7928//155 7926//155
f 7941//156 7942//156 7944//156 7943//156
f 7943//157 7944//157 7922//157 7921//157
f 7921//158 7923//158 7925//158 7927//158 7929//158 7931//158 7933//158 7935//158 7937//158 7939//158 7941//158 7943//158
f 7945//1 7946//1 7948//1 7947//1
f 7947//2 7948//2 7952//2 7951//2
f 7951//3 7952//3 7950//3 7949//3
f 7949//4 7950//4 7946//4 7945//4
f 7947//5 7951//5 7949//5 7945//5
f 7952//6 7948//6 7946//6 7950//6
f 7953//1 7954//1 7956//1 7955//1
f 7955//2 7956//2 7960//2 7959//2
f 7959//3 7960//3 7958//3 7957//3
f 7957//4 7958//4 7954//4 7953//4
f 7955//5 7959//5 7957//5 7953//5
f 7960//6 7956//6 7954//6 7958//6
f 7985//1 7986//1 7988//1 7987//1
f 7987//2 7988//2 7992//2 7991//2
f 7991//3 7992//3 7990//3 7989//3
f 7989//4 7990//4 7986//4 7985//4
f 7987//5 7991//5 7989//5 7985//5
f 7992//6 7988//6 7986//6 7990//6
f 7993//1 7994//1 7996//1 7995//1
f 7995//2 7996//2 8000//2 7999//2
f 7999//3 8000//3 7998//3 7997//3
f 7997//4 7998//4 7994//4 7993//4
f 7995//5 7999//5 7997//5 7993//5
f 8000//6 7996//6 7994//6 7998//6
f 8001//145 8002//145 8004//145 8003//145
f 8003//146 8004//146 8006//146 8005//146
f 8005//147 8006//147 8008//147 8007//147
f 8007//148 8008//148 8010//148 8009//148
f 8009//149 8010//149 8012//149 8011//149
f 8011//150 8012//150 8014//150 8013//150
f 8013//151 8014//151 8016//151 8015//151
f 8015//159 8016//159 8018//159 8017//159
f 8017//153 8018//153 8020//153 8019//153
f 8019//154 8020//154 8022//154 8021//154
f 8004//155 8002//155 8024//155 8022//155 8020//155 8018//155 8016//155 8014//155 8012//155 8010//155 8008//155 8006//155
f 8021//160 8022//160 8024//160 8023//160
f 8023//157 8024//157 8002//157 8001//157
f 8001//158 8003//158 8005//158 8007//158 8009//158 8011//158 8013//158 8015//158 8017//158 8019//158 8021//158 8023//158
f 8025//1 8026//1 8028//1 8027//1
f 8027//2 8028//2 8032//2 8031//2
f 8031//3 8032//3 8030//3 8029//3
f 8029//4 8030//4 8026//4 8025//4
f 8027//5 8031//5 8029//5 8025//5
f 8032//6 8028//6 8026//6 8030//6
f 8033//1 8034//1 8036//1 8035//1
f 8035//2 8036//2 8040//2 8039//2
f 8039//3 8040//3 8038//3 8037//3
f 8037//4 8038//4 8034//4 8033//4
f 8035//5 8039//5 8037//5 8033//5
f 8040//6 8036//6 8034//6 8038//6
f 8065//1 8066//1 8068//1 8067//1
f 8067//2 8068//2 8072//2 8071//2
f 8071//3 8072//3 8070//3 8069//3
f 8069//4 8070//4 8066//4 8065//4
f 8067//5 8071//5 8069//5 8065//5
f 8072//6 8068//6 8066//6 8070//6
f 8073//1 8074//1 8076//1 8075//1
f 8075//2 8076//2 8080//2 8079//2
f 8079//3 8080//3 8078//3 8077//3
f 8077//4 8078//4 8074//4 8073//4
f 8075//5 8079//5 8077//5 8073//5
f 8080//6 8076//6 8074//6 8078//6
f 8081//145 8082//145 8084//145 8083//145
f 8083//146 8084//146 8086//146 8085//146
f 8085//147 8086//147 8088//147 8087//147
f 8087//148 8088//148 8090//148 8089//148
f 8089//149 8090//149 8092//149 8091//149
f 8091//150 8092//150 8094//150 8093//150
f 8093//151 8094//151 8096//151 8095//151
f 8095//159 8096//159 8098//159 8097//159
f 8097//153 8098//153 8100//153 8099//153
f 8099//154 8100//154 8102//154 8101//154
f 8084//155 8082//155 8104//155 8102//155 8100//155 8098//155 8096//155 8094//155 8092//155 8090//155 8088//155 8086//155
f 8101//160 8102//160 8104//160 8103//160
f 8103//157 8104//157 8082//157 8081//157
f 8081//158 8083//158 8085//158 8087//158 8089//158 8091//158 8093//158 8095//158 8097//158 8099//158 8101//158 8103//158
f 8105//1 8106//1 8108//1 8107//1
f 8107//2 8108//2 8112//2 8111//2
f 8111//3 8112//3 8110//3 8109//3
f 8109//4 8110//4 8106//4 8105//4
f 8107//5 8111//5 8109//5 8105//5
f 8112//6 8108//6 8106//6 8110//6
f 8113//1 8114//1 8116//1 8115//1
f 8115//2 8116//2 8120//2 8119//2
f 8119//3 8120//3 8118//3 8117//3
f 8117//4 8118//4 8114//4 8113//4
f 8115//5 8119//5 8117//5 8113//5
f 8120//6 8116//6 8114//6 8118//6
f 8145//1 8146//1 8148//1 8147//1
f 8147//2 8148//2 8152//2 8151//2
f 8151//3 8152//3 8150//3 8149//3
f 8149//4 8150//4 8146//4 8145//4
f 8147//5 8151//5 8149//5 8145//5
f 8152//6 8148//6 8146//6 8150//6
f 8153//1 8154//1 8156//1 8155//1
f 8155//2 8156//2 8160//2 8159//2
f 8159//3 8160//3 8158//3 8157//3
f 8157//4 8158//4 8154//4 8153//4
f 8155//5 8159//5 8157//5 8153//5
f 8160//6 8156//6 8154//6 8158//6
f 8161//145 8162//145 8164//145 8163//145
f 8163//146 8164//146 8166//146 8165//146
f 8165//161 8166//161 8168//161 8167//161
f 8167//162 8168//162 8170//162 8169//162
f 8169//149 8170//149 8172//149 8171//149
f 8171//150 8172//150 8174//150 8173//150
f 8173//151 8174//151 8176//151 8175//151
f 8175//152 8176//152 8178//152 8177//152
f 8177//163 8178//163 8180//163 8179//163
f 8179//164 8180//164 8182//164 8181//164
f 8164//155 8162//155 8184//155 8182//155 8180//155 8178//155 8176//155 8174//155 8172//155 8170//155 8168//155 8166//155
f 8181//156 8182//156 8184//156 8183//156
f 8183//157 8184//157 8162//157 8161//157
f 8161//158 8163//158 8165//158 8167//158 8169//158 8171//158 8173//158 8175//158 8177//158 8179//158 8181//158 8183//158
f 8185//1 8186//1 8188//1 8187//1
f 8187//2 8188//2 8192//2 8191//2
f 8191//3 8192//3 8190//3 8189//3
f 8189//4 8190//4 8186//4 8185//4
f 8187//5 8191//5 8189//5 8185//5
f 8192//6 8188//6 8186//6 8190//6
f 8193//1 8194//1 8196//1 8195//1
f 8195//2 8196//2 8200//2 8199//2
f 8199//3 8200//3 8198//3 8197//3
f 8197//4 8198//4 8194//4 8193//4
f 8195//5 8199//5 8197//5 8193//5
f 8200//6 8196//6 8194//6 8198//6
f 8225//1 8226//1 8228//1 8227//1
f 8227//2 8228//2 8232//2 8231//2
f 8231//3 8232//3 8230//3 8229//3
f 8229//4 8230//4 8226//4 8225//4
f 8227//5 8231//5 8229//5 8225//5
f 8232//6 8228//6 8226//6 8230//6
f 8233//1 8234//1 8236//1 8235//1
f 8235//2 8236//2 8240//2 8239//2
f 8239//3 8240//3 8238//3 8237//3
f 8237//4 8238//4 8234//4 8233//4
f 8235//5 8239//5 8237//5 8233//5
f 8240//6 8236//6 8234//6 8238//6
f 8241//145 8242//145 8244//145 8243//145
f 8243//146 8244//146 8246//146 8245//146
f 8245//161 8246//161 8248//161 8247//161
f 8247//162 8248//162 8250//162 8249//162
f 8249//149 8250//149 8252//149 8251//149
f 8251//150 8252//150 8254//150 8253//150
f 8253//151 8254//151 8256//151 8255//151
f 8255//152 8256//152 8258//152 8257//152
f 8257//163 8258//163 8260//163 8259//163
f 8259//164 8260//164 8262//164 8261//164
f 8244//155 8242//155 8264//155 8262//155 8260//155 8258//155 8256//155 8254//155 8252//155 8250//155 8248//155 8246//155
f 8261//156 8262//156 8264//156 8263//156
f 8263//157 8264//157 8242//157 8241//157
f 8241//158 8243//158 8245//158 8247//158 8249//158 8251//158 8253//158 8255//158 8257//158 8259//158 8261//158 8263//158
f 8265//1 8266//1 8268//1 8267//1
f 8267//2 8268//2 8272//2 8271//2
f 8271//3 8272//3 8270//3 8269//3
f 8269//4 8270//4 8266//4 8265//4
f 8267//5 8271//5 8269//5 8265//5
f 8272//6 8268//6 8266//6 8270//6
f 8273//1 8274//1 8276//1 8275//1
f 8275//2 8276//2 8280//2 8279//2
f 8279//3 8280//3 8278//3 8277//3
f 8277//4 8278//4 8274//4 8273//4
f 8275//5 8279//5 8277//5 8273//5
f 8280//6 8276//6 8274//6 8278//6
f 8305//1 8306//1 8308//1 8307//1
f 8307//2 8308//2 8312//2 8311//2
f 8311//3 8312//3 8310//3 8309//3
f 8309//4 8310//4 8306//4 8305//4
f 8307//5 8311//5 8309//5 8305//5
f 8312//6 8308//6 8306//6 8310//6
f 8313//1 8314//1 8316//1 8315//1
f 8315//2 8316//2 8320//2 8319//2
f 8319//3 8320//3 8318//3 8317//3
f 8317//4 8318//4 8314//4 8313//4
f 8315//5 8319//5 8317//5 8313//5
f 8320//6 8316//6 8314//6 8318//6
f 8321//1 8322//1 8324//1 8323//1
f 8323//2 8324//2 8328//2 8327//2
f 8327//3 8328//3 8326//3 8325//3
f 8325//4 8326//4 8322//4 8321//4
f 8323//5 8327//5 8325//5 8321//5
f 8328//6 8324//6 8322//6 8326//6
f 8329//1 8330//1 8332//1 8331//1
f 8331//2 8332//2 8336//2 8335//2
f 8335//3 8336//3 8334//3 8333//3
f 8333//4 8334//4 8330//4 8329//4
f 8331//5 8335//5 8333//5 8329//5
f 8336//6 8332//6 8330//6 8334//6
f 8337//145 8338//145 8340//145 8339//145
f 8339//146 8340//146 8342//146 8341//146
f 8341//147 8342//147 8344//147 8343//147
f 8343//162 8344//162 8346//162 8345//162
f 8345//149 8346//149 8348//149 8347//149
f 8347//150 8348//150 8350//150 8349//150
f 8349//165 8350//165 8352//165 8351//165
f 8351//152 8352//152 8354//152 8353//152
f 8353//163 8354//163 8356//163 8355//163
f 8355//164 8356//164 8358//164 8357//164
f 8340//155 8338//155 8360//155 8358//155 8356//155 8354//155 8352//155 8350//155 8348//155 8346//155 8344//155 8342//155
f 8357//156 8358//156 8360//156 8359//156
f 8359//166 8360//166 8338//166 8337//166
f 8337//158 8339//158 8341//158 8343//158 8345//158 8347//158 8349//158 8351//158 8353//158 8355//158 8357//158 8359//158
f 8361//1 8362//1 8364//1 8363//1
f 8363//2 8364//2 8368//2 8367//2
f 8367//3 8368//3 8366//3 8365//3
f 8365//4 8366//4 8362//4 8361//4
f 8363//5 8367//5 8365//5 8361//5
f 8368//6 8364//6 8362//6 8366//6
f 8369//1 8370//1 8372//1 8371//1
f 8371//2 8372//2 8376//2 8375//2
f 8375//3 8376//3 8374//3 8373//3
f 8373//4 8374//4 8370//4 8369//4
f 8371//5 8375//5 8373//5 8369//5
f 8376//6 8372//6 8370//6 8374//6
f 8401//1 8402//1 8404//1 8403//1
f 8403//2 8404//2 8408//2 8407//2
f 8407//3 8408//3 8406//3 8405//3
f 8405//4 8406//4 8402//4 8401//4
f 8403//5 8407//5 8405//5 8401//5
f 8408//6 8404//6 8402//6 8406//6
f 8409//1 8410//1 8412//1 8411//1
f 8411//2 8412//2 8416//2 8415//2
f 8415//3 8416//3 8414//3 8413//3
f 8413//4 8414//4 8410//4 8409//4
f 8411//5 8415//5 8413//5 8409//5
f 8416//6 8412//6 8410//6 8414//6
f 8417//145 8418//145 8420//145 8419//145
f 8419//146 8420//146 8422//146 8421//146
f 8421//147 8422//147 8424//147 8423//147
f 8423//148 8424//148 8426//148 8425//148
f 8425//149 8426//149 8428//149 8427//149
f 8427//150 8428//150 8430//150 8429//150
f 8429//165 8430//165 8432//165 8431//165
f 8431//152 8432//152 8434//152 8433//152
f 8433//163 8434//163 8436//163 8435//163
f 8435//164 8436//164 8438//164 8437//164
f 8420//155 8418//155 8440//155 8438//155 8436//155 8434//155 8432//155 8430//155 8428//155 8426//155 8424//155 8422//155
f 8437//156 8438//156 8440//156 8439//156
f 8439//166 8440//166 8418//166 8417//166
f 8417//158 8419//158 8421//158 8423//158 8425//158 8427//158 8429//158 8431//158 8433//158 8435//158 8437//158 8439//158
f 8441//1 8442//1 8444//1 8443//1
f 8443//2 8444//2 8448//2 8447//2
f 8447//3 8448//3 8446//3 8445//3
f 8445//4 8446//4 8442//4 8441//4
f 8443//5 8447//5 8445//5 8441//5
f 8448//6 8444//6 8442//6 8446//6
f 8449//1 8450//1 8452//1 8451//1
f 8451//2 8452//2 8456//2 8455//2
f 8455//3 8456//3 8454//3 8453//3
f 8453//4 8454//4 8450//4 8449//4
f 8451//5 8455//5 8453//5 8449//5
f 8456//6 8452//6 8450//6 8454//6
f 8481//1 8482//1 8484//1 8483//1
f 8483//2 8484//2 8488//2 8487//2
f 8487//3 8488//3 8486//3 8485//3
f 8485//4 8486//4 8482//4 8481//4
f 8483//5 8487//5 8485//5 8481//5
f 8488//6 8484//6 8482//6 8486//6
f 8489//1 8490//1 8492//1 8491//1
f 8491//2 8492//2 8496//2 8495//2
f 8495//3 8496//3 8494//3 8493//3
f 8493//4 8494//4 8490//4 8489//4
f 8491//5 8495//5 8493//5 8489//5
f 8496//6 8492//6 8490//6 8494//6
f 8497//145 8498//145 8500//145 8499//145
f 8499//146 8500//146 8502//146 8501//146
f 8501//161 8502//161 8504//161 8503//161
f 8503//162 8504//162 8506//162 8505//162
f 8505//149 8506//149 8508//149 8507//149
f 8507//167 8508//167 8510//167 8509//167
f 8509//165 8510//165 8512//165 8511//165
f 8511//152 8512//152 8514//152 8513//152
f 8513//163 8514//163 8516//163 8515//163
f 8515//164 8516//164 8518//164 8517//164
f 8500//155 8498//155 8520//155 8518//155 8516//155 8514//155 8512//155 8510//155 8508//155 8506//155 8504//155 8502//155
f 8517//156 8518//156 8520//156 8519//156
f 8519//157 8520//157 8498//157 8497//157
f 8497//158 8499//158 8501//158 8503//158 8505//158 8507//158 8509//158 8511//158 8513//158 8515//158 8517//158 8519//158
f 8521//1 8522//1 8524//1 8523//1
f 8523//2 8524//2 8528//2 8527//2
f 8527//3 8528//3 8526//3 8525//3
f 8525//4 8526//4 8522//4 8521//4
f 8523//5 8527//5 8525//5 8521//5
f 8528//6 8524//6 8522//6 8526//6
f 8529//1 8530//1 8532//1 8531//1
f 8531//2 8532//2 8536//2 8535//2
f 8535//3 8536//3 8534//3 8533//3
f 8533//4 8534//4 8530//4 8529//4
f 8531//5 8535//5 8533//5 8529//5
f 8536//6 8532//6 8530//6 8534//6
f 8561//1 8562//1 8564//1 8563//1
f 8563//2 8564//2 8568//2 8567//2
f 8567//3 8568//3 8566//3 8565//3
f 8565//4 8566//4 8562//4 8561//4
f 8563//5 8567//5 8565//5 8561//5
f 8568//6 8564//6 8562//6 8566//6
f 8569//1 8570//1 8572//1 8571//1
f 8571//2 8572//2 8576//2 8575//2
f 8575//3 8576//3 8574//3 8573//3
f 8573//4 8574//4 8570//4 8569//4
f 8571//5 8575//5 8573//5 8569//5
f 8576//6 8572//6 8570//6 8574//6
f 8577//145 8578//145 8580//145 8579//145
f 8579//146 8580//146 8582//146 8581//146
f 8581//161 8582//161 8584//161 8583//161
f 8583//162 8584//162 8586//162 8585//162
f 8585//149 8586//149 8588//149 8587//149
f 8587//150 8588//150 8590//150 8589//150
f 8589//151 8590//151 8592//151 8591//151
f 8591//152 8592//152 8594//152 8593//152
f 8593//163 8594//163 8596//163 8595//163
f 8595//164 8596//164 8598//164 8597//164
f 8580//155 8578//155 8600//155 8598//155 8596//155 8594//155 8592//155 8590//155 8588//155 8586//155 8584//155 8582//155
f 8597//156 8598//156 8600//156 8599//156
f 8599//157 8600//157 8578//157 8577//157
f 8577//158 8579//158 8581//158 8583//158 8585//158 8587//158 8589//158 8591//158 8593//158 8595//158 8597//158 8599//158
f 8601//1 8602//1 8604//1 8603//1
f 8603//2 8604//2 8608//2 8607//2
f 8607//3 8608//3 8606//3 8605//3
f 8605//4 8606//4 8602//4 8601//4
f 8603//5 8607//5 8605//5 8601//5
f 8608//6 8604//6 8602//6 8606//6
f 8609//1 8610//1 8612//1 8611//1
f 8611//2 8612//2 8616//2 8615//2
f 8615//3 8616//3 8614//3 8613//3
f 8613//4 8614//4 8610//4 8609//4
f 8611//5 8615//5 8613//5 8609//5
f 8616//6 8612//6 8610//6 8614//6
f 8641//1 8642//1 8644//1 8643//1
f 8643//2 8644//2 8648//2 8647//2
f 8647//3 8648//3 8646//3 8645//3
f 8645//4 8646//4 8642//4 8641//4
f 8643//5 8647//5 8645//5 8641//5
f 8648//6 8644//6 8642//6 8646//6
f 8649//1 8650//1 8652//1 8651//1
f 8651//2 8652//2 8656//2 8655//2
f 8655//3 8656//3 8654//3 8653//3
f 8653//4 8654//4 8650//4 8649//4
f 8651//5 8655//5 8653//5 8649//5
f 8656//6 8652//6 8650//6 8654//6
f 8657//145 8658//145 8660//145 8659//145
f 8659//146 8660//146 8662//146 8661//146
f 8661//147 8662//147 8664//147 8663//147
f 8663//162 8664//162 8666//162 8665//162
f 8665//149 8666//149 8668//149 8667//149
f 8667//150 8668//150 8670//150 8669//150
f 8669//151 8670//151 8672//151 8671//151
f 8671//152 8672//152 8674//152 8673//152
f 8673//163 8674//163 8676//163 8675//163
f 8675//164 8676//164 8678//164 8677//164
f 8660//155 8658//155 8680//155 8678//155 8676//155 8674//155 8672//155 8670//155 8668//155 8666//155 8664//155 8662//155
f 8677//156 8678//156 8680//156 8679//156
f 8679//157 8680//157 8658//157 8657//157
f 8657//158 8659//158 8661//158 8663//158 8665//158 8667//158 8669//158 8671//158 8673//158 8675//158 8677//158 8679//158
f 8681//1 8682//1 8684//1 8683//1
f 8683//2 8684//2 8688//2 8687//2
f 8687//3 8688//3 8686//3 8685//3
f 8685//4 8686//4 8682//4 8681//4
f 8683//5 8687//5 8685//5 8681//5
f 8688//6 8684//6 8682//6 8686//6
f 8689//1 8690//1 8692//1 8691//1
f 8691//2 8692//2 8696//2 8695//2
f 8695//3 8696//3 8694//3 8693//3
f 8693//4 8694//4 8690//4 8689//4
f 8691//5 8695//5 8693//5 8689//5
f 8696//6 8692//6 8690//6 8694//6
f 8721//1 8722//1 8724//1 8723//1
f 8723//2 8724//2 8728//2 8727//2
f 8727//3 8728//3 8726//3 8725//3
f 8725//4 8726//4 8722//4 8721//4
f 8723//5 8727//5 8725//5 8721//5
f 8728//6 8724//6 8722//6 8726//6
f 8729//1 8730//1 8732//1 8731//1
f 8731//2 8732//2 8736//2 8735//2
f 8735//3 8736//3 8734//3 8733//3
f 8733//4 8734//4 8730//4 8729//4
f 8731//5 8735//5 8733//5 8729//5
f 8736//6 8732//6 8730//6 8734//6
usemtl MAT_RackBeam
f 7433//1 7434//1 7436//1 7435//1
f 7435//2 7436//2 7440//2 7439//2
f 7439//3 7440//3 7438//3 7437//3
f 7437//4 7438//4 7434//4 7433//4
f 7435//5 7439//5 7437//5 7433//5
f 7440//6 7436//6 7434//6 7438//6
f 7769//1 7770//1 7772//1 7771//1
f 7771//2 7772//2 7776//2 7775//2
f 7775//3 7776//3 7774//3 7773//3
f 7773//4 7774//4 7770//4 7769//4
f 7771//5 7775//5 7773//5 7769//5
f 7776//6 7772//6 7770//6 7774//6
f 7865//1 7866//1 7868//1 7867//1
f 7867//2 7868//2 7872//2 7871//2
f 7871//3 7872//3 7870//3 7869//3
f 7869//4 7870//4 7866//4 7865//4
f 7867//5 7871//5 7869//5 7865//5
f 7872//6 7868//6 7866//6 7870//6
f 7961//1 7962//1 7964//1 7963//1
f 7963//2 7964//2 7968//2 7967//2
f 7967//3 7968//3 7966//3 7965//3
f 7965//4 7966//4 7962//4 7961//4
f 7963//5 7967//5 7965//5 7961//5
f 7968//6 7964//6 7962//6 7966//6
f 7969//1 7970//1 7972//1 7971//1
f 7971//2 7972//2 7976//2 7975//2
f 7975//3 7976//3 7974//3 7973//3
f 7973//4 7974//4 7970//4 7969//4
f 7971//5 7975//5 7973//5 7969//5
f 7976//6 7972//6 7970//6 7974//6
f 7977//1 7978//1 7980//1 7979//1
f 7979//2 7980//2 7984//2 7983//2
f 7983//3 7984//3 7982//3 7981//3
f 7981//4 7982//4 7978//4 7977//4
f 7979//5 7983//5 7981//5 7977//5
f 7984//6 7980//6 7978//6 7982//6
f 8041//1 8042//1 8044//1 8043//1
f 8043//2 8044//2 8048//2 8047//2
f 8047//3 8048//3 8046//3 8045//3
f 8045//4 8046//4 8042//4 8041//4
f 8043//5 8047//5 8045//5 8041//5
f 8048//6 8044//6 8042//6 8046//6
f 8049//1 8050//1 8052//1 8051//1
f 8051//2 8052//2 8056//2 8055//2
f 8055//3 8056//3 8054//3 8053//3
f 8053//4 8054//4 8050//4 8049//4
f 8051//5 8055//5 8053//5 8049//5
f 8056//6 8052//6 8050//6 8054//6
f 8057//1 8058//1 8060//1 8059//1
f 8059//2 8060//2 8064//2 8063//2
f 8063//3 8064//3 8062//3 8061//3
f 8061//4 8062//4 8058//4 8057//4
f 8059//5 8063//5 8061//5 8057//5
f 8064//6 8060//6 8058//6 8062//6
f 8121//1 8122//1 8124//1 8123//1
f 8123//2 8124//2 8128//2 8127//2
f 8127//3 8128//3 8126//3 8125//3
f 8125//4 8126//4 8122//4 8121//4
f 8123//5 8127//5 8125//5 8121//5
f 8128//6 8124//6 8122//6 8126//6
f 8129//1 8130//1 8132//1 8131//1
f 8131//2 8132//2 8136//2 8135//2
f 8135//3 8136//3 8134//3 8133//3
f 8133//4 8134//4 8130//4 8129//4
f 8131//5 8135//5 8133//5 8129//5
f 8136//6 8132//6 8130//6 8134//6
f 8137//1 8138//1 8140//1 8139//1
f 8139//2 8140//2 8144//2 8143//2
f 8143//3 8144//3 8142//3 8141//3
f 8141//4 8142//4 8138//4 8137//4
f 8139//5 8143//5 8141//5 8137//5
f 8144//6 8140//6 8138//6 8142//6
f 8201//1 8202//1 8204//1 8203//1
f 8203//2 8204//2 8208//2 8207//2
f 8207//3 8208//3 8206//3 8205//3
f 8205//4 8206//4 8202//4 8201//4
f 8203//5 8207//5 8205//5 8201//5
f 8208//6 8204//6 8202//6 8206//6
f 8209//1 8210//1 8212//1 8211//1
f 8211//2 8212//2 8216//2 8215//2
f 8215//3 8216//3 8214//3 8213//3
f 8213//4 8214//4 8210//4 8209//4
f 8211//5 8215//5 8213//5 8209//5
f 8216//6 8212//6 8210//6 8214//6
f 8217//1 8218//1 8220//1 8219//1
f 8219//2 8220//2 8224//2 8223//2
f 8223//3 8224//3 8222//3 8221//3
f 8221//4 8222//4 8218//4 8217//4
f 8219//5 8223//5 8221//5 8217//5
f 8224//6 8220//6 8218//6 8222//6
f 8281//1 8282//1 8284//1 8283//1
f 8283//2 8284//2 8288//2 8287//2
f 8287//3 8288//3 8286//3 8285//3
f 8285//4 8286//4 8282//4 8281//4
f 8283//5 8287//5 8285//5 8281//5
f 8288//6 8284//6 8282//6 8286//6
f 8289//1 8290//1 8292//1 8291//1
f 8291//2 8292//2 8296//2 8295//2
f 8295//3 8296//3 8294//3 8293//3
f 8293//4 8294//4 8290//4 8289//4
f 8291//5 8295//5 8293//5 8289//5
f 8296//6 8292//6 8290//6 8294//6
f 8297//1 8298//1 8300//1 8299//1
f 8299//2 8300//2 8304//2 8303//2
f 8303//3 8304//3 8302//3 8301//3
f 8301//4 8302//4 8298//4 8297//4
f 8299//5 8303//5 8301//5 8297//5
f 8304//6 8300//6 8298//6 8302//6
f 8377//1 8378//1 8380//1 8379//1
f 8379//2 8380//2 8384//2 8383//2
f 8383//3 8384//3 8382//3 8381//3
f 8381//4 8382//4 8378//4 8377//4
f 8379//5 8383//5 8381//5 8377//5
f 8384//6 8380//6 8378//6 8382//6
f 8385//1 8386//1 8388//1 8387//1
f 8387//2 8388//2 8392//2 8391//2
f 8391//3 8392//3 8390//3 8389//3
f 8389//4 8390//4 8386//4 8385//4
f 8387//5 8391//5 8389//5 8385//5
f 8392//6 8388//6 8386//6 8390//6
f 8393//1 8394//1 8396//1 8395//1
f 8395//2 8396//2 8400//2 8399//2
f 8399//3 8400//3 8398//3 8397//3
f 8397//4 8398//4 8394//4 8393//4
f 8395//5 8399//5 8397//5 8393//5
f 8400//6 8396//6 8394//6 8398//6
f 8457//1 8458//1 8460//1 8459//1
f 8459//2 8460//2 8464//2 8463//2
f 8463//3 8464//3 8462//3 8461//3
f 8461//4 8462//4 8458//4 8457//4
f 8459//5 8463//5 8461//5 8457//5
f 8464//6 8460//6 8458//6 8462//6
f 8465//1 8466//1 8468//1 8467//1
f 8467//2 8468//2 8472//2 8471//2
f 8471//3 8472//3 8470//3 8469//3
f 8469//4 8470//4 8466//4 8465//4
f 8467//5 8471//5 8469//5 8465//5
f 8472//6 8468//6 8466//6 8470//6
f 8473//1 8474//1 8476//1 8475//1
f 8475//2 8476//2 8480//2 8479//2
f 8479//3 8480//3 8478//3 8477//3
f 8477//4 8478//4 8474//4 8473//4
f 8475//5 8479//5 8477//5 8473//5
f 8480//6 8476//6 8474//6 8478//6
f 8537//1 8538//1 8540//1 8539//1
f 8539//2 8540//2 8544//2 8543//2
f 8543//3 8544//3 8542//3 8541//3
f 8541//4 8542//4 8538//4 8537//4
f 8539//5 8543//5 8541//5 8537//5
f 8544//6 8540//6 8538//6 8542//6
f 8545//1 8546//1 8548//1 8547//1
f 8547//2 8548//2 8552//2 8551//2
f 8551//3 8552//3 8550//3 8549//3
f 8549//4 8550//4 8546//4 8545//4
f 8547//5 8551//5 8549//5 8545//5
f 8552//6 8548//6 8546//6 8550//6
f 8553//1 8554//1 8556//1 8555//1
f 8555//2 8556//2 8560//2 8559//2
f 8559//3 8560//3 8558//3 8557//3
f 8557//4 8558//4 8554//4 8553//4
f 8555//5 8559//5 8557//5 8553//5
f 8560//6 8556//6 8554//6 8558//6
f 8617//1 8618//1 8620//1 8619//1
f 8619//2 8620//2 8624//2 8623//2
f 8623//3 8624//3 8622//3 8621//3
f 8621//4 8622//4 8618//4 8617//4
f 8619//5 8623//5 8621//5 8617//5
f 8624//6 8620//6 8618//6 8622//6
f 8625//1 8626//1 8628//1 8627//1
f 8627//2 8628//2 8632//2 8631//2
f 8631//3 8632//3 8630//3 8629//3
f 8629//4 8630//4 8626//4 8625//4
f 8627//5 8631//5 8629//5 8625//5
f 8632//6 8628//6 8626//6 8630//6
f 8633//1 8634//1 8636//1 8635//1
f 8635//2 8636//2 8640//2 8639//2
f 8639//3 8640//3 8638//3 8637//3
f 8637//4 8638//4 8634//4 8633//4
f 8635//5 8639//5 8637//5 8633//5
f 8640//6 8636//6 8634//6 8638//6
f 8697//1 8698//1 8700//1 8699//1
f 8699//2 8700//2 8704//2 8703//2
f 8703//3 8704//3 8702//3 8701//3
f 8701//4 8702//4 8698//4 8697//4
f 8699//5 8703//5 8701//5 8697//5
f 8704//6 8700//6 8698//6 8702//6
f 8705//1 8706//1 8708//1 8707//1
f 8707//2 8708//2 8712//2 8711//2
f 8711//3 8712//3 8710//3 8709//3
f 8709//4 8710//4 8706//4 8705//4
f 8707//5 8711//5 8709//5 8705//5
f 8712//6 8708//6 8706//6 8710//6
f 8713//1 8714//1 8716//1 8715//1
f 8715//2 8716//2 8720//2 8719//2
f 8719//3 8720//3 8718//3 8717//3
f 8717//4 8718//4 8714//4 8713//4
f 8715//5 8719//5 8717//5 8713//5
f 8720//6 8716//6 8714//6 8718//6
usemtl MAT_PalletWood
f 8737//1 8738//1 8740//1 8739//1
f 8739//2 8740//2 8744//2 8743//2
f 8743//3 8744//3 8742//3 8741//3
f 8741//4 8742//4 8738//4 8737//4
f 8739//5 8743//5 8741//5 8737//5
f 8744//6 8740//6 8738//6 8742//6
f 8745//1 8746//1 8748//1 8747//1
f 8747//2 8748//2 8752//2 8751//2
f 8751//3 8752//3 8750//3 8749//3
f 8749//4 8750//4 8746//4 8745//4
f 8747//5 8751//5 8749//5 8745//5
f 8752//6 8748//6 8746//6 8750//6
f 8753//1 8754//1 8756//1 8755//1
f 8755//2 8756//2 8760//2 8759//2
f 8759//3 8760//3 8758//3 8757//3
f 8757//4 8758//4 8754//4 8753//4
f 8755//5 8759//5 8757//5 8753//5
f 8760//6 8756//6 8754//6 8758//6
f 8761//1 8762//1 8764//1 8763//1
f 8763//2 8764//2 8768//2 8767//2
f 8767//3 8768//3 8766//3 8765//3
f 8765//4 8766//4 8762//4 8761//4
f 8763//5 8767//5 8765//5 8761//5
f 8768//6 8764//6 8762//6 8766//6
f 8769//1 8770//1 8772//1 8771//1
f 8771//2 8772//2 8776//2 8775//2
f 8775//3 8776//3 8774//3 8773//3
f 8773//4 8774//4 8770//4 8769//4
f 8771//5 8775//5 8773//5 8769//5
f 8776//6 8772//6 8770//6 8774//6
f 8777//1 8778//1 8780//1 8779//1
f 8779//2 8780//2 8784//2 8783//2
f 8783//3 8784//3 8782//3 8781//3
f 8781//4 8782//4 8778//4 8777//4
f 8779//5 8783//5 8781//5 8777//5
f 8784//6 8780//6 8778//6 8782//6
f 8785//1 8786//1 8788//1 8787//1
f 8787//2 8788//2 8792//2 8791//2
f 8791//3 8792//3 8790//3 8789//3
f 8789//4 8790//4 8786//4 8785//4
f 8787//5 8791//5 8789//5 8785//5
f 8792//6 8788//6 8786//6 8790//6
f 8793//1 8794//1 8796//1 8795//1
f 8795//2 8796//2 8800//2 8799//2
f 8799//3 8800//3 8798//3 8797//3
f 8797//4 8798//4 8794//4 8793//4
f 8795//5 8799//5 8797//5 8793//5
f 8800//6 8796//6 8794//6 8798//6
f 8801//1 8802//1 8804//1 8803//1
f 8803//2 8804//2 8808//2 8807//2
f 8807//3 8808//3 8806//3 8805//3
f 8805//4 8806//4 8802//4 8801//4
f 8803//5 8807//5 8805//5 8801//5
f 8808//6 8804//6 8802//6 8806//6
f 8809//1 8810//1 8812//1 8811//1
f 8811//2 8812//2 8816//2 8815//2
f 8815//3 8816//3 8814//3 8813//3
f 8813//4 8814//4 8810//4 8809//4
f 8811//5 8815//5 8813//5 8809//5
f 8816//6 8812//6 8810//6 8814//6
f 8817//1 8818//1 8820//1 8819//1
f 8819//2 8820//2 8824//2 8823//2
f 8823//3 8824//3 8822//3 8821//3
f 8821//4 8822//4 8818//4 8817//4
f 8819//5 8823//5 8821//5 8817//5
f 8824//6 8820//6 8818//6 8822//6
f 8825//1 8826//1 8828//1 8827//1
f 8827//2 8828//2 8832//2 8831//2
f 8831//3 8832//3 8830//3 8829//3
f 8829//4 8830//4 8826//4 8825//4
f 8827//5 8831//5 8829//5 8825//5
f 8832//6 8828//6 8826//6 8830//6
f 8833//1 8834//1 8836//1 8835//1
f 8835//2 8836//2 8840//2 8839//2
f 8839//3 8840//3 8838//3 8837//3
f 8837//4 8838//4 8834//4 8833//4
f 8835//5 8839//5 8837//5 8833//5
f 8840//6 8836//6 8834//6 8838//6
f 8841//1 8842//1 8844//1 8843//1
f 8843//2 8844//2 8848//2 8847//2
f 8847//3 8848//3 8846//3 8845//3
f 8845//4 8846//4 8842//4 8841//4
f 8843//5 8847//5 8845//5 8841//5
f 8848//6 8844//6 8842//6 8846//6
f 8849//1 8850//1 8852//1 8851//1
f 8851//2 8852//2 8856//2 8855//2
f 8855//3 8856//3 8854//3 8853//3
f 8853//4 8854//4 8850//4 8849//4
f 8851//5 8855//5 8853//5 8849//5
f 8856//6 8852//6 8850//6 8854//6
f 8857//1 8858//1 8860//1 8859//1
f 8859//2 8860//2 8864//2 8863//2
f 8863//3 8864//3 8862//3 8861//3
f 8861//4 8862//4 8858//4 8857//4
f 8859//5 8863//5 8861//5 8857//5
f 8864//6 8860//6 8858//6 8862//6
f 8865//1 8866//1 8868//1 8867//1
f 8867//2 8868//2 8872//2 8871//2
f 8871//3 8872//3 8870//3 8869//3
f 8869//4 8870//4 8866//4 8865//4
f 8867//5 8871//5 8869//5 8865//5
f 8872//6 8868//6 8866//6 8870//6
f 8873//1 8874//1 8876//1 8875//1
f 8875//2 8876//2 8880//2 8879//2
f 8879//3 8880//3 8878//3 8877//3
f 8877//4 8878//4 8874//4 8873//4
f 8875//5 8879//5 8877//5 8873//5
f 8880//6 8876//6 8874//6 8878//6
f 8881//1 8882//1 8884//1 8883//1
f 8883//2 8884//2 8888//2 8887//2
f 8887//3 8888//3 8886//3 8885//3
f 8885//4 8886//4 8882//4 8881//4
f 8883//5 8887//5 8885//5 8881//5
f 8888//6 8884//6 8882//6 8886//6
f 8889//1 8890//1 8892//1 8891//1
f 8891//2 8892//2 8896//2 8895//2
f 8895//3 8896//3 8894//3 8893//3
f 8893//4 8894//4 8890//4 8889//4
f 8891//5 8895//5 8893//5 8889//5
f 8896//6 8892//6 8890//6 8894//6
f 8905//1 8906//1 8908//1 8907//1
f 8907//2 8908//2 8912//2 8911//2
f 8911//3 8912//3 8910//3 8909//3
f 8909//4 8910//4 8906//4 8905//4
f 8907//5 8911//5 8909//5 8905//5
f 8912//6 8908//6 8906//6 8910//6
f 8913//1 8914//1 8916//1 8915//1
f 8915//2 8916//2 8920//2 8919//2
f 8919//3 8920//3 8918//3 8917//3
f 8917//4 8918//4 8914//4 8913//4
f 8915//5 8919//5 8917//5 8913//5
f 8920//6 8916//6 8914//6 8918//6
f 8921//1 8922//1 8924//1 8923//1
f 8923//2 8924//2 8928//2 8927//2
f 8927//3 8928//3 8926//3 8925//3
f 8925//4 8926//4 8922//4 8921//4
f 8923//5 8927//5 8925//5 8921//5
f 8928//6 8924//6 8922//6 8926//6
f 8929//1 8930//1 8932//1 8931//1
f 8931//2 8932//2 8936//2 8935//2
f 8935//3 8936//3 8934//3 8933//3
f 8933//4 8934//4 8930//4 8929//4
f 8931//5 8935//5 8933//5 8929//5
f 8936//6 8932//6 8930//6 8934//6
f 8937//1 8938//1 8940//1 8939//1
f 8939//2 8940//2 8944//2 8943//2
f 8943//3 8944//3 8942//3 8941//3
f 8941//4 8942//4 8938//4 8937//4
f 8939//5 8943//5 8941//5 8937//5
f 8944//6 8940//6 8938//6 8942//6
f 8945//1 8946//1 8948//1 8947//1
f 8947//2 8948//2 8952//2 8951//2
f 8951//3 8952//3 8950//3 8949//3
f 8949//4 8950//4 8946//4 8945//4
f 8947//5 8951//5 8949//5 8945//5
f 8952//6 8948//6 8946//6 8950//6
f 8953//1 8954//1 8956//1 8955//1
f 8955//2 8956//2 8960//2 8959//2
f 8959//3 8960//3 8958//3 8957//3
f 8957//4 8958//4 8954//4 8953//4
f 8955//5 8959//5 8957//5 8953//5
f 8960//6 8956//6 8954//6 8958//6
f 8961//1 8962//1 8964//1 8963//1
f 8963//2 8964//2 8968//2 8967//2
f 8967//3 8968//3 8966//3 8965//3
f 8965//4 8966//4 8962//4 8961//4
f 8963//5 8967//5 8965//5 8961//5
f 8968//6 8964//6 8962//6 8966//6
f 8969//1 8970//1 8972//1 8971//1
f 8971//2 8972//2 8976//2 8975//2
f 8975//3 8976//3 8974//3 8973//3
f 8973//4 8974//4 8970//4 8969//4
f 8971//5 8975//5 8973//5 8969//5
f 8976//6 8972//6 8970//6 8974//6
f 8977//1 8978//1 8980//1 8979//1
f 8979//2 8980//2 8984//2 8983//2
f 8983//3 8984//3 8982//3 8981//3
f 8981//4 8982//4 8978//4 8977//4
f 8979//5 8983//5 8981//5 8977//5
f 8984//6 8980//6 8978//6 8982//6
f 8985//1 8986//1 8988//1 8987//1
f 8987//2 8988//2 8992//2 8991//2
f 8991//3 8992//3 8990//3 8989//3
f 8989//4 8990//4 8986//4 8985//4
f 8987//5 8991//5 8989//5 8985//5
f 8992//6 8988//6 8986//6 8990//6
f 8993//1 8994//1 8996//1 8995//1
f 8995//2 8996//2 9000//2 8999//2
f 8999//3 9000//3 8998//3 8997//3
f 8997//4 8998//4 8994//4 8993//4
f 8995//5 8999//5 8997//5 8993//5
f 9000//6 8996//6 8994//6 8998//6
f 9001//1 9002//1 9004//1 9003//1
f 9003//2 9004//2 9008//2 9007//2
f 9007//3 9008//3 9006//3 9005//3
f 9005//4 9006//4 9002//4 9001//4
f 9003//5 9007//5 9005//5 9001//5
f 9008//6 9004//6 9002//6 9006//6
f 9009//1 9010//1 9012//1 9011//1
f 9011//2 9012//2 9016//2 9015//2
f 9015//3 9016//3 9014//3 9013//3
f 9013//4 9014//4 9010//4 9009//4
f 9011//5 9015//5 9013//5 9009//5
f 9016//6 9012//6 9010//6 9014//6
f 9017//1 9018//1 9020//1 9019//1
f 9019//2 9020//2 9024//2 9023//2
f 9023//3 9024//3 9022//3 9021//3
f 9021//4 9022//4 9018//4 9017//4
f 9019//5 9023//5 9021//5 9017//5
f 9024//6 9020//6 9018//6 9022//6
f 9033//1 9034//1 9036//1 9035//1
f 9035//2 9036//2 9040//2 9039//2
f 9039//3 9040//3 9038//3 9037//3
f 9037//4 9038//4 9034//4 9033//4
f 9035//5 9039//5 9037//5 9033//5
f 9040//6 9036//6 9034//6 9038//6
f 9041//1 9042//1 9044//1 9043//1
f 9043//2 9044//2 9048//2 9047//2
f 9047//3 9048//3 9046//3 9045//3
f 9045//4 9046//4 9042//4 9041//4
f 9043//5 9047//5 9045//5 9041//5
f 9048//6 9044//6 9042//6 9046//6
f 9049//1 9050//1 9052//1 9051//1
f 9051//2 9052//2 9056//2 9055//2
f 9055//3 9056//3 9054//3 9053//3
f 9053//4 9054//4 9050//4 9049//4
f 9051//5 9055//5 9053//5 9049//5
f 9056//6 9052//6 9050//6 9054//6
f 9057//1 9058//1 9060//1 9059//1
f 9059//2 9060//2 9064//2 9063//2
f 9063//3 9064//3 9062//3 9061//3
f 9061//4 9062//4 9058//4 9057//4
f 9059//5 9063//5 9061//5 9057//5
f 9064//6 9060//6 9058//6 9062//6
f 9065//1 9066//1 9068//1 9067//1
f 9067//2 9068//2 9072//2 9071//2
f 9071//3 9072//3 9070//3 9069//3
f 9069//4 9070//4 9066//4 9065//4
f 9067//5 9071//5 9069//5 9065//5
f 9072//6 9068//6 9066//6 9070//6
f 9073//1 9074//1 9076//1 9075//1
f 9075//2 9076//2 9080//2 9079//2
f 9079//3 9080//3 9078//3 9077//3
f 9077//4 9078//4 9074//4 9073//4
f 9075//5 9079//5 9077//5 9073//5
f 9080//6 9076//6 9074//6 9078//6
f 9081//1 9082//1 9084//1 9083//1
f 9083//2 9084//2 9088//2 9087//2
f 9087//3 9088//3 9086//3 9085//3
f 9085//4 9086//4 9082//4 9081//4
f 9083//5 9087//5 9085//5 9081//5
f 9088//6 9084//6 9082//6 9086//6
f 9089//1 9090//1 9092//1 9091//1
f 9091//2 9092//2 9096//2 9095//2
f 9095//3 9096//3 9094//3 9093//3
f 9093//4 9094//4 9090//4 9089//4
f 9091//5 9095//5 9093//5 9089//5
f 9096//6 9092//6 9090//6 9094//6
f 9097//1 9098//1 9100//1 9099//1
f 9099//2 9100//2 9104//2 9103//2
f 9103//3 9104//3 9102//3 9101//3
f 9101//4 9102//4 9098//4 9097//4
f 9099//5 9103//5 9101//5 9097//5
f 9104//6 9100//6 9098//6 9102//6
f 9105//1 9106//1 9108//1 9107//1
f 9107//2 9108//2 9112//2 9111//2
f 9111//3 9112//3 9110//3 9109//3
f 9109//4 9110//4 9106//4 9105//4
f 9107//5 9111//5 9109//5 9105//5
f 9112//6 9108//6 9106//6 9110//6
f 9121//1 9122//1 9124//1 9123//1
f 9123//2 9124//2 9128//2 9127//2
f 9127//3 9128//3 9126//3 9125//3
f 9125//4 9126//4 9122//4 9121//4
f 9123//5 9127//5 9125//5 9121//5
f 9128//6 9124//6 9122//6 9126//6
f 9129//1 9130//1 9132//1 9131//1
f 9131//2 9132//2 9136//2 9135//2
f 9135//3 9136//3 9134//3 9133//3
f 9133//4 9134//4 9130//4 9129//4
f 9131//5 9135//5 9133//5 9129//5
f 9136//6 9132//6 9130//6 9134//6
f 9137//1 9138//1 9140//1 9139//1
f 9139//2 9140//2 9144//2 9143//2
f 9143//3 9144//3 9142//3 9141//3
f 9141//4 9142//4 9138//4 9137//4
f 9139//5 9143//5 9141//5 9137//5
f 9144//6 9140//6 9138//6 9142//6
f 9145//1 9146//1 9148//1 9147//1
f 9147//2 9148//2 9152//2 9151//2
f 9151//3 9152//3 9150//3 9149//3
f 9149//4 9150//4 9146//4 9145//4
f 9147//5 9151//5 9149//5 9145//5
f 9152//6 9148//6 9146//6 9150//6
f 9153//1 9154//1 9156//1 9155//1
f 9155//2 9156//2 9160//2 9159//2
f 9159//3 9160//3 9158//3 9157//3
f 9157//4 9158//4 9154//4 9153//4
f 9155//5 9159//5 9157//5 9153//5
f 9160//6 9156//6 9154//6 9158//6
f 9161//1 9162//1 9164//1 9163//1
f 9163//2 9164//2 9168//2 9167//2
f 9167//3 9168//3 9166//3 9165//3
f 9165//4 9166//4 9162//4 9161//4
f 9163//5 9167//5 9165//5 9161//5
f 9168//6 9164//6 9162//6 9166//6
f 9169//1 9170//1 9172//1 9171//1
f 9171//2 9172//2 9176//2 9175//2
f 9175//3 9176//3 9174//3 9173//3
f 9173//4 9174//4 9170//4 9169//4
f 9171//5 9175//5 9173//5 9169//5
f 9176//6 9172//6 9170//6 9174//6
f 9177//1 9178//1 9180//1 9179//1
f 9179//2 9180//2 9184//2 9183//2
f 9183//3 9184//3 9182//3 9181//3
f 9181//4 9182//4 9178//4 9177//4
f 9179//5 9183//5 9181//5 9177//5
f 9184//6 9180//6 9178//6 9182//6
f 9185//1 9186//1 9188//1 9187//1
f 9187//2 9188//2 9192//2 9191//2
f 9191//3 9192//3 9190//3 9189//3
f 9189//4 9190//4 9186//4 9185//4
f 9187//5 9191//5 9189//5 9185//5
f 9192//6 9188//6 9186//6 9190//6
f 9193//1 9194//1 9196//1 9195//1
f 9195//2 9196//2 9200//2 9199//2
f 9199//3 9200//3 9198//3 9197//3
f 9197//4 9198//4 9194//4 9193//4
f 9195//5 9199//5 9197//5 9193//5
f 9200//6 9196//6 9194//6 9198//6
usemtl MAT_ShelfBoard
f 9025//1 9026//1 9028//1 9027//1
f 9027//2 9028//2 9032//2 9031//2
f 9031//3 9032//3 9030//3 9029//3
f 9029//4 9030//4 9026//4 9025//4
f 9027//5 9031//5 9029//5 9025//5
f 9032//6 9028//6 9026//6 9030//6
f 9113//1 9114//1 9116//1 9115//1
f 9115//2 9116//2 9120//2 9119//2
f 9119//3 9120//3 9118//3 9117//3
f 9117//4 9118//4 9114//4 9113//4
f 9115//5 9119//5 9117//5 9113//5
f 9120//6 9116//6 9114//6 9118//6
usemtl MAT_Wood
f 9201//1 9202//1 9204//1 9203//1
f 9203//2 9204//2 9208//2 9207//2
f 9207//3 9208//3 9206//3 9205//3
f 9205//4 9206//4 9202//4 9201//4
f 9203//5 9207//5 9205//5 9201//5
f 9208//6 9204//6 9202//6 9206//6
f 9209//1 9210//1 9212//1 9211//1
f 9211//2 9212//2 9216//2 9215//2
f 9215//3 9216//3 9214//3 9213//3
f 9213//4 9214//4 9210//4 9209//4
f 9211//5 9215//5 9213//5 9209//5
f 9216//6 9212//6 9210//6 9214//6
f 9217//1 9218//1 9220//1 9219//1
f 9219//2 9220//2 9224//2 9223//2
f 9223//3 9224//3 9222//3 9221//3
f 9221//4 9222//4 9218//4 9217//4
f 9219//5 9223//5 9221//5 9217//5
f 9224//6 9220//6 9218//6 9222//6
f 9225//1 9226//1 9228//1 9227//1
f 9227//2 9228//2 9232//2 9231//2
f 9231//3 9232//3 9230//3 9229//3
f 9229//4 9230//4 9226//4 9225//4
f 9227//5 9231//5 9229//5 9225//5
f 9232//6 9228//6 9226//6 9230//6
f 9233//1 9234//1 9236//1 9235//1
f 9235//2 9236//2 9240//2 9239//2
f 9239//3 9240//3 9238//3 9237//3
f 9237//4 9238//4 9234//4 9233//4
f 9235//5 9239//5 9237//5 9233//5
f 9240//6 9236//6 9234//6 9238//6
f 9241//1 9242//1 9244//1 9243//1
f 9243//2 9244//2 9248//2 9247//2
f 9247//3 9248//3 9246//3 9245//3
f 9245//4 9246//4 9242//4 9241//4
f 9243//5 9247//5 9245//5 9241//5
f 9248//6 9244//6 9242//6 9246//6
f 9249//1 9250//1 9252//1 9251//1
f 9251//2 9252//2 9256//2 9255//2
f 9255//3 9256//3 9254//3 9253//3
f 9253//4 9254//4 9250//4 9249//4
f 9251//5 9255//5 9253//5 9249//5
f 9256//6 9252//6 9250//6 9254//6
f 9257//1 9258//1 9260//1 9259//1
f 9259//2 9260//2 9264//2 9263//2
f 9263//3 9264//3 9262//3 9261//3
f 9261//4 9262//4 9258//4 9257//4
f 9259//5 9263//5 9261//5 9257//5
f 9264//6 9260//6 9258//6 9262//6
f 9265//1 9266//1 9268//1 9267//1
f 9267//2 9268//2 9272//2 9271//2
f 9271//3 9272//3 9270//3 9269//3
f 9269//4 9270//4 9266//4 9265//4
f 9267//5 9271//5 9269//5 9265//5
f 9272//6 9268//6 9266//6 9270//6
f 9273//1 9274//1 9276//1 9275//1
f 9275//2 9276//2 9280//2 9279//2
f 9279//3 9280//3 9278//3 9277//3
f 9277//4 9278//4 9274//4 9273//4
f 9275//5 9279//5 9277//5 9273//5
f 9280//6 9276//6 9274//6 9278//6
f 9289//1 9290//1 9292//1 9291//1
f 9291//2 9292//2 9296//2 9295//2
f 9295//3 9296//3 9294//3 9293//3
f 9293//4 9294//4 9290//4 9289//4
f 9291//5 9295//5 9293//5 9289//5
f 9296//6 9292//6 9290//6 9294//6
f 9297//1 9298//1 9300//1 9299//1
f 9299//2 9300//2 9304//2 9303//2
f 9303//3 9304//3 9302//3 9301//3
f 9301//4 9302//4 9298//4 9297//4
f 9299//5 9303//5 9301//5 9297//5
f 9304//6 9300//6 9298//6 9302//6
f 9305//1 9306//1 9308//1 9307//1
f 9307//2 9308//2 9312//2 9311//2
f 9311//3 9312//3 9310//3 9309//3
f 9309//4 9310//4 9306//4 9305//4
f 9307//5 9311//5 9309//5 9305//5
f 9312//6 9308//6 9306//6 9310//6
f 9313//1 9314//1 9316//1 9315//1
f 9315//2 9316//2 9320//2 9319//2
f 9319//3 9320//3 9318//3 9317//3
f 9317//4 9318//4 9314//4 9313//4
f 9315//5 9319//5 9317//5 9313//5
f 9320//6 9316//6 9314//6 9318//6
f 9321//1 9322//1 9324//1 9323//1
f 9323//2 9324//2 9328//2 9327//2
f 9327//3 9328//3 9326//3 9325//3
f 9325//4 9326//4 9322//4 9321//4
f 9323//5 9327//5 9325//5 9321//5
f 9328//6 9324//6 9322//6 9326//6
f 9329//1 9330//1 9332//1 9331//1
f 9331//2 9332//2 9336//2 9335//2
f 9335//3 9336//3 9334//3 9333//3
f 9333//4 9334//4 9330//4 9329//4
f 9331//5 9335//5 9333//5 9329//5
f 9336//6 9332//6 9330//6 9334//6
f 9337//1 9338//1 9340//1 9339//1
f 9339//2 9340//2 9344//2 9343//2
f 9343//3 9344//3 9342//3 9341//3
f 9341//4 9342//4 9338//4 9337//4
f 9339//5 9343//5 9341//5 9337//5
f 9344//6 9340//6 9338//6 9342//6
f 9345//1 9346//1 9348//1 9347//1
f 9347//2 9348//2 9352//2 9351//2
f 9351//3 9352//3 9350//3 9349//3
f 9349//4 9350//4 9346//4 9345//4
f 9347//5 9351//5 9349//5 9345//5
f 9352//6 9348//6 9346//6 9350//6
f 9353//1 9354//1 9356//1 9355//1
f 9355//2 9356//2 9360//2 9359//2
f 9359//3 9360//3 9358//3 9357//3
f 9357//4 9358//4 9354//4 9353//4
f 9355//5 9359//5 9357//5 9353//5
f 9360//6 9356//6 9354//6 9358//6
f 9361//1 9362//1 9364//1 9363//1
f 9363//2 9364//2 9368//2 9367//2
f 9367//3 9368//3 9366//3 9365//3
f 9365//4 9366//4 9362//4 9361//4
f 9363//5 9367//5 9365//5 9361//5
f 9368//6 9364//6 9362//6 9366//6
f 9385//1 9386//1 9388//1 9387//1
f 9387//2 9388//2 9392//2 9391//2
f 9391//3 9392//3 9390//3 9389//3
f 9389//4 9390//4 9386//4 9385//4
f 9387//5 9391//5 9389//5 9385//5
f 9392//6 9388//6 9386//6 9390//6
f 9393//1 9394//1 9396//1 9395//1
f 9395//2 9396//2 9400//2 9399//2
f 9399//3 9400//3 9398//3 9397//3
f 9397//4 9398//4 9394//4 9393//4
f 9395//5 9399//5 9397//5 9393//5
f 9400//6 9396//6 9394//6 9398//6
f 9401//1 9402//1 9404//1 9403//1
f 9403//2 9404//2 9408//2 9407//2
f 9407//3 9408//3 9406//3 9405//3
f 9405//4 9406//4 9402//4 9401//4
f 9403//5 9407//5 9405//5 9401//5
f 9408//6 9404//6 9402//6 9406//6
f 9409//1 9410//1 9412//1 9411//1
f 9411//2 9412//2 9416//2 9415//2
f 9415//3 9416//3 9414//3 9413//3
f 9413//4 9414//4 9410//4 9409//4
f 9411//5 9415//5 9413//5 9409//5
f 9416//6 9412//6 9410//6 9414//6
f 9417//1 9418//1 9420//1 9419//1
f 9419//2 9420//2 9424//2 9423//2
f 9423//3 9424//3 9422//3 9421//3
f 9421//4 9422//4 9418//4 9417//4
f 9419//5 9423//5 9421//5 9417//5
f 9424//6 9420//6 9418//6 9422//6
f 9425//1 9426//1 9428//1 9427//1
f 9427//2 9428//2 9432//2 9431//2
f 9431//3 9432//3 9430//3 9429//3
f 9429//4 9430//4 9426//4 9425//4
f 9427//5 9431//5 9429//5 9425//5
f 9432//6 9428//6 9426//6 9430//6
f 9433//1 9434//1 9436//1 9435//1
f 9435//2 9436//2 9440//2 9439//2
f 9439//3 9440//3 9438//3 9437//3
f 9437//4 9438//4 9434//4 9433//4
f 9435//5 9439//5 9437//5 9433//5
f 9440//6 9436//6 9434//6 9438//6
f 9441//1 9442//1 9444//1 9443//1
f 9443//2 9444//2 9448//2 9447//2
f 9447//3 9448//3 9446//3 9445//3
f 9445//4 9446//4 9442//4 9441//4
f 9443//5 9447//5 9445//5 9441//5
f 9448//6 9444//6 9442//6 9446//6
f 9449//1 9450//1 9452//1 9451//1
f 9451//2 9452//2 9456//2 9455//2
f 9455//3 9456//3 9454//3 9453//3
f 9453//4 9454//4 9450//4 9449//4
f 9451//5 9455//5 9453//5 9449//5
f 9456//6 9452//6 9450//6 9454//6
f 9457//1 9458//1 9460//1 9459//1
f 9459//2 9460//2 9464//2 9463//2
f 9463//3 9464//3 9462//3 9461//3
f 9461//4 9462//4 9458//4 9457//4
f 9459//5 9463//5 9461//5 9457//5
f 9464//6 9460//6 9458//6 9462//6
f 9473//1 9474//1 9476//1 9475//1
f 9475//2 9476//2 9480//2 9479//2
f 9479//3 9480//3 9478//3 9477//3
f 9477//4 9478//4 9474//4 9473//4
f 9475//5 9479//5 9477//5 9473//5
f 9480//6 9476//6 9474//6 9478//6
f 9481//1 9482//1 9484//1 9483//1
f 9483//2 9484//2 9488//2 9487//2
f 9487//3 9488//3 9486//3 9485//3
f 9485//4 9486//4 9482//4 9481//4
f 9483//5 9487//5 9485//5 9481//5
f 9488//6 9484//6 9482//6 9486//6
f 9489//1 9490//1 9492//1 9491//1
f 9491//2 9492//2 9496//2 9495//2
f 9495//3 9496//3 9494//3 9493//3
f 9493//4 9494//4 9490//4 9489//4
f 9491//5 9495//5 9493//5 9489//5
f 9496//6 9492//6 9490//6 9494//6
f 9497//1 9498//1 9500//1 9499//1
f 9499//2 9500//2 9504//2 9503//2
f 9503//3 9504//3 9502//3 9501//3
f 9501//4 9502//4 9498//4 9497//4
f 9499//5 9503//5 9501//5 9497//5
f 9504//6 9500//6 9498//6 9502//6
f 9505//1 9506//1 9508//1 9507//1
f 9507//2 9508//2 9512//2 9511//2
f 9511//3 9512//3 9510//3 9509//3
f 9509//4 9510//4 9506//4 9505//4
f 9507//5 9511//5 9509//5 9505//5
f 9512//6 9508//6 9506//6 9510//6
f 9513//1 9514//1 9516//1 9515//1
f 9515//2 9516//2 9520//2 9519//2
f 9519//3 9520//3 9518//3 9517//3
f 9517//4 9518//4 9514//4 9513//4
f 9515//5 9519//5 9517//5 9513//5
f 9520//6 9516//6 9514//6 9518//6
f 9521//1 9522//1 9524//1 9523//1
f 9523//2 9524//2 9528//2 9527//2
f 9527//3 9528//3 9526//3 9525//3
f 9525//4 9526//4 9522//4 9521//4
f 9523//5 9527//5 9525//5 9521//5
f 9528//6 9524//6 9522//6 9526//6
f 9529//1 9530//1 9532//1 9531//1
f 9531//2 9532//2 9536//2 9535//2
f 9535//3 9536//3 9534//3 9533//3
f 9533//4 9534//4 9530//4 9529//4
f 9531//5 9535//5 9533//5 9529//5
f 9536//6 9532//6 9530//6 9534//6
f 9537//1 9538//1 9540//1 9539//1
f 9539//2 9540//2 9544//2 9543//2
f 9543//3 9544//3 9542//3 9541//3
f 9541//4 9542//4 9538//4 9537//4
f 9539//5 9543//5 9541//5 9537//5
f 9544//6 9540//6 9538//6 9542//6
f 9545//1 9546//1 9548//1 9547//1
f 9547//2 9548//2 9552//2 9551//2
f 9551//3 9552//3 9550//3 9549//3
f 9549//4 9550//4 9546//4 9545//4
f 9547//5 9551//5 9549//5 9545//5
f 9552//6 9548//6 9546//6 9550//6
f 9553//1 9554//1 9556//1 9555//1
f 9555//2 9556//2 9560//2 9559//2
f 9559//3 9560//3 9558//3 9557//3
f 9557//4 9558//4 9554//4 9553//4
f 9555//5 9559//5 9557//5 9553//5
f 9560//6 9556//6 9554//6 9558//6
f 9561//1 9562//1 9564//1 9563//1
f 9563//2 9564//2 9568//2 9567//2
f 9567//3 9568//3 9566//3 9565//3
f 9565//4 9566//4 9562//4 9561//4
f 9563//5 9567//5 9565//5 9561//5
f 9568//6 9564//6 9562//6 9566//6
f 9569//1 9570//1 9572//1 9571//1
f 9571//2 9572//2 9576//2 9575//2
f 9575//3 9576//3 9574//3 9573//3
f 9573//4 9574//4 9570//4 9569//4
f 9571//5 9575//5 9573//5 9569//5
f 9576//6 9572//6 9570//6 9574//6
f 9577//1 9578//1 9580//1 9579//1
f 9579//2 9580//2 9584//2 9583//2
f 9583//3 9584//3 9582//3 9581//3
f 9581//4 9582//4 9578//4 9577//4
f 9579//5 9583//5 9581//5 9577//5
f 9584//6 9580//6 9578//6 9582//6
f 9585//1 9586//1 9588//1 9587//1
f 9587//2 9588//2 9592//2 9591//2
f 9591//3 9592//3 9590//3 9589//3
f 9589//4 9590//4 9586//4 9585//4
f 9587//5 9591//5 9589//5 9585//5
f 9592//6 9588//6 9586//6 9590//6
f 9593//1 9594//1 9596//1 9595//1
f 9595//2 9596//2 9600//2 9599//2
f 9599//3 9600//3 9598//3 9597//3
f 9597//4 9598//4 9594//4 9593//4
f 9595//5 9599//5 9597//5 9593//5
f 9600//6 9596//6 9594//6 9598//6
f 9601//1 9602//1 9604//1 9603//1
f 9603//2 9604//2 9608//2 9607//2
f 9607//3 9608//3 9606//3 9605//3
f 9605//4 9606//4 9602//4 9601//4
f 9603//5 9607//5 9605//5 9601//5
f 9608//6 9604//6 9602//6 9606//6
f 9609//1 9610//1 9612//1 9611//1
f 9611//2 9612//2 9616//2 9615//2
f 9615//3 9616//3 9614//3 9613//3
f 9613//4 9614//4 9610//4 9609//4
f 9611//5 9615//5 9613//5 9609//5
f 9616//6 9612//6 9610//6 9614//6
f 9617//1 9618//1 9620//1 9619//1
f 9619//2 9620//2 9624//2 9623//2
f 9623//3 9624//3 9622//3 9621//3
f 9621//4 9622//4 9618//4 9617//4
f 9619//5 9623//5 9621//5 9617//5
f 9624//6 9620//6 9618//6 9622//6
f 9625//1 9626//1 9628//1 9627//1
f 9627//2 9628//2 9632//2 9631//2
f 9631//3 9632//3 9630//3 9629//3
f 9629//4 9630//4 9626//4 9625//4
f 9627//5 9631//5 9629//5 9625//5
f 9632//6 9628//6 9626//6 9630//6
f 9633//1 9634//1 9636//1 9635//1
f 9635//2 9636//2 9640//2 9639//2
f 9639//3 9640//3 9638//3 9637//3
f 9637//4 9638//4 9634//4 9633//4
f 9635//5 9639//5 9637//5 9633//5
f 9640//6 9636//6 9634//6 9638//6
f 9641//1 9642//1 9644//1 9643//1
f 9643//2 9644//2 9648//2 9647//2
f 9647//3 9648//3 9646//3 9645//3
f 9645//4 9646//4 9642//4 9641//4
f 9643//5 9647//5 9645//5 9641//5
f 9648//6 9644//6 9642//6 9646//6
f 9649//1 9650//1 9652//1 9651//1
f 9651//2 9652//2 9656//2 9655//2
f 9655//3 9656//3 9654//3 9653//3
f 9653//4 9654//4 9650//4 9649//4
f 9651//5 9655//5 9653//5 9649//5
f 9656//6 9652//6 9650//6 9654//6
f 9657//1 9658//1 9660//1 9659//1
f 9659//2 9660//2 9664//2 9663//2
f 9663//3 9664//3 9662//3 9661//3
f 9661//4 9662//4 9658//4 9657//4
f 9659//5 9663//5 9661//5 9657//5
f 9664//6 9660//6 9658//6 9662//6
f 9665//1 9666//1 9668//1 9667//1
f 9667//2 9668//2 9672//2 9671//2
f 9671//3 9672//3 9670//3 9669//3
f 9669//4 9670//4 9666//4 9665//4
f 9667//5 9671//5 9669//5 9665//5
f 9672//6 9668//6 9666//6 9670//6
f 9673//1 9674//1 9676//1 9675//1
f 9675//2 9676//2 9680//2 9679//2
f 9679//3 9680//3 9678//3 9677//3
f 9677//4 9678//4 9674//4 9673//4
f 9675//5 9679//5 9677//5 9673//5
f 9680//6 9676//6 9674//6 9678//6
f 9681//1 9682//1 9684//1 9683//1
f 9683//2 9684//2 9688//2 9687//2
f 9687//3 9688//3 9686//3 9685//3
f 9685//4 9686//4 9682//4 9681//4
f 9683//5 9687//5 9685//5 9681//5
f 9688//6 9684//6 9682//6 9686//6
f 9689//1 9690//1 9692//1 9691//1
f 9691//2 9692//2 9696//2 9695//2
f 9695//3 9696//3 9694//3 9693//3
f 9693//4 9694//4 9690//4 9689//4
f 9691//5 9695//5 9693//5 9689//5
f 9696//6 9692//6 9690//6 9694//6
usemtl MAT_Cardboard
f 9281//1 9282//1 9284//1 9283//1
f 9283//2 9284//2 9288//2 9287//2
f 9287//3 9288//3 9286//3 9285//3
f 9285//4 9286//4 9282//4 9281//4
f 9283//5 9287//5 9285//5 9281//5
f 9288//6 9284//6 9282//6 9286//6
f 9369//1 9370//1 9372//1 9371//1
f 9371//2 9372//2 9376//2 9375//2
f 9375//3 9376//3 9374//3 9373//3
f 9373//4 9374//4 9370//4 9369//4
f 9371//5 9375//5 9373//5 9369//5
f 9376//6 9372//6 9370//6 9374//6
f 9465//1 9466//1 9468//1 9467//1
f 9467//2 9468//2 9472//2 9471//2
f 9471//3 9472//3 9470//3 9469//3
f 9469//4 9470//4 9466//4 9465//4
f 9467//5 9471//5 9469//5 9465//5
f 9472//6 9468//6 9466//6 9470//6
f 9697//1 9698//1 9700//1 9699//1
f 9699//2 9700//2 9704//2 9703//2
f 9703//3 9704//3 9702//3 9701//3
f 9701//4 9702//4 9698//4 9697//4
f 9699//5 9703//5 9701//5 9697//5
f 9704//6 9700//6 9698//6 9702//6
usemtl MAT_PaperLabel
f 9377//1 9378//1 9380//1 9379//1
f 9379//2 9380//2 9384//2 9383//2
f 9383//3 9384//3 9382//3 9381//3
f 9381//4 9382//4 9378//4 9377//4
f 9379//5 9383//5 9381//5 9377//5
f 9384//6 9380//6 9378//6 9382//6
usemtl MAT_TankShell
f 9713//168 9714//168 9716//168 9715//168
f 9715//169 9716//169 9718//169 9717//169
f 9717//170 9718//170 9720//170 9719//170
f 9719//171 9720//171 9722//171 9721//171
f 9721//172 9722//172 9724//172 9723//172
f 9723//173 9724//173 9726//173 9725//173
f 9725//174 9726//174 9728//174 9727//174
f 9727//175 9728//175 9730//175 9729//175
f 9729//176 9730//176 9732//176 9731//176
f 9731//177 9732//177 9734//177 9733//177
f 9733//178 9734//178 9736//178 9735//178
f 9735//179 9736//179 9738//179 9737//179
f 9737//180 9738//180 9740//180 9739//180
f 9739//181 9740//181 9742//181 9741//181
f 9741//182 9742//182 9744//182 9743//182
f 9743//183 9744//183 9746//183 9745//183
f 9745//184 9746//184 9748//184 9747//184
f 9747//185 9748//185 9750//185 9749//185
f 9749//186 9750//186 9752//186 9751//186
f 9751//187 9752//187 9754//187 9753//187
f 9753//188 9754//188 9756//188 9755//188
f 9755//189 9756//189 9758//189 9757//189
f 9757//190 9758//190 9760//190 9759//190
f 9759//191 9760//191 9762//191 9761//191
f 9761//192 9762//192 9764//192 9763//192
f 9763//193 9764//193 9766//193 9765//193
f 9765//194 9766//194 9768//194 9767//194
f 9767//195 9768//195 9770//195 9769//195
f 9769//196 9770//196 9772//196 9771//196
f 9771//197 9772//197 9774//197 9773//197
f 9716//6 9714//6 9776//6 9774//6 9772//6 9770//6 9768//6 9766//6 9764//6 9762//6 9760//6 9758//6 9756//6 9754//6 9752//6 9750//6 9748//6 9746//6 9744//6 9742//6 9740//6 9738//6 9736//6 9734//6 9732//6 9730//6 9728//6 9726//6 9724//6 9722//6 9720//6 9718//6
f 9773//198 9774//198 9776//198 9775//198
f 9775//199 9776//199 9714//199 9713//199
f 9713//5 9715//5 9717//5 9719//5 9721//5 9723//5 9725//5 9727//5 9729//5 9731//5 9733//5 9735//5 9737//5 9739//5 9741//5 9743//5 9745//5 9747//5 9749//5 9751//5 9753//5 9755//5 9757//5 9759//5 9761//5 9763//5 9765//5 9767//5 9769//5 9771//5 9773//5 9775//5
f 9817//168 9818//168 9820//168 9819//168
f 9819//169 9820//169 9822//169 9821//169
f 9821//170 9822//170 9824//170 9823//170
f 9823//171 9824//171 9826//171 9825//171
f 9825//172 9826//172 9828//172 9827//172
f 9827//173 9828//173 9830//173 9829//173
f 9829//174 9830//174 9832//174 9831//174
f 9831//175 9832//175 9834//175 9833//175
f 9833//176 9834//176 9836//176 9835//176
f 9835//177 9836//177 9838//177 9837//177
f 9837//178 9838//178 9840//178 9839//178
f 9839//179 9840//179 9842//179 9841//179
f 9841//180 9842//180 9844//180 9843//180
f 9843//181 9844//181 9846//181 9845//181
f 9845//182 9846//182 9848//182 9847//182
f 9847//183 9848//183 9850//183 9849//183
f 9849//184 9850//184 9852//184 9851//184
f 9851//185 9852//185 9854//185 9853//185
f 9853//186 9854//186 9856//186 9855//186
f 9855//187 9856//187 9858//187 9857//187
f 9857//188 9858//188 9860//188 9859//188
f 9859//189 9860//189 9862//189 9861//189
f 9861//190 9862//190 9864//190 9863//190
f 9863//191 9864//191 9866//191 9865//191
f 9865//192 9866//192 9868//192 9867//192
f 9867//193 9868//193 9870//193 9869//193
f 9869//194 9870//194 9872//194 9871//194
f 9871//195 9872//195 9874//195 9873//195
f 9873//196 9874//196 9876//196 9875//196
f 9875//197 9876//197 9878//197 9877//197
f 9820//6 9818//6 9880//6 9878//6 9876//6 9874//6 9872//6 9870//6 9868//6 9866//6 9864//6 9862//6 9860//6 9858//6 9856//6 9854//6 9852//6 9850//6 9848//6 9846//6 9844//6 9842//6 9840//6 9838//6 9836//6 9834//6 9832//6 9830//6 9828//6 9826//6 9824//6 9822//6
f 9877//198 9878//198 9880//198 9879//198
f 9879//199 9880//199 9818//199 9817//199
f 9817//5 9819//5 9821//5 9823//5 9825//5 9827//5 9829//5 9831//5 9833//5 9835//5 9837//5 9839//5 9841//5 9843//5 9845//5 9847//5 9849//5 9851//5 9853//5 9855//5 9857//5 9859//5 9861//5 9863//5 9865//5 9867//5 9869//5 9871//5 9873//5 9875//5 9877//5 9879//5
f 9921//168 9922//168 9924//168 9923//168
f 9923//169 9924//169 9926//169 9925//169
f 9925//170 9926//170 9928//170 9927//170
f 9927//171 9928//171 9930//171 9929//171
f 9929//172 9930//172 9932//172 9931//172
f 9931//173 9932//173 9934//173 9933//173
f 9933//174 9934//174 9936//174 9935//174
f 9935//175 9936//175 9938//175 9937//175
f 9937//176 9938//176 9940//176 9939//176
f 9939//177 9940//177 9942//177 9941//177
f 9941//178 9942//178 9944//178 9943//178
f 9943//179 9944//179 9946//179 9945//179
f 9945//180 9946//180 9948//180 9947//180
f 9947//181 9948//181 9950//181 9949//181
f 9949//182 9950//182 9952//182 9951//182
f 9951//183 9952//183 9954//183 9953//183
f 9953//184 9954//184 9956//184 9955//184
f 9955//185 9956//185 9958//185 9957//185
f 9957//186 9958//186 9960//186 9959//186
f 9959//187 9960//187 9962//187 9961//187
f 9961//188 9962//188 9964//188 9963//188
f 9963//189 9964//189 9966//189 9965//189
f 9965//190 9966//190 9968//190 9967//190
f 9967//191 9968//191 9970//191 9969//191
f 9969//192 9970//192 9972//192 9971//192
f 9971//193 9972//193 9974//193 9973//193
f 9973//194 9974//194 9976//194 9975//194
f 9975//195 9976//195 9978//195 9977//195
f 9977//196 9978//196 9980//196 9979//196
f 9979//197 9980//197 9982//197 9981//197
f 9924//6 9922//6 9984//6 9982//6 9980//6 9978//6 9976//6 9974//6 9972//6 9970//6 9968//6 9966//6 9964//6 9962//6 9960//6 9958//6 9956//6 9954//6 9952//6 9950//6 9948//6 9946//6 9944//6 9942//6 9940//6 9938//6 9936//6 9934//6 9932//6 9930//6 9928//6 9926//6
f 9981//198 9982//198 9984//198 9983//198
f 9983//199 9984//199 9922//199 9921//199
f 9921//5 9923//5 9925//5 9927//5 9929//5 9931//5 9933//5 9935//5 9937//5 9939//5 9941//5 9943//5 9945//5 9947//5 9949//5 9951//5 9953//5 9955//5 9957//5 9959//5 9961//5 9963//5 9965//5 9967//5 9969//5 9971//5 9973//5 9975//5 9977//5 9979//5 9981//5 9983//5
f 10017//168 10018//168 10020//168 10019//168
f 10019//169 10020//169 10022//169 10021//169
f 10021//170 10022//170 10024//170 10023//170
f 10023//171 10024//171 10026//171 10025//171
f 10025//172 10026//172 10028//172 10027//172
f 10027//173 10028//173 10030//173 10029//173
f 10029//174 10030//174 10032//174 10031//174
f 10031//175 10032//175 10034//175 10033//175
f 10033//176 10034//176 10036//176 10035//176
f 10035//177 10036//177 10038//177 10037//177
f 10037//178 10038//178 10040//178 10039//178
f 10039//179 10040//179 10042//179 10041//179
f 10041//180 10042//180 10044//180 10043//180
f 10043//181 10044//181 10046//181 10045//181
f 10045//182 10046//182 10048//182 10047//182
f 10047//183 10048//183 10050//183 10049//183
f 10049//184 10050//184 10052//184 10051//184
f 10051//185 10052//185 10054//185 10053//185
f 10053//186 10054//186 10056//186 10055//186
f 10055//187 10056//187 10058//187 10057//187
f 10057//188 10058//188 10060//188 10059//188
f 10059//189 10060//189 10062//189 10061//189
f 10061//190 10062//190 10064//190 10063//190
f 10063//191 10064//191 10066//191 10065//191
f 10065//192 10066//192 10068//192 10067//192
f 10067//193 10068//193 10070//193 10069//193
f 10069//194 10070//194 10072//194 10071//194
f 10071//195 10072//195 10074//195 10073//195
f 10073//196 10074//196 10076//196 10075//196
f 10075//197 10076//197 10078//197 10077//197
f 10020//6 10018//6 10080//6 10078//6 10076//6 10074//6 10072//6 10070//6 10068//6 10066//6 10064//6 10062//6 10060//6 10058//6 10056//6 10054//6 10052//6 10050//6 10048//6 10046//6 10044//6 10042//6 10040//6 10038//6 10036//6 10034//6 10032//6 10030//6 10028//6 10026//6 10024//6 10022//6
f 10077//198 10078//198 10080//198 10079//198
f 10079//199 10080//199 10018//199 10017//199
f 10017//5 10019//5 10021//5 10023//5 10025//5 10027//5 10029//5 10031//5 10033//5 10035//5 10037//5 10039//5 10041//5 10043//5 10045//5 10047//5 10049//5 10051//5 10053//5 10055//5 10057//5 10059//5 10061//5 10063//5 10065//5 10067//5 10069//5 10071//5 10073//5 10075//5 10077//5 10079//5
usemtl MAT_TankNozzle
f 9785//47 9786//47 9788//47 9787//47
f 9787//48 9788//48 9790//48 9789//48
f 9789//49 9790//49 9792//49 9791//49
f 9791//50 9792//50 9794//50 9793//50
f 9793//51 9794//51 9796//51 9795//51
f 9795//52 9796//52 9798//52 9797//52
f 9797//53 9798//53 9800//53 9799//53
f 9799//54 9800//54 9802//54 9801//54
f 9801//55 9802//55 9804//55 9803//55
f 9803//56 9804//56 9806//56 9805//56
f 9788//6 9786//6 9808//6 9806//6 9804//6 9802//6 9800//6 9798//6 9796//6 9794//6 9792//6 9790//6
f 9805//57 9806//57 9808//57 9807//57
f 9807//58 9808//58 9786//58 9785//58
f 9785//5 9787//5 9789//5 9791//5 9793//5 9795//5 9797//5 9799//5 9801//5 9803//5 9805//5 9807//5
f 9889//87 9890//87 9892//87 9891//87
f 9891//88 9892//88 9894//88 9893//88
f 9893//89 9894//89 9896//89 9895//89
f 9895//90 9896//90 9898//90 9897//90
f 9897//91 9898//91 9900//91 9899//91
f 9899//92 9900//92 9902//92 9901//92
f 9901//93 9902//93 9904//93 9903//93
f 9903//94 9904//94 9906//94 9905//94
f 9905//95 9906//95 9908//95 9907//95
f 9907//96 9908//96 9910//96 9909//96
f 9892//4 9890//4 9912//4 9910//4 9908//4 9906//4 9904//4 9902//4 9900//4 9898//4 9896//4 9894//4
f 9909//97 9910//97 9912//97 9911//97
f 9911//98 9912//98 9890//98 9889//98
f 9889//2 9891//2 9893//2 9895//2 9897//2 9899//2 9901//2 9903//2 9905//2 9907//2 9909//2 9911//2
f 9985//87 9986//87 9988//87 9987//87
f 9987//88 9988//88 9990//88 9989//88
f 9989//89 9990//89 9992//89 9991//89
f 9991//90 9992//90 9994//90 9993//90
f 9993//91 9994//91 9996//91 9995//91
f 9995//92 9996//92 9998//92 9997//92
f 9997//93 9998//93 10000//93 9999//93
f 9999//94 10000//94 10002//94 10001//94
f 10001//95 10002//95 10004//95 10003//95
f 10003//96 10004//96 10006//96 10005//96
f 9988//4 9986//4 10008//4 10006//4 10004//4 10002//4 10000//4 9998//4 9996//4 9994//4 9992//4 9990//4
f 10005//97 10006//97 10008//97 10007//97
f 10007//98 10008//98 9986//98 9985//98
f 9985//2 9987//2 9989//2 9991//2 9993//2 9995//2 9997//2 9999//2 10001//2 10003//2 10005//2 10007//2
f 10081//87 10082//87 10084//87 10083//87
f 10083//88 10084//88 10086//88 10085//88
f 10085//89 10086//89 10088//89 10087//89
f 10087//90 10088//90 10090//90 10089//90
f 10089//91 10090//91 10092//91 10091//91
f 10091//92 10092//92 10094//92 10093//92
f 10093//93 10094//93 10096//93 10095//93
f 10095//94 10096//94 10098//94 10097//94
f 10097//95 10098//95 10100//95 10099//95
f 10099//96 10100//96 10102//96 10101//96
f 10084//4 10082//4 10104//4 10102//4 10100//4 10098//4 10096//4 10094//4 10092//4 10090//4 10088//4 10086//4
f 10101//97 10102//97 10104//97 10103//97
f 10103//98 10104//98 10082//98 10081//98
f 10081//2 10083//2 10085//2 10087//2 10089//2 10091//2 10093//2 10095//2 10097//2 10099//2 10101//2 10103//2
